num_balise_a,num_balise_img,num_balise_script,num_balise_link,num_balise_style,num_balise_iframe,num_balise_video,num_balise_audio,num_balise_embed,num_balise_object,num_balise_form,num_balise_meta,num_balise_cite,status_code,deep,response_time,body_length,body_entropy,js_code_entropy,has_password_field,has_file_upload,has_hidden_fields,num_links,num_html_link,other_link_ratio,n_redirects,is_json,json_num_keys,json_depth,json_num_suspicious_keys,json_is_array,json_avg_value_length,strict_transport_security,x_frame_options,x_content_type_options,content_security_policy,x_xss_protection,referrer_policy,permissions_policy,tech_wordpress,tech_joomla,tech_drupal,tech_laravel,tech_django,tech_express,tech_php,tech_aspnet,tech_jquery,tech_angular,tech_react,total_passive_issues,passive_high_count,passive_critical_count,code_body_total_vulns,code_body_critical_vulns,code_body_medium_vulns,code_body_high_vulns,code_body_low_vulns,code_body_max_score,code_scripts_total_vulns,code_scripts_high_vulns,code_scripts_critical_vulns,code_scripts_medium_vulns,code_scripts_low_vulns,fuzzer_SQLi,fuzzer_CMDi,fuzzer_InsecDeser,fuzzer_InsecUpload,fuzzer_BufOvr,fuzzer_CredsExpose,fuzzer_BrokenAuth,fuzzer_XSS,fuzzer_DirTrav,fuzzer_XXE,fuzzer_NoSQLi,fuzzer_LDAPi,fuzzer_InsecPerm,fuzzer_IDOR,fuzzer_SessFix,fuzzer_SSRF,fuzzer_SSTI,fuzzer_Prototype_Pollution,fuzzer_HTTP_Request_Smuggling,fuzzer_XPATH_Injection,fuzzer_GraphQLi,fuzzer_CORS,fuzzer_CSRF,fuzzer_RateLimit,fuzzer_InfoDisc,fuzzer_InsecCrypto,fuzzer_OpenRedirect,fuzzer_JWT,fuzzer_CRLF_Injection,fuzzer_RaceCondition,num_active_test,fuzer_ratio_vuln,fuzzer_ratio_indicators_matched,fuzzer_ration_status_changed,fuzzer_ratio_headers_changed,fuzzer_ratio_body_changed,fuzzer_max_score,url,labels
0,0,0,0,0,0,0,0,0,0,0,0,0,405,0,49.59,153,4.599963902086099,0.0,0,0,0,0,0,0.0,0,0,0,0,0,0,0.0,0,0,0,0,0,0,0,0,0,0,0,0,0,0,0,0,0,0,8,3,0,0,0,0,0,0,0.0,0,0,0,0,0,0,0,0,0,0,0,0,0,0,0,0,0,0,1,0,0,0,0,0,0,0,0,0,0,0,0,0,0,0,0,1386,0.0333333333333333,0.0,1.0,0.8578643578643579,1.0,60.83,http://localhost:5050/products/sqli-union_select_id,['SQLi']
0,0,0,0,0,0,0,0,0,0,0,0,0,405,0,77.53,153,4.599963902086099,0.0,0,0,0,0,0,0.0,0,0,0,0,0,0,0.0,0,0,0,0,0,0,0,0,0,0,0,0,0,0,0,0,0,0,8,3,0,0,0,0,0,0,0.0,0,0,0,0,0,0,0,1,0,0,0,0,0,0,0,1,0,0,1,0,1,0,1,0,0,1,0,0,0,0,0,0,0,0,0,318,0.2,0.0534591194968553,1.0,0.3805031446540881,1.0,75.57,http://localhost:5050/users/nosqli-auth_operator_bypass,['NoSQLi']
0,0,0,0,0,0,0,0,0,0,0,0,0,405,0,93.66,153,4.599963902086099,0.0,0,0,0,0,0,0.0,0,0,0,0,0,0,0.0,0,0,0,0,0,0,0,0,0,0,0,0,0,0,0,0,0,0,8,3,0,0,0,0,0,0,0.0,0,0,0,0,0,0,0,1,0,0,0,0,0,0,0,1,0,0,1,0,1,0,1,0,0,1,0,0,0,0,0,0,0,0,0,589,0.2,0.0831918505942275,1.0,0.66553480475382,1.0,63.24,http://localhost:5050/orders/ssrf-url_fetch_json_webhook,['SSRF']
0,0,0,0,0,0,0,0,0,0,0,0,0,405,0,117.74,153,4.599963902086099,0.0,0,0,0,0,0,0.0,0,0,0,0,0,0,0.0,0,0,0,0,0,0,0,0,0,0,0,0,0,0,0,0,0,0,8,3,0,0,0,0,0,0,0.0,0,0,0,0,0,0,0,0,0,0,0,0,0,0,0,0,0,0,1,0,0,0,0,0,0,0,0,0,0,0,0,0,0,0,0,1386,0.0333333333333333,0.0,1.0,0.8578643578643579,1.0,60.83,http://localhost:5050/invoices/openredirect-post_login_next_param,['OpenRedirect']
0,0,0,0,0,0,0,0,0,0,0,0,0,405,0,88.18,153,4.599963902086099,0.0,0,0,0,0,0,0.0,0,0,0,0,0,0,0.0,0,0,0,0,0,0,0,0,0,0,0,0,0,0,0,0,0,0,8,3,0,0,0,0,0,0,0.0,0,0,0,0,0,0,0,0,0,0,0,0,0,0,0,0,0,0,1,0,0,0,0,0,0,0,0,0,0,0,0,0,0,0,0,1385,0.0333333333333333,0.0,1.0,0.8584837545126354,1.0,60.83,http://localhost:5050/files/insecupload-no_extension_whitelist,['InsecUpload']
0,0,0,0,0,0,0,0,0,0,0,0,0,405,0,84.56,153,4.599963902086099,0.0,0,0,0,0,0,0.0,0,0,0,0,0,0,0.0,0,0,0,0,0,0,0,0,0,0,0,0,0,0,0,0,0,0,8,3,0,0,0,0,0,0,0.0,0,0,0,0,0,0,0,1,0,0,0,0,0,0,0,1,0,0,1,0,1,0,1,0,0,1,0,0,0,0,0,0,0,0,0,595,0.2,0.0823529411764705,1.0,0.6672268907563025,1.0,63.03,http://localhost:5050/images/ssrf-url_fetch_json_webhook,['SSRF']
0,0,0,0,0,0,0,0,0,0,0,0,0,405,0,107.26,153,4.599963902086099,0.0,0,0,0,0,0,0.0,0,0,0,0,0,0,0.0,0,0,0,0,0,0,0,0,0,0,0,0,0,0,0,0,0,0,8,3,0,0,0,0,0,0,0.0,0,0,0,0,0,0,0,0,0,0,0,0,0,0,0,0,0,0,1,0,0,0,0,0,0,0,0,0,0,0,0,0,0,0,0,721,0.0333333333333333,0.0,1.0,0.7267683772538142,1.0,60.83,http://localhost:5050/reports/ratelimit-login_endpoint_no_throttle,['RateLimit']
0,0,0,0,0,0,0,0,0,0,0,0,0,405,0,83.15,153,4.599963902086099,0.0,0,0,0,0,0,0.0,0,0,0,0,0,0,0.0,0,0,0,0,0,0,0,0,0,0,0,0,0,0,0,0,0,0,8,3,0,0,0,0,0,0,0.0,0,0,0,0,0,0,0,0,0,0,0,0,0,0,0,0,0,0,1,0,0,0,0,0,0,0,0,0,0,0,0,0,0,0,0,728,0.0333333333333333,0.0,0.9917582417582418,0.7197802197802198,0.9917582417582418,60.83,http://localhost:5050/messages/sqli-union_select_id,['SQLi']
0,0,0,0,0,0,0,0,0,0,0,0,0,405,0,83.18,153,4.599963902086099,0.0,0,0,0,0,0,0.0,0,0,0,0,0,0,0.0,0,0,0,0,0,0,0,0,0,0,0,0,0,0,0,0,0,0,8,3,0,0,0,0,0,0,0.0,0,0,0,0,0,0,0,1,0,0,0,0,0,0,0,1,0,0,1,0,1,0,1,0,0,1,0,0,0,0,0,0,0,0,0,327,0.2,0.0519877675840978,1.0,0.3975535168195718,1.0,75.54,http://localhost:5050/projects/nosqli-auth_operator_bypass,['NoSQLi']
0,0,0,0,0,0,0,0,0,0,0,0,0,405,0,94.92,153,4.599963902086099,0.0,0,0,0,0,0,0.0,0,0,0,0,0,0,0.0,0,0,0,0,0,0,0,0,0,0,0,0,0,0,0,0,0,0,8,3,0,0,0,0,0,0,0.0,0,0,0,0,0,0,0,1,0,0,0,0,0,0,0,1,0,0,1,0,1,0,1,0,0,1,0,0,0,0,0,0,0,0,0,466,0.2,0.0643776824034334,1.0,0.5708154506437768,1.0,63.33,http://localhost:5050/tasks/ssrf-url_fetch_json_webhook,['SSRF']
0,0,0,0,0,0,0,0,0,0,0,0,0,405,0,98.0,153,4.599963902086099,0.0,0,0,0,0,0,0.0,0,0,0,0,0,0,0.0,0,0,0,0,0,0,0,0,0,0,0,0,0,0,0,0,0,0,8,3,0,0,0,0,0,0,0.0,0,0,0,0,0,0,0,0,0,0,0,0,0,0,0,0,0,0,1,0,0,0,0,0,0,0,0,0,0,0,0,0,0,0,0,728,0.0333333333333333,0.0,0.9917582417582418,0.7197802197802198,0.9917582417582418,60.83,http://localhost:5050/accounts/sqli-login_bypass,['SQLi']
0,0,0,0,0,0,0,0,0,0,0,0,0,405,0,75.17,153,4.599963902086099,0.0,0,0,0,0,0,0.0,0,0,0,0,0,0,0.0,0,0,0,0,0,0,0,0,0,0,0,0,0,0,0,0,0,0,8,3,0,0,0,0,0,0,0.0,0,0,0,0,0,0,0,0,0,0,0,0,0,0,0,0,0,0,1,0,0,0,0,0,0,0,0,0,0,0,0,0,0,0,0,722,0.0333333333333333,0.0,1.0,0.7257617728531855,1.0,60.83,http://localhost:5050/sessions/insecupload-no_content_type_check,['InsecUpload']
0,0,0,0,0,0,0,0,0,0,0,0,0,405,0,94.22,153,4.599963902086099,0.0,0,0,0,0,0,0.0,0,0,0,0,0,0,0.0,0,0,0,0,0,0,0,0,0,0,0,0,0,0,0,0,0,0,8,3,0,0,0,0,0,0,0.0,0,0,0,0,0,0,0,1,0,0,0,0,0,0,0,1,0,0,1,0,1,0,1,0,0,1,0,0,0,0,0,0,0,0,0,328,0.2,0.0518292682926829,1.0,0.3932926829268293,1.0,75.48,http://localhost:5050/documents/nosqli-auth_operator_bypass,['NoSQLi']
0,0,0,0,0,0,0,0,0,0,0,0,0,405,0,118.52,153,4.599963902086099,0.0,0,0,0,0,0,0.0,0,0,0,0,0,0,0.0,0,0,0,0,0,0,0,0,0,0,0,0,0,0,0,0,0,0,8,3,0,0,0,0,0,0,0.0,0,0,0,0,0,0,0,0,0,0,0,0,0,0,0,0,0,0,1,0,0,0,0,0,0,0,0,0,0,0,0,0,0,0,0,722,0.0333333333333333,0.0,1.0,0.7257617728531855,1.0,61.99,http://localhost:5050/reviews/ratelimit-login_endpoint_no_throttle,['RateLimit']
0,0,0,0,0,0,0,0,0,0,0,0,0,405,0,98.74,153,4.599963902086099,0.0,0,0,0,0,0,0.0,0,0,0,0,0,0,0.0,0,0,0,0,0,0,0,0,0,0,0,0,0,0,0,0,0,0,8,3,0,0,0,0,0,0,0.0,0,0,0,0,0,0,0,0,0,0,0,0,0,0,0,0,0,0,1,0,0,0,0,0,0,0,0,0,0,0,0,0,0,0,0,722,0.0333333333333333,0.0,1.0,0.7257617728531855,1.0,61.99,http://localhost:5050/articles/crlf_injection-log_injection_crlf,['CRLF_Injection']
0,0,0,0,0,0,0,0,0,0,0,0,0,405,0,83.08,153,4.599963902086099,0.0,0,0,0,0,0,0.0,0,0,0,0,0,0,0.0,0,0,0,0,0,0,0,0,0,0,0,0,0,0,0,0,0,0,8,3,0,0,0,0,0,0,0.0,0,0,0,0,0,0,0,1,0,0,0,0,0,0,0,1,0,0,1,0,1,0,1,0,0,1,0,0,0,0,0,0,0,0,0,456,0.2,0.0614035087719298,1.0,0.5679824561403509,1.0,66.4,http://localhost:5050/bookings/xss-reflected_json_span,['XSS']
0,0,0,0,0,0,0,0,0,0,0,0,0,405,0,106.83,153,4.599963902086099,0.0,0,0,0,0,0,0.0,0,0,0,0,0,0,0.0,0,0,0,0,0,0,0,0,0,0,0,0,0,0,0,0,0,0,8,3,0,0,0,0,0,0,0.0,0,0,0,0,0,0,0,1,0,0,0,0,0,0,0,1,0,0,1,0,1,0,1,0,0,1,0,0,0,0,0,0,0,0,0,441,0.2,0.0566893424036281,1.0,0.5532879818594104,1.0,66.28,http://localhost:5050/subscriptions/ssrf-url_fetch_json_webhook,['SSRF']
0,0,0,0,0,0,0,0,0,0,0,0,0,405,0,139.85,153,4.599963902086099,0.0,0,0,0,0,0,0.0,0,0,0,0,0,0,0.0,0,0,0,0,0,0,0,0,0,0,0,0,0,0,0,0,0,0,8,3,0,0,0,0,0,0,0.0,0,0,0,0,0,0,0,0,0,0,0,0,0,0,0,0,0,0,1,0,0,0,0,0,0,0,0,0,0,0,0,0,0,0,0,728,0.0333333333333333,0.0,0.9917582417582418,0.7197802197802198,0.9917582417582418,61.99,http://localhost:5050/notifications/openredirect-post_login_next_param,['OpenRedirect']
0,0,0,0,0,0,0,0,0,0,0,0,0,405,0,77.31,153,4.599963902086099,0.0,0,0,0,0,0,0.0,0,0,0,0,0,0,0.0,0,0,0,0,0,0,0,0,0,0,0,0,0,0,0,0,0,0,8,3,0,0,0,0,0,0,0.0,0,0,0,0,0,0,0,0,0,0,0,0,0,0,0,0,0,0,1,0,0,0,0,0,0,0,0,0,0,0,0,0,0,0,0,721,0.0333333333333333,0.0,1.0,0.7267683772538142,1.0,61.99,http://localhost:5050/backups/insecdeser-yaml_unsafe_load,['InsecDeser']
0,0,0,0,0,0,0,0,0,0,0,0,0,405,0,120.3,153,4.599963902086099,0.0,0,0,0,0,0,0.0,0,0,0,0,0,0,0.0,0,0,0,0,0,0,0,0,0,0,0,0,0,0,0,0,0,0,8,3,0,0,0,0,0,0,0.0,0,0,0,0,0,0,0,0,0,0,0,0,0,0,0,0,0,0,1,0,0,0,0,0,0,0,0,0,0,0,0,0,0,0,0,723,0.0333333333333333,0.0,1.0,0.7247579529737206,0.9695712309820194,61.99,http://localhost:5050/imports/graphqli-no_query_depth_limit,['GraphQLi']
0,0,0,0,0,0,0,0,0,0,0,0,0,405,0,109.69,153,4.599963902086099,0.0,0,0,0,0,0,0.0,0,0,0,0,0,0,0.0,0,0,0,0,0,0,0,0,0,0,0,0,0,0,0,0,0,0,8,3,0,0,0,0,0,0,0.0,0,0,0,0,0,0,0,0,0,0,0,0,0,0,0,0,0,0,1,0,0,0,0,0,0,0,0,0,0,0,0,0,0,0,0,721,0.0333333333333333,0.0,1.0,0.7267683772538142,1.0,61.99,http://localhost:5050/settings/sqli-login_bypass,['SQLi']
0,0,0,0,0,0,0,0,0,0,0,0,0,405,0,81.81,153,4.599963902086099,0.0,0,0,0,0,0,0.0,0,0,0,0,0,0,0.0,0,0,0,0,0,0,0,0,0,0,0,0,0,0,0,0,0,0,8,3,0,0,0,0,0,0,0.0,0,0,0,0,0,0,0,1,0,0,0,0,0,0,0,1,0,0,1,0,1,0,1,0,0,1,0,0,0,0,0,0,0,0,0,459,0.2,0.0610021786492374,1.0,0.5664488017429193,1.0,66.41,http://localhost:5050/teams/xss-reflected_json_span,['XSS']
0,0,0,0,0,0,0,0,0,0,0,0,0,405,0,103.61,153,4.599963902086099,0.0,0,0,0,0,0,0.0,0,0,0,0,0,0,0.0,0,0,0,0,0,0,0,0,0,0,0,0,0,0,0,0,0,0,8,3,0,0,0,0,0,0,0.0,0,0,0,0,0,0,0,1,0,0,0,0,0,0,0,1,0,0,1,0,1,0,1,0,0,1,0,0,0,0,0,0,0,0,0,445,0.2,0.0561797752808988,1.0,0.5528089887640449,1.0,66.28,http://localhost:5050/organizations/ssrf-url_fetch_json_webhook,['SSRF']
0,0,0,0,0,0,0,0,0,0,0,0,0,405,0,118.64,153,4.599963902086099,0.0,0,0,0,0,0,0.0,0,0,0,0,0,0,0.0,0,0,0,0,0,0,0,0,0,0,0,0,0,0,0,0,0,0,8,3,0,0,0,0,0,0,0.0,0,0,0,0,0,0,0,0,0,0,0,0,0,0,0,0,0,0,1,0,0,0,0,0,0,0,0,0,0,0,0,0,0,0,0,920,0.0333333333333333,0.0,1.0,0.5684782608695652,1.0,61.99,http://localhost:5050/api/v1/products/ratelimit-login_endpoint_no_throttle,['RateLimit']
0,0,0,0,0,0,0,0,0,0,0,0,0,405,0,75.67,153,4.599963902086099,0.0,0,0,0,0,0,0.0,0,0,0,0,0,0,0.0,0,0,0,0,0,0,0,0,0,0,0,0,0,0,0,0,0,0,8,3,0,0,0,0,0,0,0.0,0,0,0,0,0,0,0,0,0,0,0,0,0,0,0,0,0,0,1,0,0,0,0,0,0,0,0,0,0,0,0,0,0,0,0,926,0.0333333333333333,0.0,0.9935205183585312,0.5647948164146869,0.9935205183585312,61.99,http://localhost:5050/api/v1/orders/insecupload-no_content_type_check,['InsecUpload']
0,0,0,0,0,0,0,0,0,0,0,0,0,405,0,82.95,153,4.599963902086099,0.0,0,0,0,0,0,0.0,0,0,0,0,0,0,0.0,0,0,0,0,0,0,0,0,0,0,0,0,0,0,0,0,0,0,8,3,0,0,0,0,0,0,0.0,0,0,0,0,0,0,0,1,0,0,0,0,0,0,0,1,0,0,1,0,1,0,1,0,0,1,0,0,0,0,0,0,0,0,0,524,0.2,0.032442748091603,0.9885496183206108,0.2309160305343511,0.9885496183206108,76.47,http://localhost:5050/api/v1/invoices/nosqli-auth_operator_bypass,['NoSQLi']
0,0,0,0,0,0,0,0,0,0,0,0,0,405,0,115.0,153,4.599963902086099,0.0,0,0,0,0,0,0.0,0,0,0,0,0,0,0.0,0,0,0,0,0,0,0,0,0,0,0,0,0,0,0,0,0,0,8,3,0,0,0,0,0,0,0.0,0,0,0,0,0,0,0,0,0,0,0,0,0,0,0,0,0,0,1,0,0,0,0,0,0,0,0,0,0,0,0,0,0,0,0,920,0.0333333333333333,0.0,1.0,0.5684782608695652,1.0,61.99,http://localhost:5050/api/v1/comments/xpath_injection-login_xpath_concat,['XPATH_Injection']
0,0,0,0,0,0,0,0,0,0,0,0,0,405,0,128.03,153,4.599963902086099,0.0,0,0,0,0,0,0.0,0,0,0,0,0,0,0.0,0,0,0,0,0,0,0,0,0,0,0,0,0,0,0,0,0,0,8,3,0,0,0,0,0,0,0.0,0,0,0,0,0,0,0,0,0,0,0,0,0,0,0,0,0,0,1,0,0,0,0,0,0,0,0,0,0,0,0,0,0,0,0,919,0.0333333333333333,0.0,1.0,0.5690968443960827,1.0,61.99,http://localhost:5050/api/v1/files/racecondition-coupon_redeem_toctou_no_lock,['RaceCondition']
0,0,0,0,0,0,0,0,0,0,0,0,0,405,0,82.58,153,4.599963902086099,0.0,0,0,0,0,0,0.0,0,0,0,0,0,0,0.0,0,0,0,0,0,0,0,0,0,0,0,0,0,0,0,0,0,0,8,3,0,0,0,0,0,0,0.0,0,0,0,0,0,0,0,1,0,0,0,0,0,0,0,1,0,0,1,0,1,0,1,0,0,1,0,0,0,0,0,0,0,0,0,653,0.2,0.0428790199081163,1.0,0.3920367534456355,1.0,66.41,http://localhost:5050/api/v1/reports/xss-reflected_json_span,['XSS']
0,0,0,0,0,0,0,0,0,0,0,0,0,405,0,113.89,153,4.599963902086099,0.0,0,0,0,0,0,0.0,0,0,0,0,0,0,0.0,0,0,0,0,0,0,0,0,0,0,0,0,0,0,0,0,0,0,8,3,0,0,0,0,0,0,0.0,0,0,0,0,0,0,0,1,0,0,0,0,0,0,0,1,0,0,1,0,1,0,1,0,0,1,0,0,0,0,0,0,0,0,0,640,0.2,0.0390625,1.0,0.38125,1.0,66.27,http://localhost:5050/api/v1/tickets/ssrf-url_fetch_json_webhook,['SSRF']
0,0,0,0,0,0,0,0,0,0,0,0,0,405,0,113.24,153,4.599963902086099,0.0,0,0,0,0,0,0.0,0,0,0,0,0,0,0.0,0,0,0,0,0,0,0,0,0,0,0,0,0,0,0,0,0,0,8,3,0,0,0,0,0,0,0.0,0,0,0,0,0,0,0,0,0,0,0,0,0,0,0,0,0,0,1,0,0,0,0,0,0,0,0,0,0,0,0,0,0,0,0,919,0.0333333333333333,0.0,1.0,0.5690968443960827,1.0,61.99,http://localhost:5050/api/v1/messages/csrf-generic_state_change_no_token,['CSRF']
0,0,0,0,0,0,0,0,0,0,0,0,0,405,0,85.78,153,4.599963902086099,0.0,0,0,0,0,0,0.0,0,0,0,0,0,0,0.0,0,0,0,0,0,0,0,0,0,0,0,0,0,0,0,0,0,0,8,3,0,0,0,0,0,0,0.0,0,0,0,0,0,0,0,0,0,0,0,0,0,0,0,0,0,0,1,0,0,0,0,0,0,0,0,0,0,0,0,0,0,0,0,920,0.0333333333333333,0.0,1.0,0.5684782608695652,1.0,61.99,http://localhost:5050/api/v1/tasks/insecdeser-pickle_b64_import,['InsecDeser']
0,0,0,0,0,0,0,0,0,0,0,0,0,405,0,77.61,153,4.599963902086099,0.0,0,0,0,0,0,0.0,0,0,0,0,0,0,0.0,0,0,0,0,0,0,0,0,0,0,0,0,0,0,0,0,0,0,8,3,0,0,0,0,0,0,0.0,0,0,0,0,0,0,0,1,0,0,0,0,0,0,0,1,0,0,1,0,1,0,1,0,0,1,0,0,0,0,0,0,0,0,0,526,0.2,0.0342205323193916,0.988593155893536,0.2338403041825095,0.988593155893536,76.46,http://localhost:5050/api/v1/payments/nosqli-auth_operator_bypass,['NoSQLi']
0,0,0,0,0,0,0,0,0,0,0,0,0,405,0,112.38,153,4.599963902086099,0.0,0,0,0,0,0,0.0,0,0,0,0,0,0,0.0,0,0,0,0,0,0,0,0,0,0,0,0,0,0,0,0,0,0,8,3,0,0,0,0,0,0,0.0,0,0,0,0,0,0,0,0,0,0,0,0,0,0,0,0,0,0,1,0,0,0,0,0,0,0,0,0,0,0,0,0,0,0,0,923,0.0333333333333333,0.0,0.9945828819068256,0.5666305525460456,0.9945828819068256,61.99,http://localhost:5050/api/v1/accounts/ssti-custom_template_field_form,['SSTI']
0,0,0,0,0,0,0,0,0,0,0,0,0,405,0,113.83,153,4.599963902086099,0.0,0,0,0,0,0,0.0,0,0,0,0,0,0,0.0,0,0,0,0,0,0,0,0,0,0,0,0,0,0,0,0,0,0,8,3,0,0,0,0,0,0,0.0,0,0,0,0,0,0,0,0,0,0,0,0,0,0,0,0,0,0,1,0,0,0,0,0,0,0,0,0,0,0,0,0,0,0,0,918,0.0333333333333333,0.0,1.0,0.5697167755991286,1.0,61.99,http://localhost:5050/api/v1/sessions/racecondition-withdraw_toctou_no_lock,['RaceCondition']
0,0,0,0,0,0,0,0,0,0,0,0,0,405,0,86.4,153,4.599963902086099,0.0,0,0,0,0,0,0.0,0,0,0,0,0,0,0.0,0,0,0,0,0,0,0,0,0,0,0,0,0,0,0,0,0,0,8,3,0,0,0,0,0,0,0.0,0,0,0,0,0,0,0,1,0,0,0,0,0,0,0,1,0,0,1,0,1,0,1,0,0,1,0,0,0,0,0,0,0,0,0,648,0.2,0.0401234567901234,1.0,0.3904320987654321,1.0,66.41,http://localhost:5050/api/v1/reviews/xss-reflected_json_span,['XSS']
0,0,0,0,0,0,0,0,0,0,0,0,0,405,0,108.35,153,4.599963902086099,0.0,0,0,0,0,0,0.0,0,0,0,0,0,0,0.0,0,0,0,0,0,0,0,0,0,0,0,0,0,0,0,0,0,0,8,3,0,0,0,0,0,0,0.0,0,0,0,0,0,0,0,1,0,0,0,0,0,0,0,1,0,0,1,0,1,0,1,0,0,1,0,0,0,0,0,0,0,0,0,640,0.2,0.0390625,1.0,0.3828125,1.0,66.28,http://localhost:5050/api/v1/articles/ssrf-url_fetch_json_webhook,['SSRF']
0,0,0,0,0,0,0,0,0,0,0,0,0,405,0,135.07,153,4.599963902086099,0.0,0,0,0,0,0,0.0,0,0,0,0,0,0,0.0,0,0,0,0,0,0,0,0,0,0,0,0,0,0,0,0,0,0,8,3,0,0,0,0,0,0,0.0,0,0,0,0,0,0,0,0,0,0,0,0,0,0,0,0,0,0,1,0,0,0,0,0,0,0,0,0,0,0,0,0,0,0,0,918,0.0333333333333333,0.0,1.0,0.5697167755991286,1.0,61.99,http://localhost:5050/api/v1/events/graphqli-no_query_depth_limit,['GraphQLi']
0,0,0,0,0,0,0,0,0,0,0,0,0,405,0,93.17,153,4.599963902086099,0.0,0,0,0,0,0,0.0,0,0,0,0,0,0,0.0,0,0,0,0,0,0,0,0,0,0,0,0,0,0,0,0,0,0,8,3,0,0,0,0,0,0,0.0,0,0,0,0,0,0,0,0,0,0,0,0,0,0,0,0,0,0,1,0,0,0,0,0,0,0,0,0,0,0,0,0,0,0,0,918,0.0333333333333333,0.0,1.0,0.5697167755991286,1.0,61.99,http://localhost:5050/api/v1/subscriptions/sqli-union_select_id,['SQLi']
0,0,0,0,0,0,0,0,0,0,0,0,0,405,0,99.21,153,4.599963902086099,0.0,0,0,0,0,0,0.0,0,0,0,0,0,0,0.0,0,0,0,0,0,0,0,0,0,0,0,0,0,0,0,0,0,0,8,3,0,0,0,0,0,0,0.0,0,0,0,0,0,0,0,1,0,0,0,0,0,0,0,1,0,0,1,0,1,0,1,0,0,1,0,0,0,0,0,0,0,0,0,531,0.2,0.0338983050847457,0.9905838041431262,0.2467043314500941,0.9905838041431262,76.47,http://localhost:5050/api/v1/notifications/nosqli-auth_operator_bypass,['NoSQLi']
0,0,0,0,0,0,0,0,0,0,0,0,0,405,0,98.1,153,4.599963902086099,0.0,0,0,0,0,0,0.0,0,0,0,0,0,0,0.0,0,0,0,0,0,0,0,0,0,0,0,0,0,0,0,0,0,0,8,3,0,0,0,0,0,0,0.0,0,0,0,0,0,0,0,1,0,0,0,0,0,0,0,1,0,0,1,0,1,0,1,0,0,1,0,0,0,0,0,0,0,0,0,645,0.2,0.0387596899224806,0.992248062015504,0.3798449612403101,0.992248062015504,66.28,http://localhost:5050/api/v1/logs/ssrf-url_fetch_json_webhook,['SSRF']
0,0,0,0,0,0,0,0,0,0,0,0,0,405,0,121.66,153,4.599963902086099,0.0,0,0,0,0,0,0.0,0,0,0,0,0,0,0.0,0,0,0,0,0,0,0,0,0,0,0,0,0,0,0,0,0,0,8,3,0,0,0,0,0,0,0.0,0,0,0,0,0,0,0,0,0,0,0,0,0,0,0,0,0,0,1,0,0,0,0,0,0,0,0,0,0,0,0,0,0,0,0,918,0.0333333333333333,0.0,1.0,0.5697167755991286,1.0,61.99,http://localhost:5050/api/v1/backups/inseccrypto-md5_unsalted_password,['InsecCrypto']
0,0,0,0,0,0,0,0,0,0,0,0,0,405,0,80.94,153,4.599963902086099,0.0,0,0,0,0,0,0.0,0,0,0,0,0,0,0.0,0,0,0,0,0,0,0,0,0,0,0,0,0,0,0,0,0,0,8,3,0,0,0,0,0,0,0.0,0,0,0,0,0,0,0,0,0,0,0,0,0,0,0,0,0,0,1,0,0,0,0,0,0,0,0,0,0,0,0,0,0,0,0,918,0.0333333333333333,0.0,1.0,0.5697167755991286,1.0,61.99,http://localhost:5050/api/v1/imports/insecupload-no_content_type_check,['InsecUpload']
0,0,0,0,0,0,0,0,0,0,0,0,0,405,0,99.01,153,4.599963902086099,0.0,0,0,0,0,0,0.0,0,0,0,0,0,0,0.0,0,0,0,0,0,0,0,0,0,0,0,0,0,0,0,0,0,0,8,3,0,0,0,0,0,0,0.0,0,0,0,0,0,0,0,0,0,0,0,0,0,0,0,0,0,0,1,0,0,0,0,0,0,0,0,0,0,0,0,0,0,0,0,918,0.0333333333333333,0.0,1.0,0.5697167755991286,0.4335511982570806,61.99,http://localhost:5050/api/v1/profiles/nosqli-regex_operator_injection,['NoSQLi']
0,0,0,0,0,0,0,0,0,0,0,0,0,405,0,116.64,153,4.599963902086099,0.0,0,0,0,0,0,0.0,0,0,0,0,0,0,0.0,0,0,0,0,0,0,0,0,0,0,0,0,0,0,0,0,0,0,8,3,0,0,0,0,0,0,0.0,0,0,0,0,0,0,0,0,0,0,0,0,0,0,0,0,0,0,1,0,0,0,0,0,0,0,0,0,0,0,0,0,0,0,0,923,0.0333333333333333,0.0,0.9945828819068256,0.5666305525460456,0.9945828819068256,61.99,http://localhost:5050/api/v1/settings/graphqli-no_query_depth_limit,['GraphQLi']
0,0,0,0,0,0,0,0,0,0,0,0,0,405,0,94.84,153,4.599963902086099,0.0,0,0,0,0,0,0.0,0,0,0,0,0,0,0.0,0,0,0,0,0,0,0,0,0,0,0,0,0,0,0,0,0,0,8,3,0,0,0,0,0,0,0.0,0,0,0,0,0,0,0,0,0,0,0,0,0,0,0,0,0,0,1,0,0,0,0,0,0,0,0,0,0,0,0,0,0,0,0,918,0.0333333333333333,0.0,1.0,0.5697167755991286,1.0,61.99,http://localhost:5050/api/v1/organizations/cmdi-archive_name_shell,['CMDi']
0,0,0,0,0,0,0,0,0,0,0,0,0,405,0,97.77,153,4.599963902086099,0.0,0,0,0,0,0,0.0,0,0,0,0,0,0,0.0,0,0,0,0,0,0,0,0,0,0,0,0,0,0,0,0,0,0,8,3,0,0,0,0,0,0,0.0,0,0,0,0,0,0,0,1,0,0,0,0,0,0,0,1,0,0,1,0,1,0,1,0,0,1,0,0,0,0,0,0,0,0,0,656,0.2,0.0411585365853658,1.0,0.3932926829268293,1.0,66.41,http://localhost:5050/api/v2/products/xss-reflected_json_span,['XSS']
0,0,0,0,0,0,0,0,0,0,0,0,0,405,0,150.1,153,4.599963902086099,0.0,0,0,0,0,0,0.0,0,0,0,0,0,0,0.0,0,0,0,0,0,0,0,0,0,0,0,0,0,0,0,0,0,0,8,3,0,0,0,0,0,0,0.0,0,0,0,0,0,0,0,0,0,0,0,0,0,0,0,0,0,0,1,0,0,0,0,0,0,0,0,0,0,0,0,0,0,0,0,922,0.0333333333333333,0.0,1.0,0.5683297180043384,1.0,61.99,http://localhost:5050/api/v2/products/csrf-generic_state_change_no_token,['CSRF']
0,0,0,0,0,0,0,0,0,0,0,0,0,405,0,94.65,153,4.599963902086099,0.0,0,0,0,0,0,0.0,0,0,0,0,0,0,0.0,0,0,0,0,0,0,0,0,0,0,0,0,0,0,0,0,0,0,8,3,0,0,0,0,0,0,0.0,0,0,0,0,0,0,0,0,0,0,0,0,0,0,0,0,0,0,1,0,0,0,0,0,0,0,0,0,0,0,0,0,0,0,0,920,0.0333333333333333,0.0,1.0,0.5684782608695652,1.0,61.99,http://localhost:5050/api/v2/users/insecupload-no_extension_whitelist,['InsecUpload']
0,0,0,0,0,0,0,0,0,0,0,0,0,405,0,86.76,153,4.599963902086099,0.0,0,0,0,0,0,0.0,0,0,0,0,0,0,0.0,0,0,0,0,0,0,0,0,0,0,0,0,0,0,0,0,0,0,8,3,0,0,0,0,0,0,0.0,0,0,0,0,0,0,0,0,0,0,0,0,0,0,0,0,0,0,1,0,0,0,0,0,0,0,0,0,0,0,0,0,0,0,0,923,0.0333333333333333,0.0,1.0,0.5677139761646804,0.4366197183098591,61.99,http://localhost:5050/api/v2/users/nosqli-regex_operator_injection,['NoSQLi']
0,0,0,0,0,0,0,0,0,0,0,0,0,405,0,136.96,153,4.599963902086099,0.0,0,0,0,0,0,0.0,0,0,0,0,0,0,0.0,0,0,0,0,0,0,0,0,0,0,0,0,0,0,0,0,0,0,8,3,0,0,0,0,0,0,0.0,0,0,0,0,0,0,0,0,0,0,0,0,0,0,0,0,0,0,1,0,0,0,0,0,0,0,0,0,0,0,0,0,0,0,0,922,0.0333333333333333,0.0,1.0,0.5683297180043384,1.0,61.99,http://localhost:5050/api/v2/users/openredirect-post_login_next_param,['OpenRedirect']
0,0,0,0,0,0,0,0,0,0,0,0,0,405,0,88.49,153,4.599963902086099,0.0,0,0,0,0,0,0.0,0,0,0,0,0,0,0.0,0,0,0,0,0,0,0,0,0,0,0,0,0,0,0,0,0,0,8,3,0,0,0,0,0,0,0.0,0,0,0,0,0,0,0,1,0,0,0,0,0,0,0,1,0,0,1,0,1,0,1,0,0,1,0,0,0,0,0,0,0,0,0,657,0.2,0.0410958904109589,1.0,0.395738203957382,1.0,66.41,http://localhost:5050/api/v2/orders/xss-reflected_json_span,['XSS']
0,0,0,0,0,0,0,0,0,0,0,0,0,405,0,121.54,153,4.599963902086099,0.0,0,0,0,0,0,0.0,0,0,0,0,0,0,0.0,0,0,0,0,0,0,0,0,0,0,0,0,0,0,0,0,0,0,8,3,0,0,0,0,0,0,0.0,0,0,0,0,0,0,0,1,0,0,0,0,0,0,0,1,0,0,1,0,1,0,1,0,0,1,0,0,0,0,0,0,0,0,0,647,0.2,0.0401854714064915,1.0,0.3848531684698609,1.0,66.28,http://localhost:5050/api/v2/orders/ssrf-url_fetch_json_webhook,['SSRF']
0,0,0,0,0,0,0,0,0,0,0,0,0,405,0,84.03,153,4.599963902086099,0.0,0,0,0,0,0,0.0,0,0,0,0,0,0,0.0,0,0,0,0,0,0,0,0,0,0,0,0,0,0,0,0,0,0,8,3,0,0,0,0,0,0,0.0,0,0,0,0,0,0,0,0,0,0,0,0,0,0,0,0,0,0,1,0,0,0,0,0,0,0,0,0,0,0,0,0,0,0,0,920,0.0333333333333333,0.0,1.0,0.5684782608695652,1.0,61.99,http://localhost:5050/api/v2/invoices/sqli-union_select_id,['SQLi']
0,0,0,0,0,0,0,0,0,0,0,0,0,405,0,99.26,153,4.599963902086099,0.0,0,0,0,0,0,0.0,0,0,0,0,0,0,0.0,0,0,0,0,0,0,0,0,0,0,0,0,0,0,0,0,0,0,8,3,0,0,0,0,0,0,0.0,0,0,0,0,0,0,0,1,0,0,0,0,0,0,0,1,0,0,1,0,1,0,1,0,0,1,0,0,0,0,0,0,0,0,0,549,0.2,0.0327868852459016,1.0,0.2750455373406193,1.0,76.47,http://localhost:5050/api/v2/invoices/nosqli-auth_operator_bypass,['NoSQLi']
0,0,0,0,0,0,0,0,0,0,0,0,0,405,0,132.6,153,4.599963902086099,0.0,0,0,0,0,0,0.0,0,0,0,0,0,0,0.0,0,0,0,0,0,0,0,0,0,0,0,0,0,0,0,0,0,0,8,3,0,0,0,0,0,0,0.0,0,0,0,0,0,0,0,0,0,0,0,0,0,0,0,0,0,0,1,0,0,0,0,0,0,0,0,0,0,0,0,0,0,0,0,920,0.0333333333333333,0.0,1.0,0.5684782608695652,1.0,61.99,http://localhost:5050/api/v2/invoices/csrf-generic_state_change_no_token,['CSRF']
0,0,0,0,0,0,0,0,0,0,0,0,0,405,0,82.3,153,4.599963902086099,0.0,0,0,0,0,0,0.0,0,0,0,0,0,0,0.0,0,0,0,0,0,0,0,0,0,0,0,0,0,0,0,0,0,0,8,3,0,0,0,0,0,0,0.0,0,0,0,0,0,0,0,0,0,0,0,0,0,0,0,0,0,0,1,0,0,0,0,0,0,0,0,0,0,0,0,0,0,0,0,921,0.0333333333333333,0.0,1.0,0.5689467969598263,1.0,61.99,http://localhost:5050/api/v2/comments/insecupload-no_extension_whitelist,['InsecUpload']
0,0,0,0,0,0,0,0,0,0,0,0,0,405,0,111.47,153,4.599963902086099,0.0,0,0,0,0,0,0.0,0,0,0,0,0,0,0.0,0,0,0,0,0,0,0,0,0,0,0,0,0,0,0,0,0,0,8,3,0,0,0,0,0,0,0.0,0,0,0,0,0,0,0,1,0,0,0,0,0,0,0,1,0,0,1,0,1,0,1,0,0,1,0,0,0,0,0,0,0,0,0,643,0.2,0.0388802488335925,1.0,0.3794712286158631,1.0,66.28,http://localhost:5050/api/v2/comments/ssrf-url_fetch_json_webhook,['SSRF']
0,0,0,0,0,0,0,0,0,0,0,0,0,405,0,128.3,153,4.599963902086099,0.0,0,0,0,0,0,0.0,0,0,0,0,0,0,0.0,0,0,0,0,0,0,0,0,0,0,0,0,0,0,0,0,0,0,8,3,0,0,0,0,0,0,0.0,0,0,0,0,0,0,0,0,0,0,0,0,0,0,0,0,0,0,1,0,0,0,0,0,0,0,0,0,0,0,0,0,0,0,0,930,0.0333333333333333,0.0,0.989247311827957,0.5623655913978495,0.989247311827957,61.99,http://localhost:5050/api/v2/comments/crlf_injection-log_injection_crlf,['CRLF_Injection']
0,0,0,0,0,0,0,0,0,0,0,0,0,405,0,87.19,153,4.599963902086099,0.0,0,0,0,0,0,0.0,0,0,0,0,0,0,0.0,0,0,0,0,0,0,0,0,0,0,0,0,0,0,0,0,0,0,8,3,0,0,0,0,0,0,0.0,0,0,0,0,0,0,0,1,0,0,0,0,0,0,0,1,0,0,1,0,1,0,1,0,0,1,0,0,0,0,0,0,0,0,0,653,0.2,0.0398162327718223,1.0,0.3889739663093415,1.0,66.41,http://localhost:5050/api/v2/files/xss-reflected_json_span,['XSS']
0,0,0,0,0,0,0,0,0,0,0,0,0,405,0,135.46,153,4.599963902086099,0.0,0,0,0,0,0,0.0,0,0,0,0,0,0,0.0,0,0,0,0,0,0,0,0,0,0,0,0,0,0,0,0,0,0,8,3,0,0,0,0,0,0,0.0,0,0,0,0,0,0,0,0,0,0,0,0,0,0,0,0,0,0,1,0,0,0,0,0,0,0,0,0,0,0,0,0,0,0,0,921,0.0333333333333333,0.0,1.0,0.5689467969598263,1.0,61.99,http://localhost:5050/api/v2/files/xpath_injection-login_xpath_concat,['XPATH_Injection']
0,0,0,0,0,0,0,0,0,0,0,0,0,405,0,75.98,153,4.599963902086099,0.0,0,0,0,0,0,0.0,0,0,0,0,0,0,0.0,0,0,0,0,0,0,0,0,0,0,0,0,0,0,0,0,0,0,8,3,0,0,0,0,0,0,0.0,0,0,0,0,0,0,0,0,0,0,0,0,0,0,0,0,0,0,1,0,0,0,0,0,0,0,0,0,0,0,0,0,0,0,0,922,0.0333333333333333,0.0,1.0,0.5683297180043384,1.0,61.99,http://localhost:5050/api/v2/images/insecdeser-yaml_unsafe_load,['InsecDeser']
0,0,0,0,0,0,0,0,0,0,0,0,0,405,0,109.71,153,4.599963902086099,0.0,0,0,0,0,0,0.0,0,0,0,0,0,0,0.0,0,0,0,0,0,0,0,0,0,0,0,0,0,0,0,0,0,0,8,3,0,0,0,0,0,0,0.0,0,0,0,0,0,0,0,0,0,0,0,0,0,0,0,0,0,0,1,0,0,0,0,0,0,0,0,0,0,0,0,0,0,0,0,923,0.0333333333333333,0.0,1.0,0.5677139761646804,1.0,61.99,http://localhost:5050/api/v2/images/ldapi-login_filter_wildcard,['LDAPi']
0,0,0,0,0,0,0,0,0,0,0,0,0,405,0,144.98,153,4.599963902086099,0.0,0,0,0,0,0,0.0,0,0,0,0,0,0,0.0,0,0,0,0,0,0,0,0,0,0,0,0,0,0,0,0,0,0,8,3,0,0,0,0,0,0,0.0,0,0,0,0,0,0,0,0,0,0,0,0,0,0,0,0,0,0,1,0,0,0,0,0,0,0,0,0,0,0,0,0,0,0,0,920,0.0333333333333333,0.0,1.0,0.5684782608695652,1.0,61.99,http://localhost:5050/api/v2/images/ratelimit-login_endpoint_no_throttle,['RateLimit']
0,0,0,0,0,0,0,0,0,0,0,0,0,405,0,97.67,153,4.599963902086099,0.0,0,0,0,0,0,0.0,0,0,0,0,0,0,0.0,0,0,0,0,0,0,0,0,0,0,0,0,0,0,0,0,0,0,8,3,0,0,0,0,0,0,0.0,0,0,0,0,0,0,0,1,0,0,0,0,0,0,0,1,0,0,1,0,1,0,1,0,0,1,0,0,0,0,0,0,0,0,0,666,0.2,0.0405405405405405,0.984984984984985,0.3888888888888889,0.984984984984985,66.41,http://localhost:5050/api/v2/reports/xss-reflected_json_span,['XSS']
0,0,0,0,0,0,0,0,0,0,0,0,0,405,0,114.03,153,4.599963902086099,0.0,0,0,0,0,0,0.0,0,0,0,0,0,0,0.0,0,0,0,0,0,0,0,0,0,0,0,0,0,0,0,0,0,0,8,3,0,0,0,0,0,0,0.0,0,0,0,0,0,0,0,1,0,0,0,0,0,0,0,1,0,0,1,0,1,0,1,0,0,1,0,0,0,0,0,0,0,0,0,643,0.2,0.0388802488335925,1.0,0.3810264385692068,1.0,66.28,http://localhost:5050/api/v2/reports/ssrf-url_fetch_json_webhook,['SSRF']
0,0,0,0,0,0,0,0,0,0,0,0,0,405,0,119.29,153,4.599963902086099,0.0,0,0,0,0,0,0.0,0,0,0,0,0,0,0.0,0,0,0,0,0,0,0,0,0,0,0,0,0,0,0,0,0,0,8,3,0,0,0,0,0,0,0.0,0,0,0,0,0,0,0,0,0,0,0,0,0,0,0,0,0,0,1,0,0,0,0,0,0,0,0,0,0,0,0,0,0,0,0,922,0.0333333333333333,0.0,1.0,0.5683297180043384,1.0,61.99,http://localhost:5050/api/v2/tickets/sqli-like_search_concat,['SQLi']
0,0,0,0,0,0,0,0,0,0,0,0,0,405,0,92.21,153,4.599963902086099,0.0,0,0,0,0,0,0.0,0,0,0,0,0,0,0.0,0,0,0,0,0,0,0,0,0,0,0,0,0,0,0,0,0,0,8,3,0,0,0,0,0,0,0.0,0,0,0,0,0,0,0,1,0,0,0,0,0,0,0,1,0,0,1,0,1,0,1,0,0,1,0,0,0,0,0,0,0,0,0,551,0.2,0.0326678765880217,1.0,0.2776769509981851,1.0,76.46,http://localhost:5050/api/v2/tickets/nosqli-auth_operator_bypass,['NoSQLi']
0,0,0,0,0,0,0,0,0,0,0,0,0,405,0,136.25,153,4.599963902086099,0.0,0,0,0,0,0,0.0,0,0,0,0,0,0,0.0,0,0,0,0,0,0,0,0,0,0,0,0,0,0,0,0,0,0,8,3,0,0,0,0,0,0,0.0,0,0,0,0,0,0,0,0,0,0,0,0,0,0,0,0,0,0,1,0,0,0,0,0,0,0,0,0,0,0,0,0,0,0,0,921,0.0333333333333333,0.0,1.0,0.5689467969598263,1.0,61.99,http://localhost:5050/api/v2/tickets/csrf-sensitive_transfer_no_token,['CSRF']
0,0,0,0,0,0,0,0,0,0,0,0,0,405,0,101.46,153,4.599963902086099,0.0,0,0,0,0,0,0.0,0,0,0,0,0,0,0.0,0,0,0,0,0,0,0,0,0,0,0,0,0,0,0,0,0,0,8,3,0,0,0,0,0,0,0.0,0,0,0,0,0,0,0,0,0,0,0,0,0,0,0,0,0,0,1,0,0,0,0,0,0,0,0,0,0,0,0,0,0,0,0,921,0.0333333333333333,0.0,1.0,0.5689467969598263,1.0,61.99,http://localhost:5050/api/v2/messages/brokenauth-no_bruteforce_protection,['BrokenAuth']
0,0,0,0,0,0,0,0,0,0,0,0,0,405,0,99.37,153,4.599963902086099,0.0,0,0,0,0,0,0.0,0,0,0,0,0,0,0.0,0,0,0,0,0,0,0,0,0,0,0,0,0,0,0,0,0,0,8,3,0,0,0,0,0,0,0.0,0,0,0,0,0,0,0,1,0,0,0,0,0,0,0,1,0,0,1,0,1,0,1,0,0,1,0,0,0,0,0,0,0,0,0,644,0.2,0.0388198757763975,1.0,0.3804347826086957,1.0,66.28,http://localhost:5050/api/v2/messages/ssrf-url_fetch_json_webhook,['SSRF']
0,0,0,0,0,0,0,0,0,0,0,0,0,405,0,112.58,153,4.599963902086099,0.0,0,0,0,0,0,0.0,0,0,0,0,0,0,0.0,0,0,0,0,0,0,0,0,0,0,0,0,0,0,0,0,0,0,8,3,0,0,0,0,0,0,0.0,0,0,0,0,0,0,0,0,0,0,0,0,0,0,0,0,0,0,1,0,0,0,0,0,0,0,0,0,0,0,0,0,0,0,0,922,0.0333333333333333,0.0,1.0,0.5683297180043384,1.0,61.99,http://localhost:5050/api/v2/messages/racecondition-withdraw_toctou_no_lock,['RaceCondition']
0,0,0,0,0,0,0,0,0,0,0,0,0,405,0,87.36,153,4.599963902086099,0.0,0,0,0,0,0,0.0,0,0,0,0,0,0,0.0,0,0,0,0,0,0,0,0,0,0,0,0,0,0,0,0,0,0,8,3,0,0,0,0,0,0,0.0,0,0,0,0,0,0,0,1,0,0,0,0,0,0,0,1,0,0,1,0,1,0,1,0,0,1,0,0,0,0,0,0,0,0,0,653,0.2,0.0398162327718223,1.0,0.3889739663093415,1.0,66.4,http://localhost:5050/api/v2/projects/xss-reflected_json_span,['XSS']
0,0,0,0,0,0,0,0,0,0,0,0,0,405,0,125.3,153,4.599963902086099,0.0,0,0,0,0,0,0.0,0,0,0,0,0,0,0.0,0,0,0,0,0,0,0,0,0,0,0,0,0,0,0,0,0,0,8,3,0,0,0,0,0,0,0.0,0,0,0,0,0,0,0,0,0,0,0,0,0,0,0,0,0,0,1,0,0,0,0,0,0,0,0,0,0,0,0,0,0,0,0,920,0.0333333333333333,0.0,1.0,0.5684782608695652,1.0,61.99,http://localhost:5050/api/v2/projects/xpath_injection-login_xpath_concat,['XPATH_Injection']
0,0,0,0,0,0,0,0,0,0,0,0,0,405,0,103.75,153,4.599963902086099,0.0,0,0,0,0,0,0.0,0,0,0,0,0,0,0.0,0,0,0,0,0,0,0,0,0,0,0,0,0,0,0,0,0,0,8,3,0,0,0,0,0,0,0.0,0,0,0,0,0,0,0,0,0,0,0,0,0,0,0,0,0,0,1,0,0,0,0,0,0,0,0,0,0,0,0,0,0,0,0,923,0.0333333333333333,0.0,1.0,0.5677139761646804,1.0,61.99,http://localhost:5050/api/v2/tasks/insecupload-no_content_type_check,['InsecUpload']
0,0,0,0,0,0,0,0,0,0,0,0,0,405,0,105.39,153,4.599963902086099,0.0,0,0,0,0,0,0.0,0,0,0,0,0,0,0.0,0,0,0,0,0,0,0,0,0,0,0,0,0,0,0,0,0,0,8,3,0,0,0,0,0,0,0.0,0,0,0,0,0,0,0,0,0,0,0,0,0,0,0,0,0,0,1,0,0,0,0,0,0,0,0,0,0,0,0,0,0,0,0,921,0.0333333333333333,0.0,1.0,0.5689467969598263,0.4353963083604777,61.99,http://localhost:5050/api/v2/tasks/nosqli-regex_operator_injection,['NoSQLi']
0,0,0,0,0,0,0,0,0,0,0,0,0,405,0,128.86,153,4.599963902086099,0.0,0,0,0,0,0,0.0,0,0,0,0,0,0,0.0,0,0,0,0,0,0,0,0,0,0,0,0,0,0,0,0,0,0,8,3,0,0,0,0,0,0,0.0,0,0,0,0,0,0,0,0,0,0,0,0,0,0,0,0,0,0,1,0,0,0,0,0,0,0,0,0,0,0,0,0,0,0,0,923,0.0333333333333333,0.0,1.0,0.5677139761646804,1.0,61.99,http://localhost:5050/api/v2/tasks/inseccrypto-md5_unsalted_password,['InsecCrypto']
0,0,0,0,0,0,0,0,0,0,0,0,0,405,0,93.32,153,4.599963902086099,0.0,0,0,0,0,0,0.0,0,0,0,0,0,0,0.0,0,0,0,0,0,0,0,0,0,0,0,0,0,0,0,0,0,0,8,3,0,0,0,0,0,0,0.0,0,0,0,0,0,0,0,1,0,0,0,0,0,0,0,1,0,0,1,0,1,0,1,0,0,1,0,0,0,0,0,0,0,0,0,652,0.2,0.0398773006134969,1.0,0.3880368098159509,1.0,66.4,http://localhost:5050/api/v2/payments/xss-reflected_json_span,['XSS']
0,0,0,0,0,0,0,0,0,0,0,0,0,405,0,120.89,153,4.599963902086099,0.0,0,0,0,0,0,0.0,0,0,0,0,0,0,0.0,0,0,0,0,0,0,0,0,0,0,0,0,0,0,0,0,0,0,8,3,0,0,0,0,0,0,0.0,0,0,0,0,0,0,0,1,0,0,0,0,0,0,0,1,0,0,1,0,1,0,1,0,0,1,0,0,0,0,0,0,0,0,0,653,0.2,0.0382848392036753,0.98468606431853,0.3736600306278713,0.98468606431853,66.28,http://localhost:5050/api/v2/payments/ssrf-url_fetch_json_webhook,['SSRF']
0,0,0,0,0,0,0,0,0,0,0,0,0,405,0,106.34,153,4.599963902086099,0.0,0,0,0,0,0,0.0,0,0,0,0,0,0,0.0,0,0,0,0,0,0,0,0,0,0,0,0,0,0,0,0,0,0,8,3,0,0,0,0,0,0,0.0,0,0,0,0,0,0,0,0,0,0,0,0,0,0,0,0,0,0,1,0,0,0,0,0,0,0,0,0,0,0,0,0,0,0,0,922,0.0333333333333333,0.0,1.0,0.5683297180043384,1.0,61.99,http://localhost:5050/api/v2/accounts/sqli-union_select_id,['SQLi']
0,0,0,0,0,0,0,0,0,0,0,0,0,405,0,105.33,153,4.599963902086099,0.0,0,0,0,0,0,0.0,0,0,0,0,0,0,0.0,0,0,0,0,0,0,0,0,0,0,0,0,0,0,0,0,0,0,8,3,0,0,0,0,0,0,0.0,0,0,0,0,0,0,0,1,0,0,0,0,0,0,0,1,0,0,1,0,1,0,1,0,0,1,0,0,0,0,0,0,0,0,0,551,0.2,0.0326678765880217,1.0,0.2758620689655172,1.0,76.47,http://localhost:5050/api/v2/accounts/nosqli-auth_operator_bypass,['NoSQLi']
0,0,0,0,0,0,0,0,0,0,0,0,0,405,0,140.93,153,4.599963902086099,0.0,0,0,0,0,0,0.0,0,0,0,0,0,0,0.0,0,0,0,0,0,0,0,0,0,0,0,0,0,0,0,0,0,0,8,3,0,0,0,0,0,0,0.0,0,0,0,0,0,0,0,0,0,0,0,0,0,0,0,0,0,0,1,0,0,0,0,0,0,0,0,0,0,0,0,0,0,0,0,920,0.0333333333333333,0.0,1.0,0.5684782608695652,1.0,61.99,http://localhost:5050/api/v2/accounts/csrf-generic_state_change_no_token,['CSRF']
0,0,0,0,0,0,0,0,0,0,0,0,0,405,0,87.42,153,4.599963902086099,0.0,0,0,0,0,0,0.0,0,0,0,0,0,0,0.0,0,0,0,0,0,0,0,0,0,0,0,0,0,0,0,0,0,0,8,3,0,0,0,0,0,0,0.0,0,0,0,0,0,0,0,0,0,0,0,0,0,0,0,0,0,0,1,0,0,0,0,0,0,0,0,0,0,0,0,0,0,0,0,921,0.0333333333333333,0.0,1.0,0.5689467969598263,1.0,61.99,http://localhost:5050/api/v2/sessions/insecdeser-pickle_b64_import,['InsecDeser']
0,0,0,0,0,0,0,0,0,0,0,0,0,405,0,117.97,153,4.599963902086099,0.0,0,0,0,0,0,0.0,0,0,0,0,0,0,0.0,0,0,0,0,0,0,0,0,0,0,0,0,0,0,0,0,0,0,8,3,0,0,0,0,0,0,0.0,0,0,0,0,0,0,0,1,0,0,0,0,0,0,0,1,0,0,1,0,1,0,1,0,0,1,0,0,0,0,0,0,0,0,0,641,0.2,0.0390015600624025,1.0,0.3806552262090483,1.0,66.27,http://localhost:5050/api/v2/sessions/ssrf-url_fetch_json_webhook,['SSRF']
0,0,0,0,0,0,0,0,0,0,0,0,0,405,0,129.53,153,4.599963902086099,0.0,0,0,0,0,0,0.0,0,0,0,0,0,0,0.0,0,0,0,0,0,0,0,0,0,0,0,0,0,0,0,0,0,0,8,3,0,0,0,0,0,0,0.0,0,0,0,0,0,0,0,0,0,0,0,0,0,0,0,0,0,0,1,0,0,0,0,0,0,0,0,0,0,0,0,0,0,0,0,923,0.0333333333333333,0.0,1.0,0.5677139761646804,1.0,61.99,http://localhost:5050/api/v2/sessions/openredirect-post_login_next_param,['OpenRedirect']
0,0,0,0,0,0,0,0,0,0,0,0,0,405,0,70.17,153,4.599963902086099,0.0,0,0,0,0,0,0.0,0,0,0,0,0,0,0.0,0,0,0,0,0,0,0,0,0,0,0,0,0,0,0,0,0,0,8,3,0,0,0,0,0,0,0.0,0,0,0,0,0,0,0,1,0,0,0,0,0,0,0,1,0,0,1,0,1,0,1,0,0,1,0,0,0,0,0,0,0,0,0,653,0.2,0.0398162327718223,1.0,0.3889739663093415,1.0,66.4,http://localhost:5050/api/v2/documents/xss-reflected_json_span,['XSS']
0,0,0,0,0,0,0,0,0,0,0,0,0,405,0,138.12,153,4.599963902086099,0.0,0,0,0,0,0,0.0,0,0,0,0,0,0,0.0,0,0,0,0,0,0,0,0,0,0,0,0,0,0,0,0,0,0,8,3,0,0,0,0,0,0,0.0,0,0,0,0,0,0,0,0,0,0,0,0,0,0,0,0,0,0,1,0,0,0,0,0,0,0,0,0,0,0,0,0,0,0,0,922,0.0333333333333333,0.0,1.0,0.5683297180043384,1.0,61.99,http://localhost:5050/api/v2/documents/csrf-generic_state_change_no_token,['CSRF']
0,0,0,0,0,0,0,0,0,0,0,0,0,405,0,98.95,153,4.599963902086099,0.0,0,0,0,0,0,0.0,0,0,0,0,0,0,0.0,0,0,0,0,0,0,0,0,0,0,0,0,0,0,0,0,0,0,8,3,0,0,0,0,0,0,0.0,0,0,0,0,0,0,0,0,0,0,0,0,0,0,0,0,0,0,1,0,0,0,0,0,0,0,0,0,0,0,0,0,0,0,0,921,0.0333333333333333,0.0,1.0,0.5689467969598263,1.0,61.99,http://localhost:5050/api/v2/reviews/sqli-union_select_id,['SQLi']
0,0,0,0,0,0,0,0,0,0,0,0,0,405,0,105.04,153,4.599963902086099,0.0,0,0,0,0,0,0.0,0,0,0,0,0,0,0.0,0,0,0,0,0,0,0,0,0,0,0,0,0,0,0,0,0,0,8,3,0,0,0,0,0,0,0.0,0,0,0,0,0,0,0,0,0,0,0,0,0,0,0,0,0,0,1,0,0,0,0,0,0,0,0,0,0,0,0,0,0,0,0,920,0.0333333333333333,0.0,1.0,0.5684782608695652,0.4347826086956521,61.99,http://localhost:5050/api/v2/reviews/nosqli-regex_operator_injection,['NoSQLi']
0,0,0,0,0,0,0,0,0,0,0,0,0,405,0,139.05,153,4.599963902086099,0.0,0,0,0,0,0,0.0,0,0,0,0,0,0,0.0,0,0,0,0,0,0,0,0,0,0,0,0,0,0,0,0,0,0,8,3,0,0,0,0,0,0,0.0,0,0,0,0,0,0,0,0,0,0,0,0,0,0,0,0,0,0,1,0,0,0,0,0,0,0,0,0,0,0,0,0,0,0,0,921,0.0333333333333333,0.0,1.0,0.5689467969598263,1.0,61.99,http://localhost:5050/api/v2/reviews/openredirect-post_login_next_param,['OpenRedirect']
0,0,0,0,0,0,0,0,0,0,0,0,0,405,0,75.54,153,4.599963902086099,0.0,0,0,0,0,0,0.0,0,0,0,0,0,0,0.0,0,0,0,0,0,0,0,0,0,0,0,0,0,0,0,0,0,0,8,3,0,0,0,0,0,0,0.0,0,0,0,0,0,0,0,1,0,0,0,0,0,0,0,1,0,0,1,0,1,0,1,0,0,1,0,0,0,0,0,0,0,0,0,653,0.2,0.0398162327718223,1.0,0.3905053598774885,1.0,66.41,http://localhost:5050/api/v2/articles/xss-reflected_json_span,['XSS']
0,0,0,0,0,0,0,0,0,0,0,0,0,405,0,133.13,153,4.599963902086099,0.0,0,0,0,0,0,0.0,0,0,0,0,0,0,0.0,0,0,0,0,0,0,0,0,0,0,0,0,0,0,0,0,0,0,8,3,0,0,0,0,0,0,0.0,0,0,0,0,0,0,0,1,0,0,0,0,0,0,0,1,0,0,1,0,1,0,1,0,0,1,0,0,0,0,0,0,0,0,0,645,0.2,0.0387596899224806,1.0,0.3813953488372093,1.0,66.28,http://localhost:5050/api/v2/articles/ssrf-url_fetch_json_webhook,['SSRF']
0,0,0,0,0,0,0,0,0,0,0,0,0,405,0,107.53,153,4.599963902086099,0.0,0,0,0,0,0,0.0,0,0,0,0,0,0,0.0,0,0,0,0,0,0,0,0,0,0,0,0,0,0,0,0,0,0,8,3,0,0,0,0,0,0,0.0,0,0,0,0,0,0,0,0,0,0,0,0,0,0,0,0,0,0,1,0,0,0,0,0,0,0,0,0,0,0,0,0,0,0,0,922,0.0333333333333333,0.0,1.0,0.5683297180043384,1.0,61.99,http://localhost:5050/api/v2/articles/crlf_injection-log_injection_crlf,['CRLF_Injection']
0,0,0,0,0,0,0,0,0,0,0,0,0,405,0,94.87,153,4.599963902086099,0.0,0,0,0,0,0,0.0,0,0,0,0,0,0,0.0,0,0,0,0,0,0,0,0,0,0,0,0,0,0,0,0,0,0,8,3,0,0,0,0,0,0,0.0,0,0,0,0,0,0,0,1,0,0,0,0,0,0,0,1,0,0,1,0,1,0,1,0,0,1,0,0,0,0,0,0,0,0,0,552,0.2,0.0326086956521739,1.0,0.2771739130434782,1.0,76.46,http://localhost:5050/api/v2/events/nosqli-auth_operator_bypass,['NoSQLi']
0,0,0,0,0,0,0,0,0,0,0,0,0,405,0,139.85,153,4.599963902086099,0.0,0,0,0,0,0,0.0,0,0,0,0,0,0,0.0,0,0,0,0,0,0,0,0,0,0,0,0,0,0,0,0,0,0,8,3,0,0,0,0,0,0,0.0,0,0,0,0,0,0,0,0,0,0,0,0,0,0,0,0,0,0,1,0,0,0,0,0,0,0,0,0,0,0,0,0,0,0,0,923,0.0333333333333333,0.0,1.0,0.5677139761646804,1.0,61.99,http://localhost:5050/api/v2/events/csrf-sensitive_transfer_no_token,['CSRF']
0,0,0,0,0,0,0,0,0,0,0,0,0,405,0,101.25,153,4.599963902086099,0.0,0,0,0,0,0,0.0,0,0,0,0,0,0,0.0,0,0,0,0,0,0,0,0,0,0,0,0,0,0,0,0,0,0,8,3,0,0,0,0,0,0,0.0,0,0,0,0,0,0,0,0,0,0,0,0,0,0,0,0,0,0,1,0,0,0,0,0,0,0,0,0,0,0,0,0,0,0,0,927,0.0333333333333333,0.0,0.989212513484358,0.564185544768069,0.989212513484358,61.99,http://localhost:5050/api/v2/bookings/insecdeser-yaml_unsafe_load,['InsecDeser']
0,0,0,0,0,0,0,0,0,0,0,0,0,405,0,115.05,153,4.599963902086099,0.0,0,0,0,0,0,0.0,0,0,0,0,0,0,0.0,0,0,0,0,0,0,0,0,0,0,0,0,0,0,0,0,0,0,8,3,0,0,0,0,0,0,0.0,0,0,0,0,0,0,0,1,0,0,0,0,0,0,0,1,0,0,1,0,1,0,1,0,0,1,0,0,0,0,0,0,0,0,0,651,0.2,0.0384024577572964,0.9846390168970814,0.3717357910906298,0.9846390168970814,66.28,http://localhost:5050/api/v2/bookings/ssrf-url_fetch_json_webhook,['SSRF']
0,0,0,0,0,0,0,0,0,0,0,0,0,405,0,152.61,153,4.599963902086099,0.0,0,0,0,0,0,0.0,0,0,0,0,0,0,0.0,0,0,0,0,0,0,0,0,0,0,0,0,0,0,0,0,0,0,8,3,0,0,0,0,0,0,0.0,0,0,0,0,0,0,0,0,0,0,0,0,0,0,0,0,0,0,1,0,0,0,0,0,0,0,0,0,0,0,0,0,0,0,0,921,0.0333333333333333,0.0,1.0,0.5689467969598263,1.0,61.99,http://localhost:5050/api/v2/bookings/crlf_injection-log_injection_crlf,['CRLF_Injection']
0,0,0,0,0,0,0,0,0,0,0,0,0,405,0,81.28,153,4.599963902086099,0.0,0,0,0,0,0,0.0,0,0,0,0,0,0,0.0,0,0,0,0,0,0,0,0,0,0,0,0,0,0,0,0,0,0,8,3,0,0,0,0,0,0,0.0,0,0,0,0,0,0,0,1,0,0,0,0,0,0,0,1,0,0,1,0,1,0,1,0,0,1,0,0,0,0,0,0,0,0,0,659,0.2,0.0409711684370258,1.0,0.3975720789074355,1.0,66.41,http://localhost:5050/api/v2/subscriptions/xss-reflected_json_span,['XSS']
0,0,0,0,0,0,0,0,0,0,0,0,0,405,0,132.63,153,4.599963902086099,0.0,0,0,0,0,0,0.0,0,0,0,0,0,0,0.0,0,0,0,0,0,0,0,0,0,0,0,0,0,0,0,0,0,0,8,3,0,0,0,0,0,0,0.0,0,0,0,0,0,0,0,0,0,0,0,0,0,0,0,0,0,0,1,0,0,0,0,0,0,0,0,0,0,0,0,0,0,0,0,920,0.0333333333333333,0.0,1.0,0.5684782608695652,1.0,61.99,http://localhost:5050/api/v2/subscriptions/csrf-generic_state_change_no_token,['CSRF']
0,0,0,0,0,0,0,0,0,0,0,0,0,405,0,86.69,153,4.599963902086099,0.0,0,0,0,0,0,0.0,0,0,0,0,0,0,0.0,0,0,0,0,0,0,0,0,0,0,0,0,0,0,0,0,0,0,8,3,0,0,0,0,0,0,0.0,0,0,0,0,0,0,0,0,0,0,0,0,0,0,0,0,0,0,1,0,0,0,0,0,0,0,0,0,0,0,0,0,0,0,0,927,0.0333333333333333,0.0,0.989212513484358,0.564185544768069,0.989212513484358,61.99,http://localhost:5050/api/v2/notifications/sqli-like_search_concat,['SQLi']
0,0,0,0,0,0,0,0,0,0,0,0,0,405,0,104.76,153,4.599963902086099,0.0,0,0,0,0,0,0.0,0,0,0,0,0,0,0.0,0,0,0,0,0,0,0,0,0,0,0,0,0,0,0,0,0,0,8,3,0,0,0,0,0,0,0.0,0,0,0,0,0,0,0,0,0,0,0,0,0,0,0,0,0,0,1,0,0,0,0,0,0,0,0,0,0,0,0,0,0,0,0,921,0.0333333333333333,0.0,1.0,0.5689467969598263,1.0,61.99,http://localhost:5050/api/v2/notifications/ldapi-login_filter_wildcard,['LDAPi']
0,0,0,0,0,0,0,0,0,0,0,0,0,405,0,149.55,153,4.599963902086099,0.0,0,0,0,0,0,0.0,0,0,0,0,0,0,0.0,0,0,0,0,0,0,0,0,0,0,0,0,0,0,0,0,0,0,8,3,0,0,0,0,0,0,0.0,0,0,0,0,0,0,0,0,0,0,0,0,0,0,0,0,0,0,1,0,0,0,0,0,0,0,0,0,0,0,0,0,0,0,0,922,0.0333333333333333,0.0,1.0,0.5683297180043384,1.0,61.99,http://localhost:5050/api/v2/notifications/openredirect-post_login_next_param,['OpenRedirect']
0,0,0,0,0,0,0,0,0,0,0,0,0,405,0,75.1,153,4.599963902086099,0.0,0,0,0,0,0,0.0,0,0,0,0,0,0,0.0,0,0,0,0,0,0,0,0,0,0,0,0,0,0,0,0,0,0,8,3,0,0,0,0,0,0,0.0,0,0,0,0,0,0,0,1,0,0,0,0,0,0,0,1,0,0,1,0,1,0,1,0,0,1,0,0,0,0,0,0,0,0,0,654,0.2,0.0397553516819571,1.0,0.3914373088685015,1.0,66.4,http://localhost:5050/api/v2/logs/xss-reflected_json_span,['XSS']
0,0,0,0,0,0,0,0,0,0,0,0,0,405,0,108.26,153,4.599963902086099,0.0,0,0,0,0,0,0.0,0,0,0,0,0,0,0.0,0,0,0,0,0,0,0,0,0,0,0,0,0,0,0,0,0,0,8,3,0,0,0,0,0,0,0.0,0,0,0,0,0,0,0,1,0,0,0,0,0,0,0,1,0,0,1,0,1,0,1,0,0,1,0,0,0,0,0,0,0,0,0,642,0.2,0.0389408099688473,1.0,0.3800623052959501,1.0,66.28,http://localhost:5050/api/v2/logs/ssrf-url_fetch_json_webhook,['SSRF']
0,0,0,0,0,0,0,0,0,0,0,0,0,405,0,100.53,153,4.599963902086099,0.0,0,0,0,0,0,0.0,0,0,0,0,0,0,0.0,0,0,0,0,0,0,0,0,0,0,0,0,0,0,0,0,0,0,8,3,0,0,0,0,0,0,0.0,0,0,0,0,0,0,0,0,0,0,0,0,0,0,0,0,0,0,1,0,0,0,0,0,0,0,0,0,0,0,0,0,0,0,0,920,0.0333333333333333,0.0,1.0,0.5684782608695652,1.0,61.99,http://localhost:5050/api/v2/backups/sqli-login_bypass,['SQLi']
0,0,0,0,0,0,0,0,0,0,0,0,0,405,0,104.01,153,4.599963902086099,0.0,0,0,0,0,0,0.0,0,0,0,0,0,0,0.0,0,0,0,0,0,0,0,0,0,0,0,0,0,0,0,0,0,0,8,3,0,0,0,0,0,0,0.0,0,0,0,0,0,0,0,1,0,0,0,0,0,0,0,1,0,0,1,0,1,0,1,0,0,1,0,0,0,0,0,0,0,0,0,558,0.2,0.032258064516129,0.982078853046595,0.2688172043010752,0.982078853046595,76.47,http://localhost:5050/api/v2/backups/nosqli-auth_operator_bypass,['NoSQLi']
0,0,0,0,0,0,0,0,0,0,0,0,0,405,0,124.94,153,4.599963902086099,0.0,0,0,0,0,0,0.0,0,0,0,0,0,0,0.0,0,0,0,0,0,0,0,0,0,0,0,0,0,0,0,0,0,0,8,3,0,0,0,0,0,0,0.0,0,0,0,0,0,0,0,0,0,0,0,0,0,0,0,0,0,0,1,0,0,0,0,0,0,0,0,0,0,0,0,0,0,0,0,921,0.0333333333333333,0.0,1.0,0.5689467969598263,1.0,61.99,http://localhost:5050/api/v2/backups/csrf-generic_state_change_no_token,['CSRF']
0,0,0,0,0,0,0,0,0,0,0,0,0,405,0,102.4,153,4.599963902086099,0.0,0,0,0,0,0,0.0,0,0,0,0,0,0,0.0,0,0,0,0,0,0,0,0,0,0,0,0,0,0,0,0,0,0,8,3,0,0,0,0,0,0,0.0,0,0,0,0,0,0,0,0,0,0,0,0,0,0,0,0,0,0,1,0,0,0,0,0,0,0,0,0,0,0,0,0,0,0,0,918,0.0333333333333333,0.0,1.0,0.5697167755991286,1.0,61.99,http://localhost:5050/api/v2/exports/insecdeser-pickle_b64_import,['InsecDeser']
0,0,0,0,0,0,0,0,0,0,0,0,0,405,0,132.06,153,4.599963902086099,0.0,0,0,0,0,0,0.0,0,0,0,0,0,0,0.0,0,0,0,0,0,0,0,0,0,0,0,0,0,0,0,0,0,0,8,3,0,0,0,0,0,0,0.0,0,0,0,0,0,0,0,1,0,0,0,0,0,0,0,1,0,0,1,0,1,0,1,0,0,1,0,0,0,0,0,0,0,0,0,642,0.2,0.0389408099688473,1.0,0.381619937694704,1.0,66.28,http://localhost:5050/api/v2/exports/ssrf-url_fetch_json_webhook,['SSRF']
0,0,0,0,0,0,0,0,0,0,0,0,0,405,0,106.53,153,4.599963902086099,0.0,0,0,0,0,0,0.0,0,0,0,0,0,0,0.0,0,0,0,0,0,0,0,0,0,0,0,0,0,0,0,0,0,0,8,3,0,0,0,0,0,0,0.0,0,0,0,0,0,0,0,0,0,0,0,0,0,0,0,0,0,0,1,0,0,0,0,0,0,0,0,0,0,0,0,0,0,0,0,923,0.0333333333333333,0.0,1.0,0.5677139761646804,1.0,61.99,http://localhost:5050/api/v2/exports/crlf_injection-log_injection_crlf,['CRLF_Injection']
0,0,0,0,0,0,0,0,0,0,0,0,0,405,0,106.81,153,4.599963902086099,0.0,0,0,0,0,0,0.0,0,0,0,0,0,0,0.0,0,0,0,0,0,0,0,0,0,0,0,0,0,0,0,0,0,0,8,3,0,0,0,0,0,0,0.0,0,0,0,0,0,0,0,1,0,0,0,0,0,0,0,1,0,0,1,0,1,0,1,0,0,1,0,0,0,0,0,0,0,0,0,659,0.2,0.0409711684370258,1.0,0.3945371775417299,1.0,66.41,http://localhost:5050/api/v2/imports/xss-reflected_json_span,['XSS']
0,0,0,0,0,0,0,0,0,0,0,0,0,405,0,141.53,153,4.599963902086099,0.0,0,0,0,0,0,0.0,0,0,0,0,0,0,0.0,0,0,0,0,0,0,0,0,0,0,0,0,0,0,0,0,0,0,8,3,0,0,0,0,0,0,0.0,0,0,0,0,0,0,0,0,0,0,0,0,0,0,0,0,0,0,1,0,0,0,0,0,0,0,0,0,0,0,0,0,0,0,0,922,0.0333333333333333,0.0,1.0,0.5683297180043384,1.0,61.99,http://localhost:5050/api/v2/imports/graphqli-no_query_depth_limit,['GraphQLi']
0,0,0,0,0,0,0,0,0,0,0,0,0,405,0,83.84,153,4.599963902086099,0.0,0,0,0,0,0,0.0,0,0,0,0,0,0,0.0,0,0,0,0,0,0,0,0,0,0,0,0,0,0,0,0,0,0,8,3,0,0,0,0,0,0,0.0,0,0,0,0,0,0,0,0,0,0,0,0,0,0,0,0,0,0,1,0,0,0,0,0,0,0,0,0,0,0,0,0,0,0,0,923,0.0333333333333333,0.0,1.0,0.5677139761646804,1.0,61.99,http://localhost:5050/api/v2/profiles/insecdeser-pickle_b64_import,['InsecDeser']
0,0,0,0,0,0,0,0,0,0,0,0,0,405,0,106.74,153,4.599963902086099,0.0,0,0,0,0,0,0.0,0,0,0,0,0,0,0.0,0,0,0,0,0,0,0,0,0,0,0,0,0,0,0,0,0,0,8,3,0,0,0,0,0,0,0.0,0,0,0,0,0,0,0,0,0,0,0,0,0,0,0,0,0,0,1,0,0,0,0,0,0,0,0,0,0,0,0,0,0,0,0,923,0.0333333333333333,0.0,1.0,0.5677139761646804,0.4366197183098591,61.99,http://localhost:5050/api/v2/profiles/nosqli-regex_operator_injection,['NoSQLi']
0,0,0,0,0,0,0,0,0,0,0,0,0,405,0,131.73,153,4.599963902086099,0.0,0,0,0,0,0,0.0,0,0,0,0,0,0,0.0,0,0,0,0,0,0,0,0,0,0,0,0,0,0,0,0,0,0,8,3,0,0,0,0,0,0,0.0,0,0,0,0,0,0,0,0,0,0,0,0,0,0,0,0,0,0,1,0,0,0,0,0,0,0,0,0,0,0,0,0,0,0,0,923,0.0333333333333333,0.0,1.0,0.5677139761646804,1.0,61.99,http://localhost:5050/api/v2/profiles/inseccrypto-md5_unsalted_password,['InsecCrypto']
0,0,0,0,0,0,0,0,0,0,0,0,0,405,0,112.99,153,4.599963902086099,0.0,0,0,0,0,0,0.0,0,0,0,0,0,0,0.0,0,0,0,0,0,0,0,0,0,0,0,0,0,0,0,0,0,0,8,3,0,0,0,0,0,0,0.0,0,0,0,0,0,0,0,1,0,0,0,0,0,0,0,1,0,0,1,0,1,0,1,0,0,1,0,0,0,0,0,0,0,0,0,662,0.2,0.0407854984894259,1.0,0.3987915407854985,1.0,66.4,http://localhost:5050/api/v2/settings/xss-reflected_json_span,['XSS']
0,0,0,0,0,0,0,0,0,0,0,0,0,405,0,115.06,153,4.599963902086099,0.0,0,0,0,0,0,0.0,0,0,0,0,0,0,0.0,0,0,0,0,0,0,0,0,0,0,0,0,0,0,0,0,0,0,8,3,0,0,0,0,0,0,0.0,0,0,0,0,0,0,0,1,0,0,0,0,0,0,0,1,0,0,1,0,1,0,1,0,0,1,0,0,0,0,0,0,0,0,0,645,0.2,0.0403100775193798,1.0,0.3813953488372093,1.0,66.28,http://localhost:5050/api/v2/settings/ssrf-url_fetch_json_webhook,['SSRF']
0,0,0,0,0,0,0,0,0,0,0,0,0,405,0,97.45,153,4.599963902086099,0.0,0,0,0,0,0,0.0,0,0,0,0,0,0,0.0,0,0,0,0,0,0,0,0,0,0,0,0,0,0,0,0,0,0,8,3,0,0,0,0,0,0,0.0,0,0,0,0,0,0,0,0,0,0,0,0,0,0,0,0,0,0,1,0,0,0,0,0,0,0,0,0,0,0,0,0,0,0,0,923,0.0333333333333333,0.0,1.0,0.5677139761646804,1.0,61.99,http://localhost:5050/api/v2/teams/sqli-like_search_concat,['SQLi']
0,0,0,0,0,0,0,0,0,0,0,0,0,405,0,121.59,153,4.599963902086099,0.0,0,0,0,0,0,0.0,0,0,0,0,0,0,0.0,0,0,0,0,0,0,0,0,0,0,0,0,0,0,0,0,0,0,8,3,0,0,0,0,0,0,0.0,0,0,0,0,0,0,0,1,0,0,0,0,0,0,0,1,0,0,1,0,1,0,1,0,0,1,0,0,0,0,0,0,0,0,0,551,0.2,0.0326678765880217,1.0,0.2758620689655172,1.0,76.47,http://localhost:5050/api/v2/teams/nosqli-auth_operator_bypass,['NoSQLi']
0,0,0,0,0,0,0,0,0,0,0,0,0,405,0,129.94,153,4.599963902086099,0.0,0,0,0,0,0,0.0,0,0,0,0,0,0,0.0,0,0,0,0,0,0,0,0,0,0,0,0,0,0,0,0,0,0,8,3,0,0,0,0,0,0,0.0,0,0,0,0,0,0,0,0,0,0,0,0,0,0,0,0,0,0,1,0,0,0,0,0,0,0,0,0,0,0,0,0,0,0,0,933,0.0333333333333333,0.0,0.9892818863879956,0.5616291532690246,0.9892818863879956,61.99,http://localhost:5050/api/v2/teams/csrf-sensitive_transfer_no_token,['CSRF']
0,0,0,0,0,0,0,0,0,0,0,0,0,405,0,81.13,153,4.599963902086099,0.0,0,0,0,0,0,0.0,0,0,0,0,0,0,0.0,0,0,0,0,0,0,0,0,0,0,0,0,0,0,0,0,0,0,8,3,0,0,0,0,0,0,0.0,0,0,0,0,0,0,0,0,0,0,0,0,0,0,0,0,0,0,1,0,0,0,0,0,0,0,0,0,0,0,0,0,0,0,0,929,0.0333333333333333,0.0,0.9892357373519914,0.5629709364908504,0.9892357373519914,61.99,http://localhost:5050/api/v2/organizations/insecdeser-pickle_b64_import,['InsecDeser']
0,0,0,0,0,0,0,0,0,0,0,0,0,405,0,69.14,153,4.599963902086099,0.0,0,0,0,0,0,0.0,0,0,0,0,0,0,0.0,0,0,0,0,0,0,0,0,0,0,0,0,0,0,0,0,0,0,8,3,0,0,0,0,0,0,0.0,0,0,0,0,0,0,0,1,0,0,0,0,0,0,0,1,0,0,1,0,1,0,1,0,0,1,0,0,0,0,0,0,0,0,0,642,0.2,0.0389408099688473,1.0,0.3800623052959501,1.0,66.28,http://localhost:5050/api/v2/organizations/ssrf-url_fetch_json_webhook,['SSRF']
0,0,0,0,0,0,0,0,0,0,0,0,0,405,0,49.18,153,4.599963902086099,0.0,0,0,0,0,0,0.0,0,0,0,0,0,0,0.0,0,0,0,0,0,0,0,0,0,0,0,0,0,0,0,0,0,0,8,3,0,0,0,0,0,0,0.0,0,0,0,0,0,0,0,0,0,0,0,0,0,0,0,0,0,0,1,0,0,0,0,0,0,0,0,0,0,0,0,0,0,0,0,921,0.0333333333333333,0.0,1.0,0.5689467969598263,1.0,61.99,http://localhost:5050/api/v2/organizations/crlf_injection-log_injection_crlf,['CRLF_Injection']
0,0,0,0,0,0,0,0,0,0,0,0,0,405,0,91.55,153,4.599963902086099,0.0,0,0,0,0,0,0.0,0,0,0,0,0,0,0.0,0,0,0,0,0,0,0,0,0,0,0,0,0,0,0,0,0,0,8,3,0,0,0,0,0,0,0.0,0,0,0,0,0,0,0,0,0,0,0,0,0,0,0,0,0,0,1,0,0,0,0,0,0,0,0,0,0,0,0,0,0,0,0,722,0.0333333333333333,0.0,1.0,0.7257617728531855,1.0,61.99,http://localhost:5050/settings/multi-xss-csrf,"['XSS', 'CSRF']"
0,0,0,0,0,0,0,0,0,0,0,0,0,405,0,152.68,153,4.599963902086099,0.0,0,0,0,0,0,0.0,0,0,0,0,0,0,0.0,0,0,0,0,0,0,0,0,0,0,0,0,0,0,0,0,0,0,8,3,0,0,0,0,0,0,0.0,0,0,0,0,0,0,0,0,0,0,0,0,0,0,0,0,0,0,1,0,0,0,0,0,0,0,0,0,0,0,0,0,0,0,0,923,0.0333333333333333,0.0,1.0,0.5677139761646804,1.0,61.99,http://localhost:5050/api/v1/notifications/multi-xss-csrf,"['XSS', 'CSRF']"
0,0,0,0,0,0,0,0,0,0,0,0,0,405,0,187.98,153,4.599963902086099,0.0,0,0,0,0,0,0.0,0,0,0,0,0,0,0.0,0,0,0,0,0,0,0,0,0,0,0,0,0,0,0,0,0,0,8,3,0,0,0,0,0,0,0.0,0,0,0,0,0,0,0,0,0,0,0,0,0,0,0,0,0,0,1,0,0,0,0,0,0,0,0,0,0,0,0,0,0,0,0,923,0.0333333333333333,0.0,1.0,0.5677139761646804,1.0,61.99,http://localhost:5050/api/v2/notifications/multi-xss-csrf,"['XSS', 'CSRF']"
0,0,0,0,0,0,0,0,0,0,0,0,0,200,0,159.06,403,5.220609049369633,0.0,0,0,0,0,0,0.0,0,1,10,4,2,0,12.0,0,0,0,0,0,0,0,0,0,0,0,0,0,0,0,0,0,0,8,3,0,0,0,0,0,0,0.0,0,0,0,0,0,0,0,0,0,0,0,0,0,0,0,0,0,0,0,0,0,0,0,0,0,0,0,0,0,0,0,0,0,0,0,3179,0.0,0.0,0.0739226171752123,0.0739226171752123,0.0754954388172381,53.45,http://localhost:5050/teams/multi-sqli-infodisc,"['SQLi', 'InfoDisc']"
0,0,0,0,0,0,0,0,0,0,0,0,0,200,0,159.9,402,5.274427855150109,0.0,0,0,0,0,0,0.0,0,1,10,4,2,0,11.947368421052632,0,0,0,0,0,0,0,0,0,0,0,0,0,0,0,0,0,0,8,3,0,2,0,3,0,0,0.0,0,0,0,0,0,0,0,0,0,0,0,0,0,0,0,0,0,0,0,0,0,0,0,0,0,0,0,0,0,0,0,0,0,0,0,3399,0.0,0.0,0.1338629008531921,0.1338629008531921,0.1353339217416887,53.45,http://localhost:5050/api/v1/logs/multi-sqli-infodisc,"['SQLi', 'InfoDisc']"
2,0,1,1,0,1,0,0,0,0,0,2,0,200,0,183.85,1256,5.0808083814645775,4.530989359459012,0,0,0,5,1,0.8,0,0,0,0,0,0,0.0,0,0,0,0,0,0,0,0,0,0,0,0,0,0,0,0,0,0,11,3,1,2,0,5,0,0,0.0,1,0,0,0,1,0,0,0,0,0,0,0,0,0,0,0,0,0,0,0,0,0,0,0,0,0,0,0,0,0,0,0,0,0,0,3399,0.0,0.0,0.1338629008531921,0.1338629008531921,0.1353339217416887,53.45,http://localhost:5050/api/v2/settings/multi-sqli-infodisc,"['SQLi', 'InfoDisc']"
0,0,0,0,0,0,0,0,0,0,0,0,0,405,0,96.13,153,4.599963902086099,0.0,0,0,0,0,0,0.0,0,0,0,0,0,0,0.0,0,0,0,0,0,0,0,0,0,0,0,0,0,0,0,0,0,0,8,3,0,0,0,0,0,0,0.0,0,0,0,0,0,0,0,0,0,0,0,0,0,0,0,0,0,0,1,0,0,0,0,0,0,0,0,0,0,0,0,0,0,0,0,725,0.0333333333333333,0.0,1.0,0.7227586206896551,1.0,61.99,http://localhost:5050/subscriptions/multi-idor-insecperm,"['IDOR', 'InsecPerm']"
0,0,0,0,0,0,0,0,0,0,0,0,0,405,0,196.05,153,4.599963902086099,0.0,0,0,0,0,0,0.0,0,0,0,0,0,0,0.0,0,0,0,0,0,0,0,0,0,0,0,0,0,0,0,0,0,0,8,3,0,0,0,0,0,0,0.0,0,0,0,0,0,0,0,0,0,0,0,0,0,0,0,0,0,0,1,0,0,0,0,0,0,0,0,0,0,0,0,0,0,0,0,921,0.0333333333333333,0.0,1.0,0.5689467969598263,1.0,61.99,http://localhost:5050/api/v1/organizations/multi-idor-insecperm,"['IDOR', 'InsecPerm']"
0,0,0,0,0,0,0,0,0,0,0,0,0,405,0,226.1,153,4.599963902086099,0.0,0,0,0,0,0,0.0,0,0,0,0,0,0,0.0,0,0,0,0,0,0,0,0,0,0,0,0,0,0,0,0,0,0,8,3,0,0,0,0,0,0,0.0,0,0,0,0,0,0,0,0,0,0,0,0,0,0,0,0,0,0,1,0,0,0,0,0,0,0,0,0,0,0,0,0,0,0,0,921,0.0333333333333333,0.0,1.0,0.5689467969598263,1.0,61.99,http://localhost:5050/api/v2/teams/multi-idor-insecperm,"['IDOR', 'InsecPerm']"
0,0,0,0,0,0,0,0,0,0,0,0,0,200,0,171.36,604,5.14759290276585,0.0,0,0,0,0,0,0.0,0,1,15,3,5,0,27.25,0,0,0,0,0,0,0,0,0,0,0,0,0,0,0,0,0,0,8,3,0,1,0,0,1,0,0.0,0,0,0,0,0,0,0,0,0,0,0,0,0,0,0,0,0,0,0,0,0,0,0,0,0,0,0,0,0,0,0,0,0,0,0,3289,0.0,0.0,0.0903010033444816,0.0903010033444816,0.0918212222560048,53.37,http://localhost:5050/logs/multi-ssrf-credsexpose/<resource_name>,"['SSRF', 'CredsExpose']"
0,0,0,0,0,0,0,0,0,0,0,0,0,200,0,235.17,617,5.146760594756287,0.0,0,0,0,0,0,0.0,0,1,15,3,5,0,28.333333333333332,0,0,0,0,0,0,0,0,0,0,0,0,0,0,0,0,0,0,8,3,0,3,0,3,1,0,0.0,0,0,0,0,0,0,0,0,0,0,0,0,0,0,0,0,0,0,0,0,0,0,0,0,0,0,0,0,0,0,0,0,0,0,0,3459,0.0,0.0,0.1364556230124313,0.1364556230124313,0.1379011274934952,53.37,http://localhost:5050/api/v1/exports/multi-ssrf-credsexpose/<resource_name>,"['SSRF', 'CredsExpose']"
0,0,0,0,0,0,0,0,0,0,0,0,0,200,0,209.07,611,5.158667894698135,0.0,0,0,0,0,0,0.0,0,1,15,3,5,0,27.833333333333332,0,0,0,0,0,0,0,0,0,0,0,0,0,0,0,0,0,0,8,3,0,2,0,2,1,0,0.0,0,0,0,0,0,0,0,0,0,0,0,0,0,0,0,0,0,0,0,0,0,0,0,0,0,0,0,0,0,0,0,0,0,0,0,3459,0.0,0.0,0.1364556230124313,0.1364556230124313,0.1379011274934952,53.37,http://localhost:5050/api/v2/logs/multi-ssrf-credsexpose/<resource_name>,"['SSRF', 'CredsExpose']"
0,0,0,0,0,0,0,0,0,0,0,0,0,405,0,83.39,153,4.599963902086099,0.0,0,0,0,0,0,0.0,0,0,0,0,0,0,0.0,0,0,0,0,0,0,0,0,0,0,0,0,0,0,0,0,0,0,8,3,0,0,0,0,0,0,0.0,0,0,0,0,0,0,0,0,0,0,0,0,0,0,0,0,0,0,1,0,0,0,0,0,0,0,0,0,0,0,0,0,0,0,0,722,0.0333333333333333,0.0,1.0,0.7257617728531855,1.0,61.99,http://localhost:5050/exports/multi-jwt-brokenauth,"['JWT', 'BrokenAuth']"
0,0,0,0,0,0,0,0,0,0,0,0,0,405,0,184.57,153,4.599963902086099,0.0,0,0,0,0,0,0.0,0,0,0,0,0,0,0.0,0,0,0,0,0,0,0,0,0,0,0,0,0,0,0,0,0,0,8,3,0,0,0,0,0,0,0.0,0,0,0,0,0,0,0,0,0,0,0,0,0,0,0,0,0,0,1,0,0,0,0,0,0,0,0,0,0,0,0,0,0,0,0,919,0.0333333333333333,0.0,1.0,0.5690968443960827,1.0,61.99,http://localhost:5050/api/v1/subscriptions/multi-jwt-brokenauth,"['JWT', 'BrokenAuth']"
0,0,0,0,0,0,0,0,0,0,0,0,0,405,0,195.85,153,4.599963902086099,0.0,0,0,0,0,0,0.0,0,0,0,0,0,0,0.0,0,0,0,0,0,0,0,0,0,0,0,0,0,0,0,0,0,0,8,3,0,0,0,0,0,0,0.0,0,0,0,0,0,0,0,0,0,0,0,0,0,0,0,0,0,0,1,0,0,0,0,0,0,0,0,0,0,0,0,0,0,0,0,920,0.0333333333333333,0.0,1.0,0.5684782608695652,1.0,61.99,http://localhost:5050/api/v2/imports/multi-jwt-brokenauth,"['JWT', 'BrokenAuth']"
2,0,1,1,0,1,0,0,0,0,0,2,0,200,0,219.23,1238,4.995030895637152,4.482123023643846,0,0,0,5,1,0.8,0,0,0,0,0,0,0.0,0,0,0,0,0,0,0,0,0,0,0,0,0,0,0,0,0,0,11,3,1,1,0,1,0,0,0.0,1,0,0,0,1,0,0,0,0,0,0,0,0,0,0,0,0,0,0,0,0,0,0,0,0,0,0,0,0,0,0,0,0,0,0,3179,0.0,0.0,0.0739226171752123,0.0739226171752123,0.0754954388172381,53.46,http://localhost:5050/backups/multi-cors-credsexpose,"['CORS', 'CredsExpose']"
2,0,1,1,0,1,0,0,0,0,0,2,0,200,0,214.95,1259,4.959798616338482,4.490846658849461,0,0,0,5,1,0.8,0,0,0,0,0,0,0.0,0,0,0,0,0,0,0,0,0,0,0,0,0,0,0,0,0,0,11,3,1,3,0,7,0,0,0.0,1,0,0,0,1,0,0,0,0,0,0,0,0,0,0,0,0,0,0,0,0,0,0,0,0,0,0,0,0,0,0,0,0,0,0,3399,0.0,0.0,0.1338629008531921,0.1338629008531921,0.1353339217416887,53.46,http://localhost:5050/api/v1/settings/multi-cors-credsexpose,"['CORS', 'CredsExpose']"
0,0,0,0,0,0,0,0,0,0,0,0,0,200,0,181.26,442,4.993599454470392,0.0,0,0,0,0,0,0.0,0,1,12,3,1,0,23.77777777777778,0,0,0,0,0,0,0,0,0,0,0,0,0,0,0,0,0,0,8,3,0,1,0,2,0,0,0.0,0,0,0,0,0,0,0,0,0,0,0,0,0,0,0,0,0,0,0,0,0,0,0,0,0,0,0,0,0,0,0,0,0,0,0,3399,0.0,0.0,0.1338629008531921,0.1338629008531921,0.1353339217416887,53.46,http://localhost:5050/api/v2/profiles/multi-cors-credsexpose,"['CORS', 'CredsExpose']"
0,0,0,0,0,0,0,0,0,0,0,0,0,405,0,59.45,153,4.599963902086099,0.0,0,0,0,0,0,0.0,0,0,0,0,0,0,0.0,0,0,0,0,0,0,0,0,0,0,0,0,0,0,0,0,0,0,8,3,0,0,0,0,0,0,0.0,0,0,0,0,0,0,0,0,0,0,0,0,0,0,0,0,0,0,1,0,0,0,0,0,0,0,0,0,0,0,0,0,0,0,0,724,0.0333333333333333,0.0,1.0,0.7237569060773481,1.0,61.99,http://localhost:5050/organizations/multi-xss-inseccrypto,"['XSS', 'InsecCrypto']"
0,0,0,0,0,0,0,0,0,0,0,0,0,405,0,164.42,153,4.599963902086099,0.0,0,0,0,0,0,0.0,0,0,0,0,0,0,0.0,0,0,0,0,0,0,0,0,0,0,0,0,0,0,0,0,0,0,8,3,0,0,0,0,0,0,0.0,0,0,0,0,0,0,0,0,0,0,0,0,0,0,0,0,0,0,1,0,0,0,0,0,0,0,0,0,0,0,0,0,0,0,0,920,0.0333333333333333,0.0,1.0,0.5684782608695652,1.0,61.99,http://localhost:5050/api/v1/imports/multi-xss-inseccrypto,"['XSS', 'InsecCrypto']"
0,0,0,0,0,0,0,0,0,0,0,0,0,405,0,158.18,153,4.599963902086099,0.0,0,0,0,0,0,0.0,0,0,0,0,0,0,0.0,0,0,0,0,0,0,0,0,0,0,0,0,0,0,0,0,0,0,8,3,0,0,0,0,0,0,0.0,0,0,0,0,0,0,0,0,0,0,0,0,0,0,0,0,0,0,1,0,0,0,0,0,0,0,0,0,0,0,0,0,0,0,0,919,0.0333333333333333,0.0,1.0,0.5690968443960827,1.0,61.99,http://localhost:5050/api/v2/logs/multi-xss-inseccrypto,"['XSS', 'InsecCrypto']"
0,0,0,0,0,0,0,0,0,0,0,0,0,405,0,77.56,153,4.599963902086099,0.0,0,0,0,0,0,0.0,0,0,0,0,0,0,0.0,0,0,0,0,0,0,0,0,0,0,0,0,0,0,0,0,0,0,8,3,0,0,0,0,0,0,0.0,0,0,0,0,0,0,0,0,0,0,0,0,0,0,0,0,0,0,1,0,0,0,0,0,0,0,0,0,0,0,0,0,0,0,0,722,0.0333333333333333,0.0,1.0,0.7257617728531855,1.0,61.99,http://localhost:5050/organizations/multi-sqli-brokenauth,"['SQLi', 'BrokenAuth']"
0,0,0,0,0,0,0,0,0,0,0,0,0,405,0,157.93,153,4.599963902086099,0.0,0,0,0,0,0,0.0,0,0,0,0,0,0,0.0,0,0,0,0,0,0,0,0,0,0,0,0,0,0,0,0,0,0,8,3,0,0,0,0,0,0,0.0,0,0,0,0,0,0,0,0,0,0,0,0,0,0,0,0,0,0,1,0,0,0,0,0,0,0,0,0,0,0,0,0,0,0,0,921,0.0333333333333333,0.0,1.0,0.5689467969598263,1.0,61.99,http://localhost:5050/api/v1/settings/multi-sqli-brokenauth,"['SQLi', 'BrokenAuth']"
0,0,0,0,0,0,0,0,0,0,0,0,0,405,0,204.47,153,4.599963902086099,0.0,0,0,0,0,0,0.0,0,0,0,0,0,0,0.0,0,0,0,0,0,0,0,0,0,0,0,0,0,0,0,0,0,0,8,3,0,0,0,0,0,0,0.0,0,0,0,0,0,0,0,0,0,0,0,0,0,0,0,0,0,0,1,0,0,0,0,0,0,0,0,0,0,0,0,0,0,0,0,920,0.0333333333333333,0.0,1.0,0.5684782608695652,1.0,61.99,http://localhost:5050/api/v2/profiles/multi-sqli-brokenauth,"['SQLi', 'BrokenAuth']"
2,0,1,1,0,1,0,0,0,0,0,2,0,200,0,36.52,1281,4.958945020059831,4.56847726654882,0,0,0,5,1,0.8,0,0,0,0,0,0,0.0,0,0,0,0,0,0,0,0,0,0,0,0,0,0,0,0,0,0,11,3,1,0,0,0,0,0,0.0,1,0,0,0,1,0,0,0,0,0,0,0,0,0,0,0,0,0,0,0,0,0,0,0,0,0,0,0,0,0,0,0,0,0,0,3399,0.0,0.0,0.105619299794057,0.105619299794057,0.1085613415710503,53.47,http://localhost:5050/settings/multi-dirtrav-infodisc/<filename>/<resource_name>,"['DirTrav', 'InfoDisc']"
2,0,1,1,0,1,0,0,0,0,0,2,0,200,0,233.09,1295,4.965197530648792,4.639059142282071,0,0,0,5,1,0.8,0,0,0,0,0,0,0.0,0,0,0,0,0,0,0,0,0,0,0,0,0,0,0,0,0,0,11,3,1,2,0,6,0,0,0.0,1,0,0,0,1,0,0,0,0,0,0,0,0,0,0,0,0,0,0,0,0,0,0,0,0,0,0,0,0,0,0,0,0,0,0,3459,0.0,0.0,0.1364556230124313,0.1364556230124313,0.1393466319745591,53.47,http://localhost:5050/api/v1/settings/multi-dirtrav-infodisc/<filename>/<resource_name>,"['DirTrav', 'InfoDisc']"
2,0,1,1,0,1,0,0,0,0,0,2,0,200,0,205.96,1330,4.982139011489472,4.641611326947938,0,0,0,5,1,0.8,0,0,0,0,0,0,0.0,0,0,0,0,0,0,0,0,0,0,0,0,0,0,0,0,0,0,11,3,1,1,0,4,0,0,0.0,1,0,0,0,1,0,0,0,0,0,0,0,0,0,0,0,0,0,0,0,0,0,0,0,0,0,0,0,0,0,0,0,0,0,0,3459,0.0,0.0,0.1364556230124313,0.1364556230124313,0.1393466319745591,53.47,http://localhost:5050/api/v2/organizations/multi-dirtrav-infodisc/<filename>/<resource_name>,"['DirTrav', 'InfoDisc']"
0,0,0,0,0,0,0,0,0,0,0,0,0,405,0,78.83,153,4.599963902086099,0.0,0,0,0,0,0,0.0,0,0,0,0,0,0,0.0,0,0,0,0,0,0,0,0,0,0,0,0,0,0,0,0,0,0,8,3,0,0,0,0,0,0,0.0,0,0,0,0,0,0,0,0,0,0,0,0,0,0,0,0,0,0,1,0,0,0,0,0,0,0,0,0,0,0,0,0,0,0,0,725,0.0333333333333333,0.0,1.0,0.7227586206896551,1.0,61.99,http://localhost:5050/notifications/multi-insecupload-dirtrav,"['InsecUpload', 'DirTrav']"
0,0,0,0,0,0,0,0,0,0,0,0,0,405,0,139.12,153,4.599963902086099,0.0,0,0,0,0,0,0.0,0,0,0,0,0,0,0.0,0,0,0,0,0,0,0,0,0,0,0,0,0,0,0,0,0,0,8,3,0,0,0,0,0,0,0.0,0,0,0,0,0,0,0,0,0,0,0,0,0,0,0,0,0,0,1,0,0,0,0,0,0,0,0,0,0,0,0,0,0,0,0,920,0.0333333333333333,0.0,1.0,0.5684782608695652,1.0,61.99,http://localhost:5050/api/v1/backups/multi-insecupload-dirtrav,"['InsecUpload', 'DirTrav']"
0,0,0,0,0,0,0,0,0,0,0,0,0,405,0,175.6,153,4.599963902086099,0.0,0,0,0,0,0,0.0,0,0,0,0,0,0,0.0,0,0,0,0,0,0,0,0,0,0,0,0,0,0,0,0,0,0,8,3,0,0,0,0,0,0,0.0,0,0,0,0,0,0,0,0,0,0,0,0,0,0,0,0,0,0,1,0,0,0,0,0,0,0,0,0,0,0,0,0,0,0,0,922,0.0333333333333333,0.0,1.0,0.5683297180043384,1.0,61.99,http://localhost:5050/api/v2/exports/multi-insecupload-dirtrav,"['InsecUpload', 'DirTrav']"
0,0,0,0,0,0,0,0,0,0,0,0,0,405,0,25.38,153,4.599963902086099,0.0,0,0,0,0,0,0.0,0,0,0,0,0,0,0.0,0,0,0,0,0,0,0,0,0,0,0,0,0,0,0,0,0,0,8,3,0,0,0,0,0,0,0.0,0,0,0,0,0,0,0,1,0,0,0,0,0,0,0,1,0,0,1,0,1,0,1,0,0,1,0,0,0,0,0,0,0,0,0,427,0.2,0.0421545667447306,1.0,0.5269320843091335,1.0,76.44,http://localhost:5050/settings/multi-nosqli-brokenauth,"['NoSQLi', 'BrokenAuth']"
0,0,0,0,0,0,0,0,0,0,0,0,0,405,0,109.69,153,4.599963902086099,0.0,0,0,0,0,0,0.0,0,0,0,0,0,0,0.0,0,0,0,0,0,0,0,0,0,0,0,0,0,0,0,0,0,0,8,3,0,0,0,0,0,0,0.0,0,0,0,0,0,0,0,1,0,0,0,0,0,0,0,1,0,0,1,0,1,0,1,0,0,1,0,0,0,0,0,0,0,0,0,630,0.2,0.0285714285714285,1.0,0.3698412698412698,1.0,76.43,http://localhost:5050/api/v1/organizations/multi-nosqli-brokenauth,"['NoSQLi', 'BrokenAuth']"
0,0,0,0,0,0,0,0,0,0,0,0,0,405,0,200.78,153,4.599963902086099,0.0,0,0,0,0,0,0.0,0,0,0,0,0,0,0.0,0,0,0,0,0,0,0,0,0,0,0,0,0,0,0,0,0,0,8,3,0,0,0,0,0,0,0.0,0,0,0,0,0,0,0,1,0,0,0,0,0,0,0,1,0,0,1,0,1,0,1,0,0,1,0,0,0,0,0,0,0,0,0,626,0.2,0.0287539936102236,1.0,0.365814696485623,1.0,76.43,http://localhost:5050/api/v2/settings/multi-nosqli-brokenauth,"['NoSQLi', 'BrokenAuth']"
0,0,0,0,0,0,0,0,0,0,0,0,0,405,0,18.27,153,4.599963902086099,0.0,0,0,0,0,0,0.0,0,0,0,0,0,0,0.0,0,0,0,0,0,0,0,0,0,0,0,0,0,0,0,0,0,0,8,3,0,0,0,0,0,0,0.0,0,0,0,0,0,0,0,0,0,0,0,0,0,0,0,0,0,0,1,0,0,0,0,0,0,0,0,0,0,0,0,0,0,0,0,721,0.0333333333333333,0.0,1.0,0.7267683772538142,1.0,61.99,http://localhost:5050/subscriptions/multi-csrf-openredirect,"['CSRF', 'OpenRedirect']"
0,0,0,0,0,0,0,0,0,0,0,0,0,405,0,118.15,153,4.599963902086099,0.0,0,0,0,0,0,0.0,0,0,0,0,0,0,0.0,0,0,0,0,0,0,0,0,0,0,0,0,0,0,0,0,0,0,8,3,0,0,0,0,0,0,0.0,0,0,0,0,0,0,0,0,0,0,0,0,0,0,0,0,0,0,1,0,0,0,0,0,0,0,0,0,0,0,0,0,0,0,0,920,0.0333333333333333,0.0,1.0,0.5684782608695652,1.0,61.99,http://localhost:5050/api/v1/backups/multi-csrf-openredirect,"['CSRF', 'OpenRedirect']"
0,0,0,0,0,0,0,0,0,0,0,0,0,405,0,167.92,153,4.599963902086099,0.0,0,0,0,0,0,0.0,0,0,0,0,0,0,0.0,0,0,0,0,0,0,0,0,0,0,0,0,0,0,0,0,0,0,8,3,0,0,0,0,0,0,0.0,0,0,0,0,0,0,0,0,0,0,0,0,0,0,0,0,0,0,1,0,0,0,0,0,0,0,0,0,0,0,0,0,0,0,0,917,0.0333333333333333,0.0,1.0,0.5703380588876772,1.0,61.99,http://localhost:5050/api/v2/exports/multi-csrf-openredirect,"['CSRF', 'OpenRedirect']"
0,0,0,0,0,0,0,0,0,0,0,0,0,405,0,87.87,153,4.599963902086099,0.0,0,0,0,0,0,0.0,0,0,0,0,0,0,0.0,0,0,0,0,0,0,0,0,0,0,0,0,0,0,0,0,0,0,8,3,0,0,0,0,0,0,0.0,0,0,0,0,0,0,0,0,0,0,0,0,0,0,0,0,0,0,1,0,0,0,0,0,0,0,0,0,0,0,0,0,0,0,0,725,0.0333333333333333,0.0,1.0,0.7227586206896551,1.0,61.99,http://localhost:5050/notifications/multi-xxe-ssrf,"['XXE', 'SSRF']"
0,0,0,0,0,0,0,0,0,0,0,0,0,405,0,65.85,153,4.599963902086099,0.0,0,0,0,0,0,0.0,0,0,0,0,0,0,0.0,0,0,0,0,0,0,0,0,0,0,0,0,0,0,0,0,0,0,8,3,0,0,0,0,0,0,0.0,0,0,0,0,0,0,0,0,0,0,0,0,0,0,0,0,0,0,1,0,0,0,0,0,0,0,0,0,0,0,0,0,0,0,0,923,0.0333333333333333,0.0,1.0,0.5677139761646804,1.0,61.99,http://localhost:5050/api/v1/organizations/multi-xxe-ssrf,"['XXE', 'SSRF']"
0,0,0,0,0,0,0,0,0,0,0,0,0,405,0,159.22,153,4.599963902086099,0.0,0,0,0,0,0,0.0,0,0,0,0,0,0,0.0,0,0,0,0,0,0,0,0,0,0,0,0,0,0,0,0,0,0,8,3,0,0,0,0,0,0,0.0,0,0,0,0,0,0,0,0,0,0,0,0,0,0,0,0,0,0,1,0,0,0,0,0,0,0,0,0,0,0,0,0,0,0,0,923,0.0333333333333333,0.0,1.0,0.5677139761646804,1.0,61.99,http://localhost:5050/api/v2/teams/multi-xxe-ssrf,"['XXE', 'SSRF']"
0,0,0,0,0,0,0,0,0,0,0,0,0,405,0,163.74,153,4.599963902086099,0.0,0,0,0,0,0,0.0,0,0,0,0,0,0,0.0,0,0,0,0,0,0,0,0,0,0,0,0,0,0,0,0,0,0,8,3,0,0,0,0,0,0,0.0,0,0,0,0,0,0,0,0,0,0,0,0,0,0,0,0,0,0,1,0,0,0,0,0,0,0,0,0,0,0,0,0,0,0,0,724,0.0333333333333333,0.0,1.0,0.7237569060773481,1.0,61.99,http://localhost:5050/teams/multi-ssti-infodisc,"['SSTI', 'InfoDisc']"
0,0,0,0,0,0,0,0,0,0,0,0,0,405,0,33.71,153,4.599963902086099,0.0,0,0,0,0,0,0.0,0,0,0,0,0,0,0.0,0,0,0,0,0,0,0,0,0,0,0,0,0,0,0,0,0,0,8,3,0,0,0,0,0,0,0.0,0,0,0,0,0,0,0,0,0,0,0,0,0,0,0,0,0,0,1,0,0,0,0,0,0,0,0,0,0,0,0,0,0,0,0,923,0.0333333333333333,0.0,1.0,0.5677139761646804,1.0,61.99,http://localhost:5050/api/v1/exports/multi-ssti-infodisc,"['SSTI', 'InfoDisc']"
0,0,0,0,0,0,0,0,0,0,0,0,0,405,0,143.54,153,4.599963902086099,0.0,0,0,0,0,0,0.0,0,0,0,0,0,0,0.0,0,0,0,0,0,0,0,0,0,0,0,0,0,0,0,0,0,0,8,3,0,0,0,0,0,0,0.0,0,0,0,0,0,0,0,0,0,0,0,0,0,0,0,0,0,0,1,0,0,0,0,0,0,0,0,0,0,0,0,0,0,0,0,921,0.0333333333333333,0.0,1.0,0.5689467969598263,1.0,61.99,http://localhost:5050/api/v2/imports/multi-ssti-infodisc,"['SSTI', 'InfoDisc']"
0,0,0,0,0,0,0,0,0,0,0,0,0,405,0,180.28,153,4.599963902086099,0.0,0,0,0,0,0,0.0,0,0,0,0,0,0,0.0,0,0,0,0,0,0,0,0,0,0,0,0,0,0,0,0,0,0,8,3,0,0,0,0,0,0,0.0,0,0,0,0,0,0,0,0,0,0,0,0,0,0,0,0,0,0,1,0,0,0,0,0,0,0,0,0,0,0,0,0,0,0,0,721,0.0333333333333333,0.0,1.0,0.7267683772538142,1.0,61.99,http://localhost:5050/imports/multi-idor-csrf,"['IDOR', 'CSRF']"
0,0,0,0,0,0,0,0,0,0,0,0,0,405,0,12.07,153,4.599963902086099,0.0,0,0,0,0,0,0.0,0,0,0,0,0,0,0.0,0,0,0,0,0,0,0,0,0,0,0,0,0,0,0,0,0,0,8,3,0,0,0,0,0,0,0.0,0,0,0,0,0,0,0,0,0,0,0,0,0,0,0,0,0,0,1,0,0,0,0,0,0,0,0,0,0,0,0,0,0,0,0,920,0.0333333333333333,0.0,1.0,0.5684782608695652,1.0,61.99,http://localhost:5050/api/v1/teams/multi-idor-csrf,"['IDOR', 'CSRF']"
0,0,0,0,0,0,0,0,0,0,0,0,0,405,0,88.83,153,4.599963902086099,0.0,0,0,0,0,0,0.0,0,0,0,0,0,0,0.0,0,0,0,0,0,0,0,0,0,0,0,0,0,0,0,0,0,0,8,3,0,0,0,0,0,0,0.0,0,0,0,0,0,0,0,0,0,0,0,0,0,0,0,0,0,0,1,0,0,0,0,0,0,0,0,0,0,0,0,0,0,0,0,921,0.0333333333333333,0.0,1.0,0.5689467969598263,1.0,61.99,http://localhost:5050/api/v2/organizations/multi-idor-csrf,"['IDOR', 'CSRF']"
0,0,0,0,0,0,0,0,0,0,0,0,0,405,0,196.23,153,4.599963902086099,0.0,0,0,0,0,0,0.0,0,0,0,0,0,0,0.0,0,0,0,0,0,0,0,0,0,0,0,0,0,0,0,0,0,0,8,3,0,0,0,0,0,0,0.0,0,0,0,0,0,0,0,0,0,0,0,0,0,0,0,0,0,0,1,0,0,0,0,0,0,0,0,0,0,0,0,0,0,0,0,721,0.0333333333333333,0.0,1.0,0.7267683772538142,1.0,61.99,http://localhost:5050/settings/multi-ratelimit-brokenauth,"['RateLimit', 'BrokenAuth']"
0,0,0,0,0,0,0,0,0,0,0,0,0,405,0,112.11,153,4.599963902086099,0.0,0,0,0,0,0,0.0,0,0,0,0,0,0,0.0,0,0,0,0,0,0,0,0,0,0,0,0,0,0,0,0,0,0,8,3,0,0,0,0,0,0,0.0,0,0,0,0,0,0,0,0,0,0,0,0,0,0,0,0,0,0,1,0,0,0,0,0,0,0,0,0,0,0,0,0,0,0,0,923,0.0333333333333333,0.0,1.0,0.5677139761646804,1.0,61.99,http://localhost:5050/api/v1/teams/multi-ratelimit-brokenauth,"['RateLimit', 'BrokenAuth']"
0,0,0,0,0,0,0,0,0,0,0,0,0,405,0,69.49,153,4.599963902086099,0.0,0,0,0,0,0,0.0,0,0,0,0,0,0,0.0,0,0,0,0,0,0,0,0,0,0,0,0,0,0,0,0,0,0,8,3,0,0,0,0,0,0,0.0,0,0,0,0,0,0,0,0,0,0,0,0,0,0,0,0,0,0,1,0,0,0,0,0,0,0,0,0,0,0,0,0,0,0,0,922,0.0333333333333333,0.0,1.0,0.5683297180043384,1.0,61.99,http://localhost:5050/api/v2/exports/multi-ratelimit-brokenauth,"['RateLimit', 'BrokenAuth']"
0,0,0,0,0,0,0,0,0,0,0,0,0,405,0,144.99,153,4.599963902086099,0.0,0,0,0,0,0,0.0,0,0,0,0,0,0,0.0,0,0,0,0,0,0,0,0,0,0,0,0,0,0,0,0,0,0,8,3,0,0,0,0,0,0,0.0,0,0,0,0,0,0,0,0,0,0,0,0,0,0,0,0,0,0,1,0,0,0,0,0,0,0,0,0,0,0,0,0,0,0,0,727,0.0333333333333333,0.0,1.0,0.7207702888583218,1.0,61.99,http://localhost:5050/notifications/multi-jwt-inseccrypto,"['JWT', 'InsecCrypto']"
0,0,0,0,0,0,0,0,0,0,0,0,0,405,0,142.08,153,4.599963902086099,0.0,0,0,0,0,0,0.0,0,0,0,0,0,0,0.0,0,0,0,0,0,0,0,0,0,0,0,0,0,0,0,0,0,0,8,3,0,0,0,0,0,0,0.0,0,0,0,0,0,0,0,0,0,0,0,0,0,0,0,0,0,0,1,0,0,0,0,0,0,0,0,0,0,0,0,0,0,0,0,921,0.0333333333333333,0.0,1.0,0.5689467969598263,1.0,61.99,http://localhost:5050/api/v1/backups/multi-jwt-inseccrypto,"['JWT', 'InsecCrypto']"
0,0,0,0,0,0,0,0,0,0,0,0,0,405,0,91.68,153,4.599963902086099,0.0,0,0,0,0,0,0.0,0,0,0,0,0,0,0.0,0,0,0,0,0,0,0,0,0,0,0,0,0,0,0,0,0,0,8,3,0,0,0,0,0,0,0.0,0,0,0,0,0,0,0,0,0,0,0,0,0,0,0,0,0,0,1,0,0,0,0,0,0,0,0,0,0,0,0,0,0,0,0,922,0.0333333333333333,0.0,1.0,0.5683297180043384,1.0,61.99,http://localhost:5050/api/v2/imports/multi-jwt-inseccrypto,"['JWT', 'InsecCrypto']"
0,0,0,0,0,0,0,0,0,0,0,0,0,200,0,151.74,345,4.96743007793777,0.0,0,0,0,0,0,0.0,0,1,11,3,2,0,20.88888888888889,0,0,0,0,0,0,0,0,0,0,0,0,0,0,0,0,0,0,8,3,0,1,0,0,1,0,0.0,0,0,0,0,0,0,1,0,0,0,0,0,1,1,0,0,0,0,0,0,0,1,0,0,0,0,0,0,0,0,0,0,0,0,0,2759,0.1333333333333333,0.059441826748822,0.0851757883291047,0.0851757883291047,0.1522290685030808,68.43,http://localhost:5050/exports/multi-ldapi-brokenauth,"['LDAPi', 'BrokenAuth']"
2,0,1,1,0,1,0,0,0,0,0,2,0,200,0,139.78,1162,4.925825637665473,4.634078105989571,0,0,0,5,1,0.8,0,0,0,0,0,0,0.0,0,0,0,0,0,0,0,0,0,0,0,0,0,0,0,0,0,0,11,3,1,4,0,7,1,0,0.0,1,0,0,0,1,0,1,0,0,0,0,0,1,1,0,0,0,0,0,0,0,1,0,0,0,0,0,0,0,0,0,0,0,0,0,2981,0.1333333333333333,0.0550150956055015,0.1526333445152633,0.1526333445152633,0.2150285139215028,68.53,http://localhost:5050/api/v1/settings/multi-ldapi-brokenauth,"['LDAPi', 'BrokenAuth']"
0,0,0,0,0,0,0,0,0,0,0,0,0,200,0,162.94,348,4.98335335326811,0.0,0,0,0,0,0,0.0,0,1,11,3,2,0,21.22222222222222,0,0,0,0,0,0,0,0,0,0,0,0,0,0,0,0,0,0,8,3,0,2,0,2,1,0,0.0,0,0,0,0,0,0,1,0,0,0,0,0,1,1,0,0,0,0,0,0,0,1,0,0,0,0,0,0,0,0,0,0,0,0,0,2983,0.1333333333333333,0.0549782098558498,0.1525310090512906,0.1525310090512906,0.2148843446195105,68.89,http://localhost:5050/api/v2/teams/multi-ldapi-brokenauth,"['LDAPi', 'BrokenAuth']"
0,0,0,0,0,0,0,0,0,0,0,0,0,405,0,74.57,153,4.599963902086099,0.0,0,0,0,0,0,0.0,0,0,0,0,0,0,0.0,0,0,0,0,0,0,0,0,0,0,0,0,0,0,0,0,0,0,8,3,0,0,0,0,0,0,0.0,0,0,0,0,0,0,0,0,0,0,0,0,0,0,0,0,0,0,1,0,0,0,0,0,0,0,0,0,0,0,0,0,0,0,0,734,0.0333333333333333,0.0,0.9863760217983653,0.7138964577656676,0.9863760217983653,61.99,http://localhost:5050/exports/multi-xpath_injection-infodisc,"['XPATH_Injection', 'InfoDisc']"
0,0,0,0,0,0,0,0,0,0,0,0,0,405,0,172.57,153,4.599963902086099,0.0,0,0,0,0,0,0.0,0,0,0,0,0,0,0.0,0,0,0,0,0,0,0,0,0,0,0,0,0,0,0,0,0,0,8,3,0,0,0,0,0,0,0.0,0,0,0,0,0,0,0,0,0,0,0,0,0,0,0,0,0,0,1,0,0,0,0,0,0,0,0,0,0,0,0,0,0,0,0,928,0.0333333333333333,0.0,0.9892241379310344,0.5635775862068966,0.9892241379310344,61.99,http://localhost:5050/api/v1/imports/multi-xpath_injection-infodisc,"['XPATH_Injection', 'InfoDisc']"
0,0,0,0,0,0,0,0,0,0,0,0,0,405,0,112.36,153,4.599963902086099,0.0,0,0,0,0,0,0.0,0,0,0,0,0,0,0.0,0,0,0,0,0,0,0,0,0,0,0,0,0,0,0,0,0,0,8,3,0,0,0,0,0,0,0.0,0,0,0,0,0,0,0,0,0,0,0,0,0,0,0,0,0,0,1,0,0,0,0,0,0,0,0,0,0,0,0,0,0,0,0,921,0.0333333333333333,0.0,1.0,0.5689467969598263,1.0,61.99,http://localhost:5050/api/v2/imports/multi-xpath_injection-infodisc,"['XPATH_Injection', 'InfoDisc']"
0,0,0,0,0,0,0,0,0,0,0,0,0,405,0,47.47,153,4.599963902086099,0.0,0,0,0,0,0,0.0,0,0,0,0,0,0,0.0,0,0,0,0,0,0,0,0,0,0,0,0,0,0,0,0,0,0,8,3,0,0,0,0,0,0,0.0,0,0,0,0,0,0,0,0,0,0,0,0,0,0,0,0,0,0,1,0,0,0,0,0,0,0,0,0,0,0,0,0,0,0,0,721,0.0333333333333333,0.0,1.0,0.7267683772538142,1.0,61.99,http://localhost:5050/logs/multi-graphqli-ratelimit,"['GraphQLi', 'RateLimit']"
0,0,0,0,0,0,0,0,0,0,0,0,0,405,0,138.09,153,4.599963902086099,0.0,0,0,0,0,0,0.0,0,0,0,0,0,0,0.0,0,0,0,0,0,0,0,0,0,0,0,0,0,0,0,0,0,0,8,3,0,0,0,0,0,0,0.0,0,0,0,0,0,0,0,0,0,0,0,0,0,0,0,0,0,0,1,0,0,0,0,0,0,0,0,0,0,0,0,0,0,0,0,922,0.0333333333333333,0.0,1.0,0.5683297180043384,1.0,61.99,http://localhost:5050/api/v1/subscriptions/multi-graphqli-ratelimit,"['GraphQLi', 'RateLimit']"
0,0,0,0,0,0,0,0,0,0,0,0,0,405,0,175.69,153,4.599963902086099,0.0,0,0,0,0,0,0.0,0,0,0,0,0,0,0.0,0,0,0,0,0,0,0,0,0,0,0,0,0,0,0,0,0,0,8,3,0,0,0,0,0,0,0.0,0,0,0,0,0,0,0,0,0,0,0,0,0,0,0,0,0,0,1,0,0,0,0,0,0,0,0,0,0,0,0,0,0,0,0,923,0.0333333333333333,0.0,1.0,0.5677139761646804,1.0,61.99,http://localhost:5050/api/v2/teams/multi-graphqli-ratelimit,"['GraphQLi', 'RateLimit']"
0,0,0,0,0,0,0,0,0,0,0,0,0,405,0,74.23,153,4.599963902086099,0.0,0,0,0,0,0,0.0,0,0,0,0,0,0,0.0,0,0,0,0,0,0,0,0,0,0,0,0,0,0,0,0,0,0,8,3,0,0,0,0,0,0,0.0,0,0,0,0,0,0,0,0,0,0,0,0,0,0,0,0,0,0,1,0,0,0,0,0,0,0,0,0,0,0,0,0,0,0,0,726,0.0333333333333333,0.0,1.0,0.721763085399449,1.0,61.99,http://localhost:5050/settings/multi-prototype_pollution-insecperm,"['Prototype_Pollution', 'InsecPerm']"
0,0,0,0,0,0,0,0,0,0,0,0,0,405,0,141.95,153,4.599963902086099,0.0,0,0,0,0,0,0.0,0,0,0,0,0,0,0.0,0,0,0,0,0,0,0,0,0,0,0,0,0,0,0,0,0,0,8,3,0,0,0,0,0,0,0.0,0,0,0,0,0,0,0,0,0,0,0,0,0,0,0,0,0,0,1,0,0,0,0,0,0,0,0,0,0,0,0,0,0,0,0,918,0.0333333333333333,0.0,1.0,0.5697167755991286,1.0,61.99,http://localhost:5050/api/v1/backups/multi-prototype_pollution-insecperm,"['Prototype_Pollution', 'InsecPerm']"
0,0,0,0,0,0,0,0,0,0,0,0,0,405,0,224.22,153,4.599963902086099,0.0,0,0,0,0,0,0.0,0,0,0,0,0,0,0.0,0,0,0,0,0,0,0,0,0,0,0,0,0,0,0,0,0,0,8,3,0,0,0,0,0,0,0.0,0,0,0,0,0,0,0,0,0,0,0,0,0,0,0,0,0,0,1,0,0,0,0,0,0,0,0,0,0,0,0,0,0,0,0,923,0.0333333333333333,0.0,1.0,0.5677139761646804,1.0,61.99,http://localhost:5050/api/v2/logs/multi-prototype_pollution-insecperm,"['Prototype_Pollution', 'InsecPerm']"
2,0,1,1,0,1,0,0,0,0,0,2,0,200,0,56.31,1464,5.068127381691517,4.587279086909627,0,0,0,5,1,0.8,0,0,0,0,0,0,0.0,0,0,0,0,0,0,0,0,0,0,0,0,0,0,0,0,1,0,11,3,1,0,0,0,0,0,0.0,1,0,0,0,1,0,0,0,0,0,0,0,0,0,0,0,0,0,0,0,0,0,0,0,0,0,0,0,0,0,0,0,0,0,0,3289,0.0,0.0,0.0903010033444816,0.0903010033444816,0.0918212222560048,53.43,http://localhost:5050/notifications/multi-http_request_smuggling-credsexpose/<resource_name>,"['HTTP_Request_Smuggling', 'CredsExpose']"
0,0,0,0,0,0,0,0,0,0,0,0,0,200,0,203.61,579,5.1423765699849735,0.0,0,0,0,0,0,0.0,0,1,14,3,4,0,29.363636363636363,0,0,0,0,0,0,0,0,0,0,0,0,0,0,0,0,1,0,8,3,0,2,0,3,0,0,0.0,0,0,0,0,0,0,0,0,0,0,0,0,0,0,0,0,0,0,0,0,0,0,0,0,0,0,0,0,0,0,0,0,0,0,0,3459,0.0,0.0,0.1364556230124313,0.1364556230124313,0.1379011274934952,53.44,http://localhost:5050/api/v1/exports/multi-http_request_smuggling-credsexpose/<resource_name>,"['HTTP_Request_Smuggling', 'CredsExpose']"
0,0,0,0,0,0,0,0,0,0,0,0,0,200,0,226.47,582,5.149700563503988,0.0,0,0,0,0,0,0.0,0,1,14,3,4,0,29.636363636363637,0,0,0,0,0,0,0,0,0,0,0,0,0,0,0,0,1,0,8,3,0,1,0,2,0,0,0.0,0,0,0,0,0,0,0,0,0,0,0,0,0,0,0,0,0,0,0,0,0,0,0,0,0,0,0,0,0,0,0,0,0,0,0,3459,0.0,0.0,0.1364556230124313,0.1364556230124313,0.1379011274934952,53.43,http://localhost:5050/api/v2/profiles/multi-http_request_smuggling-credsexpose/<resource_name>,"['HTTP_Request_Smuggling', 'CredsExpose']"
0,0,0,0,0,0,0,0,0,0,0,0,0,200,0,209.73,478,4.7772129881930105,0.0,0,0,0,0,0,0.0,0,1,12,3,0,0,25.3,0,0,0,0,0,0,0,0,0,0,0,0,0,0,0,0,0,0,8,3,0,0,0,0,0,0,0.0,0,0,0,0,0,0,0,0,0,0,0,0,0,0,0,0,0,0,0,0,0,0,0,0,0,0,0,0,0,0,0,0,0,0,0,3179,0.0,0.0,0.0739226171752123,0.0739226171752123,0.2956904687008493,53.45,http://localhost:5050/subscriptions/multi-crlf_injection-openredirect,"['CRLF_Injection', 'OpenRedirect']"
2,0,1,1,0,1,0,0,0,0,0,2,0,200,0,227.5,1287,4.868610473917762,4.530225704970109,0,0,0,5,1,0.8,0,0,0,0,0,0,0.0,0,0,0,0,0,0,0,0,0,0,0,0,0,0,0,0,0,0,11,3,1,3,0,7,0,0,0.0,1,0,0,0,1,0,0,0,0,0,0,0,0,0,0,0,0,0,0,0,0,0,0,0,0,0,0,0,0,0,0,0,0,0,0,3399,0.0,0.0,0.1338629008531921,0.1338629008531921,0.341276846131215,53.45,http://localhost:5050/api/v1/settings/multi-crlf_injection-openredirect,"['CRLF_Injection', 'OpenRedirect']"
2,0,1,1,0,1,0,0,0,0,0,2,0,200,0,224.52,1279,4.878382015751486,4.540215984974626,0,0,0,5,1,0.8,0,0,0,0,0,0,0.0,0,0,0,0,0,0,0,0,0,0,0,0,0,0,0,0,0,0,11,3,1,2,0,5,0,0,0.0,1,0,0,0,1,0,0,0,0,0,0,0,0,0,0,0,0,0,0,0,0,0,0,0,0,0,0,0,0,0,0,0,0,0,0,3399,0.0,0.0,0.1338629008531921,0.1338629008531921,0.341276846131215,53.46,http://localhost:5050/api/v2/imports/multi-crlf_injection-openredirect,"['CRLF_Injection', 'OpenRedirect']"
0,0,0,0,0,0,0,0,0,0,0,0,0,405,0,90.28,153,4.599963902086099,0.0,0,0,0,0,0,0.0,0,0,0,0,0,0,0.0,0,0,0,0,0,0,0,0,0,0,0,0,0,0,0,0,0,0,8,3,0,0,0,0,0,0,0.0,0,0,0,0,0,0,0,0,0,0,0,0,0,0,0,0,0,0,1,0,0,0,0,0,0,0,0,0,0,0,0,0,0,0,0,724,0.0333333333333333,0.0,1.0,0.7237569060773481,1.0,61.99,http://localhost:5050/teams/multi-racecondition-insecperm,"['RaceCondition', 'InsecPerm']"
0,0,0,0,0,0,0,0,0,0,0,0,0,405,0,162.45,153,4.599963902086099,0.0,0,0,0,0,0,0.0,0,0,0,0,0,0,0.0,0,0,0,0,0,0,0,0,0,0,0,0,0,0,0,0,0,0,8,3,0,0,0,0,0,0,0.0,0,0,0,0,0,0,0,0,0,0,0,0,0,0,0,0,0,0,1,0,0,0,0,0,0,0,0,0,0,0,0,0,0,0,0,921,0.0333333333333333,0.0,1.0,0.5689467969598263,1.0,61.99,http://localhost:5050/api/v1/profiles/multi-racecondition-insecperm,"['RaceCondition', 'InsecPerm']"
0,0,0,0,0,0,0,0,0,0,0,0,0,405,0,229.13,153,4.599963902086099,0.0,0,0,0,0,0,0.0,0,0,0,0,0,0,0.0,0,0,0,0,0,0,0,0,0,0,0,0,0,0,0,0,0,0,8,3,0,0,0,0,0,0,0.0,0,0,0,0,0,0,0,0,0,0,0,0,0,0,0,0,0,0,1,0,0,0,0,0,0,0,0,0,0,0,0,0,0,0,0,919,0.0333333333333333,0.0,1.0,0.5690968443960827,1.0,61.99,http://localhost:5050/api/v2/profiles/multi-racecondition-insecperm,"['RaceCondition', 'InsecPerm']"
0,0,0,0,0,0,0,0,0,0,0,0,0,200,0,215.6,491,5.086379251552779,0.0,0,0,0,0,0,0.0,0,1,10,3,1,0,40.875,0,0,0,0,0,0,0,0,0,0,0,0,0,0,0,0,0,0,8,3,0,1,0,1,0,0,0.0,0,0,0,0,0,0,0,0,0,0,0,0,0,0,0,0,0,0,0,0,0,0,0,0,0,0,0,0,0,0,0,0,0,0,0,3179,0.0,0.0,0.0739226171752123,0.0739226171752123,0.0754954388172381,53.46,http://localhost:5050/profiles/multi-cmdi-infodisc,"['CMDi', 'InfoDisc']"
0,0,0,0,0,0,0,0,0,0,0,0,0,200,0,191.63,494,5.132211308672671,0.0,0,0,0,0,0,0.0,0,1,10,3,1,0,41.25,0,0,0,0,0,0,0,0,0,0,0,0,0,0,0,0,0,0,8,3,0,2,0,3,0,0,0.0,0,0,0,0,0,0,0,0,0,0,0,0,0,0,0,0,0,0,0,0,0,0,0,0,0,0,0,0,0,0,0,0,0,0,0,3399,0.0,0.0,0.1338629008531921,0.1338629008531921,0.1353339217416887,53.47,http://localhost:5050/api/v1/logs/multi-cmdi-infodisc,"['CMDi', 'InfoDisc']"
0,0,0,0,0,0,0,0,0,0,0,0,0,200,0,238.7,503,5.12241946249914,0.0,0,0,0,0,0,0.0,0,1,10,3,1,0,42.375,0,0,0,0,0,0,0,0,0,0,0,0,0,0,0,0,0,0,8,3,0,1,0,2,0,0,0.0,0,0,0,0,0,0,0,0,0,0,0,0,0,0,0,0,0,0,0,0,0,0,0,0,0,0,0,0,0,0,0,0,0,0,0,3399,0.0,0.0,0.1338629008531921,0.1338629008531921,0.1353339217416887,53.47,http://localhost:5050/api/v2/subscriptions/multi-cmdi-infodisc,"['CMDi', 'InfoDisc']"
0,0,0,0,0,0,0,0,0,0,0,0,0,405,0,100.09,153,4.599963902086099,0.0,0,0,0,0,0,0.0,0,0,0,0,0,0,0.0,0,0,0,0,0,0,0,0,0,0,0,0,0,0,0,0,0,0,8,3,0,0,0,0,0,0,0.0,0,0,0,0,0,0,0,0,0,0,0,0,0,0,0,0,0,0,1,0,0,0,0,0,0,0,0,0,0,0,0,0,0,0,0,723,0.0333333333333333,0.0,1.0,0.7247579529737206,1.0,61.99,http://localhost:5050/exports/multi-insecdeser-credsexpose,"['InsecDeser', 'CredsExpose']"
0,0,0,0,0,0,0,0,0,0,0,0,0,405,0,177.34,153,4.599963902086099,0.0,0,0,0,0,0,0.0,0,0,0,0,0,0,0.0,0,0,0,0,0,0,0,0,0,0,0,0,0,0,0,0,0,0,8,3,0,0,0,0,0,0,0.0,0,0,0,0,0,0,0,0,0,0,0,0,0,0,0,0,0,0,1,0,0,0,0,0,0,0,0,0,0,0,0,0,0,0,0,922,0.0333333333333333,0.0,1.0,0.5683297180043384,1.0,61.99,http://localhost:5050/api/v1/logs/multi-insecdeser-credsexpose,"['InsecDeser', 'CredsExpose']"
0,0,0,0,0,0,0,0,0,0,0,0,0,405,0,234.29,153,4.599963902086099,0.0,0,0,0,0,0,0.0,0,0,0,0,0,0,0.0,0,0,0,0,0,0,0,0,0,0,0,0,0,0,0,0,0,0,8,3,0,0,0,0,0,0,0.0,0,0,0,0,0,0,0,0,0,0,0,0,0,0,0,0,0,0,1,0,0,0,0,0,0,0,0,0,0,0,0,0,0,0,0,919,0.0333333333333333,0.0,1.0,0.5690968443960827,1.0,61.99,http://localhost:5050/api/v2/notifications/multi-insecdeser-credsexpose,"['InsecDeser', 'CredsExpose']"
0,0,0,0,0,0,0,0,0,0,0,0,0,200,0,215.71,465,5.09935296505571,0.0,0,0,0,0,0,0.0,0,1,15,3,2,0,20.75,0,0,0,0,0,0,0,0,0,0,0,0,0,0,0,0,0,0,8,3,0,0,0,0,0,0,0.0,0,0,0,0,0,0,0,0,0,0,0,0,0,0,0,0,0,0,0,0,0,0,0,0,0,0,0,0,0,0,0,0,0,0,0,3289,0.0,0.0,0.0903010033444816,0.0903010033444816,0.0927333536029188,53.48,http://localhost:5050/exports/multi-bufovr-infodisc/<resource_name>,"['BufOvr', 'InfoDisc']"
0,0,0,0,0,0,0,0,0,0,0,0,0,200,0,248.1,490,5.097638417674197,0.0,0,0,0,0,0,0.0,0,1,15,3,2,0,22.833333333333332,0,0,0,0,0,0,0,0,0,0,0,0,0,0,0,0,0,0,8,3,0,2,0,3,0,0,0.0,0,0,0,0,0,0,0,0,0,0,0,0,0,0,0,0,0,0,0,0,0,0,0,0,0,0,0,0,0,0,0,0,0,0,0,3459,0.0,0.0,0.1364556230124313,0.1364556230124313,0.1379011274934952,53.48,http://localhost:5050/api/v1/subscriptions/multi-bufovr-infodisc/<resource_name>,"['BufOvr', 'InfoDisc']"
0,0,0,0,0,0,0,0,0,0,0,0,0,200,0,226.77,463,5.1355970831977,0.0,0,0,0,0,0,0.0,0,1,15,3,2,0,20.583333333333332,0,0,0,0,0,0,0,0,0,0,0,0,0,0,0,0,0,0,8,3,0,1,0,2,0,0,0.0,0,0,0,0,0,0,0,0,0,0,0,0,0,0,0,0,0,0,0,0,0,0,0,0,0,0,0,0,0,0,0,0,0,0,0,3459,0.0,0.0,0.1364556230124313,0.1364556230124313,0.1379011274934952,53.48,http://localhost:5050/api/v2/logs/multi-bufovr-infodisc/<resource_name>,"['BufOvr', 'InfoDisc']"
0,0,0,0,0,0,0,0,0,0,0,0,0,405,0,75.24,153,4.599963902086099,0.0,0,0,0,0,0,0.0,0,0,0,0,0,0,0.0,0,0,0,0,0,0,0,0,0,0,0,0,0,0,0,0,0,0,8,3,0,0,0,0,0,0,0.0,0,0,0,0,0,0,0,0,0,0,0,0,0,0,0,0,0,0,1,0,0,0,0,0,0,0,0,0,0,0,0,0,0,0,0,721,0.0333333333333333,0.0,1.0,0.7267683772538142,1.0,61.99,http://localhost:5050/profiles/multi-sessfix-brokenauth,"['SessFix', 'BrokenAuth']"
0,0,0,0,0,0,0,0,0,0,0,0,0,405,0,153.0,153,4.599963902086099,0.0,0,0,0,0,0,0.0,0,0,0,0,0,0,0.0,0,0,0,0,0,0,0,0,0,0,0,0,0,0,0,0,0,0,8,3,0,0,0,0,0,0,0.0,0,0,0,0,0,0,0,0,0,0,0,0,0,0,0,0,0,0,1,0,0,0,0,0,0,0,0,0,0,0,0,0,0,0,0,917,0.0333333333333333,0.0,1.0,0.5703380588876772,1.0,61.99,http://localhost:5050/api/v1/subscriptions/multi-sessfix-brokenauth,"['SessFix', 'BrokenAuth']"
0,0,0,0,0,0,0,0,0,0,0,0,0,405,0,209.63,153,4.599963902086099,0.0,0,0,0,0,0,0.0,0,0,0,0,0,0,0.0,0,0,0,0,0,0,0,0,0,0,0,0,0,0,0,0,0,0,8,3,0,0,0,0,0,0,0.0,0,0,0,0,0,0,0,0,0,0,0,0,0,0,0,0,0,0,1,0,0,0,0,0,0,0,0,0,0,0,0,0,0,0,0,922,0.0333333333333333,0.0,1.0,0.5683297180043384,1.0,61.99,http://localhost:5050/api/v2/subscriptions/multi-sessfix-brokenauth,"['SessFix', 'BrokenAuth']"
0,0,0,0,0,0,0,0,0,0,0,0,0,405,0,51.69,153,4.599963902086099,0.0,0,0,0,0,0,0.0,0,0,0,0,0,0,0.0,0,0,0,0,0,0,0,0,0,0,0,0,0,0,0,0,0,0,8,3,0,0,0,0,0,0,0.0,0,0,0,0,0,0,0,0,0,0,0,0,0,0,0,0,0,0,1,0,0,0,0,0,0,0,0,0,0,0,0,0,0,0,0,724,0.0333333333333333,0.0,1.0,0.7237569060773481,1.0,61.99,http://localhost:5050/exports/multi-sqli-xss,"['SQLi', 'XSS']"
0,0,0,0,0,0,0,0,0,0,0,0,0,405,0,126.59,153,4.599963902086099,0.0,0,0,0,0,0,0.0,0,0,0,0,0,0,0.0,0,0,0,0,0,0,0,0,0,0,0,0,0,0,0,0,0,0,8,3,0,0,0,0,0,0,0.0,0,0,0,0,0,0,0,0,0,0,0,0,0,0,0,0,0,0,1,0,0,0,0,0,0,0,0,0,0,0,0,0,0,0,0,919,0.0333333333333333,0.0,1.0,0.5690968443960827,1.0,61.99,http://localhost:5050/api/v1/subscriptions/multi-sqli-xss,"['SQLi', 'XSS']"
0,0,0,0,0,0,0,0,0,0,0,0,0,405,0,186.93,153,4.599963902086099,0.0,0,0,0,0,0,0.0,0,0,0,0,0,0,0.0,0,0,0,0,0,0,0,0,0,0,0,0,0,0,0,0,0,0,8,3,0,0,0,0,0,0,0.0,0,0,0,0,0,0,0,0,0,0,0,0,0,0,0,0,0,0,1,0,0,0,0,0,0,0,0,0,0,0,0,0,0,0,0,920,0.0333333333333333,0.0,1.0,0.5684782608695652,1.0,61.99,http://localhost:5050/api/v2/subscriptions/multi-sqli-xss,"['SQLi', 'XSS']"
0,0,0,0,0,0,0,0,0,0,0,0,0,405,0,13.76,153,4.599963902086099,0.0,0,0,0,0,0,0.0,0,0,0,0,0,0,0.0,0,0,0,0,0,0,0,0,0,0,0,0,0,0,0,0,0,0,8,3,0,0,0,0,0,0,0.0,0,0,0,0,0,0,0,0,0,0,0,0,0,0,0,0,0,0,1,0,0,0,0,0,0,0,0,0,0,0,0,0,0,0,0,775,0.0333333333333333,0.0,1.0,0.6761290322580645,1.0,61.99,http://localhost:5050/notifications/multi-idor-infodisc-credsexpose/<resource_name>,"['IDOR', 'InfoDisc', 'CredsExpose']"
0,0,0,0,0,0,0,0,0,0,0,0,0,405,0,103.94,153,4.599963902086099,0.0,0,0,0,0,0,0.0,0,0,0,0,0,0,0.0,0,0,0,0,0,0,0,0,0,0,0,0,0,0,0,0,0,0,8,3,0,0,0,0,0,0,0.0,0,0,0,0,0,0,0,0,0,0,0,0,0,0,0,0,0,0,1,0,0,0,0,0,0,0,0,0,0,0,0,0,0,0,0,934,0.0333333333333333,0.0,1.0,0.5599571734475375,1.0,61.99,http://localhost:5050/api/v1/exports/multi-idor-infodisc-credsexpose/<resource_name>,"['IDOR', 'InfoDisc', 'CredsExpose']"
0,0,0,0,0,0,0,0,0,0,0,0,0,405,0,167.76,153,4.599963902086099,0.0,0,0,0,0,0,0.0,0,0,0,0,0,0,0.0,0,0,0,0,0,0,0,0,0,0,0,0,0,0,0,0,0,0,8,3,0,0,0,0,0,0,0.0,0,0,0,0,0,0,0,0,0,0,0,0,0,0,0,0,0,0,1,0,0,0,0,0,0,0,0,0,0,0,0,0,0,0,0,938,0.0333333333333333,0.0,1.0,0.55863539445629,1.0,61.99,http://localhost:5050/api/v2/exports/multi-idor-infodisc-credsexpose/<resource_name>,"['IDOR', 'InfoDisc', 'CredsExpose']"
0,0,0,0,0,0,0,0,0,0,0,0,0,405,0,165.63,153,4.599963902086099,0.0,0,0,0,0,0,0.0,0,0,0,0,0,0,0.0,0,0,0,0,0,0,0,0,0,0,0,0,0,0,0,0,0,0,8,3,0,0,0,0,0,0,0.0,0,0,0,0,0,0,0,0,0,0,0,0,0,0,0,0,0,0,1,0,0,0,0,0,0,0,0,0,0,0,0,0,0,0,0,721,0.0333333333333333,0.0,1.0,0.7267683772538142,1.0,61.99,http://localhost:5050/exports/multi-ssrf-xxe-infodisc,"['SSRF', 'XXE', 'InfoDisc']"
0,0,0,0,0,0,0,0,0,0,0,0,0,405,0,51.48,153,4.599963902086099,0.0,0,0,0,0,0,0.0,0,0,0,0,0,0,0.0,0,0,0,0,0,0,0,0,0,0,0,0,0,0,0,0,0,0,8,3,0,0,0,0,0,0,0.0,0,0,0,0,0,0,0,0,0,0,0,0,0,0,0,0,0,0,1,0,0,0,0,0,0,0,0,0,0,0,0,0,0,0,0,920,0.0333333333333333,0.0,1.0,0.5684782608695652,1.0,61.99,http://localhost:5050/api/v1/logs/multi-ssrf-xxe-infodisc,"['SSRF', 'XXE', 'InfoDisc']"
0,0,0,0,0,0,0,0,0,0,0,0,0,405,0,169.07,153,4.599963902086099,0.0,0,0,0,0,0,0.0,0,0,0,0,0,0,0.0,0,0,0,0,0,0,0,0,0,0,0,0,0,0,0,0,0,0,8,3,0,0,0,0,0,0,0.0,0,0,0,0,0,0,0,0,0,0,0,0,0,0,0,0,0,0,1,0,0,0,0,0,0,0,0,0,0,0,0,0,0,0,0,921,0.0333333333333333,0.0,1.0,0.5689467969598263,1.0,61.99,http://localhost:5050/api/v2/imports/multi-ssrf-xxe-infodisc,"['SSRF', 'XXE', 'InfoDisc']"
0,0,0,0,0,0,0,0,0,0,0,0,0,405,0,205.19,153,4.599963902086099,0.0,0,0,0,0,0,0.0,0,0,0,0,0,0,0.0,0,0,0,0,0,0,0,0,0,0,0,0,0,0,0,0,0,0,8,3,0,0,0,0,0,0,0.0,0,0,0,0,0,0,0,0,0,0,0,0,0,0,0,0,0,0,1,0,0,0,0,0,0,0,0,0,0,0,0,0,0,0,0,726,0.0333333333333333,0.0,1.0,0.721763085399449,1.0,61.99,http://localhost:5050/teams/multi-xss-csrf-openredirect,"['XSS', 'CSRF', 'OpenRedirect']"
0,0,0,0,0,0,0,0,0,0,0,0,0,405,0,51.19,153,4.599963902086099,0.0,0,0,0,0,0,0.0,0,0,0,0,0,0,0.0,0,0,0,0,0,0,0,0,0,0,0,0,0,0,0,0,0,0,8,3,0,0,0,0,0,0,0.0,0,0,0,0,0,0,0,0,0,0,0,0,0,0,0,0,0,0,1,0,0,0,0,0,0,0,0,0,0,0,0,0,0,0,0,920,0.0333333333333333,0.0,1.0,0.5684782608695652,1.0,61.99,http://localhost:5050/api/v1/exports/multi-xss-csrf-openredirect,"['XSS', 'CSRF', 'OpenRedirect']"
0,0,0,0,0,0,0,0,0,0,0,0,0,405,0,151.54,153,4.599963902086099,0.0,0,0,0,0,0,0.0,0,0,0,0,0,0,0.0,0,0,0,0,0,0,0,0,0,0,0,0,0,0,0,0,0,0,8,3,0,0,0,0,0,0,0.0,0,0,0,0,0,0,0,0,0,0,0,0,0,0,0,0,0,0,1,0,0,0,0,0,0,0,0,0,0,0,0,0,0,0,0,923,0.0333333333333333,0.0,1.0,0.5677139761646804,1.0,61.99,http://localhost:5050/api/v2/notifications/multi-xss-csrf-openredirect,"['XSS', 'CSRF', 'OpenRedirect']"
0,0,0,0,0,0,0,0,0,0,0,0,0,405,0,206.47,153,4.599963902086099,0.0,0,0,0,0,0,0.0,0,0,0,0,0,0,0.0,0,0,0,0,0,0,0,0,0,0,0,0,0,0,0,0,0,0,8,3,0,0,0,0,0,0,0.0,0,0,0,0,0,0,0,0,0,0,0,0,0,0,0,0,0,0,1,0,0,0,0,0,0,0,0,0,0,0,0,0,0,0,0,773,0.0333333333333333,0.0,1.0,0.6778783958602846,1.0,61.99,http://localhost:5050/backups/multi-sqli-brokenauth-infodisc/<resource_name>,"['SQLi', 'BrokenAuth', 'InfoDisc']"
0,0,0,0,0,0,0,0,0,0,0,0,0,405,0,121.2,153,4.599963902086099,0.0,0,0,0,0,0,0.0,0,0,0,0,0,0,0.0,0,0,0,0,0,0,0,0,0,0,0,0,0,0,0,0,0,0,8,3,0,0,0,0,0,0,0.0,0,0,0,0,0,0,0,0,0,0,0,0,0,0,0,0,0,0,1,0,0,0,0,0,0,0,0,0,0,0,0,0,0,0,0,937,0.0333333333333333,0.0,1.0,0.5581643543223053,1.0,61.99,http://localhost:5050/api/v1/backups/multi-sqli-brokenauth-infodisc/<resource_name>,"['SQLi', 'BrokenAuth', 'InfoDisc']"
0,0,0,0,0,0,0,0,0,0,0,0,0,405,0,259.73,153,4.599963902086099,0.0,0,0,0,0,0,0.0,0,0,0,0,0,0,0.0,0,0,0,0,0,0,0,0,0,0,0,0,0,0,0,0,0,0,8,3,0,0,0,0,0,0,0.0,0,0,0,0,0,0,0,0,0,0,0,0,0,0,0,0,0,0,1,0,0,0,0,0,0,0,0,0,0,0,0,0,0,0,0,934,0.0333333333333333,0.0,1.0,0.5599571734475375,1.0,61.99,http://localhost:5050/api/v2/settings/multi-sqli-brokenauth-infodisc/<resource_name>,"['SQLi', 'BrokenAuth', 'InfoDisc']"
2,0,1,1,0,1,0,0,0,0,0,2,0,200,0,118.16,1515,4.953803704659354,4.628623964916506,0,0,0,5,1,0.8,0,0,0,0,0,0,0.0,0,0,0,0,0,0,0,0,0,0,0,0,0,0,0,0,0,0,11,3,1,1,0,1,0,0,0.0,1,0,0,0,1,0,0,0,0,0,0,0,0,0,0,0,0,0,0,0,0,0,0,0,0,0,0,0,0,0,0,0,0,0,0,3289,0.0,0.0,0.0903010033444816,0.0903010033444816,0.0918212222560048,53.4,http://localhost:5050/settings/multi-jwt-insecperm-idor/<obj_id>,"['JWT', 'InsecPerm', 'IDOR']"
0,0,0,0,0,0,0,0,0,0,0,0,0,200,0,122.18,611,4.962921334768879,0.0,0,0,0,0,0,0.0,0,1,21,3,3,0,16.27777777777778,0,0,0,0,0,0,0,0,0,0,0,0,0,0,0,0,0,0,8,3,0,3,0,4,0,0,0.0,0,0,0,0,0,0,0,0,0,0,0,0,0,0,0,0,0,0,0,0,0,0,0,0,0,0,0,0,0,0,0,0,0,0,0,3459,0.0,0.0,0.1364556230124313,0.1364556230124313,0.1379011274934952,53.41,http://localhost:5050/api/v1/exports/multi-jwt-insecperm-idor/<obj_id>,"['JWT', 'InsecPerm', 'IDOR']"
2,0,1,1,0,1,0,0,0,0,0,2,0,200,0,184.38,1579,4.947216170352182,4.722643602147697,0,0,0,5,1,0.8,0,0,0,0,0,0,0.0,0,0,0,0,0,0,0,0,0,0,0,0,0,0,0,0,0,0,11,3,1,2,0,5,0,0,0.0,1,0,0,0,1,0,0,0,0,0,0,0,0,0,0,0,0,0,0,0,0,0,0,0,0,0,0,0,0,0,0,0,0,0,0,3459,0.0,0.0,0.1364556230124313,0.1364556230124313,0.1379011274934952,53.41,http://localhost:5050/api/v2/notifications/multi-jwt-insecperm-idor/<obj_id>,"['JWT', 'InsecPerm', 'IDOR']"
2,0,1,1,0,1,0,0,0,0,0,2,0,200,0,197.43,1525,4.96568126082123,4.4193815443212054,0,0,0,5,1,0.8,0,0,0,0,0,0,0.0,0,0,0,0,0,0,0,0,0,0,0,0,0,0,0,0,0,0,11,3,1,2,2,1,0,0,0.0,1,0,0,0,1,0,1,0,0,0,0,0,1,1,0,0,0,0,0,0,0,1,0,0,0,0,0,0,0,0,0,0,0,0,0,2759,0.1333333333333333,0.059441826748822,0.0851757883291047,0.0851757883291047,0.1399057629575933,67.81,http://localhost:5050/settings/multi-cors-jwt-credsexpose,"['CORS', 'JWT', 'CredsExpose']"
0,0,0,0,0,0,0,0,0,0,0,0,0,200,0,245.48,594,5.021482949815366,0.0,0,0,0,0,0,0.0,0,1,14,3,4,0,29.083333333333332,0,0,0,0,0,0,0,0,0,0,0,0,0,0,0,0,0,0,8,3,0,3,2,3,0,0,0.0,0,0,0,0,0,0,1,0,0,0,0,0,1,1,0,0,0,0,0,0,0,1,0,0,0,0,0,0,0,0,0,0,0,0,0,2981,0.1333333333333333,0.055350553505535,0.1526333445152633,0.1526333445152633,0.2036229453203623,68.33,http://localhost:5050/api/v1/logs/multi-cors-jwt-credsexpose,"['CORS', 'JWT', 'CredsExpose']"
0,0,0,0,0,0,0,0,0,0,0,0,0,200,0,247.65,597,5.011371881715771,0.0,0,0,0,0,0,0.0,0,1,14,3,4,0,29.333333333333332,0,0,0,0,0,0,0,0,0,0,0,0,0,0,0,0,0,0,8,3,0,2,2,2,0,0,0.0,0,0,0,0,0,0,1,0,0,0,0,0,1,1,0,0,0,0,0,0,0,1,0,0,0,0,0,0,0,0,0,0,0,0,0,2978,0.1333333333333333,0.0550705171255876,0.1527871054398925,0.1527871054398925,0.2034922766957689,67.81,http://localhost:5050/api/v2/teams/multi-cors-jwt-credsexpose,"['CORS', 'JWT', 'CredsExpose']"
0,0,0,0,0,0,0,0,0,0,0,0,0,405,0,127.26,153,4.599963902086099,0.0,0,0,0,0,0,0.0,0,0,0,0,0,0,0.0,0,0,0,0,0,0,0,0,0,0,0,0,0,0,0,0,0,0,8,3,0,0,0,0,0,0,0.0,0,0,0,0,0,0,0,1,0,0,0,0,0,0,0,1,0,0,1,0,1,0,1,0,0,1,0,0,0,0,0,0,0,0,0,463,0.2,0.0583153347732181,1.0,0.5658747300215983,1.0,66.43,http://localhost:5051/products/xss-reflected_json_span,[]
0,0,0,0,0,0,0,0,0,0,0,0,0,405,0,149.22,153,4.599963902086099,0.0,0,0,0,0,0,0.0,0,0,0,0,0,0,0.0,0,0,0,0,0,0,0,0,0,0,0,0,0,0,0,0,0,0,8,3,0,0,0,0,0,0,0.0,0,0,0,0,0,0,0,0,0,0,0,0,0,0,0,0,0,0,1,0,0,0,0,0,0,0,0,0,0,0,0,0,0,0,0,726,0.0333333333333333,0.0,1.0,0.721763085399449,1.0,61.99,http://localhost:5051/products/prototype_pollution-deep_merge_preferences,[]
0,0,0,0,0,0,0,0,0,0,0,0,0,405,0,158.22,153,4.599963902086099,0.0,0,0,0,0,0,0.0,0,0,0,0,0,0,0.0,0,0,0,0,0,0,0,0,0,0,0,0,0,0,0,0,0,0,8,3,0,0,0,0,0,0,0.0,0,0,0,0,0,0,0,0,0,0,0,0,0,0,0,0,0,0,1,0,0,0,0,0,0,0,0,0,0,0,0,0,0,0,0,724,0.0333333333333333,0.0,1.0,0.7237569060773481,1.0,61.99,http://localhost:5051/users/cmdi-filename_echo_shell,[]
0,0,0,0,0,0,0,0,0,0,0,0,0,405,0,113.17,153,4.599963902086099,0.0,0,0,0,0,0,0.0,0,0,0,0,0,0,0.0,0,0,0,0,0,0,0,0,0,0,0,0,0,0,0,0,0,0,8,3,0,0,0,0,0,0,0.0,0,0,0,0,0,0,0,0,0,0,0,0,0,0,0,0,0,0,1,0,0,0,0,0,0,0,0,0,0,0,0,0,0,0,0,727,0.0333333333333333,0.0,1.0,0.7207702888583218,1.0,61.99,http://localhost:5051/users/nosqli-regex_operator_injection,[]
0,0,0,0,0,0,0,0,0,0,0,0,0,405,0,153.6,153,4.599963902086099,0.0,0,0,0,0,0,0.0,0,0,0,0,0,0,0.0,0,0,0,0,0,0,0,0,0,0,0,0,0,0,0,0,0,0,8,3,0,0,0,0,0,0,0.0,0,0,0,0,0,0,0,0,0,0,0,0,0,0,0,0,0,0,1,0,0,0,0,0,0,0,0,0,0,0,0,0,0,0,0,726,0.0333333333333333,0.0,1.0,0.721763085399449,1.0,61.99,http://localhost:5051/users/ratelimit-login_endpoint_no_throttle,[]
0,0,0,0,0,0,0,0,0,0,0,0,0,405,0,97.31,153,4.599963902086099,0.0,0,0,0,0,0,0.0,0,0,0,0,0,0,0.0,0,0,0,0,0,0,0,0,0,0,0,0,0,0,0,0,0,0,8,3,0,0,0,0,0,0,0.0,0,0,0,0,0,0,0,1,0,0,0,0,0,0,0,1,0,0,1,0,1,0,1,0,0,1,0,0,0,0,0,0,0,0,0,460,0.2,0.058695652173913,1.0,0.5608695652173913,1.0,66.43,http://localhost:5051/orders/xss-reflected_json_span,[]
0,0,0,0,0,0,0,0,0,0,0,0,0,405,0,135.96,153,4.599963902086099,0.0,0,0,0,0,0,0.0,0,0,0,0,0,0,0.0,0,0,0,0,0,0,0,0,0,0,0,0,0,0,0,0,0,0,8,3,0,0,0,0,0,0,0.0,0,0,0,0,0,0,0,1,0,0,0,0,0,0,0,1,0,0,1,0,1,0,1,0,0,1,0,0,0,0,0,0,0,0,0,446,0.2,0.0560538116591928,1.0,0.547085201793722,1.0,66.2,http://localhost:5051/orders/ssrf-url_fetch_json_webhook,[]
0,0,0,0,0,0,0,0,0,0,0,0,0,405,0,161.73,153,4.599963902086099,0.0,0,0,0,0,0,0.0,0,0,0,0,0,0,0.0,0,0,0,0,0,0,0,0,0,0,0,0,0,0,0,0,0,0,8,3,0,0,0,0,0,0,0.0,0,0,0,0,0,0,0,0,0,0,0,0,0,0,0,0,0,0,1,0,0,0,0,0,0,0,0,0,0,0,0,0,0,0,0,726,0.0333333333333333,0.0,1.0,0.721763085399449,1.0,61.99,http://localhost:5051/orders/crlf_injection-log_injection_crlf,[]
0,0,0,0,0,0,0,0,0,0,0,0,0,405,0,89.22,153,4.599963902086099,0.0,0,0,0,0,0,0.0,0,0,0,0,0,0,0.0,0,0,0,0,0,0,0,0,0,0,0,0,0,0,0,0,0,0,8,3,0,0,0,0,0,0,0.0,0,0,0,0,0,0,0,0,0,0,0,0,0,0,0,0,0,0,1,0,0,0,0,0,0,0,0,0,0,0,0,0,0,0,0,722,0.0333333333333333,0.0,1.0,0.7257617728531855,1.0,61.99,http://localhost:5051/invoices/ldapi-login_filter_wildcard,[]
0,0,0,0,0,0,0,0,0,0,0,0,0,405,0,161.79,153,4.599963902086099,0.0,0,0,0,0,0,0.0,0,0,0,0,0,0,0.0,0,0,0,0,0,0,0,0,0,0,0,0,0,0,0,0,0,0,8,3,0,0,0,0,0,0,0.0,0,0,0,0,0,0,0,0,0,0,0,0,0,0,0,0,0,0,1,0,0,0,0,0,0,0,0,0,0,0,0,0,0,0,0,726,0.0333333333333333,0.0,1.0,0.721763085399449,1.0,61.99,http://localhost:5051/invoices/csrf-generic_state_change_no_token,[]
0,0,0,0,0,0,0,0,0,0,0,0,0,405,0,104.4,153,4.599963902086099,0.0,0,0,0,0,0,0.0,0,0,0,0,0,0,0.0,0,0,0,0,0,0,0,0,0,0,0,0,0,0,0,0,0,0,8,3,0,0,0,0,0,0,0.0,0,0,0,0,0,0,0,0,0,0,0,0,0,0,0,0,0,0,1,0,0,0,0,0,0,0,0,0,0,0,0,0,0,0,0,726,0.0333333333333333,0.0,1.0,0.721763085399449,1.0,61.99,http://localhost:5051/comments/insecupload-no_extension_whitelist,[]
0,0,0,0,0,0,0,0,0,0,0,0,0,405,0,128.93,153,4.599963902086099,0.0,0,0,0,0,0,0.0,0,0,0,0,0,0,0.0,0,0,0,0,0,0,0,0,0,0,0,0,0,0,0,0,0,0,8,3,0,0,0,0,0,0,0.0,0,0,0,0,0,0,0,1,0,0,0,0,0,0,0,1,0,0,1,0,1,0,1,0,0,1,0,0,0,0,0,0,0,0,0,462,0.2,0.0541125541125541,0.9783549783549784,0.5432900432900433,0.9783549783549784,66.2,http://localhost:5051/comments/ssrf-url_fetch_json_webhook,[]
0,0,0,0,0,0,0,0,0,0,0,0,0,405,0,172.01,153,4.599963902086099,0.0,0,0,0,0,0,0.0,0,0,0,0,0,0,0.0,0,0,0,0,0,0,0,0,0,0,0,0,0,0,0,0,0,0,8,3,0,0,0,0,0,0,0.0,0,0,0,0,0,0,0,0,0,0,0,0,0,0,0,0,0,0,1,0,0,0,0,0,0,0,0,0,0,0,0,0,0,0,0,726,0.0333333333333333,0.0,1.0,0.721763085399449,1.0,61.99,http://localhost:5051/comments/crlf_injection-log_injection_crlf,[]
0,0,0,0,0,0,0,0,0,0,0,0,0,405,0,92.82,153,4.599963902086099,0.0,0,0,0,0,0,0.0,0,0,0,0,0,0,0.0,0,0,0,0,0,0,0,0,0,0,0,0,0,0,0,0,0,0,8,3,0,0,0,0,0,0,0.0,0,0,0,0,0,0,0,1,0,0,0,0,0,0,0,1,0,0,1,0,1,0,1,0,0,1,0,0,0,0,0,0,0,0,0,452,0.2,0.0575221238938053,1.0,0.5619469026548672,1.0,66.42,http://localhost:5051/files/xss-reflected_json_span,[]
0,0,0,0,0,0,0,0,0,0,0,0,0,405,0,139.22,153,4.599963902086099,0.0,0,0,0,0,0,0.0,0,0,0,0,0,0,0.0,0,0,0,0,0,0,0,0,0,0,0,0,0,0,0,0,0,0,8,3,0,0,0,0,0,0,0.0,0,0,0,0,0,0,0,0,0,0,0,0,0,0,0,0,0,0,1,0,0,0,0,0,0,0,0,0,0,0,0,0,0,0,0,726,0.0333333333333333,0.0,1.0,0.721763085399449,1.0,61.99,http://localhost:5051/files/xpath_injection-login_xpath_concat,[]
0,0,0,0,0,0,0,0,0,0,0,0,0,405,0,104.19,153,4.599963902086099,0.0,0,0,0,0,0,0.0,0,0,0,0,0,0,0.0,0,0,0,0,0,0,0,0,0,0,0,0,0,0,0,0,0,0,8,3,0,0,0,0,0,0,0.0,0,0,0,0,0,0,0,0,0,0,0,0,0,0,0,0,0,0,1,0,0,0,0,0,0,0,0,0,0,0,0,0,0,0,0,735,0.0333333333333333,0.0,0.9863945578231292,0.7129251700680272,0.9863945578231292,61.99,http://localhost:5051/images/cmdi-filename_echo_shell,[]
0,0,0,0,0,0,0,0,0,0,0,0,0,405,0,97.93,153,4.599963902086099,0.0,0,0,0,0,0,0.0,0,0,0,0,0,0,0.0,0,0,0,0,0,0,0,0,0,0,0,0,0,0,0,0,0,0,8,3,0,0,0,0,0,0,0.0,0,0,0,0,0,0,0,0,0,0,0,0,0,0,0,0,0,0,1,0,0,0,0,0,0,0,0,0,0,0,0,0,0,0,0,722,0.0333333333333333,0.0,1.0,0.7257617728531855,1.0,61.99,http://localhost:5051/images/ldapi-login_filter_wildcard,[]
0,0,0,0,0,0,0,0,0,0,0,0,0,405,0,138.64,153,4.599963902086099,0.0,0,0,0,0,0,0.0,0,0,0,0,0,0,0.0,0,0,0,0,0,0,0,0,0,0,0,0,0,0,0,0,0,0,8,3,0,0,0,0,0,0,0.0,0,0,0,0,0,0,0,0,0,0,0,0,0,0,0,0,0,0,1,0,0,0,0,0,0,0,0,0,0,0,0,0,0,0,0,726,0.0333333333333333,0.0,1.0,0.721763085399449,1.0,61.99,http://localhost:5051/images/openredirect-post_login_next_param,[]
0,0,0,0,0,0,0,0,0,0,0,0,0,405,0,110.7,153,4.599963902086099,0.0,0,0,0,0,0,0.0,0,0,0,0,0,0,0.0,0,0,0,0,0,0,0,0,0,0,0,0,0,0,0,0,0,0,8,3,0,0,0,0,0,0,0.0,0,0,0,0,0,0,0,1,0,0,0,0,0,0,0,1,0,0,1,0,1,0,1,0,0,1,0,0,0,0,0,0,0,0,0,469,0.2,0.0575692963752665,0.9786780383795308,0.5501066098081023,0.9786780383795308,66.43,http://localhost:5051/reports/xss-reflected_json_span,[]
0,0,0,0,0,0,0,0,0,0,0,0,0,405,0,140.33,153,4.599963902086099,0.0,0,0,0,0,0,0.0,0,0,0,0,0,0,0.0,0,0,0,0,0,0,0,0,0,0,0,0,0,0,0,0,0,0,8,3,0,0,0,0,0,0,0.0,0,0,0,0,0,0,0,1,0,0,0,0,0,0,0,1,0,0,1,0,1,0,1,0,0,1,0,0,0,0,0,0,0,0,0,449,0.2,0.0579064587973273,1.0,0.5501113585746102,1.0,66.2,http://localhost:5051/reports/ssrf-url_fetch_json_webhook,[]
0,0,0,0,0,0,0,0,0,0,0,0,0,405,0,104.43,153,4.599963902086099,0.0,0,0,0,0,0,0.0,0,0,0,0,0,0,0.0,0,0,0,0,0,0,0,0,0,0,0,0,0,0,0,0,0,0,8,3,0,0,0,0,0,0,0.0,0,0,0,0,0,0,0,0,0,0,0,0,0,0,0,0,0,0,1,0,0,0,0,0,0,0,0,0,0,0,0,0,0,0,0,724,0.0333333333333333,0.0,1.0,0.7237569060773481,1.0,61.99,http://localhost:5051/reports/racecondition-coupon_redeem_toctou_no_lock,[]
0,0,0,0,0,0,0,0,0,0,0,0,0,405,0,104.54,153,4.599963902086099,0.0,0,0,0,0,0,0.0,0,0,0,0,0,0,0.0,0,0,0,0,0,0,0,0,0,0,0,0,0,0,0,0,0,0,8,3,0,0,0,0,0,0,0.0,0,0,0,0,0,0,0,0,0,0,0,0,0,0,0,0,0,0,1,0,0,0,0,0,0,0,0,0,0,0,0,0,0,0,0,723,0.0333333333333333,0.0,1.0,0.7247579529737206,1.0,61.99,http://localhost:5051/tickets/nosqli-search_filter_injection,[]
0,0,0,0,0,0,0,0,0,0,0,0,0,405,0,150.48,153,4.599963902086099,0.0,0,0,0,0,0,0.0,0,0,0,0,0,0,0.0,0,0,0,0,0,0,0,0,0,0,0,0,0,0,0,0,0,0,8,3,0,0,0,0,0,0,0.0,0,0,0,0,0,0,0,0,0,0,0,0,0,0,0,0,0,0,1,0,0,0,0,0,0,0,0,0,0,0,0,0,0,0,0,726,0.0333333333333333,0.0,1.0,0.721763085399449,1.0,61.99,http://localhost:5051/tickets/ratelimit-login_endpoint_no_throttle,[]
0,0,0,0,0,0,0,0,0,0,0,0,0,405,0,109.3,153,4.599963902086099,0.0,0,0,0,0,0,0.0,0,0,0,0,0,0,0.0,0,0,0,0,0,0,0,0,0,0,0,0,0,0,0,0,0,0,8,3,0,0,0,0,0,0,0.0,0,0,0,0,0,0,0,0,0,0,0,0,0,0,0,0,0,0,1,0,0,0,0,0,0,0,0,0,0,0,0,0,0,0,0,727,0.0333333333333333,0.0,1.0,0.7207702888583218,1.0,61.99,http://localhost:5051/messages/brokenauth-no_bruteforce_protection,[]
0,0,0,0,0,0,0,0,0,0,0,0,0,405,0,107.93,153,4.599963902086099,0.0,0,0,0,0,0,0.0,0,0,0,0,0,0,0.0,0,0,0,0,0,0,0,0,0,0,0,0,0,0,0,0,0,0,8,3,0,0,0,0,0,0,0.0,0,0,0,0,0,0,0,1,0,0,0,0,0,0,0,1,0,0,1,0,1,0,1,0,0,1,0,0,0,0,0,0,0,0,0,446,0.2,0.0560538116591928,1.0,0.547085201793722,1.0,66.2,http://localhost:5051/messages/ssrf-url_fetch_json_webhook,[]
0,0,0,0,0,0,0,0,0,0,0,0,0,405,0,156.41,153,4.599963902086099,0.0,0,0,0,0,0,0.0,0,0,0,0,0,0,0.0,0,0,0,0,0,0,0,0,0,0,0,0,0,0,0,0,0,0,8,3,0,0,0,0,0,0,0.0,0,0,0,0,0,0,0,0,0,0,0,0,0,0,0,0,0,0,1,0,0,0,0,0,0,0,0,0,0,0,0,0,0,0,0,723,0.0333333333333333,0.0,1.0,0.7247579529737206,1.0,61.99,http://localhost:5051/messages/crlf_injection-log_injection_crlf,[]
0,0,0,0,0,0,0,0,0,0,0,0,0,405,0,108.02,153,4.599963902086099,0.0,0,0,0,0,0,0.0,0,0,0,0,0,0,0.0,0,0,0,0,0,0,0,0,0,0,0,0,0,0,0,0,0,0,8,3,0,0,0,0,0,0,0.0,0,0,0,0,0,0,0,1,0,0,0,0,0,0,0,1,0,0,1,0,1,0,1,0,0,1,0,0,0,0,0,0,0,0,0,454,0.2,0.0572687224669603,1.0,0.5594713656387665,1.0,66.42,http://localhost:5051/projects/xss-reflected_json_span,[]
0,0,0,0,0,0,0,0,0,0,0,0,0,405,0,136.54,153,4.599963902086099,0.0,0,0,0,0,0,0.0,0,0,0,0,0,0,0.0,0,0,0,0,0,0,0,0,0,0,0,0,0,0,0,0,0,0,8,3,0,0,0,0,0,0,0.0,0,0,0,0,0,0,0,0,0,0,0,0,0,0,0,0,0,0,1,0,0,0,0,0,0,0,0,0,0,0,0,0,0,0,0,725,0.0333333333333333,0.0,1.0,0.7227586206896551,1.0,61.99,http://localhost:5051/projects/graphqli-introspection_left_enabled,[]
0,0,0,0,0,0,0,0,0,0,0,0,0,405,0,95.31,153,4.599963902086099,0.0,0,0,0,0,0,0.0,0,0,0,0,0,0,0.0,0,0,0,0,0,0,0,0,0,0,0,0,0,0,0,0,0,0,8,3,0,0,0,0,0,0,0.0,0,0,0,0,0,0,0,0,0,0,0,0,0,0,0,0,0,0,1,0,0,0,0,0,0,0,0,0,0,0,0,0,0,0,0,727,0.0333333333333333,0.0,1.0,0.7207702888583218,1.0,61.99,http://localhost:5051/tasks/cmdi-filename_echo_shell,[]
0,0,0,0,0,0,0,0,0,0,0,0,0,405,0,115.2,153,4.599963902086099,0.0,0,0,0,0,0,0.0,0,0,0,0,0,0,0.0,0,0,0,0,0,0,0,0,0,0,0,0,0,0,0,0,0,0,8,3,0,0,0,0,0,0,0.0,0,0,0,0,0,0,0,0,0,0,0,0,0,0,0,0,0,0,1,0,0,0,0,0,0,0,0,0,0,0,0,0,0,0,0,726,0.0333333333333333,0.0,1.0,0.721763085399449,1.0,61.99,http://localhost:5051/tasks/nosqli-regex_operator_injection,[]
0,0,0,0,0,0,0,0,0,0,0,0,0,405,0,149.93,153,4.599963902086099,0.0,0,0,0,0,0,0.0,0,0,0,0,0,0,0.0,0,0,0,0,0,0,0,0,0,0,0,0,0,0,0,0,0,0,8,3,0,0,0,0,0,0,0.0,0,0,0,0,0,0,0,0,0,0,0,0,0,0,0,0,0,0,1,0,0,0,0,0,0,0,0,0,0,0,0,0,0,0,0,727,0.0333333333333333,0.0,1.0,0.7207702888583218,1.0,61.99,http://localhost:5051/tasks/ratelimit-login_endpoint_no_throttle,[]
0,0,0,0,0,0,0,0,0,0,0,0,0,405,0,102.07,153,4.599963902086099,0.0,0,0,0,0,0,0.0,0,0,0,0,0,0,0.0,0,0,0,0,0,0,0,0,0,0,0,0,0,0,0,0,0,0,8,3,0,0,0,0,0,0,0.0,0,0,0,0,0,0,0,1,0,0,0,0,0,0,0,1,0,0,1,0,1,0,1,0,0,1,0,0,0,0,0,0,0,0,0,473,0.2,0.0570824524312896,0.9788583509513742,0.5539112050739958,0.9788583509513742,66.43,http://localhost:5051/payments/xss-reflected_json_span,[]
0,0,0,0,0,0,0,0,0,0,0,0,0,405,0,126.86,153,4.599963902086099,0.0,0,0,0,0,0,0.0,0,0,0,0,0,0,0.0,0,0,0,0,0,0,0,0,0,0,0,0,0,0,0,0,0,0,8,3,0,0,0,0,0,0,0.0,0,0,0,0,0,0,0,1,0,0,0,0,0,0,0,1,0,0,1,0,1,0,1,0,0,1,0,0,0,0,0,0,0,0,0,445,0.2,0.0561797752808988,1.0,0.5483146067415731,1.0,66.2,http://localhost:5051/payments/ssrf-url_fetch_json_webhook,[]
0,0,0,0,0,0,0,0,0,0,0,0,0,405,0,105.89,153,4.599963902086099,0.0,0,0,0,0,0,0.0,0,0,0,0,0,0,0.0,0,0,0,0,0,0,0,0,0,0,0,0,0,0,0,0,0,0,8,3,0,0,0,0,0,0,0.0,0,0,0,0,0,0,0,0,0,0,0,0,0,0,0,0,0,0,1,0,0,0,0,0,0,0,0,0,0,0,0,0,0,0,0,725,0.0333333333333333,0.0,1.0,0.7227586206896551,1.0,61.99,http://localhost:5051/payments/racecondition-coupon_redeem_toctou_no_lock,[]
0,0,0,0,0,0,0,0,0,0,0,0,0,405,0,100.64,153,4.599963902086099,0.0,0,0,0,0,0,0.0,0,0,0,0,0,0,0.0,0,0,0,0,0,0,0,0,0,0,0,0,0,0,0,0,0,0,8,3,0,0,0,0,0,0,0.0,0,0,0,0,0,0,0,0,0,0,0,0,0,0,0,0,0,0,1,0,0,0,0,0,0,0,0,0,0,0,0,0,0,0,0,724,0.0333333333333333,0.0,1.0,0.7237569060773481,1.0,61.99,http://localhost:5051/accounts/xxe-resolve_entities_form_body,[]
0,0,0,0,0,0,0,0,0,0,0,0,0,405,0,156.93,153,4.599963902086099,0.0,0,0,0,0,0,0.0,0,0,0,0,0,0,0.0,0,0,0,0,0,0,0,0,0,0,0,0,0,0,0,0,0,0,8,3,0,0,0,0,0,0,0.0,0,0,0,0,0,0,0,0,0,0,0,0,0,0,0,0,0,0,1,0,0,0,0,0,0,0,0,0,0,0,0,0,0,0,0,734,0.0333333333333333,0.0,0.9863760217983653,0.7138964577656676,0.9863760217983653,61.99,http://localhost:5051/accounts/csrf-sensitive_transfer_no_token,[]
0,0,0,0,0,0,0,0,0,0,0,0,0,405,0,98.01,153,4.599963902086099,0.0,0,0,0,0,0,0.0,0,0,0,0,0,0,0.0,0,0,0,0,0,0,0,0,0,0,0,0,0,0,0,0,0,0,8,3,0,0,0,0,0,0,0.0,0,0,0,0,0,0,0,0,0,0,0,0,0,0,0,0,0,0,1,0,0,0,0,0,0,0,0,0,0,0,0,0,0,0,0,721,0.0333333333333333,0.0,1.0,0.7267683772538142,1.0,61.99,http://localhost:5051/sessions/insecupload-no_content_type_check,[]
0,0,0,0,0,0,0,0,0,0,0,0,0,405,0,137.73,153,4.599963902086099,0.0,0,0,0,0,0,0.0,0,0,0,0,0,0,0.0,0,0,0,0,0,0,0,0,0,0,0,0,0,0,0,0,0,0,8,3,0,0,0,0,0,0,0.0,0,0,0,0,0,0,0,1,0,0,0,0,0,0,0,1,0,0,1,0,1,0,1,0,0,1,0,0,0,0,0,0,0,0,0,442,0.2,0.0565610859728506,1.0,0.5497737556561086,1.0,66.19,http://localhost:5051/sessions/ssrf-url_fetch_json_webhook,[]
0,0,0,0,0,0,0,0,0,0,0,0,0,405,0,147.61,153,4.599963902086099,0.0,0,0,0,0,0,0.0,0,0,0,0,0,0,0.0,0,0,0,0,0,0,0,0,0,0,0,0,0,0,0,0,0,0,8,3,0,0,0,0,0,0,0.0,0,0,0,0,0,0,0,0,0,0,0,0,0,0,0,0,0,0,1,0,0,0,0,0,0,0,0,0,0,0,0,0,0,0,0,722,0.0333333333333333,0.0,1.0,0.7257617728531855,1.0,61.99,http://localhost:5051/sessions/racecondition-withdraw_toctou_no_lock,[]
0,0,0,0,0,0,0,0,0,0,0,0,0,405,0,103.87,153,4.599963902086099,0.0,0,0,0,0,0,0.0,0,0,0,0,0,0,0.0,0,0,0,0,0,0,0,0,0,0,0,0,0,0,0,0,0,0,8,3,0,0,0,0,0,0,0.0,0,0,0,0,0,0,0,1,0,0,0,0,0,0,0,1,0,0,1,0,1,0,1,0,0,1,0,0,0,0,0,0,0,0,0,460,0.2,0.058695652173913,1.0,0.558695652173913,1.0,66.41,http://localhost:5051/documents/xss-reflected_json_span,[]
0,0,0,0,0,0,0,0,0,0,0,0,0,405,0,137.7,153,4.599963902086099,0.0,0,0,0,0,0,0.0,0,0,0,0,0,0,0.0,0,0,0,0,0,0,0,0,0,0,0,0,0,0,0,0,0,0,8,3,0,0,0,0,0,0,0.0,0,0,0,0,0,0,0,0,0,0,0,0,0,0,0,0,0,0,1,0,0,0,0,0,0,0,0,0,0,0,0,0,0,0,0,725,0.0333333333333333,0.0,1.0,0.7227586206896551,1.0,61.99,http://localhost:5051/documents/graphqli-introspection_left_enabled,[]
0,0,0,0,0,0,0,0,0,0,0,0,0,405,0,99.5,153,4.599963902086099,0.0,0,0,0,0,0,0.0,0,0,0,0,0,0,0.0,0,0,0,0,0,0,0,0,0,0,0,0,0,0,0,0,0,0,8,3,0,0,0,0,0,0,0.0,0,0,0,0,0,0,0,0,0,0,0,0,0,0,0,0,0,0,1,0,0,0,0,0,0,0,0,0,0,0,0,0,0,0,0,724,0.0333333333333333,0.0,1.0,0.7237569060773481,1.0,61.99,http://localhost:5051/reviews/sqli-union_select_id,[]
0,0,0,0,0,0,0,0,0,0,0,0,0,405,0,134.38,153,4.599963902086099,0.0,0,0,0,0,0,0.0,0,0,0,0,0,0,0.0,0,0,0,0,0,0,0,0,0,0,0,0,0,0,0,0,0,0,8,3,0,0,0,0,0,0,0.0,0,0,0,0,0,0,0,0,0,0,0,0,0,0,0,0,0,0,1,0,0,0,0,0,0,0,0,0,0,0,0,0,0,0,0,726,0.0333333333333333,0.0,1.0,0.721763085399449,1.0,61.99,http://localhost:5051/reviews/nosqli-regex_operator_injection,[]
0,0,0,0,0,0,0,0,0,0,0,0,0,405,0,149.38,153,4.599963902086099,0.0,0,0,0,0,0,0.0,0,0,0,0,0,0,0.0,0,0,0,0,0,0,0,0,0,0,0,0,0,0,0,0,0,0,8,3,0,0,0,0,0,0,0.0,0,0,0,0,0,0,0,0,0,0,0,0,0,0,0,0,0,0,1,0,0,0,0,0,0,0,0,0,0,0,0,0,0,0,0,726,0.0333333333333333,0.0,1.0,0.721763085399449,1.0,61.99,http://localhost:5051/reviews/ratelimit-login_endpoint_no_throttle,[]
0,0,0,0,0,0,0,0,0,0,0,0,0,405,0,106.1,153,4.599963902086099,0.0,0,0,0,0,0,0.0,0,0,0,0,0,0,0.0,0,0,0,0,0,0,0,0,0,0,0,0,0,0,0,0,0,0,8,3,0,0,0,0,0,0,0.0,0,0,0,0,0,0,0,1,0,0,0,0,0,0,0,1,0,0,1,0,1,0,1,0,0,1,0,0,0,0,0,0,0,0,0,455,0.2,0.0571428571428571,1.0,0.5560439560439561,1.0,66.43,http://localhost:5051/articles/xss-reflected_json_span,[]
0,0,0,0,0,0,0,0,0,0,0,0,0,405,0,156.02,153,4.599963902086099,0.0,0,0,0,0,0,0.0,0,0,0,0,0,0,0.0,0,0,0,0,0,0,0,0,0,0,0,0,0,0,0,0,0,0,8,3,0,0,0,0,0,0,0.0,0,0,0,0,0,0,0,1,0,0,0,0,0,0,0,1,0,0,1,0,1,0,1,0,0,1,0,0,0,0,0,0,0,0,0,452,0.2,0.0575221238938053,1.0,0.5553097345132744,1.0,66.2,http://localhost:5051/articles/ssrf-url_fetch_json_webhook,[]
0,0,0,0,0,0,0,0,0,0,0,0,0,405,0,128.1,153,4.599963902086099,0.0,0,0,0,0,0,0.0,0,0,0,0,0,0,0.0,0,0,0,0,0,0,0,0,0,0,0,0,0,0,0,0,0,0,8,3,0,0,0,0,0,0,0.0,0,0,0,0,0,0,0,0,0,0,0,0,0,0,0,0,0,0,1,0,0,0,0,0,0,0,0,0,0,0,0,0,0,0,0,725,0.0333333333333333,0.0,1.0,0.7227586206896551,1.0,61.99,http://localhost:5051/events/sqli-union_select_id,[]
0,0,0,0,0,0,0,0,0,0,0,0,0,405,0,112.38,153,4.599963902086099,0.0,0,0,0,0,0,0.0,0,0,0,0,0,0,0.0,0,0,0,0,0,0,0,0,0,0,0,0,0,0,0,0,0,0,8,3,0,0,0,0,0,0,0.0,0,0,0,0,0,0,0,0,0,0,0,0,0,0,0,0,0,0,1,0,0,0,0,0,0,0,0,0,0,0,0,0,0,0,0,724,0.0333333333333333,0.0,1.0,0.7237569060773481,1.0,61.99,http://localhost:5051/events/nosqli-auth_operator_bypass,[]
0,0,0,0,0,0,0,0,0,0,0,0,0,405,0,130.18,153,4.599963902086099,0.0,0,0,0,0,0,0.0,0,0,0,0,0,0,0.0,0,0,0,0,0,0,0,0,0,0,0,0,0,0,0,0,0,0,8,3,0,0,0,0,0,0,0.0,0,0,0,0,0,0,0,0,0,0,0,0,0,0,0,0,0,0,1,0,0,0,0,0,0,0,0,0,0,0,0,0,0,0,0,726,0.0333333333333333,0.0,1.0,0.721763085399449,1.0,61.99,http://localhost:5051/events/graphqli-no_query_depth_limit,[]
0,0,0,0,0,0,0,0,0,0,0,0,0,405,0,109.57,153,4.599963902086099,0.0,0,0,0,0,0,0.0,0,0,0,0,0,0,0.0,0,0,0,0,0,0,0,0,0,0,0,0,0,0,0,0,0,0,8,3,0,0,0,0,0,0,0.0,0,0,0,0,0,0,0,0,0,0,0,0,0,0,0,0,0,0,1,0,0,0,0,0,0,0,0,0,0,0,0,0,0,0,0,723,0.0333333333333333,0.0,1.0,0.7247579529737206,1.0,61.99,http://localhost:5051/bookings/insecupload-no_content_type_check,[]
0,0,0,0,0,0,0,0,0,0,0,0,0,405,0,140.75,153,4.599963902086099,0.0,0,0,0,0,0,0.0,0,0,0,0,0,0,0.0,0,0,0,0,0,0,0,0,0,0,0,0,0,0,0,0,0,0,8,3,0,0,0,0,0,0,0.0,0,0,0,0,0,0,0,1,0,0,0,0,0,0,0,1,0,0,1,0,1,0,1,0,0,1,0,0,0,0,0,0,0,0,0,446,0.2,0.0560538116591928,1.0,0.5448430493273543,1.0,66.2,http://localhost:5051/bookings/ssrf-url_fetch_json_webhook,[]
0,0,0,0,0,0,0,0,0,0,0,0,0,405,0,110.74,153,4.599963902086099,0.0,0,0,0,0,0,0.0,0,0,0,0,0,0,0.0,0,0,0,0,0,0,0,0,0,0,0,0,0,0,0,0,0,0,8,3,0,0,0,0,0,0,0.0,0,0,0,0,0,0,0,0,0,0,0,0,0,0,0,0,0,0,1,0,0,0,0,0,0,0,0,0,0,0,0,0,0,0,0,725,0.0333333333333333,0.0,1.0,0.7227586206896551,1.0,61.99,http://localhost:5051/bookings/racecondition-coupon_redeem_toctou_no_lock,[]
0,0,0,0,0,0,0,0,0,0,0,0,0,405,0,124.56,153,4.599963902086099,0.0,0,0,0,0,0,0.0,0,0,0,0,0,0,0.0,0,0,0,0,0,0,0,0,0,0,0,0,0,0,0,0,0,0,8,3,0,0,0,0,0,0,0.0,0,0,0,0,0,0,0,1,0,0,0,0,0,0,0,1,0,0,1,0,1,0,1,0,0,1,0,0,0,0,0,0,0,0,0,474,0.2,0.0548523206751054,0.978902953586498,0.5527426160337553,0.978902953586498,66.43,http://localhost:5051/subscriptions/xss-reflected_json_span,[]
0,0,0,0,0,0,0,0,0,0,0,0,0,405,0,137.26,153,4.599963902086099,0.0,0,0,0,0,0,0.0,0,0,0,0,0,0,0.0,0,0,0,0,0,0,0,0,0,0,0,0,0,0,0,0,0,0,8,3,0,0,0,0,0,0,0.0,0,0,0,0,0,0,0,0,0,0,0,0,0,0,0,0,0,0,1,0,0,0,0,0,0,0,0,0,0,0,0,0,0,0,0,725,0.0333333333333333,0.0,1.0,0.7227586206896551,1.0,61.99,http://localhost:5051/subscriptions/xpath_injection-login_xpath_concat,[]
0,0,0,0,0,0,0,0,0,0,0,0,0,405,0,105.77,153,4.599963902086099,0.0,0,0,0,0,0,0.0,0,0,0,0,0,0,0.0,0,0,0,0,0,0,0,0,0,0,0,0,0,0,0,0,0,0,8,3,0,0,0,0,0,0,0.0,0,0,0,0,0,0,0,0,0,0,0,0,0,0,0,0,0,0,1,0,0,0,0,0,0,0,0,0,0,0,0,0,0,0,0,721,0.0333333333333333,0.0,1.0,0.7267683772538142,1.0,61.99,http://localhost:5051/notifications/sqli-like_search_concat,[]
0,0,0,0,0,0,0,0,0,0,0,0,0,405,0,127.9,153,4.599963902086099,0.0,0,0,0,0,0,0.0,0,0,0,0,0,0,0.0,0,0,0,0,0,0,0,0,0,0,0,0,0,0,0,0,0,0,8,3,0,0,0,0,0,0,0.0,0,0,0,0,0,0,0,0,0,0,0,0,0,0,0,0,0,0,1,0,0,0,0,0,0,0,0,0,0,0,0,0,0,0,0,733,0.0333333333333333,0.0,0.9863574351978172,0.7148703956343793,0.9863574351978172,61.99,http://localhost:5051/notifications/idor-json_body_id_direct_access,[]
0,0,0,0,0,0,0,0,0,0,0,0,0,405,0,138.56,153,4.599963902086099,0.0,0,0,0,0,0,0.0,0,0,0,0,0,0,0.0,0,0,0,0,0,0,0,0,0,0,0,0,0,0,0,0,0,0,8,3,0,0,0,0,0,0,0.0,0,0,0,0,0,0,0,0,0,0,0,0,0,0,0,0,0,0,1,0,0,0,0,0,0,0,0,0,0,0,0,0,0,0,0,724,0.0333333333333333,0.0,1.0,0.7237569060773481,1.0,61.99,http://localhost:5051/notifications/openredirect-post_login_next_param,[]
0,0,0,0,0,0,0,0,0,0,0,0,0,405,0,109.67,153,4.599963902086099,0.0,0,0,0,0,0,0.0,0,0,0,0,0,0,0.0,0,0,0,0,0,0,0,0,0,0,0,0,0,0,0,0,0,0,8,3,0,0,0,0,0,0,0.0,0,0,0,0,0,0,0,1,0,0,0,0,0,0,0,1,0,0,1,0,1,0,1,0,0,1,0,0,0,0,0,0,0,0,0,454,0.2,0.0572687224669603,1.0,0.5594713656387665,1.0,66.43,http://localhost:5051/logs/xss-reflected_json_span,[]
0,0,0,0,0,0,0,0,0,0,0,0,0,405,0,122.76,153,4.599963902086099,0.0,0,0,0,0,0,0.0,0,0,0,0,0,0,0.0,0,0,0,0,0,0,0,0,0,0,0,0,0,0,0,0,0,0,8,3,0,0,0,0,0,0,0.0,0,0,0,0,0,0,0,1,0,0,0,0,0,0,0,1,0,0,1,0,1,0,1,0,0,1,0,0,0,0,0,0,0,0,0,452,0.2,0.0575221238938053,1.0,0.5530973451327433,1.0,66.2,http://localhost:5051/logs/ssrf-url_fetch_json_webhook,[]
0,0,0,0,0,0,0,0,0,0,0,0,0,405,0,97.94,153,4.599963902086099,0.0,0,0,0,0,0,0.0,0,0,0,0,0,0,0.0,0,0,0,0,0,0,0,0,0,0,0,0,0,0,0,0,0,0,8,3,0,0,0,0,0,0,0.0,0,0,0,0,0,0,0,0,0,0,0,0,0,0,0,0,0,0,1,0,0,0,0,0,0,0,0,0,0,0,0,0,0,0,0,722,0.0333333333333333,0.0,1.0,0.7257617728531855,1.0,61.99,http://localhost:5051/backups/sqli-union_select_id,[]
0,0,0,0,0,0,0,0,0,0,0,0,0,405,0,104.73,153,4.599963902086099,0.0,0,0,0,0,0,0.0,0,0,0,0,0,0,0.0,0,0,0,0,0,0,0,0,0,0,0,0,0,0,0,0,0,0,8,3,0,0,0,0,0,0,0.0,0,0,0,0,0,0,0,0,0,0,0,0,0,0,0,0,0,0,1,0,0,0,0,0,0,0,0,0,0,0,0,0,0,0,0,723,0.0333333333333333,0.0,1.0,0.7247579529737206,1.0,61.99,http://localhost:5051/backups/nosqli-search_filter_injection,[]
0,0,0,0,0,0,0,0,0,0,0,0,0,405,0,153.98,153,4.599963902086099,0.0,0,0,0,0,0,0.0,0,0,0,0,0,0,0.0,0,0,0,0,0,0,0,0,0,0,0,0,0,0,0,0,0,0,8,3,0,0,0,0,0,0,0.0,0,0,0,0,0,0,0,0,0,0,0,0,0,0,0,0,0,0,1,0,0,0,0,0,0,0,0,0,0,0,0,0,0,0,0,722,0.0333333333333333,0.0,1.0,0.7257617728531855,1.0,61.99,http://localhost:5051/backups/csrf-generic_state_change_no_token,[]
0,0,0,0,0,0,0,0,0,0,0,0,0,405,0,98.73,153,4.599963902086099,0.0,0,0,0,0,0,0.0,0,0,0,0,0,0,0.0,0,0,0,0,0,0,0,0,0,0,0,0,0,0,0,0,0,0,8,3,0,0,0,0,0,0,0.0,0,0,0,0,0,0,0,0,0,0,0,0,0,0,0,0,0,0,1,0,0,0,0,0,0,0,0,0,0,0,0,0,0,0,0,725,0.0333333333333333,0.0,1.0,0.7227586206896551,1.0,61.99,http://localhost:5051/exports/insecupload-no_extension_whitelist,[]
0,0,0,0,0,0,0,0,0,0,0,0,0,405,0,116.99,153,4.599963902086099,0.0,0,0,0,0,0,0.0,0,0,0,0,0,0,0.0,0,0,0,0,0,0,0,0,0,0,0,0,0,0,0,0,0,0,8,3,0,0,0,0,0,0,0.0,0,0,0,0,0,0,0,1,0,0,0,0,0,0,0,1,0,0,1,0,1,0,1,0,0,1,0,0,0,0,0,0,0,0,0,452,0.2,0.0553097345132743,1.0,0.5530973451327433,1.0,66.2,http://localhost:5051/exports/ssrf-url_fetch_json_webhook,[]
0,0,0,0,0,0,0,0,0,0,0,0,0,405,0,131.29,153,4.599963902086099,0.0,0,0,0,0,0,0.0,0,0,0,0,0,0,0.0,0,0,0,0,0,0,0,0,0,0,0,0,0,0,0,0,0,0,8,3,0,0,0,0,0,0,0.0,0,0,0,0,0,0,0,0,0,0,0,0,0,0,0,0,0,0,1,0,0,0,0,0,0,0,0,0,0,0,0,0,0,0,0,733,0.0333333333333333,0.0,0.9863574351978172,0.7148703956343793,0.9863574351978172,61.99,http://localhost:5051/exports/crlf_injection-log_injection_crlf,[]
0,0,0,0,0,0,0,0,0,0,0,0,0,405,0,110.05,153,4.599963902086099,0.0,0,0,0,0,0,0.0,0,0,0,0,0,0,0.0,0,0,0,0,0,0,0,0,0,0,0,0,0,0,0,0,0,0,8,3,0,0,0,0,0,0,0.0,0,0,0,0,0,0,0,1,0,0,0,0,0,0,0,1,0,0,1,0,1,0,1,0,0,1,0,0,0,0,0,0,0,0,0,451,0.2,0.0576496674057649,1.0,0.5631929046563193,1.0,66.43,http://localhost:5051/imports/xss-reflected_json_span,[]
0,0,0,0,0,0,0,0,0,0,0,0,0,405,0,140.63,153,4.599963902086099,0.0,0,0,0,0,0,0.0,0,0,0,0,0,0,0.0,0,0,0,0,0,0,0,0,0,0,0,0,0,0,0,0,0,0,8,3,0,0,0,0,0,0,0.0,0,0,0,0,0,0,0,0,0,0,0,0,0,0,0,0,0,0,1,0,0,0,0,0,0,0,0,0,0,0,0,0,0,0,0,726,0.0333333333333333,0.0,1.0,0.721763085399449,1.0,61.99,http://localhost:5051/imports/graphqli-no_query_depth_limit,[]
0,0,0,0,0,0,0,0,0,0,0,0,0,405,0,115.19,153,4.599963902086099,0.0,0,0,0,0,0,0.0,0,0,0,0,0,0,0.0,0,0,0,0,0,0,0,0,0,0,0,0,0,0,0,0,0,0,8,3,0,0,0,0,0,0,0.0,0,0,0,0,0,0,0,0,0,0,0,0,0,0,0,0,0,0,1,0,0,0,0,0,0,0,0,0,0,0,0,0,0,0,0,723,0.0333333333333333,0.0,1.0,0.7247579529737206,1.0,61.99,http://localhost:5051/profiles/sqli-login_bypass,[]
0,0,0,0,0,0,0,0,0,0,0,0,0,405,0,128.61,153,4.599963902086099,0.0,0,0,0,0,0,0.0,0,0,0,0,0,0,0.0,0,0,0,0,0,0,0,0,0,0,0,0,0,0,0,0,0,0,8,3,0,0,0,0,0,0,0.0,0,0,0,0,0,0,0,0,0,0,0,0,0,0,0,0,0,0,1,0,0,0,0,0,0,0,0,0,0,0,0,0,0,0,0,727,0.0333333333333333,0.0,1.0,0.7207702888583218,1.0,61.99,http://localhost:5051/profiles/idor-json_body_id_direct_access,[]
0,0,0,0,0,0,0,0,0,0,0,0,0,405,0,176.56,153,4.599963902086099,0.0,0,0,0,0,0,0.0,0,0,0,0,0,0,0.0,0,0,0,0,0,0,0,0,0,0,0,0,0,0,0,0,0,0,8,3,0,0,0,0,0,0,0.0,0,0,0,0,0,0,0,0,0,0,0,0,0,0,0,0,0,0,1,0,0,0,0,0,0,0,0,0,0,0,0,0,0,0,0,724,0.0333333333333333,0.0,1.0,0.7237569060773481,1.0,61.99,http://localhost:5051/profiles/openredirect-post_login_next_param,[]
0,0,0,0,0,0,0,0,0,0,0,0,0,405,0,97.54,153,4.599963902086099,0.0,0,0,0,0,0,0.0,0,0,0,0,0,0,0.0,0,0,0,0,0,0,0,0,0,0,0,0,0,0,0,0,0,0,8,3,0,0,0,0,0,0,0.0,0,0,0,0,0,0,0,1,0,0,0,0,0,0,0,1,0,0,1,0,1,0,1,0,0,1,0,0,0,0,0,0,0,0,0,457,0.2,0.0568927789934354,1.0,0.5557986870897156,1.0,66.43,http://localhost:5051/settings/xss-reflected_json_span,[]
0,0,0,0,0,0,0,0,0,0,0,0,0,405,0,119.63,153,4.599963902086099,0.0,0,0,0,0,0,0.0,0,0,0,0,0,0,0.0,0,0,0,0,0,0,0,0,0,0,0,0,0,0,0,0,0,0,8,3,0,0,0,0,0,0,0.0,0,0,0,0,0,0,0,0,0,0,0,0,0,0,0,0,0,0,1,0,0,0,0,0,0,0,0,0,0,0,0,0,0,0,0,726,0.0333333333333333,0.0,1.0,0.721763085399449,1.0,61.99,http://localhost:5051/settings/ssrf-url_fetch_form_image_import,[]
0,0,0,0,0,0,0,0,0,0,0,0,0,405,0,122.75,153,4.599963902086099,0.0,0,0,0,0,0,0.0,0,0,0,0,0,0,0.0,0,0,0,0,0,0,0,0,0,0,0,0,0,0,0,0,0,0,8,3,0,0,0,0,0,0,0.0,0,0,0,0,0,0,0,0,0,0,0,0,0,0,0,0,0,0,1,0,0,0,0,0,0,0,0,0,0,0,0,0,0,0,0,727,0.0333333333333333,0.0,1.0,0.7207702888583218,1.0,61.99,http://localhost:5051/teams/sqli-login_bypass,[]
0,0,0,0,0,0,0,0,0,0,0,0,0,405,0,120.29,153,4.599963902086099,0.0,0,0,0,0,0,0.0,0,0,0,0,0,0,0.0,0,0,0,0,0,0,0,0,0,0,0,0,0,0,0,0,0,0,8,3,0,0,0,0,0,0,0.0,0,0,0,0,0,0,0,0,0,0,0,0,0,0,0,0,0,0,1,0,0,0,0,0,0,0,0,0,0,0,0,0,0,0,0,723,0.0333333333333333,0.0,1.0,0.7247579529737206,1.0,61.99,http://localhost:5051/teams/nosqli-auth_operator_bypass,[]
0,0,0,0,0,0,0,0,0,0,0,0,0,405,0,139.9,153,4.599963902086099,0.0,0,0,0,0,0,0.0,0,0,0,0,0,0,0.0,0,0,0,0,0,0,0,0,0,0,0,0,0,0,0,0,0,0,8,3,0,0,0,0,0,0,0.0,0,0,0,0,0,0,0,0,0,0,0,0,0,0,0,0,0,0,1,0,0,0,0,0,0,0,0,0,0,0,0,0,0,0,0,722,0.0333333333333333,0.0,1.0,0.7257617728531855,1.0,61.99,http://localhost:5051/teams/csrf-sensitive_transfer_no_token,[]
0,0,0,0,0,0,0,0,0,0,0,0,0,405,0,101.23,153,4.599963902086099,0.0,0,0,0,0,0,0.0,0,0,0,0,0,0,0.0,0,0,0,0,0,0,0,0,0,0,0,0,0,0,0,0,0,0,8,3,0,0,0,0,0,0,0.0,0,0,0,0,0,0,0,0,0,0,0,0,0,0,0,0,0,0,1,0,0,0,0,0,0,0,0,0,0,0,0,0,0,0,0,726,0.0333333333333333,0.0,1.0,0.721763085399449,1.0,61.99,http://localhost:5051/organizations/brokenauth-no_bruteforce_protection,[]
0,0,0,0,0,0,0,0,0,0,0,0,0,405,0,129.09,153,4.599963902086099,0.0,0,0,0,0,0,0.0,0,0,0,0,0,0,0.0,0,0,0,0,0,0,0,0,0,0,0,0,0,0,0,0,0,0,8,3,0,0,0,0,0,0,0.0,0,0,0,0,0,0,0,1,0,0,0,0,0,0,0,1,0,0,1,0,1,0,1,0,0,1,0,0,0,0,0,0,0,0,0,450,0.2,0.0577777777777777,1.0,0.5488888888888889,1.0,66.2,http://localhost:5051/organizations/ssrf-url_fetch_json_webhook,[]
0,0,0,0,0,0,0,0,0,0,0,0,0,405,0,127.56,153,4.599963902086099,0.0,0,0,0,0,0,0.0,0,0,0,0,0,0,0.0,0,0,0,0,0,0,0,0,0,0,0,0,0,0,0,0,0,0,8,3,0,0,0,0,0,0,0.0,0,0,0,0,0,0,0,0,0,0,0,0,0,0,0,0,0,0,1,0,0,0,0,0,0,0,0,0,0,0,0,0,0,0,0,725,0.0333333333333333,0.0,1.0,0.7227586206896551,1.0,61.99,http://localhost:5051/organizations/racecondition-coupon_redeem_toctou_no_lock,[]
0,0,0,0,0,0,0,0,0,0,0,0,0,405,0,104.41,153,4.599963902086099,0.0,0,0,0,0,0,0.0,0,0,0,0,0,0,0.0,0,0,0,0,0,0,0,0,0,0,0,0,0,0,0,0,0,0,8,3,0,0,0,0,0,0,0.0,0,0,0,0,0,0,0,1,0,0,0,0,0,0,0,1,0,0,1,0,1,0,1,0,0,1,0,0,0,0,0,0,0,0,0,653,0.2,0.0398162327718223,1.0,0.3889739663093415,1.0,66.43,http://localhost:5051/api/v1/products/xss-reflected_json_span,[]
0,0,0,0,0,0,0,0,0,0,0,0,0,405,0,169.77,153,4.599963902086099,0.0,0,0,0,0,0,0.0,0,0,0,0,0,0,0.0,0,0,0,0,0,0,0,0,0,0,0,0,0,0,0,0,0,0,8,3,0,0,0,0,0,0,0.0,0,0,0,0,0,0,0,0,0,0,0,0,0,0,0,0,0,0,1,0,0,0,0,0,0,0,0,0,0,0,0,0,0,0,0,923,0.0333333333333333,0.0,1.0,0.5677139761646804,1.0,61.99,http://localhost:5051/api/v1/products/csrf-generic_state_change_no_token,[]
0,0,0,0,0,0,0,0,0,0,0,0,0,405,0,115.12,153,4.599963902086099,0.0,0,0,0,0,0,0.0,0,0,0,0,0,0,0.0,0,0,0,0,0,0,0,0,0,0,0,0,0,0,0,0,0,0,8,3,0,0,0,0,0,0,0.0,0,0,0,0,0,0,0,0,0,0,0,0,0,0,0,0,0,0,1,0,0,0,0,0,0,0,0,0,0,0,0,0,0,0,0,920,0.0333333333333333,0.0,1.0,0.5684782608695652,1.0,61.99,http://localhost:5051/api/v1/users/cmdi-archive_name_shell,[]
0,0,0,0,0,0,0,0,0,0,0,0,0,405,0,118.71,153,4.599963902086099,0.0,0,0,0,0,0,0.0,0,0,0,0,0,0,0.0,0,0,0,0,0,0,0,0,0,0,0,0,0,0,0,0,0,0,8,3,0,0,0,0,0,0,0.0,0,0,0,0,0,0,0,0,0,0,0,0,0,0,0,0,0,0,1,0,0,0,0,0,0,0,0,0,0,0,0,0,0,0,0,923,0.0333333333333333,0.0,1.0,0.5677139761646804,1.0,61.99,http://localhost:5051/api/v1/users/nosqli-regex_operator_injection,[]
0,0,0,0,0,0,0,0,0,0,0,0,0,405,0,167.56,153,4.599963902086099,0.0,0,0,0,0,0,0.0,0,0,0,0,0,0,0.0,0,0,0,0,0,0,0,0,0,0,0,0,0,0,0,0,0,0,8,3,0,0,0,0,0,0,0.0,0,0,0,0,0,0,0,0,0,0,0,0,0,0,0,0,0,0,1,0,0,0,0,0,0,0,0,0,0,0,0,0,0,0,0,923,0.0333333333333333,0.0,1.0,0.5677139761646804,1.0,61.99,http://localhost:5051/api/v1/users/ratelimit-login_endpoint_no_throttle,[]
0,0,0,0,0,0,0,0,0,0,0,0,0,405,0,102.67,153,4.599963902086099,0.0,0,0,0,0,0,0.0,0,0,0,0,0,0,0.0,0,0,0,0,0,0,0,0,0,0,0,0,0,0,0,0,0,0,8,3,0,0,0,0,0,0,0.0,0,0,0,0,0,0,0,1,0,0,0,0,0,0,0,1,0,0,1,0,1,0,1,0,0,1,0,0,0,0,0,0,0,0,0,654,0.2,0.0397553516819571,1.0,0.3929663608562691,1.0,66.43,http://localhost:5051/api/v1/orders/xss-reflected_json_span,[]
0,0,0,0,0,0,0,0,0,0,0,0,0,405,0,146.37,153,4.599963902086099,0.0,0,0,0,0,0,0.0,0,0,0,0,0,0,0.0,0,0,0,0,0,0,0,0,0,0,0,0,0,0,0,0,0,0,8,3,0,0,0,0,0,0,0.0,0,0,0,0,0,0,0,1,0,0,0,0,0,0,0,1,0,0,1,0,1,0,1,0,0,1,0,0,0,0,0,0,0,0,0,643,0.2,0.0388802488335925,1.0,0.3794712286158631,1.0,66.2,http://localhost:5051/api/v1/orders/ssrf-url_fetch_json_webhook,[]
0,0,0,0,0,0,0,0,0,0,0,0,0,405,0,125.85,153,4.599963902086099,0.0,0,0,0,0,0,0.0,0,0,0,0,0,0,0.0,0,0,0,0,0,0,0,0,0,0,0,0,0,0,0,0,0,0,8,3,0,0,0,0,0,0,0.0,0,0,0,0,0,0,0,0,0,0,0,0,0,0,0,0,0,0,1,0,0,0,0,0,0,0,0,0,0,0,0,0,0,0,0,920,0.0333333333333333,0.0,1.0,0.5684782608695652,1.0,61.99,http://localhost:5051/api/v1/invoices/sqli-login_bypass,[]
0,0,0,0,0,0,0,0,0,0,0,0,0,405,0,114.69,153,4.599963902086099,0.0,0,0,0,0,0,0.0,0,0,0,0,0,0,0.0,0,0,0,0,0,0,0,0,0,0,0,0,0,0,0,0,0,0,8,3,0,0,0,0,0,0,0.0,0,0,0,0,0,0,0,0,0,0,0,0,0,0,0,0,0,0,1,0,0,0,0,0,0,0,0,0,0,0,0,0,0,0,0,921,0.0333333333333333,0.0,1.0,0.5689467969598263,1.0,61.99,http://localhost:5051/api/v1/invoices/nosqli-regex_operator_injection,[]
0,0,0,0,0,0,0,0,0,0,0,0,0,405,0,151.72,153,4.599963902086099,0.0,0,0,0,0,0,0.0,0,0,0,0,0,0,0.0,0,0,0,0,0,0,0,0,0,0,0,0,0,0,0,0,0,0,8,3,0,0,0,0,0,0,0.0,0,0,0,0,0,0,0,0,0,0,0,0,0,0,0,0,0,0,1,0,0,0,0,0,0,0,0,0,0,0,0,0,0,0,0,923,0.0333333333333333,0.0,1.0,0.5677139761646804,1.0,61.99,http://localhost:5051/api/v1/invoices/graphqli-no_query_depth_limit,[]
0,0,0,0,0,0,0,0,0,0,0,0,0,405,0,106.13,153,4.599963902086099,0.0,0,0,0,0,0,0.0,0,0,0,0,0,0,0.0,0,0,0,0,0,0,0,0,0,0,0,0,0,0,0,0,0,0,8,3,0,0,0,0,0,0,0.0,0,0,0,0,0,0,0,0,0,0,0,0,0,0,0,0,0,0,1,0,0,0,0,0,0,0,0,0,0,0,0,0,0,0,0,920,0.0333333333333333,0.0,1.0,0.5684782608695652,1.0,61.99,http://localhost:5051/api/v1/comments/insecdeser-yaml_unsafe_load,[]
0,0,0,0,0,0,0,0,0,0,0,0,0,405,0,136.81,153,4.599963902086099,0.0,0,0,0,0,0,0.0,0,0,0,0,0,0,0.0,0,0,0,0,0,0,0,0,0,0,0,0,0,0,0,0,0,0,8,3,0,0,0,0,0,0,0.0,0,0,0,0,0,0,0,1,0,0,0,0,0,0,0,1,0,0,1,0,1,0,1,0,0,1,0,0,0,0,0,0,0,0,0,651,0.2,0.0384024577572964,0.9846390168970814,0.3717357910906298,0.9846390168970814,66.21,http://localhost:5051/api/v1/comments/ssrf-url_fetch_json_webhook,[]
0,0,0,0,0,0,0,0,0,0,0,0,0,405,0,152.36,153,4.599963902086099,0.0,0,0,0,0,0,0.0,0,0,0,0,0,0,0.0,0,0,0,0,0,0,0,0,0,0,0,0,0,0,0,0,0,0,8,3,0,0,0,0,0,0,0.0,0,0,0,0,0,0,0,0,0,0,0,0,0,0,0,0,0,0,1,0,0,0,0,0,0,0,0,0,0,0,0,0,0,0,0,923,0.0333333333333333,0.0,1.0,0.5677139761646804,1.0,61.99,http://localhost:5051/api/v1/comments/openredirect-post_login_next_param,[]
0,0,0,0,0,0,0,0,0,0,0,0,0,405,0,113.46,153,4.599963902086099,0.0,0,0,0,0,0,0.0,0,0,0,0,0,0,0.0,0,0,0,0,0,0,0,0,0,0,0,0,0,0,0,0,0,0,8,3,0,0,0,0,0,0,0.0,0,0,0,0,0,0,0,1,0,0,0,0,0,0,0,1,0,0,1,0,1,0,1,0,0,1,0,0,0,0,0,0,0,0,0,660,0.2,0.0409090909090909,1.0,0.396969696969697,1.0,66.42,http://localhost:5051/api/v1/files/xss-reflected_json_span,[]
0,0,0,0,0,0,0,0,0,0,0,0,0,405,0,149.55,153,4.599963902086099,0.0,0,0,0,0,0,0.0,0,0,0,0,0,0,0.0,0,0,0,0,0,0,0,0,0,0,0,0,0,0,0,0,0,0,8,3,0,0,0,0,0,0,0.0,0,0,0,0,0,0,0,0,0,0,0,0,0,0,0,0,0,0,1,0,0,0,0,0,0,0,0,0,0,0,0,0,0,0,0,923,0.0333333333333333,0.0,1.0,0.5677139761646804,1.0,61.99,http://localhost:5051/api/v1/files/graphqli-introspection_left_enabled,[]
0,0,0,0,0,0,0,0,0,0,0,0,0,405,0,110.03,153,4.599963902086099,0.0,0,0,0,0,0,0.0,0,0,0,0,0,0,0.0,0,0,0,0,0,0,0,0,0,0,0,0,0,0,0,0,0,0,8,3,0,0,0,0,0,0,0.0,0,0,0,0,0,0,0,0,0,0,0,0,0,0,0,0,0,0,1,0,0,0,0,0,0,0,0,0,0,0,0,0,0,0,0,921,0.0333333333333333,0.0,1.0,0.5689467969598263,1.0,61.99,http://localhost:5051/api/v1/images/cmdi-filename_echo_shell,[]
0,0,0,0,0,0,0,0,0,0,0,0,0,405,0,115.07,153,4.599963902086099,0.0,0,0,0,0,0,0.0,0,0,0,0,0,0,0.0,0,0,0,0,0,0,0,0,0,0,0,0,0,0,0,0,0,0,8,3,0,0,0,0,0,0,0.0,0,0,0,0,0,0,0,0,0,0,0,0,0,0,0,0,0,0,1,0,0,0,0,0,0,0,0,0,0,0,0,0,0,0,0,923,0.0333333333333333,0.0,1.0,0.5677139761646804,1.0,61.99,http://localhost:5051/api/v1/images/idor-json_body_id_direct_access,[]
0,0,0,0,0,0,0,0,0,0,0,0,0,405,0,164.44,153,4.599963902086099,0.0,0,0,0,0,0,0.0,0,0,0,0,0,0,0.0,0,0,0,0,0,0,0,0,0,0,0,0,0,0,0,0,0,0,8,3,0,0,0,0,0,0,0.0,0,0,0,0,0,0,0,0,0,0,0,0,0,0,0,0,0,0,1,0,0,0,0,0,0,0,0,0,0,0,0,0,0,0,0,923,0.0333333333333333,0.0,1.0,0.5677139761646804,1.0,61.99,http://localhost:5051/api/v1/images/openredirect-post_login_next_param,[]
0,0,0,0,0,0,0,0,0,0,0,0,0,405,0,104.16,153,4.599963902086099,0.0,0,0,0,0,0,0.0,0,0,0,0,0,0,0.0,0,0,0,0,0,0,0,0,0,0,0,0,0,0,0,0,0,0,8,3,0,0,0,0,0,0,0.0,0,0,0,0,0,0,0,1,0,0,0,0,0,0,0,1,0,0,1,0,1,0,1,0,0,1,0,0,0,0,0,0,0,0,0,653,0.2,0.0398162327718223,1.0,0.3889739663093415,1.0,66.43,http://localhost:5051/api/v1/reports/xss-reflected_json_span,[]
0,0,0,0,0,0,0,0,0,0,0,0,0,405,0,130.86,153,4.599963902086099,0.0,0,0,0,0,0,0.0,0,0,0,0,0,0,0.0,0,0,0,0,0,0,0,0,0,0,0,0,0,0,0,0,0,0,8,3,0,0,0,0,0,0,0.0,0,0,0,0,0,0,0,1,0,0,0,0,0,0,0,1,0,0,1,0,1,0,1,0,0,1,0,0,0,0,0,0,0,0,0,654,0.2,0.0382262996941896,0.9847094801223242,0.3761467889908257,0.9847094801223242,66.2,http://localhost:5051/api/v1/reports/ssrf-url_fetch_json_webhook,[]
0,0,0,0,0,0,0,0,0,0,0,0,0,405,0,94.16,153,4.599963902086099,0.0,0,0,0,0,0,0.0,0,0,0,0,0,0,0.0,0,0,0,0,0,0,0,0,0,0,0,0,0,0,0,0,0,0,8,3,0,0,0,0,0,0,0.0,0,0,0,0,0,0,0,0,0,0,0,0,0,0,0,0,0,0,1,0,0,0,0,0,0,0,0,0,0,0,0,0,0,0,0,919,0.0333333333333333,0.0,1.0,0.5690968443960827,1.0,61.99,http://localhost:5051/api/v1/reports/racecondition-withdraw_toctou_no_lock,[]
0,0,0,0,0,0,0,0,0,0,0,0,0,405,0,131.35,153,4.599963902086099,0.0,0,0,0,0,0,0.0,0,0,0,0,0,0,0.0,0,0,0,0,0,0,0,0,0,0,0,0,0,0,0,0,0,0,8,3,0,0,0,0,0,0,0.0,0,0,0,0,0,0,0,0,0,0,0,0,0,0,0,0,0,0,1,0,0,0,0,0,0,0,0,0,0,0,0,0,0,0,0,921,0.0333333333333333,0.0,1.0,0.5689467969598263,1.0,61.99,http://localhost:5051/api/v1/tickets/xxe-resolve_entities_form_body,[]
0,0,0,0,0,0,0,0,0,0,0,0,0,405,0,155.03,153,4.599963902086099,0.0,0,0,0,0,0,0.0,0,0,0,0,0,0,0.0,0,0,0,0,0,0,0,0,0,0,0,0,0,0,0,0,0,0,8,3,0,0,0,0,0,0,0.0,0,0,0,0,0,0,0,0,0,0,0,0,0,0,0,0,0,0,1,0,0,0,0,0,0,0,0,0,0,0,0,0,0,0,0,922,0.0333333333333333,0.0,1.0,0.5683297180043384,1.0,61.99,http://localhost:5051/api/v1/tickets/ratelimit-login_endpoint_no_throttle,[]
0,0,0,0,0,0,0,0,0,0,0,0,0,405,0,93.96,153,4.599963902086099,0.0,0,0,0,0,0,0.0,0,0,0,0,0,0,0.0,0,0,0,0,0,0,0,0,0,0,0,0,0,0,0,0,0,0,8,3,0,0,0,0,0,0,0.0,0,0,0,0,0,0,0,0,0,0,0,0,0,0,0,0,0,0,1,0,0,0,0,0,0,0,0,0,0,0,0,0,0,0,0,921,0.0333333333333333,0.0,1.0,0.5689467969598263,1.0,61.99,http://localhost:5051/api/v1/messages/insecdeser-pickle_b64_import,[]
0,0,0,0,0,0,0,0,0,0,0,0,0,405,0,132.81,153,4.599963902086099,0.0,0,0,0,0,0,0.0,0,0,0,0,0,0,0.0,0,0,0,0,0,0,0,0,0,0,0,0,0,0,0,0,0,0,8,3,0,0,0,0,0,0,0.0,0,0,0,0,0,0,0,1,0,0,0,0,0,0,0,1,0,0,1,0,1,0,1,0,0,1,0,0,0,0,0,0,0,0,0,643,0.2,0.0388802488335925,1.0,0.3794712286158631,1.0,66.2,http://localhost:5051/api/v1/messages/ssrf-url_fetch_json_webhook,[]
0,0,0,0,0,0,0,0,0,0,0,0,0,405,0,154.42,153,4.599963902086099,0.0,0,0,0,0,0,0.0,0,0,0,0,0,0,0.0,0,0,0,0,0,0,0,0,0,0,0,0,0,0,0,0,0,0,8,3,0,0,0,0,0,0,0.0,0,0,0,0,0,0,0,0,0,0,0,0,0,0,0,0,0,0,1,0,0,0,0,0,0,0,0,0,0,0,0,0,0,0,0,923,0.0333333333333333,0.0,1.0,0.5677139761646804,1.0,61.99,http://localhost:5051/api/v1/messages/openredirect-post_login_next_param,[]
0,0,0,0,0,0,0,0,0,0,0,0,0,405,0,109.46,153,4.599963902086099,0.0,0,0,0,0,0,0.0,0,0,0,0,0,0,0.0,0,0,0,0,0,0,0,0,0,0,0,0,0,0,0,0,0,0,8,3,0,0,0,0,0,0,0.0,0,0,0,0,0,0,0,1,0,0,0,0,0,0,0,1,0,0,1,0,1,0,1,0,0,1,0,0,0,0,0,0,0,0,0,650,0.2,0.04,1.0,0.3923076923076923,1.0,66.42,http://localhost:5051/api/v1/projects/xss-reflected_json_span,[]
0,0,0,0,0,0,0,0,0,0,0,0,0,405,0,143.43,153,4.599963902086099,0.0,0,0,0,0,0,0.0,0,0,0,0,0,0,0.0,0,0,0,0,0,0,0,0,0,0,0,0,0,0,0,0,0,0,8,3,0,0,0,0,0,0,0.0,0,0,0,0,0,0,0,0,0,0,0,0,0,0,0,0,0,0,1,0,0,0,0,0,0,0,0,0,0,0,0,0,0,0,0,920,0.0333333333333333,0.0,1.0,0.5684782608695652,1.0,61.99,http://localhost:5051/api/v1/projects/prototype_pollution-deep_merge_preferences,[]
0,0,0,0,0,0,0,0,0,0,0,0,0,405,0,89.25,153,4.599963902086099,0.0,0,0,0,0,0,0.0,0,0,0,0,0,0,0.0,0,0,0,0,0,0,0,0,0,0,0,0,0,0,0,0,0,0,8,3,0,0,0,0,0,0,0.0,0,0,0,0,0,0,0,0,0,0,0,0,0,0,0,0,0,0,1,0,0,0,0,0,0,0,0,0,0,0,0,0,0,0,0,920,0.0333333333333333,0.0,1.0,0.5684782608695652,1.0,61.99,http://localhost:5051/api/v1/tasks/cmdi-archive_name_shell,[]
0,0,0,0,0,0,0,0,0,0,0,0,0,405,0,128.58,153,4.599963902086099,0.0,0,0,0,0,0,0.0,0,0,0,0,0,0,0.0,0,0,0,0,0,0,0,0,0,0,0,0,0,0,0,0,0,0,8,3,0,0,0,0,0,0,0.0,0,0,0,0,0,0,0,0,0,0,0,0,0,0,0,0,0,0,1,0,0,0,0,0,0,0,0,0,0,0,0,0,0,0,0,921,0.0333333333333333,0.0,1.0,0.5689467969598263,1.0,61.99,http://localhost:5051/api/v1/tasks/nosqli-regex_operator_injection,[]
0,0,0,0,0,0,0,0,0,0,0,0,0,405,0,137.04,153,4.599963902086099,0.0,0,0,0,0,0,0.0,0,0,0,0,0,0,0.0,0,0,0,0,0,0,0,0,0,0,0,0,0,0,0,0,0,0,8,3,0,0,0,0,0,0,0.0,0,0,0,0,0,0,0,0,0,0,0,0,0,0,0,0,0,0,1,0,0,0,0,0,0,0,0,0,0,0,0,0,0,0,0,926,0.0333333333333333,0.0,0.9967602591792656,0.5658747300215983,0.9967602591792656,61.99,http://localhost:5051/api/v1/tasks/openredirect-post_login_next_param,[]
0,0,0,0,0,0,0,0,0,0,0,0,0,405,0,101.03,153,4.599963902086099,0.0,0,0,0,0,0,0.0,0,0,0,0,0,0,0.0,0,0,0,0,0,0,0,0,0,0,0,0,0,0,0,0,0,0,8,3,0,0,0,0,0,0,0.0,0,0,0,0,0,0,0,1,0,0,0,0,0,0,0,1,0,0,1,0,1,0,1,0,0,1,0,0,0,0,0,0,0,0,0,651,0.2,0.0399385560675883,1.0,0.3901689708141321,1.0,66.43,http://localhost:5051/api/v1/payments/xss-reflected_json_span,[]
0,0,0,0,0,0,0,0,0,0,0,0,0,405,0,133.84,153,4.599963902086099,0.0,0,0,0,0,0,0.0,0,0,0,0,0,0,0.0,0,0,0,0,0,0,0,0,0,0,0,0,0,0,0,0,0,0,8,3,0,0,0,0,0,0,0.0,0,0,0,0,0,0,0,1,0,0,0,0,0,0,0,1,0,0,1,0,1,0,1,0,0,1,0,0,0,0,0,0,0,0,0,643,0.2,0.0388802488335925,1.0,0.3794712286158631,1.0,66.2,http://localhost:5051/api/v1/payments/ssrf-url_fetch_json_webhook,[]
0,0,0,0,0,0,0,0,0,0,0,0,0,405,0,113.18,153,4.599963902086099,0.0,0,0,0,0,0,0.0,0,0,0,0,0,0,0.0,0,0,0,0,0,0,0,0,0,0,0,0,0,0,0,0,0,0,8,3,0,0,0,0,0,0,0.0,0,0,0,0,0,0,0,0,0,0,0,0,0,0,0,0,0,0,1,0,0,0,0,0,0,0,0,0,0,0,0,0,0,0,0,923,0.0333333333333333,0.0,1.0,0.5677139761646804,1.0,61.99,http://localhost:5051/api/v1/payments/racecondition-coupon_redeem_toctou_no_lock,[]
0,0,0,0,0,0,0,0,0,0,0,0,0,405,0,86.12,153,4.599963902086099,0.0,0,0,0,0,0,0.0,0,0,0,0,0,0,0.0,0,0,0,0,0,0,0,0,0,0,0,0,0,0,0,0,0,0,8,3,0,0,0,0,0,0,0.0,0,0,0,0,0,0,0,0,0,0,0,0,0,0,0,0,0,0,1,0,0,0,0,0,0,0,0,0,0,0,0,0,0,0,0,923,0.0333333333333333,0.0,1.0,0.5677139761646804,1.0,61.99,http://localhost:5051/api/v1/accounts/nosqli-search_filter_injection,[]
0,0,0,0,0,0,0,0,0,0,0,0,0,405,0,156.53,153,4.599963902086099,0.0,0,0,0,0,0,0.0,0,0,0,0,0,0,0.0,0,0,0,0,0,0,0,0,0,0,0,0,0,0,0,0,0,0,8,3,0,0,0,0,0,0,0.0,0,0,0,0,0,0,0,0,0,0,0,0,0,0,0,0,0,0,1,0,0,0,0,0,0,0,0,0,0,0,0,0,0,0,0,921,0.0333333333333333,0.0,1.0,0.5689467969598263,1.0,61.99,http://localhost:5051/api/v1/accounts/csrf-generic_state_change_no_token,[]
0,0,0,0,0,0,0,0,0,0,0,0,0,405,0,110.73,153,4.599963902086099,0.0,0,0,0,0,0,0.0,0,0,0,0,0,0,0.0,0,0,0,0,0,0,0,0,0,0,0,0,0,0,0,0,0,0,8,3,0,0,0,0,0,0,0.0,0,0,0,0,0,0,0,0,0,0,0,0,0,0,0,0,0,0,1,0,0,0,0,0,0,0,0,0,0,0,0,0,0,0,0,923,0.0333333333333333,0.0,1.0,0.5677139761646804,1.0,61.99,http://localhost:5051/api/v1/sessions/insecupload-no_content_type_check,[]
0,0,0,0,0,0,0,0,0,0,0,0,0,405,0,137.32,153,4.599963902086099,0.0,0,0,0,0,0,0.0,0,0,0,0,0,0,0.0,0,0,0,0,0,0,0,0,0,0,0,0,0,0,0,0,0,0,8,3,0,0,0,0,0,0,0.0,0,0,0,0,0,0,0,1,0,0,0,0,0,0,0,1,0,0,1,0,1,0,1,0,0,1,0,0,0,0,0,0,0,0,0,642,0.2,0.0389408099688473,1.0,0.3785046728971962,1.0,66.19,http://localhost:5051/api/v1/sessions/ssrf-url_fetch_json_webhook,[]
0,0,0,0,0,0,0,0,0,0,0,0,0,405,0,92.86,153,4.599963902086099,0.0,0,0,0,0,0,0.0,0,0,0,0,0,0,0.0,0,0,0,0,0,0,0,0,0,0,0,0,0,0,0,0,0,0,8,3,0,0,0,0,0,0,0.0,0,0,0,0,0,0,0,0,0,0,0,0,0,0,0,0,0,0,1,0,0,0,0,0,0,0,0,0,0,0,0,0,0,0,0,921,0.0333333333333333,0.0,1.0,0.5689467969598263,1.0,61.99,http://localhost:5051/api/v1/sessions/crlf_injection-log_injection_crlf,[]
0,0,0,0,0,0,0,0,0,0,0,0,0,405,0,63.29,153,4.599963902086099,0.0,0,0,0,0,0,0.0,0,0,0,0,0,0,0.0,0,0,0,0,0,0,0,0,0,0,0,0,0,0,0,0,0,0,8,3,0,0,0,0,0,0,0.0,0,0,0,0,0,0,0,1,0,0,0,0,0,0,0,1,0,0,1,0,1,0,1,0,0,1,0,0,0,0,0,0,0,0,0,654,0.2,0.0397553516819571,1.0,0.3914373088685015,1.0,66.42,http://localhost:5051/api/v1/documents/xss-reflected_json_span,[]
0,0,0,0,0,0,0,0,0,0,0,0,0,405,0,71.47,153,4.599963902086099,0.0,0,0,0,0,0,0.0,0,0,0,0,0,0,0.0,0,0,0,0,0,0,0,0,0,0,0,0,0,0,0,0,0,0,8,3,0,0,0,0,0,0,0.0,0,0,0,0,0,0,0,0,0,0,0,0,0,0,0,0,0,0,1,0,0,0,0,0,0,0,0,0,0,0,0,0,0,0,0,920,0.0333333333333333,0.0,1.0,0.5684782608695652,1.0,61.99,http://localhost:5051/api/v1/documents/xpath_injection-login_xpath_concat,[]
