url,status_code,deep,response_time,body_length,body_entropy,js_code_entropy,has_password_field,has_file_upload,has_hidden_fields,num_links,num_html_link,other_link_ratio,n_redirects,num_balise_a,num_balise_img,num_balise_script,num_balise_link,num_balise_style,num_balise_iframe,num_balise_video,num_balise_audio,num_balise_embed,num_balise_object,num_balise_form,num_balise_meta,num_balise_cite,strict_transport_security,x_frame_options,x_content_type_options,content_security_policy,x_xss_protection,referrer_policy,permissions_policy,tech_wordpress,tech_joomla,tech_drupal,tech_laravel,tech_django,tech_express,tech_php,tech_aspnet,tech_jquery,tech_angular,tech_react,total_passive_issues,passive_high_count,passive_critical_count,code_body_total_vulns,code_body_critical_vulns,code_body_medium_vulns,code_body_high_vulns,code_body_low_vulns,code_body_max_score,code_scripts_total_vulns,code_scripts_high_vulns,code_scripts_critical_vulns,code_scripts_medium_vulns,code_scripts_low_vulns,fuzzer_SQLi,fuzzer_CMDi,fuzzer_InsecDeser,fuzzer_InsecUpload,fuzzer_BufOvr,fuzzer_CredsExpose,fuzzer_BrokenAuth,fuzzer_XSS,fuzzer_DirTrav,fuzzer_XXE,fuzzer_NoSQLi,fuzzer_LDAPi,fuzzer_InsecPerm,fuzzer_IDOR,fuzzer_SessFix,fuzzer_SSRF,fuzzer_SSTI,fuzzer_Prototype_Pollution,fuzzer_HTTP_Request_Smuggling,fuzzer_XPATH_Injection,fuzzer_GraphQLi,fuzzer_CORS,fuzzer_CSRF,fuzzer_RateLimit,fuzzer_InfoDisc,fuzzer_InsecCrypto,fuzzer_OpenRedirect,fuzzer_JWT,fuzzer_CRLF_Injection,fuzzer_RaceCondition,num_active_test,fuzer_ratio_vuln,fuzzer_ratio_indicators_matched,fuzzer_ration_status_changed,fuzzer_ratio_headers_changed,fuzzer_ratio_body_changed,fuzzer_max_score,labels
http://localhost:5050/products/sqli-where_id_concat,200,0,11.08,212,5.05709631804018,0.0,0,0,0,0,0,0.0,0,0,0,0,0,0,0,0,0,0,0,0,0,0,0,0,0,0,0,0,0,0,0,0,0,0,0,0,0,0,0,0,8,3,0,0,0,0,0,0,0.0,0,0,0,0,0,0,0,0,0,0,0,0,0,0,0,0,0,0,0,0,0,0,0,0,0,0,0,0,0,0,0,0,0,0,0,26,0.0,0.0,0.0,0.2692307692307692,0.15384615384615385,42.14,['SQLi']
http://localhost:5050/products/sqli-order_by_concat,200,0,10.6,269,5.008499375703288,0.0,0,0,0,0,0,0.0,0,0,0,0,0,0,0,0,0,0,0,0,0,0,0,0,0,0,0,0,0,0,0,0,0,0,0,0,0,0,0,0,8,3,0,0,0,0,0,0,0.0,0,0,0,0,0,0,0,0,0,0,0,0,0,0,0,0,0,0,0,0,0,0,0,0,0,0,0,0,0,0,0,0,0,0,0,29,0.0,0.0,0.0,0.27586206896551724,0.0,42.11,['SQLi']
http://localhost:5050/products/sqli-like_search_concat,405,0,13.49,153,4.599963902086099,0.0,0,0,0,0,0,0.0,0,0,0,0,0,0,0,0,0,0,0,0,0,0,0,0,0,0,0,0,0,0,0,0,0,0,0,0,0,0,0,0,8,3,0,0,0,0,0,0,0.0,0,0,0,0,0,0,0,0,0,0,0,0,0,0,0,0,0,0,0,0,0,0,0,0,0,0,0,0,0,0,0,0,0,0,0,26,0.0,0.0,0.0,0.46153846153846156,0.0,41.63,['SQLi']
http://localhost:5050/products/sqli-login_bypass,0,0,49.84,0,0.0,0.0,0,0,0,0,0,0.0,0,0,0,0,0,0,0,0,0,0,0,0,0,0,0,0,0,0,0,0,0,0,0,0,0,0,0,0,0,0,0,0,8,3,0,0,0,0,0,0,0.0,0,0,0,0,0,0,0,0,0,0,0,0,0,0,0,0,0,0,0,0,0,0,0,0,0,0,0,0,0,0,0,0,0,0,0,30,0.0,0.0,0.0,0.0,0.0,10.83,['SQLi']
http://localhost:5050/products/sqli-union_select_id,405,0,97.46,153,4.599963902086099,0.0,0,0,0,0,0,0.0,0,0,0,0,0,0,0,0,0,0,0,0,0,0,0,0,0,0,0,0,0,0,0,0,0,0,0,0,0,0,0,0,8,3,0,0,0,0,0,0,0.0,0,0,0,0,0,0,0,0,0,0,0,0,0,0,0,0,0,0,0,0,0,0,0,0,0,0,0,0,0,0,0,0,0,0,0,29,0.0,0.0,0.0,0.06896551724137931,0.0,11.63,['SQLi']
http://localhost:5050/products/cmdi-ping_host_shell_true,200,0,10.86,457,5.088484272131076,0.0,0,0,0,0,0,0.0,0,0,0,0,0,0,0,0,0,0,0,0,0,0,0,0,0,0,0,0,0,0,0,0,0,0,0,0,0,0,0,0,8,3,0,0,0,0,0,0,0.0,0,0,0,0,0,0,0,0,0,0,0,0,0,0,0,0,0,0,0,0,0,0,0,0,0,0,0,0,0,0,0,0,0,0,0,26,0.0,0.0,0.0,0.2692307692307692,0.0,42.38,['CMDi']
http://localhost:5050/products/cmdi-filename_echo_shell,405,0,28.84,153,4.599963902086099,0.0,0,0,0,0,0,0.0,0,0,0,0,0,0,0,0,0,0,0,0,0,0,0,0,0,0,0,0,0,0,0,0,0,0,0,0,0,0,0,0,8,3,0,0,0,0,0,0,0.0,0,0,0,0,0,0,0,0,0,0,0,0,0,0,0,0,0,0,0,0,0,0,0,0,0,0,0,0,0,0,0,0,0,0,0,30,0.0,0.0,0.0,0.13333333333333333,0.0,41.63,['CMDi']
http://localhost:5050/products/cmdi-archive_name_shell,405,0,50.22,153,4.599963902086099,0.0,0,0,0,0,0,0.0,0,0,0,0,0,0,0,0,0,0,0,0,0,0,0,0,0,0,0,0,0,0,0,0,0,0,0,0,0,0,0,0,8,3,0,0,0,0,0,0,0.0,0,0,0,0,0,0,0,0,0,0,0,0,0,0,0,0,0,0,0,0,0,0,0,0,0,0,0,0,0,0,0,0,0,0,0,30,0.0,0.0,0.0,0.16666666666666666,0.0,28.01,['CMDi']
http://localhost:5050/products/insecdeser-pickle_b64_import,405,0,45.24,153,4.599963902086099,0.0,0,0,0,0,0,0.0,0,0,0,0,0,0,0,0,0,0,0,0,0,0,0,0,0,0,0,0,0,0,0,0,0,0,0,0,0,0,0,0,8,3,0,0,0,0,0,0,0.0,0,0,0,0,0,0,0,0,0,0,0,0,0,0,0,0,0,0,0,0,0,0,0,0,0,0,0,0,0,0,0,0,0,0,0,29,0.0,0.0,0.0,0.1724137931034483,0.0,22.56,['InsecDeser']
http://localhost:5050/products/insecdeser-yaml_unsafe_load,0,0,31.24,0,0.0,0.0,0,0,0,0,0,0.0,0,0,0,0,0,0,0,0,0,0,0,0,0,0,0,0,0,0,0,0,0,0,0,0,0,0,0,0,0,0,0,0,8,3,0,0,0,0,0,0,0.0,0,0,0,0,0,0,0,0,0,0,0,0,0,0,0,0,0,0,0,0,0,0,0,0,0,0,0,0,0,0,0,0,0,0,0,29,0.0,0.0,0.0,0.0,0.0,10.83,['InsecDeser']
http://localhost:5050/products/insecupload-no_extension_whitelist,405,0,10.65,153,4.599963902086099,0.0,0,0,0,0,0,0.0,0,0,0,0,0,0,0,0,0,0,0,0,0,0,0,0,0,0,0,0,0,0,0,0,0,0,0,0,0,0,0,0,8,3,0,0,0,0,0,0,0.0,0,0,0,0,0,0,0,0,0,0,0,0,0,0,0,0,0,0,0,0,0,0,0,0,0,0,0,0,0,0,0,0,0,0,0,26,0.0,0.0,0.0,0.15384615384615385,0.0,41.63,['InsecUpload']
http://localhost:5050/products/insecupload-no_content_type_check,405,0,120.18,153,4.599963902086099,0.0,0,0,0,0,0,0.0,0,0,0,0,0,0,0,0,0,0,0,0,0,0,0,0,0,0,0,0,0,0,0,0,0,0,0,0,0,0,0,0,8,3,0,0,0,0,0,0,0.0,0,0,0,0,0,0,0,0,0,0,0,0,0,0,0,0,0,0,0,0,0,0,0,0,0,0,0,0,0,0,0,0,0,0,0,26,0.0,0.0,0.0,0.11538461538461539,0.0,11.63,['InsecUpload']
http://localhost:5050/products/bufovr-fixed_buffer_ctypes_query,200,0,31.08,252,4.8347795897464625,0.0,0,0,0,0,0,0.0,0,0,0,0,0,0,0,0,0,0,0,0,0,0,0,0,0,0,0,0,0,0,0,0,0,0,0,0,0,0,0,0,8,3,0,0,0,0,0,0,0.0,0,0,0,0,0,0,0,0,0,0,0,0,0,0,0,0,0,0,0,0,0,0,0,0,0,0,0,0,0,0,0,0,0,0,0,28,0.0,0.0,0.0,0.2857142857142857,0.0,38.02,['BufOvr']
http://localhost:5050/products/bufovr-fixed_buffer_ctypes_header,0,0,34.1,0,0.0,0.0,0,0,0,0,0,0.0,0,0,0,0,0,0,0,0,0,0,0,0,0,0,0,0,0,0,0,0,0,0,0,0,0,0,0,0,0,0,0,0,1,0,0,0,0,0,0,0,0.0,0,0,0,0,0,0,0,0,0,0,0,0,0,0,0,0,0,0,0,0,0,0,0,0,0,0,0,0,0,0,0,0,0,0,0,27,0.0,0.0,0.0,0.0,0.0,10.58,['BufOvr']
http://localhost:5050/products/credsexpose-debug_endpoint_left_on/<resource_name>,200,0,11.34,381,5.085711902934729,0.0,0,0,0,0,0,0.0,0,0,0,0,0,0,0,0,0,0,0,0,0,0,0,0,0,0,0,0,0,0,0,0,0,0,0,0,0,0,0,0,8,3,0,0,0,0,0,0,0.0,0,0,0,0,0,0,0,0,0,0,0,0,0,0,0,0,0,0,0,0,0,0,0,0,0,0,0,0,0,0,0,0,0,0,0,26,0.0,0.0,0.0,0.11538461538461539,0.0,42.12,['CredsExpose']
http://localhost:5050/products/credsexpose-verbose_error_with_secret,200,0,11.35,298,4.849929529885402,0.0,0,0,0,0,0,0.0,0,0,0,0,0,0,0,0,0,0,0,0,0,0,0,0,0,0,0,0,0,0,0,0,0,0,0,0,0,0,0,0,8,3,0,1,1,0,0,0,0.0,0,0,0,0,0,0,0,0,0,0,0,0,0,0,0,0,0,0,0,0,0,0,0,0,0,0,0,0,0,0,0,0,0,0,0,26,0.0,0.0,0.0,0.07692307692307693,0.19230769230769232,42.31,['CredsExpose']
http://localhost:5050/products/credsexpose-secret_in_response_header,200,0,16.14,273,4.906588423234103,0.0,0,0,0,0,0,0.0,0,0,0,0,0,0,0,0,0,0,0,0,0,0,0,0,0,0,0,0,0,0,0,0,0,0,0,0,0,0,0,0,8,3,0,0,0,0,0,0,0.0,0,0,0,0,0,0,0,0,0,0,0,0,0,0,0,0,0,0,0,0,0,0,0,0,0,0,0,0,0,0,0,0,0,0,0,26,0.0,0.0,0.0,0.4230769230769231,0.0,42.1,['CredsExpose']
http://localhost:5050/products/brokenauth-no_bruteforce_protection,405,0,26.75,153,4.599963902086099,0.0,0,0,0,0,0,0.0,0,0,0,0,0,0,0,0,0,0,0,0,0,0,0,0,0,0,0,0,0,0,0,0,0,0,0,0,0,0,0,0,8,3,0,0,0,0,0,0,0.0,0,0,0,0,0,0,0,0,0,0,0,0,0,0,0,0,0,0,0,0,0,0,0,0,0,0,0,0,0,0,0,0,0,0,0,26,0.0,0.0,0.0,0.3076923076923077,0.0,41.63,['BrokenAuth']
http://localhost:5050/products/brokenauth-predictable_session_token,405,0,26.93,153,4.599963902086099,0.0,0,0,0,0,0,0.0,0,0,0,0,0,0,0,0,0,0,0,0,0,0,0,0,0,0,0,0,0,0,0,0,0,0,0,0,0,0,0,0,8,3,0,0,0,0,0,0,0.0,0,0,0,0,0,0,0,0,0,0,0,0,0,0,0,0,0,0,0,0,0,0,0,0,0,0,0,0,0,0,0,0,0,0,0,27,0.0,0.0,0.0,0.14814814814814814,0.0,41.63,['BrokenAuth']
http://localhost:5050/products/brokenauth-guessable_password_reset,200,0,4.2,230,4.810388108537731,0.0,0,0,0,0,0,0.0,0,0,0,0,0,0,0,0,0,0,0,0,0,0,0,0,0,0,0,0,0,0,0,0,0,0,0,0,0,0,0,0,8,3,0,0,0,0,0,0,0.0,0,0,0,0,0,0,0,0,0,0,0,0,0,0,0,0,0,0,0,0,0,0,0,0,0,0,0,0,0,0,0,0,0,0,0,26,0.0,0.0,0.0,0.34615384615384615,0.0,41.8,['BrokenAuth']
http://localhost:5050/products/xss-reflected_query_div,200,0,11.34,246,5.019562114659252,0.0,0,0,0,0,0,0.0,0,0,0,0,0,0,0,0,0,0,0,0,0,0,0,0,0,0,0,0,0,0,0,0,0,0,0,0,0,0,0,0,8,3,0,0,0,0,0,0,0.0,0,0,0,0,0,0,0,0,0,0,0,0,0,0,0,0,0,0,0,0,0,0,0,0,0,0,0,0,0,0,0,0,0,0,0,26,0.0,0.0,0.0,0.2692307692307692,0.19230769230769232,41.01,['XSS']
http://localhost:5050/products/xss-reflected_form_comment,0,0,32.08,0,0.0,0.0,0,0,0,0,0,0.0,0,0,0,0,0,0,0,0,0,0,0,0,0,0,0,0,0,0,0,0,0,0,0,0,0,0,0,0,0,0,0,0,8,3,0,0,0,0,0,0,0.0,0,0,0,0,0,0,0,0,0,0,0,0,0,0,0,0,0,0,0,0,0,0,0,0,0,0,0,0,0,0,0,0,0,0,0,26,0.0,0.0,0.0,0.0,0.0,10.83,['XSS']
http://localhost:5050/products/xss-reflected_json_span,405,0,10.62,153,4.599963902086099,0.0,0,0,0,0,0,0.0,0,0,0,0,0,0,0,0,0,0,0,0,0,0,0,0,0,0,0,0,0,0,0,0,0,0,0,0,0,0,0,0,8,3,0,0,0,0,0,0,0.0,0,0,0,0,0,0,0,0,0,0,0,0,0,0,0,0,0,0,0,0,0,0,0,0,0,0,0,0,0,0,0,0,0,0,0,28,0.0,0.0,0.0,0.17857142857142858,0.0,41.63,['XSS']
http://localhost:5050/products/xss-reflected_header_comment,200,0,11.39,257,4.946764207580937,0.0,0,0,0,0,0,0.0,0,0,0,0,0,0,0,0,0,0,0,0,0,0,0,0,0,0,0,0,0,0,0,0,0,0,0,0,0,0,0,0,8,3,0,0,0,0,0,0,0.0,0,0,0,0,0,0,0,0,0,0,0,0,0,0,0,0,0,0,0,0,0,0,0,0,0,0,0,0,0,0,0,0,0,0,0,30,0.0,0.0,0.0,0.4,0.0,41.07,['XSS']
http://localhost:5050/products/xss-reflected_attribute_breakout,200,0,11.19,276,4.8800575724626585,0.0,0,0,0,0,0,0.0,0,0,0,0,0,0,0,0,0,0,0,0,0,0,0,0,0,0,0,0,0,0,0,0,0,0,0,0,0,0,0,0,8,3,0,0,0,0,0,0,0.0,0,0,0,0,0,0,0,0,0,0,0,0,0,0,0,0,0,0,0,0,0,0,0,0,0,0,0,0,0,0,0,0,0,0,0,29,0.0,0.0,0.0,0.06896551724137931,0.0,41.56,['XSS']
http://localhost:5050/products/dirtrav-read_file_query_param,200,0,11.36,207,4.684464332272262,0.0,0,0,0,0,0,0.0,0,0,0,0,0,0,0,0,0,0,0,0,0,0,0,0,0,0,0,0,0,0,0,0,0,0,0,0,0,0,0,0,8,3,0,0,0,0,0,0,0.0,0,0,0,0,0,0,0,0,0,0,0,0,0,0,0,0,0,0,0,0,0,0,0,0,0,0,0,0,0,0,0,0,0,0,0,28,0.0,0.0,0.0,0.14285714285714285,0.8571428571428571,42.15,['DirTrav']
http://localhost:5050/products/dirtrav-read_file_form_param,405,0,26.73,153,4.599963902086099,0.0,0,0,0,0,0,0.0,0,0,0,0,0,0,0,0,0,0,0,0,0,0,0,0,0,0,0,0,0,0,0,0,0,0,0,0,0,0,0,0,8,3,0,0,0,0,0,0,0.0,0,0,0,0,0,0,0,0,0,0,0,0,0,0,0,0,0,0,0,0,0,0,0,0,0,0,0,0,0,0,0,0,0,0,0,27,0.0,0.0,0.0,0.2222222222222222,0.0,41.63,['DirTrav']
http://localhost:5050/products/dirtrav-read_file_path_segment/<filename>,200,0,11.23,258,4.784879323456243,0.0,0,0,0,0,0,0.0,0,0,0,0,0,0,0,0,0,0,0,0,0,0,0,0,0,0,0,0,0,0,0,0,0,0,0,0,0,0,0,0,8,3,0,0,0,0,0,0,0.0,0,0,0,0,0,0,0,0,0,0,0,0,0,0,0,0,0,0,0,0,0,0,0,0,0,0,0,0,0,0,0,0,0,0,0,27,0.0,0.0,0.0,0.07407407407407407,0.0,41.97,['DirTrav']
http://localhost:5050/products/xxe-resolve_entities_json_body,405,0,10.65,153,4.599963902086099,0.0,0,0,0,0,0,0.0,0,0,0,0,0,0,0,0,0,0,0,0,0,0,0,0,0,0,0,0,0,0,0,0,0,0,0,0,0,0,0,0,8,3,0,0,0,0,0,0,0.0,0,0,0,0,0,0,0,0,0,0,0,0,0,0,0,0,0,0,0,0,0,0,0,0,0,0,0,0,0,0,0,0,0,0,0,23,0.0,0.0,0.0,0.17391304347826086,0.0,41.63,['XXE']
http://localhost:5050/products/xxe-resolve_entities_form_body,405,0,10.58,153,4.599963902086099,0.0,0,0,0,0,0,0.0,0,0,0,0,0,0,0,0,0,0,0,0,0,0,0,0,0,0,0,0,0,0,0,0,0,0,0,0,0,0,0,0,8,3,0,0,0,0,0,0,0.0,0,0,0,0,0,0,0,0,0,0,0,0,0,0,0,0,0,0,0,0,0,0,0,0,0,0,0,0,0,0,0,0,0,0,0,26,0.0,0.0,0.0,0.2692307692307692,0.0,41.63,['XXE']
http://localhost:5050/products/nosqli-auth_operator_bypass,405,0,30.98,153,4.599963902086099,0.0,0,0,0,0,0,0.0,0,0,0,0,0,0,0,0,0,0,0,0,0,0,0,0,0,0,0,0,0,0,0,0,0,0,0,0,0,0,0,0,8,3,0,0,0,0,0,0,0.0,0,0,0,0,0,0,0,0,0,0,0,0,0,0,0,0,0,0,0,0,0,0,0,0,0,0,0,0,0,0,0,0,0,0,0,27,0.0,0.0,0.0,0.3333333333333333,0.0,40.64,['NoSQLi']
http://localhost:5050/products/nosqli-search_filter_injection,0,0,29.24,0,0.0,0.0,0,0,0,0,0,0.0,0,0,0,0,0,0,0,0,0,0,0,0,0,0,0,0,0,0,0,0,0,0,0,0,0,0,0,0,0,0,0,0,8,3,0,0,0,0,0,0,0.0,0,0,0,0,0,0,0,0,0,0,0,0,0,0,0,0,0,0,0,0,0,0,0,0,0,0,0,0,0,0,0,0,0,0,0,27,0.0,0.0,0.0,0.0,0.0,10.83,['NoSQLi']
http://localhost:5050/products/nosqli-regex_operator_injection,405,0,48.51,153,4.599963902086099,0.0,0,0,0,0,0,0.0,0,0,0,0,0,0,0,0,0,0,0,0,0,0,0,0,0,0,0,0,0,0,0,0,0,0,0,0,0,0,0,0,8,3,0,0,0,0,0,0,0.0,0,0,0,0,0,0,0,0,0,0,0,0,0,0,0,0,0,0,0,0,0,0,0,0,0,0,0,0,0,0,0,0,0,0,0,25,0.0,0.0,0.0,0.24,0.0,26.34,['NoSQLi']
http://localhost:5050/products/ldapi-login_filter_wildcard,405,0,26.68,153,4.599963902086099,0.0,0,0,0,0,0,0.0,0,0,0,0,0,0,0,0,0,0,0,0,0,0,0,0,0,0,0,0,0,0,0,0,0,0,0,0,0,0,0,0,8,3,0,0,0,0,0,0,0.0,0,0,0,0,0,0,0,0,0,0,0,0,0,0,0,0,0,0,0,0,0,0,0,0,0,0,0,0,0,0,0,0,0,0,0,30,0.0,0.0,0.0,0.26666666666666666,0.0,41.63,['LDAPi']
http://localhost:5050/products/ldapi-search_filter_wildcard,200,0,15.57,219,4.93221412254366,0.0,0,0,0,0,0,0.0,0,0,0,0,0,0,0,0,0,0,0,0,0,0,0,0,0,0,0,0,0,0,0,0,0,0,0,0,0,0,0,0,8,3,0,1,0,0,1,0,0.0,0,0,0,0,0,0,0,0,0,0,0,0,0,0,0,0,0,0,0,0,0,0,0,0,0,0,0,0,0,0,0,0,0,0,0,28,0.0,0.0,0.0,0.25,0.14285714285714285,42.41,['LDAPi']
http://localhost:5050/products/insecperm-role_trusted_from_header,200,0,11.39,272,4.711810638353086,0.0,0,0,0,0,0,0.0,0,0,0,0,0,0,0,0,0,0,0,0,0,0,0,0,0,0,0,0,0,0,0,0,0,0,0,0,0,0,0,0,8,3,0,0,0,0,0,0,0.0,0,0,0,0,0,0,0,0,0,0,0,0,0,0,0,0,0,0,0,0,0,0,0,0,0,0,0,0,0,0,0,0,0,0,0,26,0.0,0.0,0.0,0.34615384615384615,0.0,41.31,['InsecPerm']
http://localhost:5050/products/insecperm-world_readable_export_endpoint/<id>,200,0,11.15,273,4.749736685299447,0.0,0,0,0,0,0,0.0,0,0,0,0,0,0,0,0,0,0,0,0,0,0,0,0,0,0,0,0,0,0,0,0,0,0,0,0,0,0,0,0,8,3,0,0,0,0,0,0,0.0,0,0,0,0,0,0,0,0,0,0,0,0,0,0,0,0,0,0,0,0,0,0,0,0,0,0,0,0,0,0,0,0,0,0,0,26,0.0,0.0,0.0,0.23076923076923078,0.0,42.34,['InsecPerm']
http://localhost:5050/products/insecperm-client_controlled_admin_flag,200,0,30.93,231,4.688827342920808,0.0,0,0,0,0,0,0.0,0,0,0,0,0,0,0,0,0,0,0,0,0,0,0,0,0,0,0,0,0,0,0,0,0,0,0,0,0,0,0,0,8,3,0,0,0,0,0,0,0.0,0,0,0,0,0,0,0,0,0,0,0,0,0,0,0,0,0,0,0,0,0,0,0,0,0,0,0,0,0,0,0,0,0,0,0,27,0.0,0.0,0.0,0.37037037037037035,0.0,41.6,['InsecPerm']
http://localhost:5050/products/idor-path_id_direct_access/<obj_id>,200,0,31.03,390,4.902823913357697,0.0,0,0,0,0,0,0.0,0,0,0,0,0,0,0,0,0,0,0,0,0,0,0,0,0,0,0,0,0,0,0,0,0,0,0,0,0,0,0,0,8,3,0,1,0,1,0,0,0.0,0,0,0,0,0,0,0,0,0,0,0,0,0,0,0,0,0,0,0,0,0,0,0,0,0,0,0,0,0,0,0,0,0,0,0,27,0.0,0.0,0.0,0.37037037037037035,0.0,41.82,['IDOR']
http://localhost:5050/products/idor-query_id_direct_access,200,0,10.15,273,4.742748259391348,0.0,0,0,0,0,0,0.0,0,0,0,0,0,0,0,0,0,0,0,0,0,0,0,0,0,0,0,0,0,0,0,0,0,0,0,0,0,0,0,0,8,3,0,1,0,1,0,0,0.0,0,0,0,0,0,0,0,0,0,0,0,0,0,0,0,0,0,0,0,0,0,0,0,0,0,0,0,0,0,0,0,0,0,0,0,27,0.0,0.0,0.0,0.07407407407407407,0.0,41.87,['IDOR']
http://localhost:5050/products/idor-json_body_id_direct_access,0,0,31.75,0,0.0,0.0,0,0,0,0,0,0.0,0,0,0,0,0,0,0,0,0,0,0,0,0,0,0,0,0,0,0,0,0,0,0,0,0,0,0,0,0,0,0,0,8,3,0,0,0,0,0,0,0.0,0,0,0,0,0,0,0,0,0,0,0,0,0,0,0,0,0,0,0,0,0,0,0,0,0,0,0,0,0,0,0,0,0,0,0,29,0.0,0.0,0.0,0.0,0.0,10.83,['IDOR']
http://localhost:5050/products/sessfix-sessionid_accepted_from_query,200,0,11.02,239,4.756098178652481,0.0,0,0,0,0,0,0.0,0,0,0,0,0,0,0,0,0,0,0,0,0,0,0,0,0,0,0,0,0,0,0,0,0,0,0,0,0,0,0,0,8,3,0,0,0,0,0,0,0.0,0,0,0,0,0,0,0,0,0,0,0,0,0,0,0,0,0,0,0,0,0,0,0,0,0,0,0,0,0,0,0,0,0,0,0,27,0.0,0.0,0.0,0.25925925925925924,0.0,42.24,['SessFix']
http://localhost:5050/products/sessfix-sessionid_not_regenerated_on_login,200,0,11.04,192,4.52860851212848,0.0,0,0,0,0,0,0.0,0,0,0,0,0,0,0,0,0,0,0,0,0,0,0,0,0,0,0,0,0,0,0,0,0,0,0,0,0,0,0,0,8,3,0,0,0,0,0,0,0.0,0,0,0,0,0,0,0,0,0,0,0,0,0,0,0,0,0,0,0,0,0,0,0,0,0,0,0,0,0,0,0,0,0,0,0,26,0.0,0.0,0.0,0.3076923076923077,0.0,42.32,['SessFix']
http://localhost:5050/products/ssrf-url_fetch_query_no_allowlist,200,0,15.26,337,4.87694656497718,0.0,0,0,0,0,0,0.0,0,0,0,0,0,0,0,0,0,0,0,0,0,0,0,0,0,0,0,0,0,0,0,0,0,0,0,0,0,0,0,0,8,3,0,1,0,0,1,0,0.0,0,0,0,0,0,0,0,0,0,0,0,0,0,0,0,0,0,0,0,0,0,0,0,0,0,0,0,0,0,0,0,0,0,0,0,26,0.0,0.0,0.0,0.19230769230769232,0.0,42.9,['SSRF']
http://localhost:5050/products/ssrf-url_fetch_json_webhook,405,0,104.98,153,4.599963902086099,0.0,0,0,0,0,0,0.0,0,0,0,0,0,0,0,0,0,0,0,0,0,0,0,0,0,0,0,0,0,0,0,0,0,0,0,0,0,0,0,0,8,3,0,0,0,0,0,0,0.0,0,0,0,0,0,0,0,0,0,0,0,0,0,0,0,0,0,0,0,0,0,0,0,0,0,0,0,0,0,0,0,0,0,0,0,20,0.0,0.0,0.0,0.35,0.0,11.63,['SSRF']
http://localhost:5050/products/ssrf-url_fetch_form_image_import,405,0,57.48,153,4.599963902086099,0.0,0,0,0,0,0,0.0,0,0,0,0,0,0,0,0,0,0,0,0,0,0,0,0,0,0,0,0,0,0,0,0,0,0,0,0,0,0,0,0,8,3,0,0,0,0,0,0,0.0,0,0,0,0,0,0,0,0,0,0,0,0,0,0,0,0,0,0,0,0,0,0,0,0,0,0,0,0,0,0,0,0,0,0,0,27,0.0,0.0,0.0,0.14814814814814814,0.0,23.21,['SSRF']
http://localhost:5050/products/ssti-greeting_name_query,200,0,30.96,197,4.703107686754593,0.0,0,0,0,0,0,0.0,0,0,0,0,0,0,0,0,0,0,0,0,0,0,0,0,0,0,0,0,0,0,0,0,0,0,0,0,0,0,0,0,8,3,0,0,0,0,0,0,0.0,0,0,0,0,0,0,0,0,0,0,0,0,0,0,0,0,0,0,0,0,0,0,0,0,0,0,0,0,0,0,0,0,0,0,0,28,0.0,0.0,0.0,0.25,0.07142857142857142,39.29,['SSTI']
http://localhost:5050/products/ssti-custom_template_field_form,405,0,104.99,153,4.599963902086099,0.0,0,0,0,0,0,0.0,0,0,0,0,0,0,0,0,0,0,0,0,0,0,0,0,0,0,0,0,0,0,0,0,0,0,0,0,0,0,0,0,8,3,0,0,0,0,0,0,0.0,0,0,0,0,0,0,0,0,0,0,0,0,0,0,0,0,0,0,0,0,0,0,0,0,0,0,0,0,0,0,0,0,0,0,0,27,0.0,0.0,0.0,0.3333333333333333,0.0,11.63,['SSTI']
http://localhost:5050/products/ssti-message_field_json,405,0,10.67,153,4.599963902086099,0.0,0,0,0,0,0,0.0,0,0,0,0,0,0,0,0,0,0,0,0,0,0,0,0,0,0,0,0,0,0,0,0,0,0,0,0,0,0,0,0,8,3,0,0,0,0,0,0,0.0,0,0,0,0,0,0,0,0,0,0,0,0,0,0,0,0,0,0,0,0,0,0,0,0,0,0,0,0,0,0,0,0,0,0,0,27,0.0,0.0,0.0,0.18518518518518517,0.0,41.63,['SSTI']
http://localhost:5050/products/prototype_pollution-deep_merge_settings,405,0,30.98,153,4.599963902086099,0.0,0,0,0,0,0,0.0,0,0,0,0,0,0,0,0,0,0,0,0,0,0,0,0,0,0,0,0,0,0,0,0,0,0,0,0,0,0,0,0,8,3,0,0,0,0,0,0,0.0,0,0,0,0,0,0,0,0,0,0,0,0,0,0,0,0,0,0,0,0,0,0,0,0,0,0,0,0,0,0,0,0,0,0,0,26,0.0,0.0,0.0,0.3076923076923077,0.0,41.63,['Prototype_Pollution']
http://localhost:5050/products/prototype_pollution-deep_merge_preferences,405,0,30.88,153,4.599963902086099,0.0,0,0,0,0,0,0.0,0,0,0,0,0,0,0,0,0,0,0,0,0,0,0,0,0,0,0,0,0,0,0,0,0,0,0,0,0,0,0,0,8,3,0,0,0,0,0,0,0.0,0,0,0,0,0,0,0,0,0,0,0,0,0,0,0,0,0,0,0,0,0,0,0,0,0,0,0,0,0,0,0,0,0,0,0,28,0.0,0.0,0.0,0.35714285714285715,0.0,41.63,['Prototype_Pollution']
http://localhost:5050/products/http_request_smuggling-cl_te_both_accepted,200,0,11.28,341,4.795152641042043,0.0,0,0,0,0,0,0.0,0,0,0,0,0,0,0,0,0,0,0,0,0,0,0,0,0,0,0,0,0,0,0,0,0,0,0,0,0,0,1,0,8,3,0,0,0,0,0,0,0.0,0,0,0,0,0,0,0,0,0,0,0,0,0,0,0,0,0,0,0,0,0,0,0,0,0,0,0,0,0,0,0,0,0,0,0,28,0.0,0.0,0.0,0.17857142857142858,0.0,41.45,['HTTP_Request_Smuggling']
http://localhost:5050/products/http_request_smuggling-duplicate_content_length_accepted,200,0,11.9,305,4.760587518332968,0.0,0,0,0,0,0,0.0,0,0,0,0,0,0,0,0,0,0,0,0,0,0,0,0,0,0,0,0,0,0,0,0,0,0,0,0,0,0,1,0,8,3,0,0,0,0,0,0,0.0,0,0,0,0,0,0,0,0,0,0,0,0,0,0,0,0,0,0,0,0,0,0,0,0,0,0,0,0,0,0,0,0,0,0,0,26,0.0,0.0,0.0,0.11538461538461539,0.0,41.04,['HTTP_Request_Smuggling']
http://localhost:5050/products/xpath_injection-login_xpath_concat,0,0,31.97,0,0.0,0.0,0,0,0,0,0,0.0,0,0,0,0,0,0,0,0,0,0,0,0,0,0,0,0,0,0,0,0,0,0,0,0,0,0,0,0,0,0,0,0,8,3,0,0,0,0,0,0,0.0,0,0,0,0,0,0,0,0,0,0,0,0,0,0,0,0,0,0,0,0,0,0,0,0,0,0,0,0,0,0,0,0,0,0,0,28,0.0,0.0,0.0,0.0,0.0,10.83,['XPATH_Injection']
http://localhost:5050/products/xpath_injection-search_xpath_concat,200,0,105.07,295,4.851642514667689,0.0,0,0,0,0,0,0.0,0,0,0,0,0,0,0,0,0,0,0,0,0,0,0,0,0,0,0,0,0,0,0,0,0,0,0,0,0,0,0,0,8,3,0,1,0,0,2,0,0.0,0,0,0,0,0,0,0,0,0,0,0,0,0,0,0,0,0,0,0,0,0,0,0,0,0,0,0,0,0,0,0,0,0,0,0,27,0.0,0.0,0.0,0.4074074074074074,0.037037037037037035,12.38,['XPATH_Injection']
http://localhost:5050/products/graphqli-introspection_left_enabled,405,0,29.3,153,4.599963902086099,0.0,0,0,0,0,0,0.0,0,0,0,0,0,0,0,0,0,0,0,0,0,0,0,0,0,0,0,0,0,0,0,0,0,0,0,0,0,0,0,0,8,3,0,0,0,0,0,0,0.0,0,0,0,0,0,0,0,0,0,0,0,0,0,0,0,0,0,0,0,0,0,0,0,0,0,0,0,0,0,0,0,0,0,0,0,27,0.0,0.0,0.0,0.14814814814814814,0.0,41.63,['GraphQLi']
http://localhost:5050/products/graphqli-no_query_depth_limit,405,0,30.95,153,4.599963902086099,0.0,0,0,0,0,0,0.0,0,0,0,0,0,0,0,0,0,0,0,0,0,0,0,0,0,0,0,0,0,0,0,0,0,0,0,0,0,0,0,0,8,3,0,0,0,0,0,0,0.0,0,0,0,0,0,0,0,0,0,0,0,0,0,0,0,0,0,0,0,0,0,0,0,0,0,0,0,0,0,0,0,0,0,0,0,26,0.0,0.0,0.0,0.38461538461538464,0.0,41.63,['GraphQLi']
http://localhost:5050/products/cors-reflect_origin_credentials_true,200,0,11.35,338,4.880038352070835,0.0,0,0,0,0,0,0.0,0,0,0,0,0,0,0,0,0,0,0,0,0,0,0,0,0,0,0,0,0,0,0,0,0,0,0,0,0,0,0,0,8,3,0,1,1,0,0,0,0.0,0,0,0,0,0,0,0,0,0,0,0,0,0,0,0,0,0,0,0,0,0,0,0,0,0,0,0,0,0,0,0,0,0,0,0,26,0.0,0.0,0.0,0.2692307692307692,0.0,41.96,['CORS']
http://localhost:5050/products/cors-wildcard_origin_sensitive_endpoint,200,0,104.92,277,4.705434860140006,0.0,0,0,0,0,0,0.0,0,0,0,0,0,0,0,0,0,0,0,0,0,0,0,0,0,0,0,0,0,0,0,0,0,0,0,0,0,0,0,0,8,3,0,0,0,0,0,0,0.0,0,0,0,0,0,0,0,0,0,0,0,0,0,0,0,0,0,0,0,0,0,0,0,0,0,0,0,0,0,0,0,0,0,0,0,26,0.0,0.0,0.0,0.34615384615384615,0.0,12.25,['CORS']
http://localhost:5050/products/csrf-generic_state_change_no_token,0,0,31.75,0,0.0,0.0,0,0,0,0,0,0.0,0,0,0,0,0,0,0,0,0,0,0,0,0,0,0,0,0,0,0,0,0,0,0,0,0,0,0,0,0,0,0,0,1,0,0,0,0,0,0,0,0.0,0,0,0,0,0,0,0,0,0,0,0,0,0,0,0,0,0,0,0,0,0,0,0,0,0,0,0,0,0,0,0,0,0,0,0,30,0.0,0.0,0.0,0.0,0.0,10.83,['CSRF']
http://localhost:5050/products/csrf-delete_no_token,200,0,11.01,251,4.830459520086572,0.0,0,0,0,0,0,0.0,0,0,0,0,0,0,0,0,0,0,0,0,0,0,0,0,0,0,0,0,0,0,0,0,0,0,0,0,0,0,0,0,8,3,0,0,0,0,0,0,0.0,0,0,0,0,0,0,0,0,0,0,0,0,0,0,0,0,0,0,0,0,0,0,0,0,0,0,0,0,0,0,0,0,0,0,0,29,0.0,0.0,0.0,0.2413793103448276,0.20689655172413793,41.76,['CSRF']
http://localhost:5050/products/csrf-sensitive_transfer_no_token,405,0,30.95,153,4.599963902086099,0.0,0,0,0,0,0,0.0,0,0,0,0,0,0,0,0,0,0,0,0,0,0,0,0,0,0,0,0,0,0,0,0,0,0,0,0,0,0,0,0,8,3,0,0,0,0,0,0,0.0,0,0,0,0,0,0,0,0,0,0,0,0,0,0,0,0,0,0,0,0,0,0,0,0,0,0,0,0,0,0,0,0,0,0,0,27,0.0,0.0,0.0,0.5185185185185185,0.0,41.63,['CSRF']
http://localhost:5050/products/ratelimit-login_endpoint_no_throttle,0,0,31.26,0,0.0,0.0,0,0,0,0,0,0.0,0,0,0,0,0,0,0,0,0,0,0,0,0,0,0,0,0,0,0,0,0,0,0,0,0,0,0,0,0,0,0,0,8,3,0,0,0,0,0,0,0.0,0,0,0,0,0,0,0,0,0,0,0,0,0,0,0,0,0,0,0,0,0,0,0,0,0,0,0,0,0,0,0,0,0,0,0,26,0.0,0.0,0.0,0.0,0.0,10.83,['RateLimit']
http://localhost:5050/products/ratelimit-password_reset_no_throttle,200,0,10.07,269,4.679262245976241,0.0,0,0,0,0,0,0.0,0,0,0,0,0,0,0,0,0,0,0,0,0,0,0,0,0,0,0,0,0,0,0,0,0,0,0,0,0,0,0,0,8,3,0,0,0,0,0,0,0.0,0,0,0,0,0,0,0,0,0,0,0,0,0,0,0,0,0,0,0,0,0,0,0,0,0,0,0,0,0,0,0,0,0,0,0,26,0.0,0.0,0.0,0.15384615384615385,0.0,41.54,['RateLimit']
http://localhost:5050/products/infodisc-stack_trace_leak_on_error,200,0,10.9,135,4.695516475502382,0.0,0,0,0,0,0,0.0,0,0,0,0,0,0,0,0,0,0,0,0,0,0,0,0,0,0,0,0,0,0,0,0,0,0,0,0,0,0,0,0,8,3,0,0,0,0,0,0,0.0,0,0,0,0,0,0,0,0,0,0,0,0,0,0,0,0,0,0,0,0,0,0,0,0,0,0,0,0,0,0,0,0,0,0,0,27,0.0,0.0,0.0,0.25925925925925924,0.0,42.18,['InfoDisc']
http://localhost:5050/products/infodisc-verbose_server_version_header,200,0,10.36,258,4.979370181188137,0.0,0,0,0,0,0,0.0,0,0,0,0,0,0,0,0,0,0,0,0,0,0,0,0,0,0,0,0,0,0,0,0,0,0,0,0,0,0,0,0,8,3,0,0,0,0,0,0,0.0,0,0,0,0,0,0,0,0,0,0,0,0,0,0,0,0,0,0,0,0,0,0,0,0,0,0,0,0,0,0,0,0,0,0,0,28,0.0,0.0,0.0,0.17857142857142858,0.0,41.84,['InfoDisc']
http://localhost:5050/products/infodisc-debug_env_endpoint/<resource_name>,200,0,30.87,279,4.983953495532672,0.0,0,0,0,0,0,0.0,0,0,0,0,0,0,0,0,0,0,0,0,0,0,0,0,0,0,0,0,0,0,0,0,0,0,0,0,0,0,0,0,8,3,0,0,0,0,0,0,0.0,0,0,0,0,0,0,0,0,0,0,0,0,0,0,0,0,0,0,0,0,0,0,0,0,0,0,0,0,0,0,0,0,0,0,0,27,0.0,0.0,0.0,0.2962962962962963,0.0,41.69,['InfoDisc']
http://localhost:5050/products/inseccrypto-md5_unsalted_password,405,0,104.97,153,4.599963902086099,0.0,0,0,0,0,0,0.0,0,0,0,0,0,0,0,0,0,0,0,0,0,0,0,0,0,0,0,0,0,0,0,0,0,0,0,0,0,0,0,0,8,3,0,0,0,0,0,0,0.0,0,0,0,0,0,0,0,0,0,0,0,0,0,0,0,0,0,0,0,0,0,0,0,0,0,0,0,0,0,0,0,0,0,0,0,23,0.0,0.0,0.0,0.391304347826087,0.0,11.63,['InsecCrypto']
http://localhost:5050/products/inseccrypto-xor_fixed_key_encryption,200,0,14.94,335,5.014124029635087,0.0,0,0,0,0,0,0.0,0,0,0,0,0,0,0,0,0,0,0,0,0,0,0,0,0,0,0,0,0,0,0,0,0,0,0,0,0,0,0,0,8,3,0,0,0,0,0,0,0.0,0,0,0,0,0,0,0,0,0,0,0,0,0,0,0,0,0,0,0,0,0,0,0,0,0,0,0,0,0,0,0,0,0,0,0,29,0.0,0.0,0.0,0.4827586206896552,0.0,41.84,['InsecCrypto']
http://localhost:5050/products/openredirect-redirect_query_url_no_check,200,0,11.05,273,4.664427225435685,0.0,0,0,0,0,0,0.0,0,0,0,0,0,0,0,0,0,0,0,0,0,0,0,0,0,0,0,0,0,0,0,0,0,0,0,0,0,0,0,0,8,3,0,0,0,0,0,0,0.0,0,0,0,0,0,0,0,0,0,0,0,0,0,0,0,0,0,0,0,0,0,0,0,0,0,0,0,0,0,0,0,0,0,0,0,30,0.0,0.0,0.0,0.3333333333333333,0.0,42.3,['OpenRedirect']
http://localhost:5050/products/openredirect-post_login_next_param,405,0,104.89,153,4.599963902086099,0.0,0,0,0,0,0,0.0,0,0,0,0,0,0,0,0,0,0,0,0,0,0,0,0,0,0,0,0,0,0,0,0,0,0,0,0,0,0,0,0,8,3,0,0,0,0,0,0,0.0,0,0,0,0,0,0,0,0,0,0,0,0,0,0,0,0,0,0,0,0,0,0,0,0,0,0,0,0,0,0,0,0,0,0,0,22,0.0,0.0,0.0,0.13636363636363635,0.0,11.63,['OpenRedirect']
http://localhost:5050/products/jwt-alg_none_accepted,200,0,104.89,127,4.619425334829915,0.0,0,0,0,0,0,0.0,0,0,0,0,0,0,0,0,0,0,0,0,0,0,0,0,0,0,0,0,0,0,0,0,0,0,0,0,0,0,0,0,8,3,0,0,0,0,0,0,0.0,0,0,0,0,0,0,0,0,0,0,0,0,0,0,0,0,0,0,0,0,0,0,0,0,0,0,0,0,0,0,0,0,0,0,0,26,0.0,0.0,0.0,0.38461538461538464,0.0,11.85,['JWT']
http://localhost:5050/products/jwt-weak_hardcoded_secret,200,0,30.84,158,4.659741787862697,0.0,0,0,0,0,0,0.0,0,0,0,0,0,0,0,0,0,0,0,0,0,0,0,0,0,0,0,0,0,0,0,0,0,0,0,0,0,0,0,0,8,3,0,0,0,0,0,0,0.0,0,0,0,0,0,0,0,0,0,0,0,0,0,0,0,0,0,0,0,0,0,0,0,0,0,0,0,0,0,0,0,0,0,0,0,27,0.0,0.0,0.0,0.3333333333333333,0.0,42.05,['JWT']
http://localhost:5050/products/jwt-expiry_never_checked,200,0,26.71,130,4.705848796962796,0.0,0,0,0,0,0,0.0,0,0,0,0,0,0,0,0,0,0,0,0,0,0,0,0,0,0,0,0,0,0,0,0,0,0,0,0,0,0,0,0,8,3,0,0,0,0,0,0,0.0,0,0,0,0,0,0,0,0,0,0,0,0,0,0,0,0,0,0,0,0,0,0,0,0,0,0,0,0,0,0,0,0,0,0,0,28,0.0,0.0,0.0,0.21428571428571427,0.0,42.17,['JWT']
http://localhost:5050/products/crlf_injection-location_header_crlf,200,0,14.77,293,4.790013412895242,0.0,0,0,0,0,0,0.0,0,0,0,0,0,0,0,0,0,0,0,0,0,0,0,0,0,0,0,0,0,0,0,0,0,0,0,0,0,0,0,0,8,3,0,0,0,0,0,0,0.0,0,0,0,0,0,0,0,0,0,0,0,0,0,0,0,0,0,0,0,0,0,0,0,0,0,0,0,0,0,0,0,0,0,0,0,29,0.0,0.0,0.0,0.13793103448275862,0.0,42.19,['CRLF_Injection']
http://localhost:5050/products/crlf_injection-log_injection_crlf,0,0,33.56,0,0.0,0.0,0,0,0,0,0,0.0,0,0,0,0,0,0,0,0,0,0,0,0,0,0,0,0,0,0,0,0,0,0,0,0,0,0,0,0,0,0,0,0,1,0,0,0,0,0,0,0,0.0,0,0,0,0,0,0,0,0,0,0,0,0,0,0,0,0,0,0,0,0,0,0,0,0,0,0,0,0,0,0,0,0,0,0,0,29,0.0,0.0,0.0,0.0,0.0,10.83,['CRLF_Injection']
http://localhost:5050/products/racecondition-withdraw_toctou_no_lock,405,0,14.02,153,4.599963902086099,0.0,0,0,0,0,0,0.0,0,0,0,0,0,0,0,0,0,0,0,0,0,0,0,0,0,0,0,0,0,0,0,0,0,0,0,0,0,0,0,0,8,3,0,0,0,0,0,0,0.0,0,0,0,0,0,0,0,0,0,0,0,0,0,0,0,0,0,0,0,0,0,0,0,0,0,0,0,0,0,0,0,0,0,0,0,28,0.0,0.0,0.0,0.21428571428571427,0.0,41.63,['RaceCondition']
http://localhost:5050/products/racecondition-coupon_redeem_toctou_no_lock,405,0,30.97,153,4.599963902086099,0.0,0,0,0,0,0,0.0,0,0,0,0,0,0,0,0,0,0,0,0,0,0,0,0,0,0,0,0,0,0,0,0,0,0,0,0,0,0,0,0,8,3,0,0,0,0,0,0,0.0,0,0,0,0,0,0,0,0,0,0,0,0,0,0,0,0,0,0,0,0,0,0,0,0,0,0,0,0,0,0,0,0,0,0,0,27,0.0,0.0,0.0,0.37037037037037035,0.0,41.63,['RaceCondition']
http://localhost:5050/users/sqli-where_id_concat,200,0,104.92,203,5.015780882581458,0.0,0,0,0,0,0,0.0,0,0,0,0,0,0,0,0,0,0,0,0,0,0,0,0,0,0,0,0,0,0,0,0,0,0,0,0,0,0,0,0,8,3,0,0,0,0,0,0,0.0,0,0,0,0,0,0,0,0,0,0,0,0,0,0,0,0,0,0,0,0,0,0,0,0,0,0,0,0,0,0,0,0,0,0,0,28,0.0,0.0,0.0,0.5714285714285714,0.10714285714285714,12.08,['SQLi']
http://localhost:5050/users/sqli-order_by_concat,200,0,11.01,245,4.938244769758481,0.0,0,0,0,0,0,0.0,0,0,0,0,0,0,0,0,0,0,0,0,0,0,0,0,0,0,0,0,0,0,0,0,0,0,0,0,0,0,0,0,8,3,0,0,0,0,0,0,0.0,0,0,0,0,0,0,0,0,0,0,0,0,0,0,0,0,0,0,0,0,0,0,0,0,0,0,0,0,0,0,0,0,0,0,0,26,0.0,0.0,0.0,0.19230769230769232,0.0,41.8,['SQLi']
http://localhost:5050/users/sqli-like_search_concat,0,0,31.68,0,0.0,0.0,0,0,0,0,0,0.0,0,0,0,0,0,0,0,0,0,0,0,0,0,0,0,0,0,0,0,0,0,0,0,0,0,0,0,0,0,0,0,0,1,0,0,0,0,0,0,0,0.0,0,0,0,0,0,0,0,0,0,0,0,0,0,0,0,0,0,0,0,0,0,0,0,0,0,0,0,0,0,0,0,0,0,0,0,30,0.0,0.0,0.0,0.0,0.0,10.83,['SQLi']
http://localhost:5050/users/sqli-login_bypass,405,0,104.98,153,4.599963902086099,0.0,0,0,0,0,0,0.0,0,0,0,0,0,0,0,0,0,0,0,0,0,0,0,0,0,0,0,0,0,0,0,0,0,0,0,0,0,0,0,0,8,3,0,0,0,0,0,0,0.0,0,0,0,0,0,0,0,0,0,0,0,0,0,0,0,0,0,0,0,0,0,0,0,0,0,0,0,0,0,0,0,0,0,0,0,27,0.0,0.0,0.0,0.37037037037037035,0.0,11.63,['SQLi']
http://localhost:5050/users/sqli-union_select_id,405,0,30.94,153,4.599963902086099,0.0,0,0,0,0,0,0.0,0,0,0,0,0,0,0,0,0,0,0,0,0,0,0,0,0,0,0,0,0,0,0,0,0,0,0,0,0,0,0,0,8,3,0,0,0,0,0,0,0.0,0,0,0,0,0,0,0,0,0,0,0,0,0,0,0,0,0,0,0,0,0,0,0,0,0,0,0,0,0,0,0,0,0,0,0,26,0.0,0.0,0.0,0.2692307692307692,0.0,41.63,['SQLi']
http://localhost:5050/users/cmdi-ping_host_shell_true,200,0,30.91,454,5.0954123273022285,0.0,0,0,0,0,0,0.0,0,0,0,0,0,0,0,0,0,0,0,0,0,0,0,0,0,0,0,0,0,0,0,0,0,0,0,0,0,0,0,0,8,3,0,0,0,0,0,0,0.0,0,0,0,0,0,0,0,0,0,0,0,0,0,0,0,0,0,0,0,0,0,0,0,0,0,0,0,0,0,0,0,0,0,0,0,26,0.0,0.0,0.0,0.34615384615384615,0.0,42.35,['CMDi']
http://localhost:5050/users/cmdi-filename_echo_shell,405,0,37.69,153,4.599963902086099,0.0,0,0,0,0,0,0.0,0,0,0,0,0,0,0,0,0,0,0,0,0,0,0,0,0,0,0,0,0,0,0,0,0,0,0,0,0,0,0,0,8,3,0,0,0,0,0,0,0.0,0,0,0,0,0,0,0,0,0,0,0,0,0,0,0,0,0,0,0,0,0,0,0,0,0,0,0,0,0,0,0,0,0,0,0,30,0.0,0.0,0.0,0.3,0.0,30.01,['CMDi']
http://localhost:5050/users/cmdi-archive_name_shell,405,0,52.32,153,4.599963902086099,0.0,0,0,0,0,0,0.0,0,0,0,0,0,0,0,0,0,0,0,0,0,0,0,0,0,0,0,0,0,0,0,0,0,0,0,0,0,0,0,0,8,3,0,0,0,0,0,0,0.0,0,0,0,0,0,0,0,0,0,0,0,0,0,0,0,0,0,0,0,0,0,0,0,0,0,0,0,0,0,0,0,0,0,0,0,25,0.0,0.0,0.0,0.28,0.0,18.42,['CMDi']
http://localhost:5050/users/insecdeser-pickle_b64_import,405,0,30.88,153,4.599963902086099,0.0,0,0,0,0,0,0.0,0,0,0,0,0,0,0,0,0,0,0,0,0,0,0,0,0,0,0,0,0,0,0,0,0,0,0,0,0,0,0,0,8,3,0,0,0,0,0,0,0.0,0,0,0,0,0,0,0,0,0,0,0,0,0,0,0,0,0,0,0,0,0,0,0,0,0,0,0,0,0,0,0,0,0,0,0,27,0.0,0.0,0.0,0.25925925925925924,0.0,41.63,['InsecDeser']
http://localhost:5050/users/insecdeser-yaml_unsafe_load,405,0,104.91,153,4.599963902086099,0.0,0,0,0,0,0,0.0,0,0,0,0,0,0,0,0,0,0,0,0,0,0,0,0,0,0,0,0,0,0,0,0,0,0,0,0,0,0,0,0,8,3,0,0,0,0,0,0,0.0,0,0,0,0,0,0,0,0,0,0,0,0,0,0,0,0,0,0,0,0,0,0,0,0,0,0,0,0,0,0,0,0,0,0,0,29,0.0,0.0,0.0,0.7241379310344828,0.0,11.63,['InsecDeser']
http://localhost:5050/users/insecupload-no_extension_whitelist,405,0,37.58,153,4.599963902086099,0.0,0,0,0,0,0,0.0,0,0,0,0,0,0,0,0,0,0,0,0,0,0,0,0,0,0,0,0,0,0,0,0,0,0,0,0,0,0,0,0,8,3,0,0,0,0,0,0,0.0,0,0,0,0,0,0,0,0,0,0,0,0,0,0,0,0,0,0,0,0,0,0,0,0,0,0,0,0,0,0,0,0,0,0,0,29,0.0,0.0,0.0,0.20689655172413793,0.0,41.63,['InsecUpload']
http://localhost:5050/users/insecupload-no_content_type_check,405,0,26.6,153,4.599963902086099,0.0,0,0,0,0,0,0.0,0,0,0,0,0,0,0,0,0,0,0,0,0,0,0,0,0,0,0,0,0,0,0,0,0,0,0,0,0,0,0,0,8,3,0,0,0,0,0,0,0.0,0,0,0,0,0,0,0,0,0,0,0,0,0,0,0,0,0,0,0,0,0,0,0,0,0,0,0,0,0,0,0,0,0,0,0,30,0.0,0.0,0.0,0.3333333333333333,0.0,41.63,['InsecUpload']
http://localhost:5050/users/bufovr-fixed_buffer_ctypes_query,200,0,30.71,246,4.811273118295154,0.0,0,0,0,0,0,0.0,0,0,0,0,0,0,0,0,0,0,0,0,0,0,0,0,0,0,0,0,0,0,0,0,0,0,0,0,0,0,0,0,8,3,0,0,0,0,0,0,0.0,0,0,0,0,0,0,0,0,0,0,0,0,0,0,0,0,0,0,0,0,0,0,0,0,0,0,0,0,0,0,0,0,0,0,0,26,0.0,0.0,0.0,0.15384615384615385,0.0,41.56,['BufOvr']
http://localhost:5050/users/bufovr-fixed_buffer_ctypes_header,200,0,30.84,216,4.748988779723435,0.0,0,0,0,0,0,0.0,0,0,0,0,0,0,0,0,0,0,0,0,0,0,0,0,0,0,0,0,0,0,0,0,0,0,0,0,0,0,0,0,8,3,0,0,0,0,0,0,0.0,0,0,0,0,0,0,0,0,0,0,0,0,0,0,0,0,0,0,0,0,0,0,0,0,0,0,0,0,0,0,0,0,0,0,0,28,0.0,0.0,0.0,0.07142857142857142,0.0,41.42,['BufOvr']
http://localhost:5050/users/credsexpose-debug_endpoint_left_on/<resource_name>,200,0,10.97,375,5.078540599623273,0.0,0,0,0,0,0,0.0,0,0,0,0,0,0,0,0,0,0,0,0,0,0,0,0,0,0,0,0,0,0,0,0,0,0,0,0,0,0,0,0,8,3,0,0,0,0,0,0,0.0,0,0,0,0,0,0,0,0,0,0,0,0,0,0,0,0,0,0,0,0,0,0,0,0,0,0,0,0,0,0,0,0,0,0,0,29,0.0,0.0,0.0,0.3103448275862069,0.0,42.13,['CredsExpose']
http://localhost:5050/users/credsexpose-verbose_error_with_secret,200,0,104.85,292,4.837673023995291,0.0,0,0,0,0,0,0.0,0,0,0,0,0,0,0,0,0,0,0,0,0,0,0,0,0,0,0,0,0,0,0,0,0,0,0,0,0,0,0,0,8,3,0,1,1,0,0,0,0.0,0,0,0,0,0,0,0,0,0,0,0,0,0,0,0,0,0,0,0,0,0,0,0,0,0,0,0,0,0,0,0,0,0,0,0,19,0.0,0.0,0.0,0.3684210526315789,0.15789473684210525,12.3,['CredsExpose']
http://localhost:5050/users/credsexpose-secret_in_response_header,200,0,11.03,270,4.893801833331126,0.0,0,0,0,0,0,0.0,0,0,0,0,0,0,0,0,0,0,0,0,0,0,0,0,0,0,0,0,0,0,0,0,0,0,0,0,0,0,0,0,8,3,0,0,0,0,0,0,0.0,0,0,0,0,0,0,0,0,0,0,0,0,0,0,0,0,0,0,0,0,0,0,0,0,0,0,0,0,0,0,0,0,0,0,0,29,0.0,0.0,0.0,0.3103448275862069,0.0,42.12,['CredsExpose']
http://localhost:5050/users/brokenauth-no_bruteforce_protection,0,0,52.59,0,0.0,0.0,0,0,0,0,0,0.0,0,0,0,0,0,0,0,0,0,0,0,0,0,0,0,0,0,0,0,0,0,0,0,0,0,0,0,0,0,0,0,0,8,3,0,0,0,0,0,0,0.0,0,0,0,0,0,0,0,0,0,0,0,0,0,0,0,0,0,0,0,0,0,0,0,0,0,0,0,0,0,0,0,0,0,0,0,30,0.0,0.0,0.0,0.0,0.0,10.83,['BrokenAuth']
http://localhost:5050/users/brokenauth-predictable_session_token,405,0,104.85,153,4.599963902086099,0.0,0,0,0,0,0,0.0,0,0,0,0,0,0,0,0,0,0,0,0,0,0,0,0,0,0,0,0,0,0,0,0,0,0,0,0,0,0,0,0,8,3,0,0,0,0,0,0,0.0,0,0,0,0,0,0,0,0,0,0,0,0,0,0,0,0,0,0,0,0,0,0,0,0,0,0,0,0,0,0,0,0,0,0,0,28,0.0,0.0,0.0,0.5,0.0,11.63,['BrokenAuth']
http://localhost:5050/users/brokenauth-guessable_password_reset,200,0,4.27,227,4.787023541660231,0.0,0,0,0,0,0,0.0,0,0,0,0,0,0,0,0,0,0,0,0,0,0,0,0,0,0,0,0,0,0,0,0,0,0,0,0,0,0,0,0,8,3,0,0,0,0,0,0,0.0,0,0,0,0,0,0,0,0,0,0,0,0,0,0,0,0,0,0,0,0,0,0,0,0,0,0,0,0,0,0,0,0,0,0,0,26,0.0,0.0,0.0,0.4230769230769231,0.0,41.86,['BrokenAuth']
http://localhost:5050/users/xss-reflected_query_div,200,0,10.84,240,5.003718347755813,0.0,0,0,0,0,0,0.0,0,0,0,0,0,0,0,0,0,0,0,0,0,0,0,0,0,0,0,0,0,0,0,0,0,0,0,0,0,0,0,0,8,3,0,0,0,0,0,0,0.0,0,0,0,0,0,0,0,0,0,0,0,0,0,0,0,0,0,0,0,0,0,0,0,0,0,0,0,0,0,0,0,0,0,0,0,26,0.0,0.0,0.0,0.19230769230769232,0.15384615384615385,40.97,['XSS']
http://localhost:5050/users/xss-reflected_form_comment,0,0,35.18,0,0.0,0.0,0,0,0,0,0,0.0,0,0,0,0,0,0,0,0,0,0,0,0,0,0,0,0,0,0,0,0,0,0,0,0,0,0,0,0,0,0,0,0,8,3,0,0,0,0,0,0,0.0,0,0,0,0,0,0,0,0,0,0,0,0,0,0,0,0,0,0,0,0,0,0,0,0,0,0,0,0,0,0,0,0,0,0,0,29,0.0,0.0,0.0,0.0,0.0,10.83,['XSS']
http://localhost:5050/users/xss-reflected_json_span,405,0,26.74,153,4.599963902086099,0.0,0,0,0,0,0,0.0,0,0,0,0,0,0,0,0,0,0,0,0,0,0,0,0,0,0,0,0,0,0,0,0,0,0,0,0,0,0,0,0,8,3,0,0,0,0,0,0,0.0,0,0,0,0,0,0,0,0,0,0,0,0,0,0,0,0,0,0,0,0,0,0,0,0,0,0,0,0,0,0,0,0,0,0,0,23,0.0,0.0,0.0,0.21739130434782608,0.0,41.63,['XSS']
http://localhost:5050/users/xss-reflected_header_comment,200,0,11.31,251,4.921518716559994,0.0,0,0,0,0,0,0.0,0,0,0,0,0,0,0,0,0,0,0,0,0,0,0,0,0,0,0,0,0,0,0,0,0,0,0,0,0,0,0,0,8,3,0,0,0,0,0,0,0.0,0,0,0,0,0,0,0,0,0,0,0,0,0,0,0,0,0,0,0,0,0,0,0,0,0,0,0,0,0,0,0,0,0,0,0,26,0.0,0.0,0.0,0.23076923076923078,0.0,41.13,['XSS']
http://localhost:5050/users/xss-reflected_attribute_breakout,200,0,104.83,270,4.847954278326354,0.0,0,0,0,0,0,0.0,0,0,0,0,0,0,0,0,0,0,0,0,0,0,0,0,0,0,0,0,0,0,0,0,0,0,0,0,0,0,0,0,8,3,0,0,0,0,0,0,0.0,0,0,0,0,0,0,0,0,0,0,0,0,0,0,0,0,0,0,0,0,0,0,0,0,0,0,0,0,0,0,0,0,0,0,0,22,0.0,0.0,0.0,0.36363636363636365,0.0,11.45,['XSS']
http://localhost:5050/users/dirtrav-read_file_query_param,200,0,10.96,204,4.670810472254384,0.0,0,0,0,0,0,0.0,0,0,0,0,0,0,0,0,0,0,0,0,0,0,0,0,0,0,0,0,0,0,0,0,0,0,0,0,0,0,0,0,8,3,0,0,0,0,0,0,0.0,0,0,0,0,0,0,0,0,0,0,0,0,0,0,0,0,0,0,0,0,0,0,0,0,0,0,0,0,0,0,0,0,0,0,0,27,0.0,0.0,0.0,0.18518518518518517,0.8148148148148148,42.2,['DirTrav']
http://localhost:5050/users/dirtrav-read_file_form_param,0,0,31.67,0,0.0,0.0,0,0,0,0,0,0.0,0,0,0,0,0,0,0,0,0,0,0,0,0,0,0,0,0,0,0,0,0,0,0,0,0,0,0,0,0,0,0,0,1,0,0,0,0,0,0,0,0.0,0,0,0,0,0,0,0,0,0,0,0,0,0,0,0,0,0,0,0,0,0,0,0,0,0,0,0,0,0,0,0,0,0,0,0,30,0.0,0.0,0.0,0.0,0.0,10.83,['DirTrav']
http://localhost:5050/users/dirtrav-read_file_path_segment/<filename>,200,0,14.55,255,4.766227593360916,0.0,0,0,0,0,0,0.0,0,0,0,0,0,0,0,0,0,0,0,0,0,0,0,0,0,0,0,0,0,0,0,0,0,0,0,0,0,0,0,0,8,3,0,0,0,0,0,0,0.0,0,0,0,0,0,0,0,0,0,0,0,0,0,0,0,0,0,0,0,0,0,0,0,0,0,0,0,0,0,0,0,0,0,0,0,27,0.0,0.0,0.0,0.2962962962962963,0.0,42.03,['DirTrav']
http://localhost:5050/users/xxe-resolve_entities_json_body,405,0,30.81,153,4.599963902086099,0.0,0,0,0,0,0,0.0,0,0,0,0,0,0,0,0,0,0,0,0,0,0,0,0,0,0,0,0,0,0,0,0,0,0,0,0,0,0,0,0,8,3,0,0,0,0,0,0,0.0,0,0,0,0,0,0,0,0,0,0,0,0,0,0,0,0,0,0,0,0,0,0,0,0,0,0,0,0,0,0,0,0,0,0,0,26,0.0,0.0,0.0,0.34615384615384615,0.0,41.63,['XXE']
http://localhost:5050/users/xxe-resolve_entities_form_body,405,0,104.76,153,4.599963902086099,0.0,0,0,0,0,0,0.0,0,0,0,0,0,0,0,0,0,0,0,0,0,0,0,0,0,0,0,0,0,0,0,0,0,0,0,0,0,0,0,0,8,3,0,0,0,0,0,0,0.0,0,0,0,0,0,0,0,0,0,0,0,0,0,0,0,0,0,0,0,0,0,0,0,0,0,0,0,0,0,0,0,0,0,0,0,27,0.0,0.0,0.0,0.4074074074074074,0.0,11.63,['XXE']
http://localhost:5050/users/nosqli-auth_operator_bypass,405,0,30.8,153,4.599963902086099,0.0,0,0,0,0,0,0.0,0,0,0,0,0,0,0,0,0,0,0,0,0,0,0,0,0,0,0,0,0,0,0,0,0,0,0,0,0,0,0,0,8,3,0,0,0,0,0,0,0.0,0,0,0,0,0,0,0,0,0,0,0,0,0,0,0,0,0,0,0,0,0,0,0,0,0,0,0,0,0,0,0,0,0,0,0,26,0.0,0.0,0.0,0.4230769230769231,0.0,41.63,['NoSQLi']
http://localhost:5050/users/nosqli-search_filter_injection,0,0,32.08,0,0.0,0.0,0,0,0,0,0,0.0,0,0,0,0,0,0,0,0,0,0,0,0,0,0,0,0,0,0,0,0,0,0,0,0,0,0,0,0,0,0,0,0,8,3,0,0,0,0,0,0,0.0,0,0,0,0,0,0,0,0,0,0,0,0,0,0,0,0,0,0,0,0,0,0,0,0,0,0,0,0,0,0,0,0,0,0,0,29,0.0,0.0,0.0,0.0,0.0,10.83,['NoSQLi']
http://localhost:5050/users/nosqli-regex_operator_injection,405,0,197.13,153,4.599963902086099,0.0,0,0,0,0,0,0.0,0,0,0,0,0,0,0,0,0,0,0,0,0,0,0,0,0,0,0,0,0,0,0,0,0,0,0,0,0,0,0,0,8,3,0,0,0,0,0,0,0.0,0,0,0,0,0,0,0,0,0,0,0,0,0,0,0,0,0,0,0,0,0,0,0,0,0,0,0,0,0,0,0,0,0,0,0,28,0.0,0.0,0.0,0.25,0.0,11.63,['NoSQLi']
http://localhost:5050/users/ldapi-login_filter_wildcard,405,0,37.55,153,4.599963902086099,0.0,0,0,0,0,0,0.0,0,0,0,0,0,0,0,0,0,0,0,0,0,0,0,0,0,0,0,0,0,0,0,0,0,0,0,0,0,0,0,0,8,3,0,0,0,0,0,0,0.0,0,0,0,0,0,0,0,0,0,0,0,0,0,0,0,0,0,0,0,0,0,0,0,0,0,0,0,0,0,0,0,0,0,0,0,30,0.0,0.0,0.0,0.3,0.0,40.45,['LDAPi']
http://localhost:5050/users/ldapi-search_filter_wildcard,200,0,13.9,213,4.92643210213916,0.0,0,0,0,0,0,0.0,0,0,0,0,0,0,0,0,0,0,0,0,0,0,0,0,0,0,0,0,0,0,0,0,0,0,0,0,0,0,0,0,8,3,0,1,0,0,1,0,0.0,0,0,0,0,0,0,0,0,0,0,0,0,0,0,0,0,0,0,0,0,0,0,0,0,0,0,0,0,0,0,0,0,0,0,0,26,0.0,0.0,0.0,0.2692307692307692,0.11538461538461539,42.42,['LDAPi']
http://localhost:5050/users/insecperm-role_trusted_from_header,200,0,10.87,266,4.682736900846661,0.0,0,0,0,0,0,0.0,0,0,0,0,0,0,0,0,0,0,0,0,0,0,0,0,0,0,0,0,0,0,0,0,0,0,0,0,0,0,0,0,8,3,0,0,0,0,0,0,0.0,0,0,0,0,0,0,0,0,0,0,0,0,0,0,0,0,0,0,0,0,0,0,0,0,0,0,0,0,0,0,0,0,0,0,0,27,0.0,0.0,0.0,0.2222222222222222,0.0,41.4,['InsecPerm']
http://localhost:5050/users/insecperm-world_readable_export_endpoint/<id>,200,0,104.84,264,4.73300067692298,0.0,0,0,0,0,0,0.0,0,0,0,0,0,0,0,0,0,0,0,0,0,0,0,0,0,0,0,0,0,0,0,0,0,0,0,0,0,0,0,0,8,3,0,0,0,0,0,0,0.0,0,0,0,0,0,0,0,0,0,0,0,0,0,0,0,0,0,0,0,0,0,0,0,0,0,0,0,0,0,0,0,0,0,0,0,29,0.0,0.0,0.0,0.4827586206896552,0.0,12.29,['InsecPerm']
http://localhost:5050/users/insecperm-client_controlled_admin_flag,200,0,104.79,225,4.663726130569652,0.0,0,0,0,0,0,0.0,0,0,0,0,0,0,0,0,0,0,0,0,0,0,0,0,0,0,0,0,0,0,0,0,0,0,0,0,0,0,0,0,8,3,0,0,0,0,0,0,0.0,0,0,0,0,0,0,0,0,0,0,0,0,0,0,0,0,0,0,0,0,0,0,0,0,0,0,0,0,0,0,0,0,0,0,0,22,0.0,0.0,0.0,0.45454545454545453,0.0,11.62,['InsecPerm']
http://localhost:5050/users/idor-path_id_direct_access/<obj_id>,200,0,30.74,378,4.8775001685347465,0.0,0,0,0,0,0,0.0,0,0,0,0,0,0,0,0,0,0,0,0,0,0,0,0,0,0,0,0,0,0,0,0,0,0,0,0,0,0,0,0,8,3,0,1,0,1,0,0,0.0,0,0,0,0,0,0,0,0,0,0,0,0,0,0,0,0,0,0,0,0,0,0,0,0,0,0,0,0,0,0,0,0,0,0,0,27,0.0,0.0,0.0,0.3333333333333333,0.0,41.83,['IDOR']
http://localhost:5050/users/idor-query_id_direct_access,200,0,10.86,264,4.712802321086717,0.0,0,0,0,0,0,0.0,0,0,0,0,0,0,0,0,0,0,0,0,0,0,0,0,0,0,0,0,0,0,0,0,0,0,0,0,0,0,0,0,8,3,0,1,0,1,0,0,0.0,0,0,0,0,0,0,0,0,0,0,0,0,0,0,0,0,0,0,0,0,0,0,0,0,0,0,0,0,0,0,0,0,0,0,0,28,0.0,0.0,0.0,0.21428571428571427,0.0,41.88,['IDOR']
http://localhost:5050/users/idor-json_body_id_direct_access,405,0,104.78,153,4.599963902086099,0.0,0,0,0,0,0,0.0,0,0,0,0,0,0,0,0,0,0,0,0,0,0,0,0,0,0,0,0,0,0,0,0,0,0,0,0,0,0,0,0,8,3,0,0,0,0,0,0,0.0,0,0,0,0,0,0,0,0,0,0,0,0,0,0,0,0,0,0,0,0,0,0,0,0,0,0,0,0,0,0,0,0,0,0,0,26,0.0,0.0,0.0,0.6538461538461539,0.0,11.63,['IDOR']
http://localhost:5050/users/sessfix-sessionid_accepted_from_query,200,0,104.71,236,4.729980845505605,0.0,0,0,0,0,0,0.0,0,0,0,0,0,0,0,0,0,0,0,0,0,0,0,0,0,0,0,0,0,0,0,0,0,0,0,0,0,0,0,0,8,3,0,0,0,0,0,0,0.0,0,0,0,0,0,0,0,0,0,0,0,0,0,0,0,0,0,0,0,0,0,0,0,0,0,0,0,0,0,0,0,0,0,0,0,27,0.0,0.0,0.0,0.4074074074074074,0.0,12.27,['SessFix']
http://localhost:5050/users/sessfix-sessionid_not_regenerated_on_login,200,0,104.81,189,4.497731311312532,0.0,0,0,0,0,0,0.0,0,0,0,0,0,0,0,0,0,0,0,0,0,0,0,0,0,0,0,0,0,0,0,0,0,0,0,0,0,0,0,0,8,3,0,0,0,0,0,0,0.0,0,0,0,0,0,0,0,0,0,0,0,0,0,0,0,0,0,0,0,0,0,0,0,0,0,0,0,0,0,0,0,0,0,0,0,20,0.0,0.0,0.0,0.3,0.0,12.36,['SessFix']
http://localhost:5050/users/ssrf-url_fetch_query_no_allowlist,200,0,30.74,334,4.865759845277974,0.0,0,0,0,0,0,0.0,0,0,0,0,0,0,0,0,0,0,0,0,0,0,0,0,0,0,0,0,0,0,0,0,0,0,0,0,0,0,0,0,8,3,0,1,0,0,1,0,0.0,0,0,0,0,0,0,0,0,0,0,0,0,0,0,0,0,0,0,0,0,0,0,0,0,0,0,0,0,0,0,0,0,0,0,0,26,0.0,0.0,0.0,0.15384615384615385,0.0,42.23,['SSRF']
http://localhost:5050/users/ssrf-url_fetch_json_webhook,405,0,57.65,153,4.599963902086099,0.0,0,0,0,0,0,0.0,0,0,0,0,0,0,0,0,0,0,0,0,0,0,0,0,0,0,0,0,0,0,0,0,0,0,0,0,0,0,0,0,8,3,0,0,0,0,0,0,0.0,0,0,0,0,0,0,0,0,0,0,0,0,0,0,0,0,0,0,0,0,0,0,0,0,0,0,0,0,0,0,0,0,0,0,0,29,0.0,0.0,0.0,0.13793103448275862,0.0,23.03,['SSRF']
http://localhost:5050/users/ssrf-url_fetch_form_image_import,0,0,54.4,0,0.0,0.0,0,0,0,0,0,0.0,0,0,0,0,0,0,0,0,0,0,0,0,0,0,0,0,0,0,0,0,0,0,0,0,0,0,0,0,0,0,0,0,1,0,0,0,0,0,0,0,0.0,0,0,0,0,0,0,0,0,0,0,0,0,0,0,0,0,0,0,0,0,0,0,0,0,0,0,0,0,0,0,0,0,0,0,0,30,0.0,0.0,0.0,0.0,0.0,10.83,['SSRF']
http://localhost:5050/users/ssti-greeting_name_query,200,0,13.6,188,4.64255812358715,0.0,0,0,0,0,0,0.0,0,0,0,0,0,0,0,0,0,0,0,0,0,0,0,0,0,0,0,0,0,0,0,0,0,0,0,0,0,0,0,0,8,3,0,0,0,0,0,0,0.0,0,0,0,0,0,0,0,0,0,0,0,0,0,0,0,0,0,0,0,0,0,0,0,0,0,0,0,0,0,0,0,0,0,0,0,26,0.0,0.0,0.0,0.19230769230769232,0.15384615384615385,41.95,['SSTI']
http://localhost:5050/users/ssti-custom_template_field_form,405,0,104.67,153,4.599963902086099,0.0,0,0,0,0,0,0.0,0,0,0,0,0,0,0,0,0,0,0,0,0,0,0,0,0,0,0,0,0,0,0,0,0,0,0,0,0,0,0,0,8,3,0,0,0,0,0,0,0.0,0,0,0,0,0,0,0,0,0,0,0,0,0,0,0,0,0,0,0,0,0,0,0,0,0,0,0,0,0,0,0,0,0,0,0,26,0.0,0.0,0.0,0.2692307692307692,0.0,11.63,['SSTI']
http://localhost:5050/users/ssti-message_field_json,405,0,32.07,153,4.599963902086099,0.0,0,0,0,0,0,0.0,0,0,0,0,0,0,0,0,0,0,0,0,0,0,0,0,0,0,0,0,0,0,0,0,0,0,0,0,0,0,0,0,8,3,0,0,0,0,0,0,0.0,0,0,0,0,0,0,0,0,0,0,0,0,0,0,0,0,0,0,0,0,0,0,0,0,0,0,0,0,0,0,0,0,0,0,0,27,0.0,0.0,0.0,0.1111111111111111,0.0,40.67,['SSTI']
http://localhost:5050/users/prototype_pollution-deep_merge_settings,405,0,104.75,153,4.599963902086099,0.0,0,0,0,0,0,0.0,0,0,0,0,0,0,0,0,0,0,0,0,0,0,0,0,0,0,0,0,0,0,0,0,0,0,0,0,0,0,0,0,8,3,0,0,0,0,0,0,0.0,0,0,0,0,0,0,0,0,0,0,0,0,0,0,0,0,0,0,0,0,0,0,0,0,0,0,0,0,0,0,0,0,0,0,0,29,0.0,0.0,0.0,0.5862068965517241,0.0,11.63,['Prototype_Pollution']
http://localhost:5050/users/prototype_pollution-deep_merge_preferences,405,0,104.69,153,4.599963902086099,0.0,0,0,0,0,0,0.0,0,0,0,0,0,0,0,0,0,0,0,0,0,0,0,0,0,0,0,0,0,0,0,0,0,0,0,0,0,0,0,0,8,3,0,0,0,0,0,0,0.0,0,0,0,0,0,0,0,0,0,0,0,0,0,0,0,0,0,0,0,0,0,0,0,0,0,0,0,0,0,0,0,0,0,0,0,26,0.0,0.0,0.0,0.34615384615384615,0.0,11.63,['Prototype_Pollution']
http://localhost:5050/users/http_request_smuggling-cl_te_both_accepted,200,0,30.7,335,4.778335118883785,0.0,0,0,0,0,0,0.0,0,0,0,0,0,0,0,0,0,0,0,0,0,0,0,0,0,0,0,0,0,0,0,0,0,0,0,0,0,0,1,0,8,3,0,0,0,0,0,0,0.0,0,0,0,0,0,0,0,0,0,0,0,0,0,0,0,0,0,0,0,0,0,0,0,0,0,0,0,0,0,0,0,0,0,0,0,27,0.0,0.0,0.0,0.2222222222222222,0.0,41.48,['HTTP_Request_Smuggling']
http://localhost:5050/users/http_request_smuggling-duplicate_content_length_accepted,200,0,10.63,299,4.746921670444301,0.0,0,0,0,0,0,0.0,0,0,0,0,0,0,0,0,0,0,0,0,0,0,0,0,0,0,0,0,0,0,0,0,0,0,0,0,0,0,1,0,8,3,0,0,0,0,0,0,0.0,0,0,0,0,0,0,0,0,0,0,0,0,0,0,0,0,0,0,0,0,0,0,0,0,0,0,0,0,0,0,0,0,0,0,0,28,0.0,0.0,0.0,0.21428571428571427,0.0,41.11,['HTTP_Request_Smuggling']
http://localhost:5050/users/xpath_injection-login_xpath_concat,0,0,65.04,0,0.0,0.0,0,0,0,0,0,0.0,0,0,0,0,0,0,0,0,0,0,0,0,0,0,0,0,0,0,0,0,0,0,0,0,0,0,0,0,0,0,0,0,8,3,0,0,0,0,0,0,0.0,0,0,0,0,0,0,0,0,0,0,0,0,0,0,0,0,0,0,0,0,0,0,0,0,0,0,0,0,0,0,0,0,0,0,0,29,0.0,0.0,0.0,0.0,0.0,10.83,['XPATH_Injection']
http://localhost:5050/users/xpath_injection-search_xpath_concat,200,0,104.74,289,4.843376217566768,0.0,0,0,0,0,0,0.0,0,0,0,0,0,0,0,0,0,0,0,0,0,0,0,0,0,0,0,0,0,0,0,0,0,0,0,0,0,0,0,0,8,3,0,1,0,0,2,0,0.0,0,0,0,0,0,0,0,0,0,0,0,0,0,0,0,0,0,0,0,0,0,0,0,0,0,0,0,0,0,0,0,0,0,0,0,29,0.0,0.0,0.0,0.6551724137931034,0.034482758620689655,12.39,['XPATH_Injection']
http://localhost:5050/users/graphqli-introspection_left_enabled,405,0,37.57,153,4.599963902086099,0.0,0,0,0,0,0,0.0,0,0,0,0,0,0,0,0,0,0,0,0,0,0,0,0,0,0,0,0,0,0,0,0,0,0,0,0,0,0,0,0,8,3,0,0,0,0,0,0,0.0,0,0,0,0,0,0,0,0,0,0,0,0,0,0,0,0,0,0,0,0,0,0,0,0,0,0,0,0,0,0,0,0,0,0,0,30,0.0,0.0,0.0,0.2,0.0,41.63,['GraphQLi']
http://localhost:5050/users/graphqli-no_query_depth_limit,405,0,30.69,153,4.599963902086099,0.0,0,0,0,0,0,0.0,0,0,0,0,0,0,0,0,0,0,0,0,0,0,0,0,0,0,0,0,0,0,0,0,0,0,0,0,0,0,0,0,8,3,0,0,0,0,0,0,0.0,0,0,0,0,0,0,0,0,0,0,0,0,0,0,0,0,0,0,0,0,0,0,0,0,0,0,0,0,0,0,0,0,0,0,0,27,0.0,0.0,0.0,0.2222222222222222,0.0,41.63,['GraphQLi']
http://localhost:5050/users/cors-reflect_origin_credentials_true,200,0,30.8,332,4.86759457018398,0.0,0,0,0,0,0,0.0,0,0,0,0,0,0,0,0,0,0,0,0,0,0,0,0,0,0,0,0,0,0,0,0,0,0,0,0,0,0,0,0,8,3,0,1,1,0,0,0,0.0,0,0,0,0,0,0,0,0,0,0,0,0,0,0,0,0,0,0,0,0,0,0,0,0,0,0,0,0,0,0,0,0,0,0,0,28,0.0,0.0,0.0,0.42857142857142855,0.0,41.99,['CORS']
http://localhost:5050/users/cors-wildcard_origin_sensitive_endpoint,200,0,10.88,271,4.689001467193489,0.0,0,0,0,0,0,0.0,0,0,0,0,0,0,0,0,0,0,0,0,0,0,0,0,0,0,0,0,0,0,0,0,0,0,0,0,0,0,0,0,8,3,0,0,0,0,0,0,0.0,0,0,0,0,0,0,0,0,0,0,0,0,0,0,0,0,0,0,0,0,0,0,0,0,0,0,0,0,0,0,0,0,0,0,0,26,0.0,0.0,0.0,0.23076923076923078,0.0,42.3,['CORS']
http://localhost:5050/users/csrf-generic_state_change_no_token,405,0,30.7,153,4.599963902086099,0.0,0,0,0,0,0,0.0,0,0,0,0,0,0,0,0,0,0,0,0,0,0,0,0,0,0,0,0,0,0,0,0,0,0,0,0,0,0,0,0,8,3,0,0,0,0,0,0,0.0,0,0,0,0,0,0,0,0,0,0,0,0,0,0,0,0,0,0,0,0,0,0,0,0,0,0,0,0,0,0,0,0,0,0,0,27,0.0,0.0,0.0,0.3333333333333333,0.0,39.12,['CSRF']
http://localhost:5050/users/csrf-delete_no_token,200,0,104.7,242,4.804922238987902,0.0,0,0,0,0,0,0.0,0,0,0,0,0,0,0,0,0,0,0,0,0,0,0,0,0,0,0,0,0,0,0,0,0,0,0,0,0,0,0,0,8,3,0,0,0,0,0,0,0.0,0,0,0,0,0,0,0,0,0,0,0,0,0,0,0,0,0,0,0,0,0,0,0,0,0,0,0,0,0,0,0,0,0,0,0,28,0.0,0.0,0.0,0.5,0.10714285714285714,11.66,['CSRF']
http://localhost:5050/users/csrf-sensitive_transfer_no_token,405,0,43.83,153,4.599963902086099,0.0,0,0,0,0,0,0.0,0,0,0,0,0,0,0,0,0,0,0,0,0,0,0,0,0,0,0,0,0,0,0,0,0,0,0,0,0,0,0,0,8,3,0,0,0,0,0,0,0.0,0,0,0,0,0,0,0,0,0,0,0,0,0,0,0,0,0,0,0,0,0,0,0,0,0,0,0,0,0,0,0,0,0,0,0,30,0.0,0.0,0.0,0.23333333333333334,0.0,22.09,['CSRF']
http://localhost:5050/users/ratelimit-login_endpoint_no_throttle,405,0,104.64,153,4.599963902086099,0.0,0,0,0,0,0,0.0,0,0,0,0,0,0,0,0,0,0,0,0,0,0,0,0,0,0,0,0,0,0,0,0,0,0,0,0,0,0,0,0,8,3,0,0,0,0,0,0,0.0,0,0,0,0,0,0,0,0,0,0,0,0,0,0,0,0,0,0,0,0,0,0,0,0,0,0,0,0,0,0,0,0,0,0,0,28,0.0,0.0,0.0,0.35714285714285715,0.0,11.63,['RateLimit']
http://localhost:5050/users/ratelimit-password_reset_no_throttle,200,0,10.79,266,4.654697772283273,0.0,0,0,0,0,0,0.0,0,0,0,0,0,0,0,0,0,0,0,0,0,0,0,0,0,0,0,0,0,0,0,0,0,0,0,0,0,0,0,0,8,3,0,0,0,0,0,0,0.0,0,0,0,0,0,0,0,0,0,0,0,0,0,0,0,0,0,0,0,0,0,0,0,0,0,0,0,0,0,0,0,0,0,0,0,28,0.0,0.0,0.0,0.25,0.0,41.54,['RateLimit']
http://localhost:5050/users/infodisc-stack_trace_leak_on_error,200,0,104.69,132,4.67297619911218,0.0,0,0,0,0,0,0.0,0,0,0,0,0,0,0,0,0,0,0,0,0,0,0,0,0,0,0,0,0,0,0,0,0,0,0,0,0,0,0,0,8,3,0,0,0,0,0,0,0.0,0,0,0,0,0,0,0,0,0,0,0,0,0,0,0,0,0,0,0,0,0,0,0,0,0,0,0,0,0,0,0,0,0,0,0,16,0.0,0.0,0.0,0.25,0.0,12.21,['InfoDisc']
http://localhost:5050/users/infodisc-verbose_server_version_header,200,0,10.55,255,4.96060594359341,0.0,0,0,0,0,0,0.0,0,0,0,0,0,0,0,0,0,0,0,0,0,0,0,0,0,0,0,0,0,0,0,0,0,0,0,0,0,0,0,0,8,3,0,0,0,0,0,0,0.0,0,0,0,0,0,0,0,0,0,0,0,0,0,0,0,0,0,0,0,0,0,0,0,0,0,0,0,0,0,0,0,0,0,0,0,26,0.0,0.0,0.0,0.2692307692307692,0.0,41.89,['InfoDisc']
http://localhost:5050/users/infodisc-debug_env_endpoint/<resource_name>,200,0,30.66,273,4.970259760958506,0.0,0,0,0,0,0,0.0,0,0,0,0,0,0,0,0,0,0,0,0,0,0,0,0,0,0,0,0,0,0,0,0,0,0,0,0,0,0,0,0,8,3,0,0,0,0,0,0,0.0,0,0,0,0,0,0,0,0,0,0,0,0,0,0,0,0,0,0,0,0,0,0,0,0,0,0,0,0,0,0,0,0,0,0,0,28,0.0,0.0,0.0,0.32142857142857145,0.0,42.1,['InfoDisc']
http://localhost:5050/users/inseccrypto-md5_unsalted_password,405,0,30.64,153,4.599963902086099,0.0,0,0,0,0,0,0.0,0,0,0,0,0,0,0,0,0,0,0,0,0,0,0,0,0,0,0,0,0,0,0,0,0,0,0,0,0,0,0,0,8,3,0,0,0,0,0,0,0.0,0,0,0,0,0,0,0,0,0,0,0,0,0,0,0,0,0,0,0,0,0,0,0,0,0,0,0,0,0,0,0,0,0,0,0,27,0.0,0.0,0.0,0.3333333333333333,0.0,38.08,['InsecCrypto']
http://localhost:5050/users/inseccrypto-xor_fixed_key_encryption,200,0,10.77,329,4.997087415482921,0.0,0,0,0,0,0,0.0,0,0,0,0,0,0,0,0,0,0,0,0,0,0,0,0,0,0,0,0,0,0,0,0,0,0,0,0,0,0,0,0,8,3,0,0,0,0,0,0,0.0,0,0,0,0,0,0,0,0,0,0,0,0,0,0,0,0,0,0,0,0,0,0,0,0,0,0,0,0,0,0,0,0,0,0,0,27,0.0,0.0,0.0,0.2222222222222222,0.0,41.89,['InsecCrypto']
http://localhost:5050/users/openredirect-redirect_query_url_no_check,200,0,30.65,267,4.659826653627949,0.0,0,0,0,0,0,0.0,0,0,0,0,0,0,0,0,0,0,0,0,0,0,0,0,0,0,0,0,0,0,0,0,0,0,0,0,0,0,0,0,8,3,0,0,0,0,0,0,0.0,0,0,0,0,0,0,0,0,0,0,0,0,0,0,0,0,0,0,0,0,0,0,0,0,0,0,0,0,0,0,0,0,0,0,0,26,0.0,0.0,0.0,0.5384615384615384,0.0,42.32,['OpenRedirect']
http://localhost:5050/users/openredirect-post_login_next_param,405,0,104.71,153,4.599963902086099,0.0,0,0,0,0,0,0.0,0,0,0,0,0,0,0,0,0,0,0,0,0,0,0,0,0,0,0,0,0,0,0,0,0,0,0,0,0,0,0,0,8,3,0,0,0,0,0,0,0.0,0,0,0,0,0,0,0,0,0,0,0,0,0,0,0,0,0,0,0,0,0,0,0,0,0,0,0,0,0,0,0,0,0,0,0,27,0.0,0.0,0.0,0.48148148148148145,0.0,11.63,['OpenRedirect']
http://localhost:5050/users/jwt-alg_none_accepted,200,0,10.58,124,4.593112848422741,0.0,0,0,0,0,0,0.0,0,0,0,0,0,0,0,0,0,0,0,0,0,0,0,0,0,0,0,0,0,0,0,0,0,0,0,0,0,0,0,0,8,3,0,0,0,0,0,0,0.0,0,0,0,0,0,0,0,0,0,0,0,0,0,0,0,0,0,0,0,0,0,0,0,0,0,0,0,0,0,0,0,0,0,0,0,27,0.0,0.0,0.0,0.037037037037037035,0.0,41.91,['JWT']
http://localhost:5050/users/jwt-weak_hardcoded_secret,200,0,104.7,155,4.636347342842249,0.0,0,0,0,0,0,0.0,0,0,0,0,0,0,0,0,0,0,0,0,0,0,0,0,0,0,0,0,0,0,0,0,0,0,0,0,0,0,0,0,8,3,0,0,0,0,0,0,0.0,0,0,0,0,0,0,0,0,0,0,0,0,0,0,0,0,0,0,0,0,0,0,0,0,0,0,0,0,0,0,0,0,0,0,0,29,0.0,0.0,0.0,0.5517241379310345,0.0,12.09,['JWT']
http://localhost:5050/users/jwt-expiry_never_checked,200,0,30.61,127,4.676315031372225,0.0,0,0,0,0,0,0.0,0,0,0,0,0,0,0,0,0,0,0,0,0,0,0,0,0,0,0,0,0,0,0,0,0,0,0,0,0,0,0,0,8,3,0,0,0,0,0,0,0.0,0,0,0,0,0,0,0,0,0,0,0,0,0,0,0,0,0,0,0,0,0,0,0,0,0,0,0,0,0,0,0,0,0,0,0,26,0.0,0.0,0.0,0.34615384615384615,0.0,42.24,['JWT']
http://localhost:5050/users/crlf_injection-location_header_crlf,200,0,10.79,287,4.784940998426923,0.0,0,0,0,0,0,0.0,0,0,0,0,0,0,0,0,0,0,0,0,0,0,0,0,0,0,0,0,0,0,0,0,0,0,0,0,0,0,0,0,8,3,0,0,0,0,0,0,0.0,0,0,0,0,0,0,0,0,0,0,0,0,0,0,0,0,0,0,0,0,0,0,0,0,0,0,0,0,0,0,0,0,0,0,0,28,0.0,0.0,0.0,0.42857142857142855,0.0,42.2,['CRLF_Injection']
http://localhost:5050/users/crlf_injection-log_injection_crlf,405,0,44.77,153,4.599963902086099,0.0,0,0,0,0,0,0.0,0,0,0,0,0,0,0,0,0,0,0,0,0,0,0,0,0,0,0,0,0,0,0,0,0,0,0,0,0,0,0,0,8,3,0,0,0,0,0,0,0.0,0,0,0,0,0,0,0,0,0,0,0,0,0,0,0,0,0,0,0,0,0,0,0,0,0,0,0,0,0,0,0,0,0,0,0,30,0.0,0.0,0.0,0.0,0.0,30.0,['CRLF_Injection']
http://localhost:5050/users/racecondition-withdraw_toctou_no_lock,405,0,30.6,153,4.599963902086099,0.0,0,0,0,0,0,0.0,0,0,0,0,0,0,0,0,0,0,0,0,0,0,0,0,0,0,0,0,0,0,0,0,0,0,0,0,0,0,0,0,8,3,0,0,0,0,0,0,0.0,0,0,0,0,0,0,0,0,0,0,0,0,0,0,0,0,0,0,0,0,0,0,0,0,0,0,0,0,0,0,0,0,0,0,0,28,0.0,0.0,0.0,0.5,0.0,41.63,['RaceCondition']
http://localhost:5050/users/racecondition-coupon_redeem_toctou_no_lock,405,0,30.71,153,4.599963902086099,0.0,0,0,0,0,0,0.0,0,0,0,0,0,0,0,0,0,0,0,0,0,0,0,0,0,0,0,0,0,0,0,0,0,0,0,0,0,0,0,0,8,3,0,0,0,0,0,0,0.0,0,0,0,0,0,0,0,0,0,0,0,0,0,0,0,0,0,0,0,0,0,0,0,0,0,0,0,0,0,0,0,0,0,0,0,28,0.0,0.0,0.0,0.2857142857142857,0.0,41.63,['RaceCondition']
http://localhost:5050/orders/sqli-where_id_concat,200,0,30.72,206,5.018970641363033,0.0,0,0,0,0,0,0.0,0,0,0,0,0,0,0,0,0,0,0,0,0,0,0,0,0,0,0,0,0,0,0,0,0,0,0,0,0,0,0,0,8,3,0,0,0,0,0,0,0.0,0,0,0,0,0,0,0,0,0,0,0,0,0,0,0,0,0,0,0,0,0,0,0,0,0,0,0,0,0,0,0,0,0,0,0,28,0.0,0.0,0.0,0.2857142857142857,0.14285714285714285,42.23,['SQLi']
http://localhost:5050/orders/sqli-order_by_concat,200,0,10.59,253,4.924196756665123,0.0,0,0,0,0,0,0.0,0,0,0,0,0,0,0,0,0,0,0,0,0,0,0,0,0,0,0,0,0,0,0,0,0,0,0,0,0,0,0,0,8,3,0,0,0,0,0,0,0.0,0,0,0,0,0,0,0,0,0,0,0,0,0,0,0,0,0,0,0,0,0,0,0,0,0,0,0,0,0,0,0,0,0,0,0,28,0.0,0.0,0.0,0.35714285714285715,0.0,42.06,['SQLi']
http://localhost:5050/orders/sqli-like_search_concat,405,0,104.57,153,4.599963902086099,0.0,0,0,0,0,0,0.0,0,0,0,0,0,0,0,0,0,0,0,0,0,0,0,0,0,0,0,0,0,0,0,0,0,0,0,0,0,0,0,0,8,3,0,0,0,0,0,0,0.0,0,0,0,0,0,0,0,0,0,0,0,0,0,0,0,0,0,0,0,0,0,0,0,0,0,0,0,0,0,0,0,0,0,0,0,28,0.0,0.0,0.0,0.32142857142857145,0.0,11.63,['SQLi']
http://localhost:5050/orders/sqli-login_bypass,0,0,31.53,0,0.0,0.0,0,0,0,0,0,0.0,0,0,0,0,0,0,0,0,0,0,0,0,0,0,0,0,0,0,0,0,0,0,0,0,0,0,0,0,0,0,0,0,1,0,0,0,0,0,0,0,0.0,0,0,0,0,0,0,0,0,0,0,0,0,0,0,0,0,0,0,0,0,0,0,0,0,0,0,0,0,0,0,0,0,0,0,0,30,0.0,0.0,0.0,0.0,0.0,10.83,['SQLi']
http://localhost:5050/orders/sqli-union_select_id,405,0,30.61,153,4.599963902086099,0.0,0,0,0,0,0,0.0,0,0,0,0,0,0,0,0,0,0,0,0,0,0,0,0,0,0,0,0,0,0,0,0,0,0,0,0,0,0,0,0,8,3,0,0,0,0,0,0,0.0,0,0,0,0,0,0,0,0,0,0,0,0,0,0,0,0,0,0,0,0,0,0,0,0,0,0,0,0,0,0,0,0,0,0,0,27,0.0,0.0,0.0,0.25925925925925924,0.0,41.63,['SQLi']
http://localhost:5050/orders/cmdi-ping_host_shell_true,200,0,10.55,455,5.105493282602525,0.0,0,0,0,0,0,0.0,0,0,0,0,0,0,0,0,0,0,0,0,0,0,0,0,0,0,0,0,0,0,0,0,0,0,0,0,0,0,0,0,8,3,0,0,0,0,0,0,0.0,0,0,0,0,0,0,0,0,0,0,0,0,0,0,0,0,0,0,0,0,0,0,0,0,0,0,0,0,0,0,0,0,0,0,0,28,0.0,0.0,0.0,0.2857142857142857,0.0,42.22,['CMDi']
http://localhost:5050/orders/cmdi-filename_echo_shell,405,0,104.61,153,4.599963902086099,0.0,0,0,0,0,0,0.0,0,0,0,0,0,0,0,0,0,0,0,0,0,0,0,0,0,0,0,0,0,0,0,0,0,0,0,0,0,0,0,0,8,3,0,0,0,0,0,0,0.0,0,0,0,0,0,0,0,0,0,0,0,0,0,0,0,0,0,0,0,0,0,0,0,0,0,0,0,0,0,0,0,0,0,0,0,27,0.0,0.0,0.0,0.48148148148148145,0.0,11.63,['CMDi']
http://localhost:5050/orders/cmdi-archive_name_shell,0,0,64.19,0,0.0,0.0,0,0,0,0,0,0.0,0,0,0,0,0,0,0,0,0,0,0,0,0,0,0,0,0,0,0,0,0,0,0,0,0,0,0,0,0,0,0,0,8,3,0,0,0,0,0,0,0.0,0,0,0,0,0,0,0,0,0,0,0,0,0,0,0,0,0,0,0,0,0,0,0,0,0,0,0,0,0,0,0,0,0,0,0,30,0.0,0.0,0.0,0.0,0.0,10.83,['CMDi']
http://localhost:5050/orders/insecdeser-pickle_b64_import,405,0,30.6,153,4.599963902086099,0.0,0,0,0,0,0,0.0,0,0,0,0,0,0,0,0,0,0,0,0,0,0,0,0,0,0,0,0,0,0,0,0,0,0,0,0,0,0,0,0,8,3,0,0,0,0,0,0,0.0,0,0,0,0,0,0,0,0,0,0,0,0,0,0,0,0,0,0,0,0,0,0,0,0,0,0,0,0,0,0,0,0,0,0,0,27,0.0,0.0,0.0,0.37037037037037035,0.0,41.63,['InsecDeser']
http://localhost:5050/orders/insecdeser-yaml_unsafe_load,0,0,31.58,0,0.0,0.0,0,0,0,0,0,0.0,0,0,0,0,0,0,0,0,0,0,0,0,0,0,0,0,0,0,0,0,0,0,0,0,0,0,0,0,0,0,0,0,1,0,0,0,0,0,0,0,0.0,0,0,0,0,0,0,0,0,0,0,0,0,0,0,0,0,0,0,0,0,0,0,0,0,0,0,0,0,0,0,0,0,0,0,0,28,0.0,0.0,0.0,0.0,0.0,10.83,['InsecDeser']
http://localhost:5050/orders/insecupload-no_extension_whitelist,405,0,30.57,153,4.599963902086099,0.0,0,0,0,0,0,0.0,0,0,0,0,0,0,0,0,0,0,0,0,0,0,0,0,0,0,0,0,0,0,0,0,0,0,0,0,0,0,0,0,8,3,0,0,0,0,0,0,0.0,0,0,0,0,0,0,0,0,0,0,0,0,0,0,0,0,0,0,0,0,0,0,0,0,0,0,0,0,0,0,0,0,0,0,0,26,0.0,0.0,0.0,0.3076923076923077,0.0,41.63,['InsecUpload']
http://localhost:5050/orders/insecupload-no_content_type_check,405,0,104.63,153,4.599963902086099,0.0,0,0,0,0,0,0.0,0,0,0,0,0,0,0,0,0,0,0,0,0,0,0,0,0,0,0,0,0,0,0,0,0,0,0,0,0,0,0,0,8,3,0,0,0,0,0,0,0.0,0,0,0,0,0,0,0,0,0,0,0,0,0,0,0,0,0,0,0,0,0,0,0,0,0,0,0,0,0,0,0,0,0,0,0,22,0.0,0.0,0.0,0.3181818181818182,0.0,11.63,['InsecUpload']
http://localhost:5050/orders/bufovr-fixed_buffer_ctypes_query,200,0,12.92,248,4.8179656783486156,0.0,0,0,0,0,0,0.0,0,0,0,0,0,0,0,0,0,0,0,0,0,0,0,0,0,0,0,0,0,0,0,0,0,0,0,0,0,0,0,0,8,3,0,0,0,0,0,0,0.0,0,0,0,0,0,0,0,0,0,0,0,0,0,0,0,0,0,0,0,0,0,0,0,0,0,0,0,0,0,0,0,0,0,0,0,28,0.0,0.0,0.0,0.42857142857142855,0.0,41.56,['BufOvr']
http://localhost:5050/orders/bufovr-fixed_buffer_ctypes_header,200,0,102.39,217,4.748632112352185,0.0,0,0,0,0,0,0.0,0,0,0,0,0,0,0,0,0,0,0,0,0,0,0,0,0,0,0,0,0,0,0,0,0,0,0,0,0,0,0,0,8,3,0,0,0,0,0,0,0.0,0,0,0,0,0,0,0,0,0,0,0,0,0,0,0,0,0,0,0,0,0,0,0,0,0,0,0,0,0,0,0,0,0,0,0,26,0.0,0.0,0.0,0.15384615384615385,0.038461538461538464,11.37,['BufOvr']
http://localhost:5050/orders/credsexpose-debug_endpoint_left_on/<resource_name>,200,0,10.4,377,5.074467491944728,0.0,0,0,0,0,0,0.0,0,0,0,0,0,0,0,0,0,0,0,0,0,0,0,0,0,0,0,0,0,0,0,0,0,0,0,0,0,0,0,0,8,3,0,0,0,0,0,0,0.0,0,0,0,0,0,0,0,0,0,0,0,0,0,0,0,0,0,0,0,0,0,0,0,0,0,0,0,0,0,0,0,0,0,0,0,28,0.0,0.0,0.0,0.39285714285714285,0.0,42.09,['CredsExpose']
http://localhost:5050/orders/credsexpose-verbose_error_with_secret,200,0,104.53,294,4.829192426439563,0.0,0,0,0,0,0,0.0,0,0,0,0,0,0,0,0,0,0,0,0,0,0,0,0,0,0,0,0,0,0,0,0,0,0,0,0,0,0,0,0,8,3,0,1,1,0,0,0,0.0,0,0,0,0,0,0,0,0,0,0,0,0,0,0,0,0,0,0,0,0,0,0,0,0,0,0,0,0,0,0,0,0,0,0,0,29,0.0,0.0,0.0,0.4827586206896552,0.13793103448275862,12.29,['CredsExpose']
http://localhost:5050/orders/credsexpose-secret_in_response_header,200,0,30.56,271,4.89202347187709,0.0,0,0,0,0,0,0.0,0,0,0,0,0,0,0,0,0,0,0,0,0,0,0,0,0,0,0,0,0,0,0,0,0,0,0,0,0,0,0,0,8,3,0,0,0,0,0,0,0.0,0,0,0,0,0,0,0,0,0,0,0,0,0,0,0,0,0,0,0,0,0,0,0,0,0,0,0,0,0,0,0,0,0,0,0,28,0.0,0.0,0.0,0.35714285714285715,0.0,42.11,['CredsExpose']
http://localhost:5050/orders/brokenauth-no_bruteforce_protection,405,0,37.53,153,4.599963902086099,0.0,0,0,0,0,0,0.0,0,0,0,0,0,0,0,0,0,0,0,0,0,0,0,0,0,0,0,0,0,0,0,0,0,0,0,0,0,0,0,0,8,3,0,0,0,0,0,0,0.0,0,0,0,0,0,0,0,0,0,0,0,0,0,0,0,0,0,0,0,0,0,0,0,0,0,0,0,0,0,0,0,0,0,0,0,30,0.0,0.0,0.0,0.13333333333333333,0.0,30.24,['BrokenAuth']
http://localhost:5050/orders/brokenauth-predictable_session_token,405,0,58.1,153,4.599963902086099,0.0,0,0,0,0,0,0.0,0,0,0,0,0,0,0,0,0,0,0,0,0,0,0,0,0,0,0,0,0,0,0,0,0,0,0,0,0,0,0,0,8,3,0,0,0,0,0,0,0.0,0,0,0,0,0,0,0,0,0,0,0,0,0,0,0,0,0,0,0,0,0,0,0,0,0,0,0,0,0,0,0,0,0,0,0,26,0.0,0.0,0.0,0.2692307692307692,0.0,25.81,['BrokenAuth']
http://localhost:5050/orders/brokenauth-guessable_password_reset,200,0,10.87,228,4.791211396748883,0.0,0,0,0,0,0,0.0,0,0,0,0,0,0,0,0,0,0,0,0,0,0,0,0,0,0,0,0,0,0,0,0,0,0,0,0,0,0,0,0,8,3,0,0,0,0,0,0,0.0,0,0,0,0,0,0,0,0,0,0,0,0,0,0,0,0,0,0,0,0,0,0,0,0,0,0,0,0,0,0,0,0,0,0,0,26,0.0,0.0,0.0,0.23076923076923078,0.0,41.86,['BrokenAuth']
http://localhost:5050/orders/xss-reflected_query_div,200,0,10.58,242,5.0124637083994905,0.0,0,0,0,0,0,0.0,0,0,0,0,0,0,0,0,0,0,0,0,0,0,0,0,0,0,0,0,0,0,0,0,0,0,0,0,0,0,0,0,8,3,0,0,0,0,0,0,0.0,0,0,0,0,0,0,0,0,0,0,0,0,0,0,0,0,0,0,0,0,0,0,0,0,0,0,0,0,0,0,0,0,0,0,0,27,0.0,0.0,0.0,0.25925925925925924,0.14814814814814814,41.09,['XSS']
http://localhost:5050/orders/xss-reflected_form_comment,405,0,57.85,153,4.599963902086099,0.0,0,0,0,0,0,0.0,0,0,0,0,0,0,0,0,0,0,0,0,0,0,0,0,0,0,0,0,0,0,0,0,0,0,0,0,0,0,0,0,8,3,0,0,0,0,0,0,0.0,0,0,0,0,0,0,0,0,0,0,0,0,0,0,0,0,0,0,0,0,0,0,0,0,0,0,0,0,0,0,0,0,0,0,0,27,0.0,0.0,0.0,0.2962962962962963,0.0,26.9,['XSS']
http://localhost:5050/orders/xss-reflected_json_span,0,0,52.13,0,0.0,0.0,0,0,0,0,0,0.0,0,0,0,0,0,0,0,0,0,0,0,0,0,0,0,0,0,0,0,0,0,0,0,0,0,0,0,0,0,0,0,0,8,3,0,0,0,0,0,0,0.0,0,0,0,0,0,0,0,0,0,0,0,0,0,0,0,0,0,0,0,0,0,0,0,0,0,0,0,0,0,0,0,0,0,0,0,30,0.0,0.0,0.0,0.0,0.0,10.83,['XSS']
http://localhost:5050/orders/xss-reflected_header_comment,200,0,10.45,253,4.926449871492636,0.0,0,0,0,0,0,0.0,0,0,0,0,0,0,0,0,0,0,0,0,0,0,0,0,0,0,0,0,0,0,0,0,0,0,0,0,0,0,0,0,8,3,0,0,0,0,0,0,0.0,0,0,0,0,0,0,0,0,0,0,0,0,0,0,0,0,0,0,0,0,0,0,0,0,0,0,0,0,0,0,0,0,0,0,0,29,0.0,0.0,0.0,0.3793103448275862,0.0,41.12,['XSS']
http://localhost:5050/orders/xss-reflected_attribute_breakout,200,0,25.39,272,4.864687720035029,0.0,0,0,0,0,0,0.0,0,0,0,0,0,0,0,0,0,0,0,0,0,0,0,0,0,0,0,0,0,0,0,0,0,0,0,0,0,0,0,0,8,3,0,0,0,0,0,0,0.0,0,0,0,0,0,0,0,0,0,0,0,0,0,0,0,0,0,0,0,0,0,0,0,0,0,0,0,0,0,0,0,0,0,0,0,30,0.0,0.0,0.0,0.36666666666666664,0.0,41.62,['XSS']
http://localhost:5050/orders/dirtrav-read_file_query_param,200,0,23.77,205,4.666506244740516,0.0,0,0,0,0,0,0.0,0,0,0,0,0,0,0,0,0,0,0,0,0,0,0,0,0,0,0,0,0,0,0,0,0,0,0,0,0,0,0,0,8,3,0,0,0,0,0,0,0.0,0,0,0,0,0,0,0,0,0,0,0,0,0,0,0,0,0,0,0,0,0,0,0,0,0,0,0,0,0,0,0,0,0,0,0,27,0.0,0.0,0.0,0.18518518518518517,0.8148148148148148,42.1,['DirTrav']
http://localhost:5050/orders/dirtrav-read_file_form_param,405,0,57.56,153,4.599963902086099,0.0,0,0,0,0,0,0.0,0,0,0,0,0,0,0,0,0,0,0,0,0,0,0,0,0,0,0,0,0,0,0,0,0,0,0,0,0,0,0,0,8,3,0,0,0,0,0,0,0.0,0,0,0,0,0,0,0,0,0,0,0,0,0,0,0,0,0,0,0,0,0,0,0,0,0,0,0,0,0,0,0,0,0,0,0,27,0.0,0.0,0.0,0.18518518518518517,0.0,26.79,['DirTrav']
http://localhost:5050/orders/dirtrav-read_file_path_segment/<filename>,0,0,10.68,0,0.0,0.0,0,0,0,0,0,0.0,0,0,0,0,0,0,0,0,0,0,0,0,0,0,0,0,0,0,0,0,0,0,0,0,0,0,0,0,0,0,0,0,8,3,0,0,0,0,0,0,0.0,0,0,0,0,0,0,0,0,0,0,0,0,0,0,0,0,0,0,0,0,0,0,0,0,0,0,0,0,0,0,0,0,0,0,0,26,0.0,0.0,0.0,0.0,0.0,11.2,['DirTrav']
http://localhost:5050/orders/xxe-resolve_entities_form_body,405,0,57.56,153,4.599963902086099,0.0,0,0,0,0,0,0.0,0,0,0,0,0,0,0,0,0,0,0,0,0,0,0,0,0,0,0,0,0,0,0,0,0,0,0,0,0,0,0,0,8,3,0,0,0,0,0,0,0.0,0,0,0,0,0,0,0,0,0,0,0,0,0,0,0,0,0,0,0,0,0,0,0,0,0,0,0,0,0,0,0,0,0,0,0,28,0.0,0.0,0.0,0.21428571428571427,0.0,13.79,['XXE']
http://localhost:5050/orders/nosqli-auth_operator_bypass,0,0,10.68,0,0.0,0.0,0,0,0,0,0,0.0,0,0,0,0,0,0,0,0,0,0,0,0,0,0,0,0,0,0,0,0,0,0,0,0,0,0,0,0,0,0,0,0,8,3,0,0,0,0,0,0,0.0,0,0,0,0,0,0,0,0,0,0,0,0,0,0,0,0,0,0,0,0,0,0,0,0,0,0,0,0,0,0,0,0,0,0,0,29,0.0,0.0,0.0,0.0,0.0,10.83,['NoSQLi']
http://localhost:5050/orders/nosqli-search_filter_injection,405,0,119.37,153,4.599963902086099,0.0,0,0,0,0,0,0.0,0,0,0,0,0,0,0,0,0,0,0,0,0,0,0,0,0,0,0,0,0,0,0,0,0,0,0,0,0,0,0,0,8,3,0,0,0,0,0,0,0.0,0,0,0,0,0,0,0,0,0,0,0,0,0,0,0,0,0,0,0,0,0,0,0,0,0,0,0,0,0,0,0,0,0,0,0,28,0.0,0.0,0.0,0.17857142857142858,0.0,11.63,['NoSQLi']
http://localhost:5050/orders/ldapi-login_filter_wildcard,405,0,35.12,153,4.599963902086099,0.0,0,0,0,0,0,0.0,0,0,0,0,0,0,0,0,0,0,0,0,0,0,0,0,0,0,0,0,0,0,0,0,0,0,0,0,0,0,0,0,8,3,0,0,0,0,0,0,0.0,0,0,0,0,0,0,0,0,0,0,0,0,0,0,0,0,0,0,0,0,0,0,0,0,0,0,0,0,0,0,0,0,0,0,0,30,0.0,0.0,0.0,0.26666666666666666,0.0,36.97,['LDAPi']
http://localhost:5050/orders/ldapi-search_filter_wildcard,200,0,25.27,215,4.9192855012951,0.0,0,0,0,0,0,0.0,0,0,0,0,0,0,0,0,0,0,0,0,0,0,0,0,0,0,0,0,0,0,0,0,0,0,0,0,0,0,0,0,8,3,0,1,0,0,1,0,0.0,0,0,0,0,0,0,0,0,0,0,0,0,0,0,0,0,0,0,0,0,0,0,0,0,0,0,0,0,0,0,0,0,0,0,0,30,0.0,0.0,0.0,0.3333333333333333,0.16666666666666666,42.37,['LDAPi']
http://localhost:5050/orders/insecperm-role_trusted_from_header,200,0,23.61,268,4.686644446318923,0.0,0,0,0,0,0,0.0,0,0,0,0,0,0,0,0,0,0,0,0,0,0,0,0,0,0,0,0,0,0,0,0,0,0,0,0,0,0,0,0,8,3,0,0,0,0,0,0,0.0,0,0,0,0,0,0,0,0,0,0,0,0,0,0,0,0,0,0,0,0,0,0,0,0,0,0,0,0,0,0,0,0,0,0,0,28,0.0,0.0,0.0,0.42857142857142855,0.0,41.45,['InsecPerm']
http://localhost:5050/orders/insecperm-world_readable_export_endpoint/<id>,200,0,28.72,267,4.725073025643953,0.0,0,0,0,0,0,0.0,0,0,0,0,0,0,0,0,0,0,0,0,0,0,0,0,0,0,0,0,0,0,0,0,0,0,0,0,0,0,0,0,8,3,0,0,0,0,0,0,0.0,0,0,0,0,0,0,0,0,0,0,0,0,0,0,0,0,0,0,0,0,0,0,0,0,0,0,0,0,0,0,0,0,0,0,0,29,0.0,0.0,0.0,0.41379310344827586,0.0,42.36,['InsecPerm']
http://localhost:5050/orders/insecperm-client_controlled_admin_flag,200,0,57.59,227,4.66410625591733,0.0,0,0,0,0,0,0.0,0,0,0,0,0,0,0,0,0,0,0,0,0,0,0,0,0,0,0,0,0,0,0,0,0,0,0,0,0,0,0,0,8,3,0,0,0,0,0,0,0.0,0,0,0,0,0,0,0,0,0,0,0,0,0,0,0,0,0,0,0,0,0,0,0,0,0,0,0,0,0,0,0,0,0,0,0,26,0.0,0.0,0.0,0.2692307692307692,0.0,20.09,['InsecPerm']
http://localhost:5050/orders/idor-path_id_direct_access/<obj_id>,200,0,57.57,382,4.869425654647415,0.0,0,0,0,0,0,0.0,0,0,0,0,0,0,0,0,0,0,0,0,0,0,0,0,0,0,0,0,0,0,0,0,0,0,0,0,0,0,0,0,8,3,0,1,0,1,0,0,0.0,0,0,0,0,0,0,0,0,0,0,0,0,0,0,0,0,0,0,0,0,0,0,0,0,0,0,0,0,0,0,0,0,0,0,0,24,0.0,0.0,0.0,0.20833333333333334,0.0,14.39,['IDOR']
http://localhost:5050/orders/idor-query_id_direct_access,200,0,10.59,267,4.698026277372133,0.0,0,0,0,0,0,0.0,0,0,0,0,0,0,0,0,0,0,0,0,0,0,0,0,0,0,0,0,0,0,0,0,0,0,0,0,0,0,0,0,8,3,0,1,0,1,0,0,0.0,0,0,0,0,0,0,0,0,0,0,0,0,0,0,0,0,0,0,0,0,0,0,0,0,0,0,0,0,0,0,0,0,0,0,0,28,0.0,0.0,0.0,0.14285714285714285,0.0,41.87,['IDOR']
http://localhost:5050/orders/idor-json_body_id_direct_access,0,0,10.68,0,0.0,0.0,0,0,0,0,0,0.0,0,0,0,0,0,0,0,0,0,0,0,0,0,0,0,0,0,0,0,0,0,0,0,0,0,0,0,0,0,0,0,0,8,3,0,0,0,0,0,0,0.0,0,0,0,0,0,0,0,0,0,0,0,0,0,0,0,0,0,0,0,0,0,0,0,0,0,0,0,0,0,0,0,0,0,0,0,27,0.0,0.0,0.0,0.0,0.0,10.83,['IDOR']
http://localhost:5050/orders/sessfix-sessionid_accepted_from_query,200,0,22.65,237,4.739142063757284,0.0,0,0,0,0,0,0.0,0,0,0,0,0,0,0,0,0,0,0,0,0,0,0,0,0,0,0,0,0,0,0,0,0,0,0,0,0,0,0,0,8,3,0,0,0,0,0,0,0.0,0,0,0,0,0,0,0,0,0,0,0,0,0,0,0,0,0,0,0,0,0,0,0,0,0,0,0,0,0,0,0,0,0,0,0,28,0.0,0.0,0.0,0.2857142857142857,0.0,42.22,['SessFix']
http://localhost:5050/orders/sessfix-sessionid_not_regenerated_on_login,0,0,10.68,0,0.0,0.0,0,0,0,0,0,0.0,0,0,0,0,0,0,0,0,0,0,0,0,0,0,0,0,0,0,0,0,0,0,0,0,0,0,0,0,0,0,0,0,8,3,0,0,0,0,0,0,0.0,0,0,0,0,0,0,0,0,0,0,0,0,0,0,0,0,0,0,0,0,0,0,0,0,0,0,0,0,0,0,0,0,0,0,0,29,0.0,0.0,0.0,0.0,0.0,11.5,['SessFix']
http://localhost:5050/orders/ssrf-url_fetch_query_no_allowlist,200,0,57.57,335,4.871209629740557,0.0,0,0,0,0,0,0.0,0,0,0,0,0,0,0,0,0,0,0,0,0,0,0,0,0,0,0,0,0,0,0,0,0,0,0,0,0,0,0,0,8,3,0,1,0,0,1,0,0.0,0,0,0,0,0,0,0,0,0,0,0,0,0,0,0,0,0,0,0,0,0,0,0,0,0,0,0,0,0,0,0,0,0,0,0,27,0.0,0.0,0.0,0.2962962962962963,0.0,13.03,['SSRF']
http://localhost:5050/orders/ssrf-url_fetch_json_webhook,0,0,10.68,0,0.0,0.0,0,0,0,0,0,0.0,0,0,0,0,0,0,0,0,0,0,0,0,0,0,0,0,0,0,0,0,0,0,0,0,0,0,0,0,0,0,0,0,8,3,0,0,0,0,0,0,0.0,0,0,0,0,0,0,0,0,0,0,0,0,0,0,0,0,0,0,0,0,0,0,0,0,0,0,0,0,0,0,0,0,0,0,0,28,0.0,0.0,0.0,0.0,0.0,10.83,['SSRF']
http://localhost:5050/orders/ssrf-url_fetch_form_image_import,405,0,120.46,153,4.599963902086099,0.0,0,0,0,0,0,0.0,0,0,0,0,0,0,0,0,0,0,0,0,0,0,0,0,0,0,0,0,0,0,0,0,0,0,0,0,0,0,0,0,8,3,0,0,0,0,0,0,0.0,0,0,0,0,0,0,0,0,0,0,0,0,0,0,0,0,0,0,0,0,0,0,0,0,0,0,0,0,0,0,0,0,0,0,0,27,0.0,0.0,0.0,0.1111111111111111,0.0,11.63,['SSRF']
http://localhost:5050/orders/ssti-greeting_name_query,200,0,102.08,191,4.632090427533416,0.0,0,0,0,0,0,0.0,0,0,0,0,0,0,0,0,0,0,0,0,0,0,0,0,0,0,0,0,0,0,0,0,0,0,0,0,0,0,0,0,8,3,0,0,0,0,0,0,0.0,0,0,0,0,0,0,0,0,0,0,0,0,0,0,0,0,0,0,0,0,0,0,0,0,0,0,0,0,0,0,0,0,0,0,0,29,0.0,0.0,0.0,0.20689655172413793,0.13793103448275862,11.99,['SSTI']
http://localhost:5050/orders/ssti-custom_template_field_form,405,0,118.21,153,4.599963902086099,0.0,0,0,0,0,0,0.0,0,0,0,0,0,0,0,0,0,0,0,0,0,0,0,0,0,0,0,0,0,0,0,0,0,0,0,0,0,0,0,0,8,3,0,0,0,0,0,0,0.0,0,0,0,0,0,0,0,0,0,0,0,0,0,0,0,0,0,0,0,0,0,0,0,0,0,0,0,0,0,0,0,0,0,0,0,29,0.0,0.0,0.0,0.10344827586206896,0.0,11.63,['SSTI']
http://localhost:5050/orders/ssti-message_field_json,405,0,57.58,153,4.599963902086099,0.0,0,0,0,0,0,0.0,0,0,0,0,0,0,0,0,0,0,0,0,0,0,0,0,0,0,0,0,0,0,0,0,0,0,0,0,0,0,0,0,8,3,0,0,0,0,0,0,0.0,0,0,0,0,0,0,0,0,0,0,0,0,0,0,0,0,0,0,0,0,0,0,0,0,0,0,0,0,0,0,0,0,0,0,0,27,0.0,0.0,0.0,0.2222222222222222,0.0,21.03,['SSTI']
http://localhost:5050/orders/prototype_pollution-deep_merge_settings,405,0,50.4,153,4.599963902086099,0.0,0,0,0,0,0,0.0,0,0,0,0,0,0,0,0,0,0,0,0,0,0,0,0,0,0,0,0,0,0,0,0,0,0,0,0,0,0,0,0,8,3,0,0,0,0,0,0,0.0,0,0,0,0,0,0,0,0,0,0,0,0,0,0,0,0,0,0,0,0,0,0,0,0,0,0,0,0,0,0,0,0,0,0,0,30,0.0,0.0,0.0,0.03333333333333333,0.0,19.76,['Prototype_Pollution']
http://localhost:5050/orders/prototype_pollution-deep_merge_preferences,0,0,10.69,0,0.0,0.0,0,0,0,0,0,0.0,0,0,0,0,0,0,0,0,0,0,0,0,0,0,0,0,0,0,0,0,0,0,0,0,0,0,0,0,0,0,0,0,8,3,0,0,0,0,0,0,0.0,0,0,0,0,0,0,0,0,0,0,0,0,0,0,0,0,0,0,0,0,0,0,0,0,0,0,0,0,0,0,0,0,0,0,0,26,0.0,0.0,0.0,0.0,0.0,10.83,['Prototype_Pollution']
http://localhost:5050/orders/http_request_smuggling-cl_te_both_accepted,200,0,57.59,337,4.7911759350750085,0.0,0,0,0,0,0,0.0,0,0,0,0,0,0,0,0,0,0,0,0,0,0,0,0,0,0,0,0,0,0,0,0,0,0,0,0,0,0,1,0,8,3,0,0,0,0,0,0,0.0,0,0,0,0,0,0,0,0,0,0,0,0,0,0,0,0,0,0,0,0,0,0,0,0,0,0,0,0,0,0,0,0,0,0,0,28,0.0,0.0,0.0,0.2857142857142857,0.0,14.1,['HTTP_Request_Smuggling']
http://localhost:5050/orders/http_request_smuggling-duplicate_content_length_accepted,200,0,22.54,301,4.762482364831041,0.0,0,0,0,0,0,0.0,0,0,0,0,0,0,0,0,0,0,0,0,0,0,0,0,0,0,0,0,0,0,0,0,0,0,0,0,0,0,1,0,8,3,0,0,0,0,0,0,0.0,0,0,0,0,0,0,0,0,0,0,0,0,0,0,0,0,0,0,0,0,0,0,0,0,0,0,0,0,0,0,0,0,0,0,0,27,0.0,0.0,0.0,0.18518518518518517,0.0,41.04,['HTTP_Request_Smuggling']
http://localhost:5050/orders/xpath_injection-login_xpath_concat,0,0,58.28,0,0.0,0.0,0,0,0,0,0,0.0,0,0,0,0,0,0,0,0,0,0,0,0,0,0,0,0,0,0,0,0,0,0,0,0,0,0,0,0,0,0,0,0,8,3,0,0,0,0,0,0,0.0,0,0,0,0,0,0,0,0,0,0,0,0,0,0,0,0,0,0,0,0,0,0,0,0,0,0,0,0,0,0,0,0,0,0,0,30,0.0,0.0,0.0,0.0,0.0,10.83,['XPATH_Injection']
http://localhost:5050/orders/xpath_injection-search_xpath_concat,200,0,102.12,291,4.8476625663281805,0.0,0,0,0,0,0,0.0,0,0,0,0,0,0,0,0,0,0,0,0,0,0,0,0,0,0,0,0,0,0,0,0,0,0,0,0,0,0,0,0,8,3,0,1,0,0,2,0,0.0,0,0,0,0,0,0,0,0,0,0,0,0,0,0,0,0,0,0,0,0,0,0,0,0,0,0,0,0,0,0,0,0,0,0,0,29,0.0,0.0,0.0,0.20689655172413793,0.0,12.44,['XPATH_Injection']
http://localhost:5050/orders/graphqli-introspection_left_enabled,0,0,10.69,0,0.0,0.0,0,0,0,0,0,0.0,0,0,0,0,0,0,0,0,0,0,0,0,0,0,0,0,0,0,0,0,0,0,0,0,0,0,0,0,0,0,0,0,8,3,0,0,0,0,0,0,0.0,0,0,0,0,0,0,0,0,0,0,0,0,0,0,0,0,0,0,0,0,0,0,0,0,0,0,0,0,0,0,0,0,0,0,0,25,0.0,0.0,0.0,0.0,0.0,10.83,['GraphQLi']
http://localhost:5050/orders/graphqli-no_query_depth_limit,405,0,119.23,153,4.599963902086099,0.0,0,0,0,0,0,0.0,0,0,0,0,0,0,0,0,0,0,0,0,0,0,0,0,0,0,0,0,0,0,0,0,0,0,0,0,0,0,0,0,8,3,0,0,0,0,0,0,0.0,0,0,0,0,0,0,0,0,0,0,0,0,0,0,0,0,0,0,0,0,0,0,0,0,0,0,0,0,0,0,0,0,0,0,0,26,0.0,0.0,0.0,0.0,0.0,0.0,['GraphQLi']
http://localhost:5050/orders/cors-reflect_origin_credentials_true,200,0,27.96,334,4.869412152501871,0.0,0,0,0,0,0,0.0,0,0,0,0,0,0,0,0,0,0,0,0,0,0,0,0,0,0,0,0,0,0,0,0,0,0,0,0,0,0,0,0,8,3,0,1,1,0,0,0,0.0,0,0,0,0,0,0,0,0,0,0,0,0,0,0,0,0,0,0,0,0,0,0,0,0,0,0,0,0,0,0,0,0,0,0,0,25,0.0,0.0,0.0,0.24,0.0,41.97,['CORS']
http://localhost:5050/orders/cors-wildcard_origin_sensitive_endpoint,200,0,21.93,273,4.684402684097438,0.0,0,0,0,0,0,0.0,0,0,0,0,0,0,0,0,0,0,0,0,0,0,0,0,0,0,0,0,0,0,0,0,0,0,0,0,0,0,0,0,8,3,0,0,0,0,0,0,0.0,0,0,0,0,0,0,0,0,0,0,0,0,0,0,0,0,0,0,0,0,0,0,0,0,0,0,0,0,0,0,0,0,0,0,0,27,0.0,0.0,0.0,0.25925925925925924,0.0,42.26,['CORS']
http://localhost:5050/orders/csrf-generic_state_change_no_token,405,0,216.28,153,4.599963902086099,0.0,0,0,0,0,0,0.0,0,0,0,0,0,0,0,0,0,0,0,0,0,0,0,0,0,0,0,0,0,0,0,0,0,0,0,0,0,0,0,0,8,3,0,0,0,0,0,0,0.0,0,0,0,0,0,0,0,0,0,0,0,0,0,0,0,0,0,0,0,0,0,0,0,0,0,0,0,0,0,0,0,0,0,0,0,28,0.0,0.0,0.0,0.14285714285714285,0.0,11.63,['CSRF']
http://localhost:5050/orders/csrf-delete_no_token,200,0,25.48,245,4.803123900420257,0.0,0,0,0,0,0,0.0,0,0,0,0,0,0,0,0,0,0,0,0,0,0,0,0,0,0,0,0,0,0,0,0,0,0,0,0,0,0,0,0,8,3,0,0,0,0,0,0,0.0,0,0,0,0,0,0,0,0,0,0,0,0,0,0,0,0,0,0,0,0,0,0,0,0,0,0,0,0,0,0,0,0,0,0,0,28,0.0,0.0,0.0,0.32142857142857145,0.07142857142857142,41.8,['CSRF']
http://localhost:5050/orders/csrf-sensitive_transfer_no_token,405,0,97.18,153,4.599963902086099,0.0,0,0,0,0,0,0.0,0,0,0,0,0,0,0,0,0,0,0,0,0,0,0,0,0,0,0,0,0,0,0,0,0,0,0,0,0,0,0,0,8,3,0,0,0,0,0,0,0.0,0,0,0,0,0,0,0,0,0,0,0,0,0,0,0,0,0,0,0,0,0,0,0,0,0,0,0,0,0,0,0,0,0,0,0,29,0.0,0.0,0.0,0.20689655172413793,0.0,11.63,['CSRF']
http://localhost:5050/orders/ratelimit-login_endpoint_no_throttle,405,0,52.28,153,4.599963902086099,0.0,0,0,0,0,0,0.0,0,0,0,0,0,0,0,0,0,0,0,0,0,0,0,0,0,0,0,0,0,0,0,0,0,0,0,0,0,0,0,0,8,3,0,0,0,0,0,0,0.0,0,0,0,0,0,0,0,0,0,0,0,0,0,0,0,0,0,0,0,0,0,0,0,0,0,0,0,0,0,0,0,0,0,0,0,24,0.0,0.0,0.0,0.375,0.0,19.51,['RateLimit']
http://localhost:5050/orders/ratelimit-password_reset_no_throttle,0,0,52.68,0,0.0,0.0,0,0,0,0,0,0.0,0,0,0,0,0,0,0,0,0,0,0,0,0,0,0,0,0,0,0,0,0,0,0,0,0,0,0,0,0,0,0,0,8,3,0,0,0,0,0,0,0.0,0,0,0,0,0,0,0,0,0,0,0,0,0,0,0,0,0,0,0,0,0,0,0,0,0,0,0,0,0,0,0,0,0,0,0,29,0.0,0.0,0.0,0.0,0.0,10.76,['RateLimit']
http://localhost:5050/orders/infodisc-stack_trace_leak_on_error,200,0,57.54,133,4.677001398000046,0.0,0,0,0,0,0,0.0,0,0,0,0,0,0,0,0,0,0,0,0,0,0,0,0,0,0,0,0,0,0,0,0,0,0,0,0,0,0,0,0,8,3,0,0,0,0,0,0,0.0,0,0,0,0,0,0,0,0,0,0,0,0,0,0,0,0,0,0,0,0,0,0,0,0,0,0,0,0,0,0,0,0,0,0,0,26,0.0,0.0,0.0,0.2692307692307692,0.0,14.08,['InfoDisc']
http://localhost:5050/orders/infodisc-verbose_server_version_header,200,0,10.66,256,4.956857662984969,0.0,0,0,0,0,0,0.0,0,0,0,0,0,0,0,0,0,0,0,0,0,0,0,0,0,0,0,0,0,0,0,0,0,0,0,0,0,0,0,0,8,3,0,0,0,0,0,0,0.0,0,0,0,0,0,0,0,0,0,0,0,0,0,0,0,0,0,0,0,0,0,0,0,0,0,0,0,0,0,0,0,0,0,0,0,27,0.0,0.0,0.0,0.2222222222222222,0.0,41.85,['InfoDisc']
http://localhost:5050/orders/infodisc-debug_env_endpoint/<resource_name>,0,0,10.68,0,0.0,0.0,0,0,0,0,0,0.0,0,0,0,0,0,0,0,0,0,0,0,0,0,0,0,0,0,0,0,0,0,0,0,0,0,0,0,0,0,0,0,0,8,3,0,0,0,0,0,0,0.0,0,0,0,0,0,0,0,0,0,0,0,0,0,0,0,0,0,0,0,0,0,0,0,0,0,0,0,0,0,0,0,0,0,0,0,28,0.0,0.0,0.0,0.0,0.0,11.32,['InfoDisc']
http://localhost:5050/orders/inseccrypto-md5_unsalted_password,405,0,102.11,153,4.599963902086099,0.0,0,0,0,0,0,0.0,0,0,0,0,0,0,0,0,0,0,0,0,0,0,0,0,0,0,0,0,0,0,0,0,0,0,0,0,0,0,0,0,8,3,0,0,0,0,0,0,0.0,0,0,0,0,0,0,0,0,0,0,0,0,0,0,0,0,0,0,0,0,0,0,0,0,0,0,0,0,0,0,0,0,0,0,0,26,0.0,0.0,0.0,0.15384615384615385,0.0,11.63,['InsecCrypto']
http://localhost:5050/orders/inseccrypto-xor_fixed_key_encryption,200,0,28.78,331,5.005453283431729,0.0,0,0,0,0,0,0.0,0,0,0,0,0,0,0,0,0,0,0,0,0,0,0,0,0,0,0,0,0,0,0,0,0,0,0,0,0,0,0,0,8,3,0,0,0,0,0,0,0.0,0,0,0,0,0,0,0,0,0,0,0,0,0,0,0,0,0,0,0,0,0,0,0,0,0,0,0,0,0,0,0,0,0,0,0,28,0.0,0.0,0.0,0.17857142857142858,0.0,41.86,['InsecCrypto']
http://localhost:5050/orders/openredirect-redirect_query_url_no_check,200,0,21.74,269,4.645430437026895,0.0,0,0,0,0,0,0.0,0,0,0,0,0,0,0,0,0,0,0,0,0,0,0,0,0,0,0,0,0,0,0,0,0,0,0,0,0,0,0,0,8,3,0,0,0,0,0,0,0.0,0,0,0,0,0,0,0,0,0,0,0,0,0,0,0,0,0,0,0,0,0,0,0,0,0,0,0,0,0,0,0,0,0,0,0,27,0.0,0.0,0.0,0.2222222222222222,0.0,42.35,['OpenRedirect']
http://localhost:5050/orders/openredirect-post_login_next_param,405,0,57.55,153,4.599963902086099,0.0,0,0,0,0,0,0.0,0,0,0,0,0,0,0,0,0,0,0,0,0,0,0,0,0,0,0,0,0,0,0,0,0,0,0,0,0,0,0,0,8,3,0,0,0,0,0,0,0.0,0,0,0,0,0,0,0,0,0,0,0,0,0,0,0,0,0,0,0,0,0,0,0,0,0,0,0,0,0,0,0,0,0,0,0,24,0.0,0.0,0.0,0.125,0.0,19.12,['OpenRedirect']
http://localhost:5050/orders/jwt-alg_none_accepted,200,0,25.37,125,4.596438313567961,0.0,0,0,0,0,0,0.0,0,0,0,0,0,0,0,0,0,0,0,0,0,0,0,0,0,0,0,0,0,0,0,0,0,0,0,0,0,0,0,0,8,3,0,0,0,0,0,0,0.0,0,0,0,0,0,0,0,0,0,0,0,0,0,0,0,0,0,0,0,0,0,0,0,0,0,0,0,0,0,0,0,0,0,0,0,29,0.0,0.0,0.0,0.3448275862068966,0.0,41.95,['JWT']
http://localhost:5050/orders/jwt-weak_hardcoded_secret,0,0,10.68,0,0.0,0.0,0,0,0,0,0,0.0,0,0,0,0,0,0,0,0,0,0,0,0,0,0,0,0,0,0,0,0,0,0,0,0,0,0,0,0,0,0,0,0,8,3,0,0,0,0,0,0,0.0,0,0,0,0,0,0,0,0,0,0,0,0,0,0,0,0,0,0,0,0,0,0,0,0,0,0,0,0,0,0,0,0,0,0,0,28,0.0,0.0,0.0,0.0,0.0,11.29,['JWT']
http://localhost:5050/orders/jwt-expiry_never_checked,200,0,21.73,128,4.677293607350064,0.0,0,0,0,0,0,0.0,0,0,0,0,0,0,0,0,0,0,0,0,0,0,0,0,0,0,0,0,0,0,0,0,0,0,0,0,0,0,0,0,8,3,0,0,0,0,0,0,0.0,0,0,0,0,0,0,0,0,0,0,0,0,0,0,0,0,0,0,0,0,0,0,0,0,0,0,0,0,0,0,0,0,0,0,0,26,0.0,0.0,0.0,0.11538461538461539,0.0,42.25,['JWT']
http://localhost:5050/orders/crlf_injection-location_header_crlf,200,0,28.81,289,4.774916196070421,0.0,0,0,0,0,0,0.0,0,0,0,0,0,0,0,0,0,0,0,0,0,0,0,0,0,0,0,0,0,0,0,0,0,0,0,0,0,0,0,0,8,3,0,0,0,0,0,0,0.0,0,0,0,0,0,0,0,0,0,0,0,0,0,0,0,0,0,0,0,0,0,0,0,0,0,0,0,0,0,0,0,0,0,0,0,25,0.0,0.0,0.0,0.36,0.0,42.17,['CRLF_Injection']
http://localhost:5050/orders/crlf_injection-log_injection_crlf,405,0,95.83,153,4.599963902086099,0.0,0,0,0,0,0,0.0,0,0,0,0,0,0,0,0,0,0,0,0,0,0,0,0,0,0,0,0,0,0,0,0,0,0,0,0,0,0,0,0,8,3,0,0,0,0,0,0,0.0,0,0,0,0,0,0,0,0,0,0,0,0,0,0,0,0,0,0,0,0,0,0,0,0,0,0,0,0,0,0,0,0,0,0,0,30,0.0,0.0,0.0,0.23333333333333334,0.0,11.63,['CRLF_Injection']
http://localhost:5050/orders/racecondition-coupon_redeem_toctou_no_lock,0,0,31.21,0,0.0,0.0,0,0,0,0,0,0.0,0,0,0,0,0,0,0,0,0,0,0,0,0,0,0,0,0,0,0,0,0,0,0,0,0,0,0,0,0,0,0,0,1,0,0,0,0,0,0,0,0.0,0,0,0,0,0,0,0,0,0,0,0,0,0,0,0,0,0,0,0,0,0,0,0,0,0,0,0,0,0,0,0,0,0,0,0,30,0.0,0.0,0.0,0.0,0.0,10.83,['RaceCondition']
http://localhost:5050/invoices/sqli-where_id_concat,200,0,56.32,212,5.037938527525562,0.0,0,0,0,0,0,0.0,0,0,0,0,0,0,0,0,0,0,0,0,0,0,0,0,0,0,0,0,0,0,0,0,0,0,0,0,0,0,0,0,8,3,0,0,0,0,0,0,0.0,0,0,0,0,0,0,0,0,0,0,0,0,0,0,0,0,0,0,0,0,0,0,0,0,0,0,0,0,0,0,0,0,0,0,0,27,0.0,0.0,0.0,0.2222222222222222,0.14814814814814814,22.82,['SQLi']
http://localhost:5050/invoices/sqli-order_by_concat,200,0,21.97,269,4.964756859667363,0.0,0,0,0,0,0,0.0,0,0,0,0,0,0,0,0,0,0,0,0,0,0,0,0,0,0,0,0,0,0,0,0,0,0,0,0,0,0,0,0,8,3,0,0,0,0,0,0,0.0,0,0,0,0,0,0,0,0,0,0,0,0,0,0,0,0,0,0,0,0,0,0,0,0,0,0,0,0,0,0,0,0,0,0,0,28,0.0,0.0,0.0,0.17857142857142858,0.0,42.12,['SQLi']
http://localhost:5050/invoices/sqli-like_search_concat,0,0,31.44,0,0.0,0.0,0,0,0,0,0,0.0,0,0,0,0,0,0,0,0,0,0,0,0,0,0,0,0,0,0,0,0,0,0,0,0,0,0,0,0,0,0,0,0,8,3,0,0,0,0,0,0,0.0,0,0,0,0,0,0,0,0,0,0,0,0,0,0,0,0,0,0,0,0,0,0,0,0,0,0,0,0,0,0,0,0,0,0,0,30,0.0,0.0,0.0,0.0,0.0,10.83,['SQLi']
http://localhost:5050/invoices/sqli-login_bypass,405,0,216.31,153,4.599963902086099,0.0,0,0,0,0,0,0.0,0,0,0,0,0,0,0,0,0,0,0,0,0,0,0,0,0,0,0,0,0,0,0,0,0,0,0,0,0,0,0,0,8,3,0,0,0,0,0,0,0.0,0,0,0,0,0,0,0,0,0,0,0,0,0,0,0,0,0,0,0,0,0,0,0,0,0,0,0,0,0,0,0,0,0,0,0,27,0.0,0.0,0.0,0.3333333333333333,0.0,11.63,['SQLi']
http://localhost:5050/invoices/sqli-union_select_id,405,0,53.02,153,4.599963902086099,0.0,0,0,0,0,0,0.0,0,0,0,0,0,0,0,0,0,0,0,0,0,0,0,0,0,0,0,0,0,0,0,0,0,0,0,0,0,0,0,0,8,3,0,0,0,0,0,0,0.0,0,0,0,0,0,0,0,0,0,0,0,0,0,0,0,0,0,0,0,0,0,0,0,0,0,0,0,0,0,0,0,0,0,0,0,28,0.0,0.0,0.0,0.25,0.0,30.91,['SQLi']
http://localhost:5050/invoices/cmdi-ping_host_shell_true,200,0,25.56,457,5.0916220733544595,0.0,0,0,0,0,0,0.0,0,0,0,0,0,0,0,0,0,0,0,0,0,0,0,0,0,0,0,0,0,0,0,0,0,0,0,0,0,0,0,0,8,3,0,0,0,0,0,0,0.0,0,0,0,0,0,0,0,0,0,0,0,0,0,0,0,0,0,0,0,0,0,0,0,0,0,0,0,0,0,0,0,0,0,0,0,28,0.0,0.0,0.0,0.21428571428571427,0.0,42.26,['CMDi']
http://localhost:5050/invoices/cmdi-filename_echo_shell,405,0,110.03,153,4.599963902086099,0.0,0,0,0,0,0,0.0,0,0,0,0,0,0,0,0,0,0,0,0,0,0,0,0,0,0,0,0,0,0,0,0,0,0,0,0,0,0,0,0,8,3,0,0,0,0,0,0,0.0,0,0,0,0,0,0,0,0,0,0,0,0,0,0,0,0,0,0,0,0,0,0,0,0,0,0,0,0,0,0,0,0,0,0,0,28,0.0,0.0,0.0,0.21428571428571427,0.0,11.63,['CMDi']
http://localhost:5050/invoices/cmdi-archive_name_shell,405,0,35.16,153,4.599963902086099,0.0,0,0,0,0,0,0.0,0,0,0,0,0,0,0,0,0,0,0,0,0,0,0,0,0,0,0,0,0,0,0,0,0,0,0,0,0,0,0,0,8,3,0,0,0,0,0,0,0.0,0,0,0,0,0,0,0,0,0,0,0,0,0,0,0,0,0,0,0,0,0,0,0,0,0,0,0,0,0,0,0,0,0,0,0,30,0.0,0.0,0.0,0.26666666666666666,0.0,41.63,['CMDi']
http://localhost:5050/invoices/insecdeser-pickle_b64_import,405,0,216.42,153,4.599963902086099,0.0,0,0,0,0,0,0.0,0,0,0,0,0,0,0,0,0,0,0,0,0,0,0,0,0,0,0,0,0,0,0,0,0,0,0,0,0,0,0,0,8,3,0,0,0,0,0,0,0.0,0,0,0,0,0,0,0,0,0,0,0,0,0,0,0,0,0,0,0,0,0,0,0,0,0,0,0,0,0,0,0,0,0,0,0,28,0.0,0.0,0.0,0.17857142857142858,0.0,11.63,['InsecDeser']
http://localhost:5050/invoices/insecupload-no_extension_whitelist,0,0,32.01,0,0.0,0.0,0,0,0,0,0,0.0,0,0,0,0,0,0,0,0,0,0,0,0,0,0,0,0,0,0,0,0,0,0,0,0,0,0,0,0,0,0,0,0,1,0,0,0,0,0,0,0,0.0,0,0,0,0,0,0,0,0,0,0,0,0,0,0,0,0,0,0,0,0,0,0,0,0,0,0,0,0,0,0,0,0,0,0,0,30,0.0,0.0,0.0,0.0,0.0,10.83,['InsecUpload']
http://localhost:5050/invoices/insecupload-no_content_type_check,0,0,32.02,0,0.0,0.0,0,0,0,0,0,0.0,0,0,0,0,0,0,0,0,0,0,0,0,0,0,0,0,0,0,0,0,0,0,0,0,0,0,0,0,0,0,0,0,1,0,0,0,0,0,0,0,0.0,0,0,0,0,0,0,0,0,0,0,0,0,0,0,0,0,0,0,0,0,0,0,0,0,0,0,0,0,0,0,0,0,0,0,0,25,0.0,0.0,0.0,0.0,0.0,10.83,['InsecUpload']
http://localhost:5050/invoices/credsexpose-debug_endpoint_left_on/<resource_name>,200,0,22.06,381,5.101257141255104,0.0,0,0,0,0,0,0.0,0,0,0,0,0,0,0,0,0,0,0,0,0,0,0,0,0,0,0,0,0,0,0,0,0,0,0,0,0,0,0,0,8,3,0,0,0,0,0,0,0.0,0,0,0,0,0,0,0,0,0,0,0,0,0,0,0,0,0,0,0,0,0,0,0,0,0,0,0,0,0,0,0,0,0,0,0,29,0.0,0.0,0.0,0.27586206896551724,0.0,42.07,['CredsExpose']
http://localhost:5050/invoices/credsexpose-verbose_error_with_secret,0,0,53.54,0,0.0,0.0,0,0,0,0,0,0.0,0,0,0,0,0,0,0,0,0,0,0,0,0,0,0,0,0,0,0,0,0,0,0,0,0,0,0,0,0,0,0,0,8,3,0,0,0,0,0,0,0.0,0,0,0,0,0,0,0,0,0,0,0,0,0,0,0,0,0,0,0,0,0,0,0,0,0,0,0,0,0,0,0,0,0,0,0,30,0.0,0.0,0.0,0.0,0.0,11.42,['CredsExpose']
http://localhost:5050/invoices/credsexpose-secret_in_response_header,200,0,24.18,273,4.917446514876064,0.0,0,0,0,0,0,0.0,0,0,0,0,0,0,0,0,0,0,0,0,0,0,0,0,0,0,0,0,0,0,0,0,0,0,0,0,0,0,0,0,8,3,0,0,0,0,0,0,0.0,0,0,0,0,0,0,0,0,0,0,0,0,0,0,0,0,0,0,0,0,0,0,0,0,0,0,0,0,0,0,0,0,0,0,0,30,0.0,0.0,0.0,0.3,0.0,41.98,['CredsExpose']
http://localhost:5050/invoices/brokenauth-no_bruteforce_protection,0,0,77.87,0,0.0,0.0,0,0,0,0,0,0.0,0,0,0,0,0,0,0,0,0,0,0,0,0,0,0,0,0,0,0,0,0,0,0,0,0,0,0,0,0,0,0,0,1,0,0,0,0,0,0,0,0.0,0,0,0,0,0,0,0,0,0,0,0,0,0,0,0,0,0,0,0,0,0,0,0,0,0,0,0,0,0,0,0,0,0,0,0,27,0.0,0.0,0.0,0.0,0.0,10.83,['BrokenAuth']
http://localhost:5050/invoices/brokenauth-predictable_session_token,405,0,216.37,153,4.599963902086099,0.0,0,0,0,0,0,0.0,0,0,0,0,0,0,0,0,0,0,0,0,0,0,0,0,0,0,0,0,0,0,0,0,0,0,0,0,0,0,0,0,8,3,0,0,0,0,0,0,0.0,0,0,0,0,0,0,0,0,0,0,0,0,0,0,0,0,0,0,0,0,0,0,0,0,0,0,0,0,0,0,0,0,0,0,0,29,0.0,0.0,0.0,0.3103448275862069,0.0,11.63,['BrokenAuth']
http://localhost:5050/invoices/brokenauth-guessable_password_reset,200,0,20.99,230,4.81335453784458,0.0,0,0,0,0,0,0.0,0,0,0,0,0,0,0,0,0,0,0,0,0,0,0,0,0,0,0,0,0,0,0,0,0,0,0,0,0,0,0,0,8,3,0,0,0,0,0,0,0.0,0,0,0,0,0,0,0,0,0,0,0,0,0,0,0,0,0,0,0,0,0,0,0,0,0,0,0,0,0,0,0,0,0,0,0,27,0.0,0.0,0.0,0.14814814814814814,0.0,41.76,['BrokenAuth']
http://localhost:5050/invoices/xss-reflected_query_div,200,0,21.94,246,5.019481329652855,0.0,0,0,0,0,0,0.0,0,0,0,0,0,0,0,0,0,0,0,0,0,0,0,0,0,0,0,0,0,0,0,0,0,0,0,0,0,0,0,0,8,3,0,0,0,0,0,0,0.0,0,0,0,0,0,0,0,0,0,0,0,0,0,0,0,0,0,0,0,0,0,0,0,0,0,0,0,0,0,0,0,0,0,0,0,28,0.0,0.0,0.0,0.25,0.14285714285714285,41.0,['XSS']
http://localhost:5050/invoices/xss-reflected_form_comment,405,0,52.3,153,4.599963902086099,0.0,0,0,0,0,0,0.0,0,0,0,0,0,0,0,0,0,0,0,0,0,0,0,0,0,0,0,0,0,0,0,0,0,0,0,0,0,0,0,0,8,3,0,0,0,0,0,0,0.0,0,0,0,0,0,0,0,0,0,0,0,0,0,0,0,0,0,0,0,0,0,0,0,0,0,0,0,0,0,0,0,0,0,0,0,26,0.0,0.0,0.0,0.07692307692307693,0.0,18.66,['XSS']
http://localhost:5050/invoices/xss-reflected_json_span,405,0,216.33,153,4.599963902086099,0.0,0,0,0,0,0,0.0,0,0,0,0,0,0,0,0,0,0,0,0,0,0,0,0,0,0,0,0,0,0,0,0,0,0,0,0,0,0,0,0,8,3,0,0,0,0,0,0,0.0,0,0,0,0,0,0,0,0,0,0,0,0,0,0,0,0,0,0,0,0,0,0,0,0,0,0,0,0,0,0,0,0,0,0,0,27,0.0,0.0,0.0,0.14814814814814814,0.0,11.63,['XSS']
http://localhost:5050/invoices/xss-reflected_header_comment,200,0,216.39,257,4.934948099933389,0.0,0,0,0,0,0,0.0,0,0,0,0,0,0,0,0,0,0,0,0,0,0,0,0,0,0,0,0,0,0,0,0,0,0,0,0,0,0,0,0,8,3,0,0,0,0,0,0,0.0,0,0,0,0,0,0,0,0,0,0,0,0,0,0,0,0,0,0,0,0,0,0,0,0,0,0,0,0,0,0,0,0,0,0,0,29,0.0,0.0,0.0,0.3448275862068966,0.0,10.95,['XSS']
http://localhost:5050/invoices/xss-reflected_attribute_breakout,200,0,216.35,276,4.8814167198027025,0.0,0,0,0,0,0,0.0,0,0,0,0,0,0,0,0,0,0,0,0,0,0,0,0,0,0,0,0,0,0,0,0,0,0,0,0,0,0,0,0,8,3,0,0,0,0,0,0,0.0,0,0,0,0,0,0,0,0,0,0,0,0,0,0,0,0,0,0,0,0,0,0,0,0,0,0,0,0,0,0,0,0,0,0,0,27,0.0,0.0,0.0,0.25925925925925924,0.0,11.54,['XSS']
http://localhost:5050/invoices/dirtrav-read_file_query_param,0,0,32.07,0,0.0,0.0,0,0,0,0,0,0.0,0,0,0,0,0,0,0,0,0,0,0,0,0,0,0,0,0,0,0,0,0,0,0,0,0,0,0,0,0,0,0,0,8,3,0,0,0,0,0,0,0.0,0,0,0,0,0,0,0,0,0,0,0,0,0,0,0,0,0,0,0,0,0,0,0,0,0,0,0,0,0,0,0,0,0,0,0,29,0.0,0.0,0.0,0.0,0.0,11.24,['DirTrav']
http://localhost:5050/invoices/dirtrav-read_file_form_param,0,0,100.26,0,0.0,0.0,0,0,0,0,0,0.0,0,0,0,0,0,0,0,0,0,0,0,0,0,0,0,0,0,0,0,0,0,0,0,0,0,0,0,0,0,0,0,0,8,3,0,0,0,0,0,0,0.0,0,0,0,0,0,0,0,0,0,0,0,0,0,0,0,0,0,0,0,0,0,0,0,0,0,0,0,0,0,0,0,0,0,0,0,25,0.0,0.0,0.0,0.0,0.0,10.83,['DirTrav']
http://localhost:5050/invoices/dirtrav-read_file_path_segment/<filename>,200,0,29.09,258,4.772506737069796,0.0,0,0,0,0,0,0.0,0,0,0,0,0,0,0,0,0,0,0,0,0,0,0,0,0,0,0,0,0,0,0,0,0,0,0,0,0,0,0,0,8,3,0,0,0,0,0,0,0.0,0,0,0,0,0,0,0,0,0,0,0,0,0,0,0,0,0,0,0,0,0,0,0,0,0,0,0,0,0,0,0,0,0,0,0,27,0.0,0.0,0.0,0.18518518518518517,0.0,41.91,['DirTrav']
http://localhost:5050/invoices/xxe-resolve_entities_form_body,0,0,32.16,0,0.0,0.0,0,0,0,0,0,0.0,0,0,0,0,0,0,0,0,0,0,0,0,0,0,0,0,0,0,0,0,0,0,0,0,0,0,0,0,0,0,0,0,8,3,0,0,0,0,0,0,0.0,0,0,0,0,0,0,0,0,0,0,0,0,0,0,0,0,0,0,0,0,0,0,0,0,0,0,0,0,0,0,0,0,0,0,0,29,0.0,0.0,0.0,0.0,0.0,10.83,['XXE']
http://localhost:5050/invoices/nosqli-auth_operator_bypass,405,0,216.44,153,4.599963902086099,0.0,0,0,0,0,0,0.0,0,0,0,0,0,0,0,0,0,0,0,0,0,0,0,0,0,0,0,0,0,0,0,0,0,0,0,0,0,0,0,0,8,3,0,0,0,0,0,0,0.0,0,0,0,0,0,0,0,0,0,0,0,0,0,0,0,0,0,0,0,0,0,0,0,0,0,0,0,0,0,0,0,0,0,0,0,26,0.0,0.0,0.0,0.23076923076923078,0.0,11.63,['NoSQLi']
http://localhost:5050/invoices/nosqli-search_filter_injection,0,0,101.78,0,0.0,0.0,0,0,0,0,0,0.0,0,0,0,0,0,0,0,0,0,0,0,0,0,0,0,0,0,0,0,0,0,0,0,0,0,0,0,0,0,0,0,0,1,0,0,0,0,0,0,0,0.0,0,0,0,0,0,0,0,0,0,0,0,0,0,0,0,0,0,0,0,0,0,0,0,0,0,0,0,0,0,0,0,0,0,0,0,29,0.0,0.0,0.0,0.0,0.0,10.83,['NoSQLi']
http://localhost:5050/invoices/ldapi-login_filter_wildcard,405,0,35.79,153,4.599963902086099,0.0,0,0,0,0,0,0.0,0,0,0,0,0,0,0,0,0,0,0,0,0,0,0,0,0,0,0,0,0,0,0,0,0,0,0,0,0,0,0,0,8,3,0,0,0,0,0,0,0.0,0,0,0,0,0,0,0,0,0,0,0,0,0,0,0,0,0,0,0,0,0,0,0,0,0,0,0,0,0,0,0,0,0,0,0,30,0.0,0.0,0.0,0.13333333333333333,0.0,35.14,['LDAPi']
http://localhost:5050/invoices/ldapi-search_filter_wildcard,200,0,22.17,219,4.921398167794487,0.0,0,0,0,0,0,0.0,0,0,0,0,0,0,0,0,0,0,0,0,0,0,0,0,0,0,0,0,0,0,0,0,0,0,0,0,0,0,0,0,8,3,0,1,0,0,1,0,0.0,0,0,0,0,0,0,0,0,0,0,0,0,0,0,0,0,0,0,0,0,0,0,0,0,0,0,0,0,0,0,0,0,0,0,0,26,0.0,0.0,0.0,0.2692307692307692,0.15384615384615385,42.33,['LDAPi']
http://localhost:5050/invoices/insecperm-role_trusted_from_header,200,0,29.11,272,4.705531703879236,0.0,0,0,0,0,0,0.0,0,0,0,0,0,0,0,0,0,0,0,0,0,0,0,0,0,0,0,0,0,0,0,0,0,0,0,0,0,0,0,0,8,3,0,0,0,0,0,0,0.0,0,0,0,0,0,0,0,0,0,0,0,0,0,0,0,0,0,0,0,0,0,0,0,0,0,0,0,0,0,0,0,0,0,0,0,27,0.0,0.0,0.0,0.2222222222222222,0.0,41.39,['InsecPerm']
http://localhost:5050/invoices/insecperm-world_readable_export_endpoint/<id>,200,0,25.69,273,4.753263323128141,0.0,0,0,0,0,0,0.0,0,0,0,0,0,0,0,0,0,0,0,0,0,0,0,0,0,0,0,0,0,0,0,0,0,0,0,0,0,0,0,0,8,3,0,0,0,0,0,0,0.0,0,0,0,0,0,0,0,0,0,0,0,0,0,0,0,0,0,0,0,0,0,0,0,0,0,0,0,0,0,0,0,0,0,0,0,30,0.0,0.0,0.0,0.5333333333333333,0.0,42.25,['InsecPerm']
http://localhost:5050/invoices/insecperm-client_controlled_admin_flag,200,0,216.46,231,4.680104960347713,0.0,0,0,0,0,0,0.0,0,0,0,0,0,0,0,0,0,0,0,0,0,0,0,0,0,0,0,0,0,0,0,0,0,0,0,0,0,0,0,0,8,3,0,0,0,0,0,0,0.0,0,0,0,0,0,0,0,0,0,0,0,0,0,0,0,0,0,0,0,0,0,0,0,0,0,0,0,0,0,0,0,0,0,0,0,28,0.0,0.0,0.0,0.25,0.0,11.6,['InsecPerm']
http://localhost:5050/invoices/idor-path_id_direct_access/<obj_id>,200,0,25.87,390,4.899069024491239,0.0,0,0,0,0,0,0.0,0,0,0,0,0,0,0,0,0,0,0,0,0,0,0,0,0,0,0,0,0,0,0,0,0,0,0,0,0,0,0,0,8,3,0,1,0,1,0,0,0.0,0,0,0,0,0,0,0,0,0,0,0,0,0,0,0,0,0,0,0,0,0,0,0,0,0,0,0,0,0,0,0,0,0,0,0,27,0.0,0.0,0.0,0.2962962962962963,0.0,41.73,['IDOR']
http://localhost:5050/invoices/idor-query_id_direct_access,200,0,22.45,273,4.740627130202304,0.0,0,0,0,0,0,0.0,0,0,0,0,0,0,0,0,0,0,0,0,0,0,0,0,0,0,0,0,0,0,0,0,0,0,0,0,0,0,0,0,8,3,0,1,0,1,0,0,0.0,0,0,0,0,0,0,0,0,0,0,0,0,0,0,0,0,0,0,0,0,0,0,0,0,0,0,0,0,0,0,0,0,0,0,0,28,0.0,0.0,0.0,0.14285714285714285,0.0,41.83,['IDOR']
http://localhost:5050/invoices/idor-json_body_id_direct_access,405,0,55.97,153,4.599963902086099,0.0,0,0,0,0,0,0.0,0,0,0,0,0,0,0,0,0,0,0,0,0,0,0,0,0,0,0,0,0,0,0,0,0,0,0,0,0,0,0,0,8,3,0,0,0,0,0,0,0.0,0,0,0,0,0,0,0,0,0,0,0,0,0,0,0,0,0,0,0,0,0,0,0,0,0,0,0,0,0,0,0,0,0,0,0,24,0.0,0.0,0.0,0.16666666666666666,0.0,27.4,['IDOR']
http://localhost:5050/invoices/sessfix-sessionid_accepted_from_query,200,0,26.05,239,4.7448533359489975,0.0,0,0,0,0,0,0.0,0,0,0,0,0,0,0,0,0,0,0,0,0,0,0,0,0,0,0,0,0,0,0,0,0,0,0,0,0,0,0,0,8,3,0,0,0,0,0,0,0.0,0,0,0,0,0,0,0,0,0,0,0,0,0,0,0,0,0,0,0,0,0,0,0,0,0,0,0,0,0,0,0,0,0,0,0,29,0.0,0.0,0.0,0.3448275862068966,0.0,42.17,['SessFix']
http://localhost:5050/invoices/sessfix-sessionid_not_regenerated_on_login,200,0,22.51,192,4.506797472839359,0.0,0,0,0,0,0,0.0,0,0,0,0,0,0,0,0,0,0,0,0,0,0,0,0,0,0,0,0,0,0,0,0,0,0,0,0,0,0,0,0,8,3,0,0,0,0,0,0,0.0,0,0,0,0,0,0,0,0,0,0,0,0,0,0,0,0,0,0,0,0,0,0,0,0,0,0,0,0,0,0,0,0,0,0,0,27,0.0,0.0,0.0,0.2222222222222222,0.0,42.25,['SessFix']
http://localhost:5050/invoices/ssrf-url_fetch_query_no_allowlist,200,0,216.63,337,4.87959466998689,0.0,0,0,0,0,0,0.0,0,0,0,0,0,0,0,0,0,0,0,0,0,0,0,0,0,0,0,0,0,0,0,0,0,0,0,0,0,0,0,0,8,3,0,1,0,0,1,0,0.0,0,0,0,0,0,0,0,0,0,0,0,0,0,0,0,0,0,0,0,0,0,0,0,0,0,0,0,0,0,0,0,0,0,0,0,26,0.0,0.0,0.0,0.11538461538461539,0.0,12.87,['SSRF']
http://localhost:5050/invoices/ssrf-url_fetch_json_webhook,405,0,119.94,153,4.599963902086099,0.0,0,0,0,0,0,0.0,0,0,0,0,0,0,0,0,0,0,0,0,0,0,0,0,0,0,0,0,0,0,0,0,0,0,0,0,0,0,0,0,8,3,0,0,0,0,0,0,0.0,0,0,0,0,0,0,0,0,0,0,0,0,0,0,0,0,0,0,0,0,0,0,0,0,0,0,0,0,0,0,0,0,0,0,0,30,0.0,0.0,0.0,0.1,0.0,11.63,['SSRF']
http://localhost:5050/invoices/ssrf-url_fetch_form_image_import,405,0,103.71,153,4.599963902086099,0.0,0,0,0,0,0,0.0,0,0,0,0,0,0,0,0,0,0,0,0,0,0,0,0,0,0,0,0,0,0,0,0,0,0,0,0,0,0,0,0,8,3,0,0,0,0,0,0,0.0,0,0,0,0,0,0,0,0,0,0,0,0,0,0,0,0,0,0,0,0,0,0,0,0,0,0,0,0,0,0,0,0,0,0,0,25,0.0,0.0,0.0,0.16,0.0,11.63,['SSRF']
http://localhost:5050/invoices/ssti-greeting_name_query,200,0,25.87,197,4.7263169513049235,0.0,0,0,0,0,0,0.0,0,0,0,0,0,0,0,0,0,0,0,0,0,0,0,0,0,0,0,0,0,0,0,0,0,0,0,0,0,0,0,0,8,3,0,0,0,0,0,0,0.0,0,0,0,0,0,0,0,0,0,0,0,0,0,0,0,0,0,0,0,0,0,0,0,0,0,0,0,0,0,0,0,0,0,0,0,28,0.0,0.0,0.0,0.32142857142857145,0.07142857142857142,41.99,['SSTI']
http://localhost:5050/invoices/ssti-custom_template_field_form,0,0,53.27,0,0.0,0.0,0,0,0,0,0,0.0,0,0,0,0,0,0,0,0,0,0,0,0,0,0,0,0,0,0,0,0,0,0,0,0,0,0,0,0,0,0,0,0,8,3,0,0,0,0,0,0,0.0,0,0,0,0,0,0,0,0,0,0,0,0,0,0,0,0,0,0,0,0,0,0,0,0,0,0,0,0,0,0,0,0,0,0,0,30,0.0,0.0,0.0,0.0,0.0,10.83,['SSTI']
http://localhost:5050/invoices/ssti-message_field_json,405,0,216.73,153,4.599963902086099,0.0,0,0,0,0,0,0.0,0,0,0,0,0,0,0,0,0,0,0,0,0,0,0,0,0,0,0,0,0,0,0,0,0,0,0,0,0,0,0,0,8,3,0,0,0,0,0,0,0.0,0,0,0,0,0,0,0,0,0,0,0,0,0,0,0,0,0,0,0,0,0,0,0,0,0,0,0,0,0,0,0,0,0,0,0,25,0.0,0.0,0.0,0.24,0.0,11.63,['SSTI']
http://localhost:5050/invoices/prototype_pollution-deep_merge_settings,405,0,52.34,153,4.599963902086099,0.0,0,0,0,0,0,0.0,0,0,0,0,0,0,0,0,0,0,0,0,0,0,0,0,0,0,0,0,0,0,0,0,0,0,0,0,0,0,0,0,8,3,0,0,0,0,0,0,0.0,0,0,0,0,0,0,0,0,0,0,0,0,0,0,0,0,0,0,0,0,0,0,0,0,0,0,0,0,0,0,0,0,0,0,0,25,0.0,0.0,0.0,0.16,0.0,24.31,['Prototype_Pollution']
http://localhost:5050/invoices/prototype_pollution-deep_merge_preferences,0,0,33.86,0,0.0,0.0,0,0,0,0,0,0.0,0,0,0,0,0,0,0,0,0,0,0,0,0,0,0,0,0,0,0,0,0,0,0,0,0,0,0,0,0,0,0,0,8,3,0,0,0,0,0,0,0.0,0,0,0,0,0,0,0,0,0,0,0,0,0,0,0,0,0,0,0,0,0,0,0,0,0,0,0,0,0,0,0,0,0,0,0,28,0.0,0.0,0.0,0.0,0.0,10.83,['Prototype_Pollution']
http://localhost:5050/invoices/http_request_smuggling-cl_te_both_accepted,200,0,26.27,341,4.798295030343544,0.0,0,0,0,0,0,0.0,0,0,0,0,0,0,0,0,0,0,0,0,0,0,0,0,0,0,0,0,0,0,0,0,0,0,0,0,0,0,1,0,8,3,0,0,0,0,0,0,0.0,0,0,0,0,0,0,0,0,0,0,0,0,0,0,0,0,0,0,0,0,0,0,0,0,0,0,0,0,0,0,0,0,0,0,0,30,0.0,0.0,0.0,0.4,0.0,41.41,['HTTP_Request_Smuggling']
http://localhost:5050/invoices/http_request_smuggling-duplicate_content_length_accepted,200,0,216.74,305,4.761025505161192,0.0,0,0,0,0,0,0.0,0,0,0,0,0,0,0,0,0,0,0,0,0,0,0,0,0,0,0,0,0,0,0,0,0,0,0,0,0,0,1,0,8,3,0,0,0,0,0,0,0.0,0,0,0,0,0,0,0,0,0,0,0,0,0,0,0,0,0,0,0,0,0,0,0,0,0,0,0,0,0,0,0,0,0,0,0,30,0.0,0.0,0.0,0.36666666666666664,0.0,10.95,['HTTP_Request_Smuggling']
http://localhost:5050/invoices/xpath_injection-login_xpath_concat,405,0,82.0,153,4.599963902086099,0.0,0,0,0,0,0,0.0,0,0,0,0,0,0,0,0,0,0,0,0,0,0,0,0,0,0,0,0,0,0,0,0,0,0,0,0,0,0,0,0,8,3,0,0,0,0,0,0,0.0,0,0,0,0,0,0,0,0,0,0,0,0,0,0,0,0,0,0,0,0,0,0,0,0,0,0,0,0,0,0,0,0,0,0,0,29,0.0,0.0,0.0,0.20689655172413793,0.0,11.63,['XPATH_Injection']
http://localhost:5050/invoices/xpath_injection-search_xpath_concat,200,0,22.91,295,4.84720911878512,0.0,0,0,0,0,0,0.0,0,0,0,0,0,0,0,0,0,0,0,0,0,0,0,0,0,0,0,0,0,0,0,0,0,0,0,0,0,0,0,0,8,3,0,1,0,0,2,0,0.0,0,0,0,0,0,0,0,0,0,0,0,0,0,0,0,0,0,0,0,0,0,0,0,0,0,0,0,0,0,0,0,0,0,0,0,28,0.0,0.0,0.0,0.2857142857142857,0.03571428571428571,42.33,['XPATH_Injection']
http://localhost:5050/invoices/graphqli-introspection_left_enabled,405,0,120.95,153,4.599963902086099,0.0,0,0,0,0,0,0.0,0,0,0,0,0,0,0,0,0,0,0,0,0,0,0,0,0,0,0,0,0,0,0,0,0,0,0,0,0,0,0,0,8,3,0,0,0,0,0,0,0.0,0,0,0,0,0,0,0,0,0,0,0,0,0,0,0,0,0,0,0,0,0,0,0,0,0,0,0,0,0,0,0,0,0,0,0,29,0.0,0.0,0.0,0.1724137931034483,0.0,11.63,['GraphQLi']
http://localhost:5050/invoices/cors-reflect_origin_credentials_true,200,0,29.29,338,4.881097243794363,0.0,0,0,0,0,0,0.0,0,0,0,0,0,0,0,0,0,0,0,0,0,0,0,0,0,0,0,0,0,0,0,0,0,0,0,0,0,0,0,0,8,3,0,1,1,0,0,0,0.0,0,0,0,0,0,0,0,0,0,0,0,0,0,0,0,0,0,0,0,0,0,0,0,0,0,0,0,0,0,0,0,0,0,0,0,26,0.0,0.0,0.0,0.15384615384615385,0.0,41.97,['CORS']
http://localhost:5050/invoices/cors-wildcard_origin_sensitive_endpoint,0,0,31.14,0,0.0,0.0,0,0,0,0,0,0.0,0,0,0,0,0,0,0,0,0,0,0,0,0,0,0,0,0,0,0,0,0,0,0,0,0,0,0,0,0,0,0,0,1,0,0,0,0,0,0,0,0.0,0,0,0,0,0,0,0,0,0,0,0,0,0,0,0,0,0,0,0,0,0,0,0,0,0,0,0,0,0,0,0,0,0,0,0,30,0.0,0.0,0.0,0.0,0.0,11.41,['CORS']
http://localhost:5050/invoices/csrf-generic_state_change_no_token,405,0,216.53,153,4.599963902086099,0.0,0,0,0,0,0,0.0,0,0,0,0,0,0,0,0,0,0,0,0,0,0,0,0,0,0,0,0,0,0,0,0,0,0,0,0,0,0,0,0,8,3,0,0,0,0,0,0,0.0,0,0,0,0,0,0,0,0,0,0,0,0,0,0,0,0,0,0,0,0,0,0,0,0,0,0,0,0,0,0,0,0,0,0,0,28,0.0,0.0,0.0,0.21428571428571427,0.0,11.63,['CSRF']
http://localhost:5050/invoices/csrf-delete_no_token,200,0,24.78,251,4.838952453608736,0.0,0,0,0,0,0,0.0,0,0,0,0,0,0,0,0,0,0,0,0,0,0,0,0,0,0,0,0,0,0,0,0,0,0,0,0,0,0,0,0,8,3,0,0,0,0,0,0,0.0,0,0,0,0,0,0,0,0,0,0,0,0,0,0,0,0,0,0,0,0,0,0,0,0,0,0,0,0,0,0,0,0,0,0,0,28,0.0,0.0,0.0,0.21428571428571427,0.17857142857142858,41.55,['CSRF']
http://localhost:5050/invoices/csrf-sensitive_transfer_no_token,0,0,51.85,0,0.0,0.0,0,0,0,0,0,0.0,0,0,0,0,0,0,0,0,0,0,0,0,0,0,0,0,0,0,0,0,0,0,0,0,0,0,0,0,0,0,0,0,8,3,0,0,0,0,0,0,0.0,0,0,0,0,0,0,0,0,0,0,0,0,0,0,0,0,0,0,0,0,0,0,0,0,0,0,0,0,0,0,0,0,0,0,0,27,0.0,0.0,0.0,0.0,0.0,10.83,['CSRF']
http://localhost:5050/invoices/ratelimit-login_endpoint_no_throttle,405,0,216.54,153,4.599963902086099,0.0,0,0,0,0,0,0.0,0,0,0,0,0,0,0,0,0,0,0,0,0,0,0,0,0,0,0,0,0,0,0,0,0,0,0,0,0,0,0,0,8,3,0,0,0,0,0,0,0.0,0,0,0,0,0,0,0,0,0,0,0,0,0,0,0,0,0,0,0,0,0,0,0,0,0,0,0,0,0,0,0,0,0,0,0,28,0.0,0.0,0.0,0.25,0.0,11.63,['RateLimit']
http://localhost:5050/invoices/ratelimit-password_reset_no_throttle,200,0,23.92,270,4.684514411001832,0.0,0,0,0,0,0,0.0,0,0,0,0,0,0,0,0,0,0,0,0,0,0,0,0,0,0,0,0,0,0,0,0,0,0,0,0,0,0,0,0,8,3,0,0,0,0,0,0,0.0,0,0,0,0,0,0,0,0,0,0,0,0,0,0,0,0,0,0,0,0,0,0,0,0,0,0,0,0,0,0,0,0,0,0,0,27,0.0,0.0,0.0,0.37037037037037035,0.0,41.47,['RateLimit']
http://localhost:5050/invoices/infodisc-stack_trace_leak_on_error,200,0,29.85,135,4.681461730559927,0.0,0,0,0,0,0,0.0,0,0,0,0,0,0,0,0,0,0,0,0,0,0,0,0,0,0,0,0,0,0,0,0,0,0,0,0,0,0,0,0,8,3,0,0,0,0,0,0,0.0,0,0,0,0,0,0,0,0,0,0,0,0,0,0,0,0,0,0,0,0,0,0,0,0,0,0,0,0,0,0,0,0,0,0,0,27,0.0,0.0,0.0,0.18518518518518517,0.0,42.05,['InfoDisc']
http://localhost:5050/invoices/infodisc-verbose_server_version_header,200,0,26.09,258,4.966990531165856,0.0,0,0,0,0,0,0.0,0,0,0,0,0,0,0,0,0,0,0,0,0,0,0,0,0,0,0,0,0,0,0,0,0,0,0,0,0,0,0,0,8,3,0,0,0,0,0,0,0.0,0,0,0,0,0,0,0,0,0,0,0,0,0,0,0,0,0,0,0,0,0,0,0,0,0,0,0,0,0,0,0,0,0,0,0,30,0.0,0.0,0.0,0.3333333333333333,0.0,41.77,['InfoDisc']
http://localhost:5050/invoices/infodisc-debug_env_endpoint/<resource_name>,200,0,216.56,279,4.962880196951302,0.0,0,0,0,0,0,0.0,0,0,0,0,0,0,0,0,0,0,0,0,0,0,0,0,0,0,0,0,0,0,0,0,0,0,0,0,0,0,0,0,8,3,0,0,0,0,0,0,0.0,0,0,0,0,0,0,0,0,0,0,0,0,0,0,0,0,0,0,0,0,0,0,0,0,0,0,0,0,0,0,0,0,0,0,0,27,0.0,0.0,0.0,0.18518518518518517,0.0,12.01,['InfoDisc']
http://localhost:5050/invoices/inseccrypto-md5_unsalted_password,0,0,35.03,0,0.0,0.0,0,0,0,0,0,0.0,0,0,0,0,0,0,0,0,0,0,0,0,0,0,0,0,0,0,0,0,0,0,0,0,0,0,0,0,0,0,0,0,1,0,0,0,0,0,0,0,0.0,0,0,0,0,0,0,0,0,0,0,0,0,0,0,0,0,0,0,0,0,0,0,0,0,0,0,0,0,0,0,0,0,0,0,0,30,0.0,0.0,0.0,0.0,0.0,10.83,['InsecCrypto']
http://localhost:5050/invoices/inseccrypto-xor_fixed_key_encryption,200,0,11.23,335,5.00136746878349,0.0,0,0,0,0,0,0.0,0,0,0,0,0,0,0,0,0,0,0,0,0,0,0,0,0,0,0,0,0,0,0,0,0,0,0,0,0,0,0,0,8,3,0,0,0,0,0,0,0.0,0,0,0,0,0,0,0,0,0,0,0,0,0,0,0,0,0,0,0,0,0,0,0,0,0,0,0,0,0,0,0,0,0,0,0,27,0.0,0.0,0.0,0.07407407407407407,0.0,41.71,['InsecCrypto']
http://localhost:5050/invoices/openredirect-redirect_query_url_no_check,0,0,32.01,0,0.0,0.0,0,0,0,0,0,0.0,0,0,0,0,0,0,0,0,0,0,0,0,0,0,0,0,0,0,0,0,0,0,0,0,0,0,0,0,0,0,0,0,1,0,0,0,0,0,0,0,0.0,0,0,0,0,0,0,0,0,0,0,0,0,0,0,0,0,0,0,0,0,0,0,0,0,0,0,0,0,0,0,0,0,0,0,0,27,0.0,0.0,0.0,0.0,0.0,11.36,['OpenRedirect']
http://localhost:5050/invoices/openredirect-post_login_next_param,0,0,111.94,0,0.0,0.0,0,0,0,0,0,0.0,0,0,0,0,0,0,0,0,0,0,0,0,0,0,0,0,0,0,0,0,0,0,0,0,0,0,0,0,0,0,0,0,1,0,0,0,0,0,0,0,0.0,0,0,0,0,0,0,0,0,0,0,0,0,0,0,0,0,0,0,0,0,0,0,0,0,0,0,0,0,0,0,0,0,0,0,0,26,0.0,0.0,0.0,0.0,0.0,10.83,['OpenRedirect']
http://localhost:5050/invoices/jwt-alg_none_accepted,200,0,25.05,127,4.645731392798314,0.0,0,0,0,0,0,0.0,0,0,0,0,0,0,0,0,0,0,0,0,0,0,0,0,0,0,0,0,0,0,0,0,0,0,0,0,0,0,0,0,8,3,0,0,0,0,0,0,0.0,0,0,0,0,0,0,0,0,0,0,0,0,0,0,0,0,0,0,0,0,0,0,0,0,0,0,0,0,0,0,0,0,0,0,0,27,0.0,0.0,0.0,0.25925925925925924,0.0,41.79,['JWT']
http://localhost:5050/invoices/jwt-weak_hardcoded_secret,0,0,31.6,0,0.0,0.0,0,0,0,0,0,0.0,0,0,0,0,0,0,0,0,0,0,0,0,0,0,0,0,0,0,0,0,0,0,0,0,0,0,0,0,0,0,0,0,1,0,0,0,0,0,0,0,0.0,0,0,0,0,0,0,0,0,0,0,0,0,0,0,0,0,0,0,0,0,0,0,0,0,0,0,0,0,0,0,0,0,0,0,0,30,0.0,0.0,0.0,0.0,0.0,11.14,['JWT']
http://localhost:5050/invoices/jwt-expiry_never_checked,200,0,22.22,130,4.707129426106152,0.0,0,0,0,0,0,0.0,0,0,0,0,0,0,0,0,0,0,0,0,0,0,0,0,0,0,0,0,0,0,0,0,0,0,0,0,0,0,0,0,8,3,0,0,0,0,0,0,0.0,0,0,0,0,0,0,0,0,0,0,0,0,0,0,0,0,0,0,0,0,0,0,0,0,0,0,0,0,0,0,0,0,0,0,0,28,0.0,0.0,0.0,0.2857142857142857,0.0,42.1,['JWT']
http://localhost:5050/invoices/crlf_injection-location_header_crlf,200,0,21.05,293,4.775530169010072,0.0,0,0,0,0,0,0.0,0,0,0,0,0,0,0,0,0,0,0,0,0,0,0,0,0,0,0,0,0,0,0,0,0,0,0,0,0,0,0,0,8,3,0,0,0,0,0,0,0.0,0,0,0,0,0,0,0,0,0,0,0,0,0,0,0,0,0,0,0,0,0,0,0,0,0,0,0,0,0,0,0,0,0,0,0,28,0.0,0.0,0.0,0.2857142857142857,0.0,42.13,['CRLF_Injection']
http://localhost:5050/invoices/crlf_injection-log_injection_crlf,0,0,31.23,0,0.0,0.0,0,0,0,0,0,0.0,0,0,0,0,0,0,0,0,0,0,0,0,0,0,0,0,0,0,0,0,0,0,0,0,0,0,0,0,0,0,0,0,8,3,0,0,0,0,0,0,0.0,0,0,0,0,0,0,0,0,0,0,0,0,0,0,0,0,0,0,0,0,0,0,0,0,0,0,0,0,0,0,0,0,0,0,0,30,0.0,0.0,0.0,0.0,0.0,10.83,['CRLF_Injection']
http://localhost:5050/invoices/racecondition-withdraw_toctou_no_lock,0,0,31.72,0,0.0,0.0,0,0,0,0,0,0.0,0,0,0,0,0,0,0,0,0,0,0,0,0,0,0,0,0,0,0,0,0,0,0,0,0,0,0,0,0,0,0,0,1,0,0,0,0,0,0,0,0.0,0,0,0,0,0,0,0,0,0,0,0,0,0,0,0,0,0,0,0,0,0,0,0,0,0,0,0,0,0,0,0,0,0,0,0,30,0.0,0.0,0.0,0.0,0.0,10.83,['RaceCondition']
http://localhost:5050/invoices/racecondition-coupon_redeem_toctou_no_lock,405,0,35.1,153,4.599963902086099,0.0,0,0,0,0,0,0.0,0,0,0,0,0,0,0,0,0,0,0,0,0,0,0,0,0,0,0,0,0,0,0,0,0,0,0,0,0,0,0,0,8,3,0,0,0,0,0,0,0.0,0,0,0,0,0,0,0,0,0,0,0,0,0,0,0,0,0,0,0,0,0,0,0,0,0,0,0,0,0,0,0,0,0,0,0,29,0.0,0.0,0.0,0.13793103448275862,0.0,30.32,['RaceCondition']
http://localhost:5050/comments/sqli-where_id_concat,0,0,54.0,0,0.0,0.0,0,0,0,0,0,0.0,0,0,0,0,0,0,0,0,0,0,0,0,0,0,0,0,0,0,0,0,0,0,0,0,0,0,0,0,0,0,0,0,8,3,0,0,0,0,0,0,0.0,0,0,0,0,0,0,0,0,0,0,0,0,0,0,0,0,0,0,0,0,0,0,0,0,0,0,0,0,0,0,0,0,0,0,0,30,0.0,0.0,0.0,0.0,0.0,11.32,['SQLi']
http://localhost:5050/comments/sqli-order_by_concat,200,0,21.11,269,4.952513511348537,0.0,0,0,0,0,0,0.0,0,0,0,0,0,0,0,0,0,0,0,0,0,0,0,0,0,0,0,0,0,0,0,0,0,0,0,0,0,0,0,0,8,3,0,0,0,0,0,0,0.0,0,0,0,0,0,0,0,0,0,0,0,0,0,0,0,0,0,0,0,0,0,0,0,0,0,0,0,0,0,0,0,0,0,0,0,27,0.0,0.0,0.0,0.14814814814814814,0.0,41.95,['SQLi']
http://localhost:5050/comments/sqli-like_search_concat,0,0,31.86,0,0.0,0.0,0,0,0,0,0,0.0,0,0,0,0,0,0,0,0,0,0,0,0,0,0,0,0,0,0,0,0,0,0,0,0,0,0,0,0,0,0,0,0,8,3,0,0,0,0,0,0,0.0,0,0,0,0,0,0,0,0,0,0,0,0,0,0,0,0,0,0,0,0,0,0,0,0,0,0,0,0,0,0,0,0,0,0,0,26,0.0,0.0,0.0,0.0,0.0,10.83,['SQLi']
http://localhost:5050/comments/sqli-login_bypass,0,0,35.02,0,0.0,0.0,0,0,0,0,0,0.0,0,0,0,0,0,0,0,0,0,0,0,0,0,0,0,0,0,0,0,0,0,0,0,0,0,0,0,0,0,0,0,0,8,3,0,0,0,0,0,0,0.0,0,0,0,0,0,0,0,0,0,0,0,0,0,0,0,0,0,0,0,0,0,0,0,0,0,0,0,0,0,0,0,0,0,0,0,27,0.0,0.0,0.0,0.0,0.0,10.83,['SQLi']
http://localhost:5050/comments/sqli-union_select_id,0,0,101.0,0,0.0,0.0,0,0,0,0,0,0.0,0,0,0,0,0,0,0,0,0,0,0,0,0,0,0,0,0,0,0,0,0,0,0,0,0,0,0,0,0,0,0,0,8,3,0,0,0,0,0,0,0.0,0,0,0,0,0,0,0,0,0,0,0,0,0,0,0,0,0,0,0,0,0,0,0,0,0,0,0,0,0,0,0,0,0,0,0,25,0.0,0.0,0.0,0.0,0.0,10.83,['SQLi']
http://localhost:5050/comments/cmdi-ping_host_shell_true,0,0,31.77,0,0.0,0.0,0,0,0,0,0,0.0,0,0,0,0,0,0,0,0,0,0,0,0,0,0,0,0,0,0,0,0,0,0,0,0,0,0,0,0,0,0,0,0,1,0,0,0,0,0,0,0,0.0,0,0,0,0,0,0,0,0,0,0,0,0,0,0,0,0,0,0,0,0,0,0,0,0,0,0,0,0,0,0,0,0,0,0,0,25,0.0,0.0,0.0,0.0,0.0,11.52,['CMDi']
http://localhost:5050/comments/cmdi-filename_echo_shell,405,0,96.02,153,4.599963902086099,0.0,0,0,0,0,0,0.0,0,0,0,0,0,0,0,0,0,0,0,0,0,0,0,0,0,0,0,0,0,0,0,0,0,0,0,0,0,0,0,0,8,3,0,0,0,0,0,0,0.0,0,0,0,0,0,0,0,0,0,0,0,0,0,0,0,0,0,0,0,0,0,0,0,0,0,0,0,0,0,0,0,0,0,0,0,28,0.0,0.0,0.0,0.25,0.0,11.63,['CMDi']
http://localhost:5050/comments/cmdi-archive_name_shell,405,0,79.67,153,4.599963902086099,0.0,0,0,0,0,0,0.0,0,0,0,0,0,0,0,0,0,0,0,0,0,0,0,0,0,0,0,0,0,0,0,0,0,0,0,0,0,0,0,0,8,3,0,0,0,0,0,0,0.0,0,0,0,0,0,0,0,0,0,0,0,0,0,0,0,0,0,0,0,0,0,0,0,0,0,0,0,0,0,0,0,0,0,0,0,24,0.0,0.0,0.0,0.2916666666666667,0.0,11.63,['CMDi']
http://localhost:5050/comments/insecdeser-pickle_b64_import,405,0,216.7,153,4.599963902086099,0.0,0,0,0,0,0,0.0,0,0,0,0,0,0,0,0,0,0,0,0,0,0,0,0,0,0,0,0,0,0,0,0,0,0,0,0,0,0,0,0,8,3,0,0,0,0,0,0,0.0,0,0,0,0,0,0,0,0,0,0,0,0,0,0,0,0,0,0,0,0,0,0,0,0,0,0,0,0,0,0,0,0,0,0,0,27,0.0,0.0,0.0,0.1111111111111111,0.0,11.63,['InsecDeser']
http://localhost:5050/comments/insecdeser-yaml_unsafe_load,405,0,52.82,153,4.599963902086099,0.0,0,0,0,0,0,0.0,0,0,0,0,0,0,0,0,0,0,0,0,0,0,0,0,0,0,0,0,0,0,0,0,0,0,0,0,0,0,0,0,8,3,0,0,0,0,0,0,0.0,0,0,0,0,0,0,0,0,0,0,0,0,0,0,0,0,0,0,0,0,0,0,0,0,0,0,0,0,0,0,0,0,0,0,0,27,0.0,0.0,0.0,0.2962962962962963,0.0,26.16,['InsecDeser']
http://localhost:5050/comments/insecupload-no_extension_whitelist,0,0,35.72,0,0.0,0.0,0,0,0,0,0,0.0,0,0,0,0,0,0,0,0,0,0,0,0,0,0,0,0,0,0,0,0,0,0,0,0,0,0,0,0,0,0,0,0,1,0,0,0,0,0,0,0,0.0,0,0,0,0,0,0,0,0,0,0,0,0,0,0,0,0,0,0,0,0,0,0,0,0,0,0,0,0,0,0,0,0,0,0,0,25,0.0,0.0,0.0,0.0,0.0,10.83,['InsecUpload']
http://localhost:5050/comments/insecupload-no_content_type_check,405,0,216.71,153,4.599963902086099,0.0,0,0,0,0,0,0.0,0,0,0,0,0,0,0,0,0,0,0,0,0,0,0,0,0,0,0,0,0,0,0,0,0,0,0,0,0,0,0,0,8,3,0,0,0,0,0,0,0.0,0,0,0,0,0,0,0,0,0,0,0,0,0,0,0,0,0,0,0,0,0,0,0,0,0,0,0,0,0,0,0,0,0,0,0,26,0.0,0.0,0.0,0.3076923076923077,0.0,11.63,['InsecUpload']
http://localhost:5050/comments/credsexpose-debug_endpoint_left_on/<resource_name>,200,0,22.72,381,5.086784854856692,0.0,0,0,0,0,0,0.0,0,0,0,0,0,0,0,0,0,0,0,0,0,0,0,0,0,0,0,0,0,0,0,0,0,0,0,0,0,0,0,0,8,3,0,0,0,0,0,0,0.0,0,0,0,0,0,0,0,0,0,0,0,0,0,0,0,0,0,0,0,0,0,0,0,0,0,0,0,0,0,0,0,0,0,0,0,27,0.0,0.0,0.0,0.3333333333333333,0.0,42.03,['CredsExpose']
http://localhost:5050/comments/credsexpose-verbose_error_with_secret,0,0,34.13,0,0.0,0.0,0,0,0,0,0,0.0,0,0,0,0,0,0,0,0,0,0,0,0,0,0,0,0,0,0,0,0,0,0,0,0,0,0,0,0,0,0,0,0,1,0,0,0,0,0,0,0,0.0,0,0,0,0,0,0,0,0,0,0,0,0,0,0,0,0,0,0,0,0,0,0,0,0,0,0,0,0,0,0,0,0,0,0,0,29,0.0,0.0,0.0,0.0,0.0,11.45,['CredsExpose']
http://localhost:5050/comments/credsexpose-secret_in_response_header,200,0,22.35,273,4.914740012783903,0.0,0,0,0,0,0,0.0,0,0,0,0,0,0,0,0,0,0,0,0,0,0,0,0,0,0,0,0,0,0,0,0,0,0,0,0,0,0,0,0,8,3,0,0,0,0,0,0,0.0,0,0,0,0,0,0,0,0,0,0,0,0,0,0,0,0,0,0,0,0,0,0,0,0,0,0,0,0,0,0,0,0,0,0,0,28,0.0,0.0,0.0,0.2857142857142857,0.0,42.05,['CredsExpose']
http://localhost:5050/comments/brokenauth-no_bruteforce_protection,405,0,216.46,153,4.599963902086099,0.0,0,0,0,0,0,0.0,0,0,0,0,0,0,0,0,0,0,0,0,0,0,0,0,0,0,0,0,0,0,0,0,0,0,0,0,0,0,0,0,8,3,0,0,0,0,0,0,0.0,0,0,0,0,0,0,0,0,0,0,0,0,0,0,0,0,0,0,0,0,0,0,0,0,0,0,0,0,0,0,0,0,0,0,0,26,0.0,0.0,0.0,0.2692307692307692,0.0,11.63,['BrokenAuth']
http://localhost:5050/comments/brokenauth-predictable_session_token,405,0,216.48,153,4.599963902086099,0.0,0,0,0,0,0,0.0,0,0,0,0,0,0,0,0,0,0,0,0,0,0,0,0,0,0,0,0,0,0,0,0,0,0,0,0,0,0,0,0,8,3,0,0,0,0,0,0,0.0,0,0,0,0,0,0,0,0,0,0,0,0,0,0,0,0,0,0,0,0,0,0,0,0,0,0,0,0,0,0,0,0,0,0,0,30,0.0,0.0,0.0,0.26666666666666666,0.0,11.63,['BrokenAuth']
http://localhost:5050/comments/brokenauth-guessable_password_reset,0,0,32.08,0,0.0,0.0,0,0,0,0,0,0.0,0,0,0,0,0,0,0,0,0,0,0,0,0,0,0,0,0,0,0,0,0,0,0,0,0,0,0,0,0,0,0,0,1,0,0,0,0,0,0,0,0.0,0,0,0,0,0,0,0,0,0,0,0,0,0,0,0,0,0,0,0,0,0,0,0,0,0,0,0,0,0,0,0,0,0,0,0,30,0.0,0.0,0.0,0.0,0.0,10.99,['BrokenAuth']
http://localhost:5050/comments/xss-reflected_query_div,200,0,22.76,246,5.012333260222717,0.0,0,0,0,0,0,0.0,0,0,0,0,0,0,0,0,0,0,0,0,0,0,0,0,0,0,0,0,0,0,0,0,0,0,0,0,0,0,0,0,8,3,0,0,0,0,0,0,0.0,0,0,0,0,0,0,0,0,0,0,0,0,0,0,0,0,0,0,0,0,0,0,0,0,0,0,0,0,0,0,0,0,0,0,0,27,0.0,0.0,0.0,0.25925925925925924,0.18518518518518517,41.08,['XSS']
http://localhost:5050/comments/xss-reflected_form_comment,405,0,53.27,153,4.599963902086099,0.0,0,0,0,0,0,0.0,0,0,0,0,0,0,0,0,0,0,0,0,0,0,0,0,0,0,0,0,0,0,0,0,0,0,0,0,0,0,0,0,8,3,0,0,0,0,0,0,0.0,0,0,0,0,0,0,0,0,0,0,0,0,0,0,0,0,0,0,0,0,0,0,0,0,0,0,0,0,0,0,0,0,0,0,0,25,0.0,0.0,0.0,0.4,0.0,23.17,['XSS']
http://localhost:5050/comments/xss-reflected_json_span,0,0,52.6,0,0.0,0.0,0,0,0,0,0,0.0,0,0,0,0,0,0,0,0,0,0,0,0,0,0,0,0,0,0,0,0,0,0,0,0,0,0,0,0,0,0,0,0,8,3,0,0,0,0,0,0,0.0,0,0,0,0,0,0,0,0,0,0,0,0,0,0,0,0,0,0,0,0,0,0,0,0,0,0,0,0,0,0,0,0,0,0,0,26,0.0,0.0,0.0,0.0,0.0,10.83,['XSS']
http://localhost:5050/comments/xss-reflected_header_comment,200,0,21.85,257,4.911574266644282,0.0,0,0,0,0,0,0.0,0,0,0,0,0,0,0,0,0,0,0,0,0,0,0,0,0,0,0,0,0,0,0,0,0,0,0,0,0,0,0,0,8,3,0,0,0,0,0,0,0.0,0,0,0,0,0,0,0,0,0,0,0,0,0,0,0,0,0,0,0,0,0,0,0,0,0,0,0,0,0,0,0,0,0,0,0,29,0.0,0.0,0.0,0.3448275862068966,0.0,41.21,['XSS']
http://localhost:5050/comments/xss-reflected_attribute_breakout,200,0,216.76,276,4.861464045360455,0.0,0,0,0,0,0,0.0,0,0,0,0,0,0,0,0,0,0,0,0,0,0,0,0,0,0,0,0,0,0,0,0,0,0,0,0,0,0,0,0,8,3,0,0,0,0,0,0,0.0,0,0,0,0,0,0,0,0,0,0,0,0,0,0,0,0,0,0,0,0,0,0,0,0,0,0,0,0,0,0,0,0,0,0,0,30,0.0,0.0,0.0,0.36666666666666664,0.0,11.66,['XSS']
http://localhost:5050/comments/dirtrav-read_file_query_param,200,0,22.9,207,4.683950179693372,0.0,0,0,0,0,0,0.0,0,0,0,0,0,0,0,0,0,0,0,0,0,0,0,0,0,0,0,0,0,0,0,0,0,0,0,0,0,0,0,0,8,3,0,0,0,0,0,0,0.0,0,0,0,0,0,0,0,0,0,0,0,0,0,0,0,0,0,0,0,0,0,0,0,0,0,0,0,0,0,0,0,0,0,0,0,28,0.0,0.0,0.0,0.2857142857142857,0.7142857142857143,42.14,['DirTrav']
http://localhost:5050/comments/dirtrav-read_file_form_param,0,0,32.19,0,0.0,0.0,0,0,0,0,0,0.0,0,0,0,0,0,0,0,0,0,0,0,0,0,0,0,0,0,0,0,0,0,0,0,0,0,0,0,0,0,0,0,0,1,0,0,0,0,0,0,0,0.0,0,0,0,0,0,0,0,0,0,0,0,0,0,0,0,0,0,0,0,0,0,0,0,0,0,0,0,0,0,0,0,0,0,0,0,24,0.0,0.0,0.0,0.0,0.0,10.83,['DirTrav']
http://localhost:5050/comments/dirtrav-read_file_path_segment/<filename>,200,0,216.78,258,4.7751740884717595,0.0,0,0,0,0,0,0.0,0,0,0,0,0,0,0,0,0,0,0,0,0,0,0,0,0,0,0,0,0,0,0,0,0,0,0,0,0,0,0,0,8,3,0,0,0,0,0,0,0.0,0,0,0,0,0,0,0,0,0,0,0,0,0,0,0,0,0,0,0,0,0,0,0,0,0,0,0,0,0,0,0,0,0,0,0,29,0.0,0.0,0.0,0.27586206896551724,0.0,11.98,['DirTrav']
http://localhost:5050/comments/xxe-resolve_entities_json_body,405,0,45.38,153,4.599963902086099,0.0,0,0,0,0,0,0.0,0,0,0,0,0,0,0,0,0,0,0,0,0,0,0,0,0,0,0,0,0,0,0,0,0,0,0,0,0,0,0,0,8,3,0,0,0,0,0,0,0.0,0,0,0,0,0,0,0,0,0,0,0,0,0,0,0,0,0,0,0,0,0,0,0,0,0,0,0,0,0,0,0,0,0,0,0,27,0.0,0.0,0.0,0.25925925925925924,0.0,21.1,['XXE']
http://localhost:5050/comments/xxe-resolve_entities_form_body,405,0,216.79,153,4.599963902086099,0.0,0,0,0,0,0,0.0,0,0,0,0,0,0,0,0,0,0,0,0,0,0,0,0,0,0,0,0,0,0,0,0,0,0,0,0,0,0,0,0,8,3,0,0,0,0,0,0,0.0,0,0,0,0,0,0,0,0,0,0,0,0,0,0,0,0,0,0,0,0,0,0,0,0,0,0,0,0,0,0,0,0,0,0,0,27,0.0,0.0,0.0,0.2222222222222222,0.0,11.63,['XXE']
http://localhost:5050/comments/nosqli-auth_operator_bypass,405,0,82.01,153,4.599963902086099,0.0,0,0,0,0,0,0.0,0,0,0,0,0,0,0,0,0,0,0,0,0,0,0,0,0,0,0,0,0,0,0,0,0,0,0,0,0,0,0,0,8,3,0,0,0,0,0,0,0.0,0,0,0,0,0,0,0,0,0,0,0,0,0,0,0,0,0,0,0,0,0,0,0,0,0,0,0,0,0,0,0,0,0,0,0,29,0.0,0.0,0.0,0.20689655172413793,0.0,11.63,['NoSQLi']
http://localhost:5050/comments/nosqli-search_filter_injection,0,0,52.49,0,0.0,0.0,0,0,0,0,0,0.0,0,0,0,0,0,0,0,0,0,0,0,0,0,0,0,0,0,0,0,0,0,0,0,0,0,0,0,0,0,0,0,0,8,3,0,0,0,0,0,0,0.0,0,0,0,0,0,0,0,0,0,0,0,0,0,0,0,0,0,0,0,0,0,0,0,0,0,0,0,0,0,0,0,0,0,0,0,28,0.0,0.0,0.0,0.0,0.0,10.83,['NoSQLi']
http://localhost:5050/comments/ldapi-login_filter_wildcard,405,0,39.98,153,4.599963902086099,0.0,0,0,0,0,0,0.0,0,0,0,0,0,0,0,0,0,0,0,0,0,0,0,0,0,0,0,0,0,0,0,0,0,0,0,0,0,0,0,0,8,3,0,0,0,0,0,0,0.0,0,0,0,0,0,0,0,0,0,0,0,0,0,0,0,0,0,0,0,0,0,0,0,0,0,0,0,0,0,0,0,0,0,0,0,28,0.0,0.0,0.0,0.2857142857142857,0.0,30.0,['LDAPi']
http://localhost:5050/comments/ldapi-search_filter_wildcard,200,0,25.34,219,4.9318570447600285,0.0,0,0,0,0,0,0.0,0,0,0,0,0,0,0,0,0,0,0,0,0,0,0,0,0,0,0,0,0,0,0,0,0,0,0,0,0,0,0,0,8,3,0,1,0,0,1,0,0.0,0,0,0,0,0,0,0,0,0,0,0,0,0,0,0,0,0,0,0,0,0,0,0,0,0,0,0,0,0,0,0,0,0,0,0,29,0.0,0.0,0.0,0.4482758620689655,0.10344827586206896,42.39,['LDAPi']
http://localhost:5050/comments/insecperm-role_trusted_from_header,200,0,22.88,272,4.684084375786792,0.0,0,0,0,0,0,0.0,0,0,0,0,0,0,0,0,0,0,0,0,0,0,0,0,0,0,0,0,0,0,0,0,0,0,0,0,0,0,0,0,8,3,0,0,0,0,0,0,0.0,0,0,0,0,0,0,0,0,0,0,0,0,0,0,0,0,0,0,0,0,0,0,0,0,0,0,0,0,0,0,0,0,0,0,0,27,0.0,0.0,0.0,0.3333333333333333,0.0,41.25,['InsecPerm']
http://localhost:5050/comments/insecperm-world_readable_export_endpoint/<id>,200,0,216.81,273,4.732678559481147,0.0,0,0,0,0,0,0.0,0,0,0,0,0,0,0,0,0,0,0,0,0,0,0,0,0,0,0,0,0,0,0,0,0,0,0,0,0,0,0,0,8,3,0,0,0,0,0,0,0.0,0,0,0,0,0,0,0,0,0,0,0,0,0,0,0,0,0,0,0,0,0,0,0,0,0,0,0,0,0,0,0,0,0,0,0,30,0.0,0.0,0.0,0.3333333333333333,0.0,12.15,['InsecPerm']
http://localhost:5050/comments/insecperm-client_controlled_admin_flag,200,0,21.88,231,4.651565266195037,0.0,0,0,0,0,0,0.0,0,0,0,0,0,0,0,0,0,0,0,0,0,0,0,0,0,0,0,0,0,0,0,0,0,0,0,0,0,0,0,0,8,3,0,0,0,0,0,0,0.0,0,0,0,0,0,0,0,0,0,0,0,0,0,0,0,0,0,0,0,0,0,0,0,0,0,0,0,0,0,0,0,0,0,0,0,29,0.0,0.0,0.0,0.20689655172413793,0.0,41.58,['InsecPerm']
http://localhost:5050/comments/idor-path_id_direct_access/<obj_id>,200,0,26.41,390,4.8959034518858715,0.0,0,0,0,0,0,0.0,0,0,0,0,0,0,0,0,0,0,0,0,0,0,0,0,0,0,0,0,0,0,0,0,0,0,0,0,0,0,0,0,8,3,0,1,0,1,0,0,0.0,0,0,0,0,0,0,0,0,0,0,0,0,0,0,0,0,0,0,0,0,0,0,0,0,0,0,0,0,0,0,0,0,0,0,0,30,0.0,0.0,0.0,0.3,0.0,41.71,['IDOR']
http://localhost:5050/comments/idor-query_id_direct_access,200,0,22.91,273,4.721970567995413,0.0,0,0,0,0,0,0.0,0,0,0,0,0,0,0,0,0,0,0,0,0,0,0,0,0,0,0,0,0,0,0,0,0,0,0,0,0,0,0,0,8,3,0,1,0,1,0,0,0.0,0,0,0,0,0,0,0,0,0,0,0,0,0,0,0,0,0,0,0,0,0,0,0,0,0,0,0,0,0,0,0,0,0,0,0,27,0.0,0.0,0.0,0.2962962962962963,0.0,41.79,['IDOR']
http://localhost:5050/comments/idor-json_body_id_direct_access,0,0,52.72,0,0.0,0.0,0,0,0,0,0,0.0,0,0,0,0,0,0,0,0,0,0,0,0,0,0,0,0,0,0,0,0,0,0,0,0,0,0,0,0,0,0,0,0,8,3,0,0,0,0,0,0,0.0,0,0,0,0,0,0,0,0,0,0,0,0,0,0,0,0,0,0,0,0,0,0,0,0,0,0,0,0,0,0,0,0,0,0,0,29,0.0,0.0,0.0,0.0,0.0,10.83,['IDOR']
http://localhost:5050/comments/sessfix-sessionid_accepted_from_query,200,0,216.82,239,4.75256092188936,0.0,0,0,0,0,0,0.0,0,0,0,0,0,0,0,0,0,0,0,0,0,0,0,0,0,0,0,0,0,0,0,0,0,0,0,0,0,0,0,0,8,3,0,0,0,0,0,0,0.0,0,0,0,0,0,0,0,0,0,0,0,0,0,0,0,0,0,0,0,0,0,0,0,0,0,0,0,0,0,0,0,0,0,0,0,30,0.0,0.0,0.0,0.23333333333333334,0.0,12.2,['SessFix']
http://localhost:5050/comments/sessfix-sessionid_not_regenerated_on_login,0,0,36.71,0,0.0,0.0,0,0,0,0,0,0.0,0,0,0,0,0,0,0,0,0,0,0,0,0,0,0,0,0,0,0,0,0,0,0,0,0,0,0,0,0,0,0,0,1,0,0,0,0,0,0,0,0.0,0,0,0,0,0,0,0,0,0,0,0,0,0,0,0,0,0,0,0,0,0,0,0,0,0,0,0,0,0,0,0,0,0,0,0,30,0.0,0.0,0.0,0.0,0.0,11.53,['SessFix']
http://localhost:5050/comments/ssrf-url_fetch_query_no_allowlist,200,0,216.84,337,4.8767557282937055,0.0,0,0,0,0,0,0.0,0,0,0,0,0,0,0,0,0,0,0,0,0,0,0,0,0,0,0,0,0,0,0,0,0,0,0,0,0,0,0,0,8,3,0,1,0,0,1,0,0.0,0,0,0,0,0,0,0,0,0,0,0,0,0,0,0,0,0,0,0,0,0,0,0,0,0,0,0,0,0,0,0,0,0,0,0,27,0.0,0.0,0.0,0.1111111111111111,0.0,12.84,['SSRF']
http://localhost:5050/comments/ssrf-url_fetch_json_webhook,405,0,35.12,153,4.599963902086099,0.0,0,0,0,0,0,0.0,0,0,0,0,0,0,0,0,0,0,0,0,0,0,0,0,0,0,0,0,0,0,0,0,0,0,0,0,0,0,0,0,8,3,0,0,0,0,0,0,0.0,0,0,0,0,0,0,0,0,0,0,0,0,0,0,0,0,0,0,0,0,0,0,0,0,0,0,0,0,0,0,0,0,0,0,0,29,0.0,0.0,0.0,0.20689655172413793,0.0,40.44,['SSRF']
http://localhost:5050/comments/ssrf-url_fetch_form_image_import,405,0,119.22,153,4.599963902086099,0.0,0,0,0,0,0,0.0,0,0,0,0,0,0,0,0,0,0,0,0,0,0,0,0,0,0,0,0,0,0,0,0,0,0,0,0,0,0,0,0,8,3,0,0,0,0,0,0,0.0,0,0,0,0,0,0,0,0,0,0,0,0,0,0,0,0,0,0,0,0,0,0,0,0,0,0,0,0,0,0,0,0,0,0,0,26,0.0,0.0,0.0,0.11538461538461539,0.0,11.63,['SSRF']
http://localhost:5050/comments/ssti-greeting_name_query,0,0,31.53,0,0.0,0.0,0,0,0,0,0,0.0,0,0,0,0,0,0,0,0,0,0,0,0,0,0,0,0,0,0,0,0,0,0,0,0,0,0,0,0,0,0,0,0,1,0,0,0,0,0,0,0,0.0,0,0,0,0,0,0,0,0,0,0,0,0,0,0,0,0,0,0,0,0,0,0,0,0,0,0,0,0,0,0,0,0,0,0,0,30,0.0,0.0,0.0,0.0,0.0,11.04,['SSTI']
http://localhost:5050/comments/ssti-custom_template_field_form,405,0,216.59,153,4.599963902086099,0.0,0,0,0,0,0,0.0,0,0,0,0,0,0,0,0,0,0,0,0,0,0,0,0,0,0,0,0,0,0,0,0,0,0,0,0,0,0,0,0,8,3,0,0,0,0,0,0,0.0,0,0,0,0,0,0,0,0,0,0,0,0,0,0,0,0,0,0,0,0,0,0,0,0,0,0,0,0,0,0,0,0,0,0,0,26,0.0,0.0,0.0,0.34615384615384615,0.0,11.63,['SSTI']
http://localhost:5050/comments/prototype_pollution-deep_merge_preferences,0,0,31.44,0,0.0,0.0,0,0,0,0,0,0.0,0,0,0,0,0,0,0,0,0,0,0,0,0,0,0,0,0,0,0,0,0,0,0,0,0,0,0,0,0,0,0,0,8,3,0,0,0,0,0,0,0.0,0,0,0,0,0,0,0,0,0,0,0,0,0,0,0,0,0,0,0,0,0,0,0,0,0,0,0,0,0,0,0,0,0,0,0,30,0.0,0.0,0.0,0.0,0.0,10.83,['Prototype_Pollution']
http://localhost:5050/comments/http_request_smuggling-cl_te_both_accepted,0,0,52.23,0,0.0,0.0,0,0,0,0,0,0.0,0,0,0,0,0,0,0,0,0,0,0,0,0,0,0,0,0,0,0,0,0,0,0,0,0,0,0,0,0,0,0,0,8,3,0,0,0,0,0,0,0.0,0,0,0,0,0,0,0,0,0,0,0,0,0,0,0,0,0,0,0,0,0,0,0,0,0,0,0,0,0,0,0,0,0,0,0,26,0.0,0.0,0.0,0.0,0.0,10.63,['HTTP_Request_Smuggling']
http://localhost:5050/comments/http_request_smuggling-duplicate_content_length_accepted,200,0,12.04,305,4.740494292092144,0.0,0,0,0,0,0,0.0,0,0,0,0,0,0,0,0,0,0,0,0,0,0,0,0,0,0,0,0,0,0,0,0,0,0,0,0,0,0,1,0,8,3,0,0,0,0,0,0,0.0,0,0,0,0,0,0,0,0,0,0,0,0,0,0,0,0,0,0,0,0,0,0,0,0,0,0,0,0,0,0,0,0,0,0,0,28,0.0,0.0,0.0,0.25,0.0,41.04,['HTTP_Request_Smuggling']
http://localhost:5050/comments/xpath_injection-login_xpath_concat,405,0,55.96,153,4.599963902086099,0.0,0,0,0,0,0,0.0,0,0,0,0,0,0,0,0,0,0,0,0,0,0,0,0,0,0,0,0,0,0,0,0,0,0,0,0,0,0,0,0,8,3,0,0,0,0,0,0,0.0,0,0,0,0,0,0,0,0,0,0,0,0,0,0,0,0,0,0,0,0,0,0,0,0,0,0,0,0,0,0,0,0,0,0,0,27,0.0,0.0,0.0,0.25925925925925924,0.0,21.8,['XPATH_Injection']
http://localhost:5050/comments/xpath_injection-search_xpath_concat,200,0,32.66,295,4.83277745971461,0.0,0,0,0,0,0,0.0,0,0,0,0,0,0,0,0,0,0,0,0,0,0,0,0,0,0,0,0,0,0,0,0,0,0,0,0,0,0,0,0,8,3,0,1,0,0,2,0,0.0,0,0,0,0,0,0,0,0,0,0,0,0,0,0,0,0,0,0,0,0,0,0,0,0,0,0,0,0,0,0,0,0,0,0,0,26,0.0,0.0,0.0,0.2692307692307692,0.0,42.4,['XPATH_Injection']
http://localhost:5050/comments/graphqli-introspection_left_enabled,405,0,103.79,153,4.599963902086099,0.0,0,0,0,0,0,0.0,0,0,0,0,0,0,0,0,0,0,0,0,0,0,0,0,0,0,0,0,0,0,0,0,0,0,0,0,0,0,0,0,8,3,0,0,0,0,0,0,0.0,0,0,0,0,0,0,0,0,0,0,0,0,0,0,0,0,0,0,0,0,0,0,0,0,0,0,0,0,0,0,0,0,0,0,0,23,0.0,0.0,0.0,0.30434782608695654,0.0,11.63,['GraphQLi']
http://localhost:5050/comments/graphqli-no_query_depth_limit,405,0,104.58,153,4.599963902086099,0.0,0,0,0,0,0,0.0,0,0,0,0,0,0,0,0,0,0,0,0,0,0,0,0,0,0,0,0,0,0,0,0,0,0,0,0,0,0,0,0,8,3,0,0,0,0,0,0,0.0,0,0,0,0,0,0,0,0,0,0,0,0,0,0,0,0,0,0,0,0,0,0,0,0,0,0,0,0,0,0,0,0,0,0,0,28,0.0,0.0,0.0,0.4642857142857143,0.0,11.63,['GraphQLi']
http://localhost:5050/comments/cors-reflect_origin_credentials_true,200,0,12.32,338,4.8757849214875515,0.0,0,0,0,0,0,0.0,0,0,0,0,0,0,0,0,0,0,0,0,0,0,0,0,0,0,0,0,0,0,0,0,0,0,0,0,0,0,0,0,8,3,0,1,1,0,0,0,0.0,0,0,0,0,0,0,0,0,0,0,0,0,0,0,0,0,0,0,0,0,0,0,0,0,0,0,0,0,0,0,0,0,0,0,0,28,0.0,0.0,0.0,0.21428571428571427,0.0,41.92,['CORS']
http://localhost:5050/comments/cors-wildcard_origin_sensitive_endpoint,200,0,26.54,277,4.706281429688328,0.0,0,0,0,0,0,0.0,0,0,0,0,0,0,0,0,0,0,0,0,0,0,0,0,0,0,0,0,0,0,0,0,0,0,0,0,0,0,0,0,8,3,0,0,0,0,0,0,0.0,0,0,0,0,0,0,0,0,0,0,0,0,0,0,0,0,0,0,0,0,0,0,0,0,0,0,0,0,0,0,0,0,0,0,0,29,0.0,0.0,0.0,0.1724137931034483,0.0,42.28,['CORS']
http://localhost:5050/comments/csrf-generic_state_change_no_token,0,0,36.61,0,0.0,0.0,0,0,0,0,0,0.0,0,0,0,0,0,0,0,0,0,0,0,0,0,0,0,0,0,0,0,0,0,0,0,0,0,0,0,0,0,0,0,0,1,0,0,0,0,0,0,0,0.0,0,0,0,0,0,0,0,0,0,0,0,0,0,0,0,0,0,0,0,0,0,0,0,0,0,0,0,0,0,0,0,0,0,0,0,30,0.0,0.0,0.0,0.0,0.0,10.83,['CSRF']
http://localhost:5050/comments/csrf-delete_no_token,200,0,31.48,251,4.813094983506454,0.0,0,0,0,0,0,0.0,0,0,0,0,0,0,0,0,0,0,0,0,0,0,0,0,0,0,0,0,0,0,0,0,0,0,0,0,0,0,0,0,8,3,0,0,0,0,0,0,0.0,0,0,0,0,0,0,0,0,0,0,0,0,0,0,0,0,0,0,0,0,0,0,0,0,0,0,0,0,0,0,0,0,0,0,0,28,0.0,0.0,0.0,0.17857142857142858,0.17857142857142858,41.72,['CSRF']
http://localhost:5050/comments/csrf-sensitive_transfer_no_token,405,0,14.02,153,4.599963902086099,0.0,0,0,0,0,0,0.0,0,0,0,0,0,0,0,0,0,0,0,0,0,0,0,0,0,0,0,0,0,0,0,0,0,0,0,0,0,0,0,0,8,3,0,0,0,0,0,0,0.0,0,0,0,0,0,0,0,0,0,0,0,0,0,0,0,0,0,0,0,0,0,0,0,0,0,0,0,0,0,0,0,0,0,0,0,30,0.0,0.0,0.0,0.2,0.0,41.63,['CSRF']
http://localhost:5050/comments/ratelimit-password_reset_no_throttle,200,0,105.56,270,4.681913024222482,0.0,0,0,0,0,0,0.0,0,0,0,0,0,0,0,0,0,0,0,0,0,0,0,0,0,0,0,0,0,0,0,0,0,0,0,0,0,0,0,0,8,3,0,0,0,0,0,0,0.0,0,0,0,0,0,0,0,0,0,0,0,0,0,0,0,0,0,0,0,0,0,0,0,0,0,0,0,0,0,0,0,0,0,0,0,26,0.0,0.0,0.0,0.23076923076923078,0.0,11.5,['RateLimit']
http://localhost:5050/comments/infodisc-stack_trace_leak_on_error,0,0,52.57,0,0.0,0.0,0,0,0,0,0,0.0,0,0,0,0,0,0,0,0,0,0,0,0,0,0,0,0,0,0,0,0,0,0,0,0,0,0,0,0,0,0,0,0,1,0,0,0,0,0,0,0,0.0,0,0,0,0,0,0,0,0,0,0,0,0,0,0,0,0,0,0,0,0,0,0,0,0,0,0,0,0,0,0,0,0,0,0,0,30,0.0,0.0,0.0,0.0,0.0,11.29,['InfoDisc']
http://localhost:5050/comments/infodisc-verbose_server_version_header,0,0,35.88,0,0.0,0.0,0,0,0,0,0,0.0,0,0,0,0,0,0,0,0,0,0,0,0,0,0,0,0,0,0,0,0,0,0,0,0,0,0,0,0,0,0,0,0,1,0,0,0,0,0,0,0,0.0,0,0,0,0,0,0,0,0,0,0,0,0,0,0,0,0,0,0,0,0,0,0,0,0,0,0,0,0,0,0,0,0,0,0,0,30,0.0,0.0,0.0,0.0,0.0,11.01,['InfoDisc']
http://localhost:5050/comments/infodisc-debug_env_endpoint/<resource_name>,200,0,21.01,279,4.965792162830281,0.0,0,0,0,0,0,0.0,0,0,0,0,0,0,0,0,0,0,0,0,0,0,0,0,0,0,0,0,0,0,0,0,0,0,0,0,0,0,0,0,8,3,0,0,0,0,0,0,0.0,0,0,0,0,0,0,0,0,0,0,0,0,0,0,0,0,0,0,0,0,0,0,0,0,0,0,0,0,0,0,0,0,0,0,0,27,0.0,0.0,0.0,0.3333333333333333,0.0,42.06,['InfoDisc']
http://localhost:5050/comments/inseccrypto-md5_unsalted_password,0,0,32.12,0,0.0,0.0,0,0,0,0,0,0.0,0,0,0,0,0,0,0,0,0,0,0,0,0,0,0,0,0,0,0,0,0,0,0,0,0,0,0,0,0,0,0,0,1,0,0,0,0,0,0,0,0.0,0,0,0,0,0,0,0,0,0,0,0,0,0,0,0,0,0,0,0,0,0,0,0,0,0,0,0,0,0,0,0,0,0,0,0,30,0.0,0.0,0.0,0.0,0.0,10.83,['InsecCrypto']
http://localhost:5050/comments/inseccrypto-xor_fixed_key_encryption,200,0,21.02,335,4.999847949688434,0.0,0,0,0,0,0,0.0,0,0,0,0,0,0,0,0,0,0,0,0,0,0,0,0,0,0,0,0,0,0,0,0,0,0,0,0,0,0,0,0,8,3,0,0,0,0,0,0,0.0,0,0,0,0,0,0,0,0,0,0,0,0,0,0,0,0,0,0,0,0,0,0,0,0,0,0,0,0,0,0,0,0,0,0,0,26,0.0,0.0,0.0,0.34615384615384615,0.0,41.85,['InsecCrypto']
http://localhost:5050/comments/openredirect-redirect_query_url_no_check,200,0,12.68,273,4.661595146389185,0.0,0,0,0,0,0,0.0,0,0,0,0,0,0,0,0,0,0,0,0,0,0,0,0,0,0,0,0,0,0,0,0,0,0,0,0,0,0,0,0,8,3,0,0,0,0,0,0,0.0,0,0,0,0,0,0,0,0,0,0,0,0,0,0,0,0,0,0,0,0,0,0,0,0,0,0,0,0,0,0,0,0,0,0,0,27,0.0,0.0,0.0,0.18518518518518517,0.0,42.24,['OpenRedirect']
http://localhost:5050/comments/openredirect-post_login_next_param,405,0,56.29,153,4.599963902086099,0.0,0,0,0,0,0,0.0,0,0,0,0,0,0,0,0,0,0,0,0,0,0,0,0,0,0,0,0,0,0,0,0,0,0,0,0,0,0,0,0,8,3,0,0,0,0,0,0,0.0,0,0,0,0,0,0,0,0,0,0,0,0,0,0,0,0,0,0,0,0,0,0,0,0,0,0,0,0,0,0,0,0,0,0,0,25,0.0,0.0,0.0,0.32,0.0,19.82,['OpenRedirect']
http://localhost:5050/comments/jwt-alg_none_accepted,200,0,31.58,127,4.589012743051305,0.0,0,0,0,0,0,0.0,0,0,0,0,0,0,0,0,0,0,0,0,0,0,0,0,0,0,0,0,0,0,0,0,0,0,0,0,0,0,0,0,8,3,0,0,0,0,0,0,0.0,0,0,0,0,0,0,0,0,0,0,0,0,0,0,0,0,0,0,0,0,0,0,0,0,0,0,0,0,0,0,0,0,0,0,0,28,0.0,0.0,0.0,0.35714285714285715,0.0,41.83,['JWT']
http://localhost:5050/comments/jwt-weak_hardcoded_secret,0,0,31.96,0,0.0,0.0,0,0,0,0,0,0.0,0,0,0,0,0,0,0,0,0,0,0,0,0,0,0,0,0,0,0,0,0,0,0,0,0,0,0,0,0,0,0,0,8,3,0,0,0,0,0,0,0.0,0,0,0,0,0,0,0,0,0,0,0,0,0,0,0,0,0,0,0,0,0,0,0,0,0,0,0,0,0,0,0,0,0,0,0,29,0.0,0.0,0.0,0.0,0.0,11.22,['JWT']
http://localhost:5050/comments/jwt-expiry_never_checked,0,0,35.01,0,0.0,0.0,0,0,0,0,0,0.0,0,0,0,0,0,0,0,0,0,0,0,0,0,0,0,0,0,0,0,0,0,0,0,0,0,0,0,0,0,0,0,0,1,0,0,0,0,0,0,0,0.0,0,0,0,0,0,0,0,0,0,0,0,0,0,0,0,0,0,0,0,0,0,0,0,0,0,0,0,0,0,0,0,0,0,0,0,25,0.0,0.0,0.0,0.0,0.0,11.32,['JWT']
http://localhost:5050/comments/crlf_injection-location_header_crlf,200,0,11.29,293,4.779626905091909,0.0,0,0,0,0,0,0.0,0,0,0,0,0,0,0,0,0,0,0,0,0,0,0,0,0,0,0,0,0,0,0,0,0,0,0,0,0,0,0,0,8,3,0,0,0,0,0,0,0.0,0,0,0,0,0,0,0,0,0,0,0,0,0,0,0,0,0,0,0,0,0,0,0,0,0,0,0,0,0,0,0,0,0,0,0,29,0.0,0.0,0.0,0.20689655172413793,0.0,42.17,['CRLF_Injection']
http://localhost:5050/comments/crlf_injection-log_injection_crlf,0,0,35.1,0,0.0,0.0,0,0,0,0,0,0.0,0,0,0,0,0,0,0,0,0,0,0,0,0,0,0,0,0,0,0,0,0,0,0,0,0,0,0,0,0,0,0,0,1,0,0,0,0,0,0,0,0.0,0,0,0,0,0,0,0,0,0,0,0,0,0,0,0,0,0,0,0,0,0,0,0,0,0,0,0,0,0,0,0,0,0,0,0,25,0.0,0.0,0.0,0.0,0.0,10.83,['CRLF_Injection']
http://localhost:5050/comments/racecondition-withdraw_toctou_no_lock,0,0,32.07,0,0.0,0.0,0,0,0,0,0,0.0,0,0,0,0,0,0,0,0,0,0,0,0,0,0,0,0,0,0,0,0,0,0,0,0,0,0,0,0,0,0,0,0,1,0,0,0,0,0,0,0,0.0,0,0,0,0,0,0,0,0,0,0,0,0,0,0,0,0,0,0,0,0,0,0,0,0,0,0,0,0,0,0,0,0,0,0,0,30,0.0,0.0,0.0,0.0,0.0,10.83,['RaceCondition']
http://localhost:5050/comments/racecondition-coupon_redeem_toctou_no_lock,0,0,31.99,0,0.0,0.0,0,0,0,0,0,0.0,0,0,0,0,0,0,0,0,0,0,0,0,0,0,0,0,0,0,0,0,0,0,0,0,0,0,0,0,0,0,0,0,1,0,0,0,0,0,0,0,0.0,0,0,0,0,0,0,0,0,0,0,0,0,0,0,0,0,0,0,0,0,0,0,0,0,0,0,0,0,0,0,0,0,0,0,0,22,0.0,0.0,0.0,0.0,0.0,10.83,['RaceCondition']
http://localhost:5050/files/sqli-where_id_concat,0,0,31.94,0,0.0,0.0,0,0,0,0,0,0.0,0,0,0,0,0,0,0,0,0,0,0,0,0,0,0,0,0,0,0,0,0,0,0,0,0,0,0,0,0,0,0,0,1,0,0,0,0,0,0,0,0.0,0,0,0,0,0,0,0,0,0,0,0,0,0,0,0,0,0,0,0,0,0,0,0,0,0,0,0,0,0,0,0,0,0,0,0,25,0.0,0.0,0.0,0.0,0.0,11.7,['SQLi']
http://localhost:5050/files/sqli-order_by_concat,200,0,23.0,245,5.029906582045005,0.0,0,0,0,0,0,0.0,0,0,0,0,0,0,0,0,0,0,0,0,0,0,0,0,0,0,0,0,0,0,0,0,0,0,0,0,0,0,0,0,8,3,0,0,0,0,0,0,0.0,0,0,0,0,0,0,0,0,0,0,0,0,0,0,0,0,0,0,0,0,0,0,0,0,0,0,0,0,0,0,0,0,0,0,0,26,0.0,0.0,0.0,0.23076923076923078,0.0,42.33,['SQLi']
http://localhost:5050/files/sqli-like_search_concat,0,0,31.48,0,0.0,0.0,0,0,0,0,0,0.0,0,0,0,0,0,0,0,0,0,0,0,0,0,0,0,0,0,0,0,0,0,0,0,0,0,0,0,0,0,0,0,0,1,0,0,0,0,0,0,0,0.0,0,0,0,0,0,0,0,0,0,0,0,0,0,0,0,0,0,0,0,0,0,0,0,0,0,0,0,0,0,0,0,0,0,0,0,30,0.0,0.0,0.0,0.0,0.0,10.83,['SQLi']
http://localhost:5050/files/sqli-login_bypass,405,0,54.71,153,4.599963902086099,0.0,0,0,0,0,0,0.0,0,0,0,0,0,0,0,0,0,0,0,0,0,0,0,0,0,0,0,0,0,0,0,0,0,0,0,0,0,0,0,0,8,3,0,0,0,0,0,0,0.0,0,0,0,0,0,0,0,0,0,0,0,0,0,0,0,0,0,0,0,0,0,0,0,0,0,0,0,0,0,0,0,0,0,0,0,29,0.0,0.0,0.0,0.1724137931034483,0.0,12.56,['SQLi']
http://localhost:5050/files/sqli-union_select_id,0,0,34.84,0,0.0,0.0,0,0,0,0,0,0.0,0,0,0,0,0,0,0,0,0,0,0,0,0,0,0,0,0,0,0,0,0,0,0,0,0,0,0,0,0,0,0,0,8,3,0,0,0,0,0,0,0.0,0,0,0,0,0,0,0,0,0,0,0,0,0,0,0,0,0,0,0,0,0,0,0,0,0,0,0,0,0,0,0,0,0,0,0,29,0.0,0.0,0.0,0.0,0.0,10.83,['SQLi']
http://localhost:5050/files/cmdi-ping_host_shell_true,200,0,25.2,454,5.12177757797613,0.0,0,0,0,0,0,0.0,0,0,0,0,0,0,0,0,0,0,0,0,0,0,0,0,0,0,0,0,0,0,0,0,0,0,0,0,0,0,0,0,8,3,0,0,0,0,0,0,0.0,0,0,0,0,0,0,0,0,0,0,0,0,0,0,0,0,0,0,0,0,0,0,0,0,0,0,0,0,0,0,0,0,0,0,0,29,0.0,0.0,0.0,0.2413793103448276,0.0,42.29,['CMDi']
http://localhost:5050/files/cmdi-filename_echo_shell,405,0,56.05,153,4.599963902086099,0.0,0,0,0,0,0,0.0,0,0,0,0,0,0,0,0,0,0,0,0,0,0,0,0,0,0,0,0,0,0,0,0,0,0,0,0,0,0,0,0,8,3,0,0,0,0,0,0,0.0,0,0,0,0,0,0,0,0,0,0,0,0,0,0,0,0,0,0,0,0,0,0,0,0,0,0,0,0,0,0,0,0,0,0,0,23,0.0,0.0,0.0,0.17391304347826086,0.0,16.93,['CMDi']
http://localhost:5050/files/cmdi-archive_name_shell,405,0,14.03,153,4.599963902086099,0.0,0,0,0,0,0,0.0,0,0,0,0,0,0,0,0,0,0,0,0,0,0,0,0,0,0,0,0,0,0,0,0,0,0,0,0,0,0,0,0,8,3,0,0,0,0,0,0,0.0,0,0,0,0,0,0,0,0,0,0,0,0,0,0,0,0,0,0,0,0,0,0,0,0,0,0,0,0,0,0,0,0,0,0,0,29,0.0,0.0,0.0,0.27586206896551724,0.0,41.63,['CMDi']
http://localhost:5050/files/insecdeser-pickle_b64_import,405,0,57.47,153,4.599963902086099,0.0,0,0,0,0,0,0.0,0,0,0,0,0,0,0,0,0,0,0,0,0,0,0,0,0,0,0,0,0,0,0,0,0,0,0,0,0,0,0,0,8,3,0,0,0,0,0,0,0.0,0,0,0,0,0,0,0,0,0,0,0,0,0,0,0,0,0,0,0,0,0,0,0,0,0,0,0,0,0,0,0,0,0,0,0,29,0.0,0.0,0.0,0.3103448275862069,0.0,17.13,['InsecDeser']
http://localhost:5050/files/insecdeser-yaml_unsafe_load,0,0,101.02,0,0.0,0.0,0,0,0,0,0,0.0,0,0,0,0,0,0,0,0,0,0,0,0,0,0,0,0,0,0,0,0,0,0,0,0,0,0,0,0,0,0,0,0,8,3,0,0,0,0,0,0,0.0,0,0,0,0,0,0,0,0,0,0,0,0,0,0,0,0,0,0,0,0,0,0,0,0,0,0,0,0,0,0,0,0,0,0,0,22,0.0,0.0,0.0,0.0,0.0,10.83,['InsecDeser']
http://localhost:5050/files/insecupload-no_extension_whitelist,405,0,30.53,153,4.599963902086099,0.0,0,0,0,0,0,0.0,0,0,0,0,0,0,0,0,0,0,0,0,0,0,0,0,0,0,0,0,0,0,0,0,0,0,0,0,0,0,0,0,8,3,0,0,0,0,0,0,0.0,0,0,0,0,0,0,0,0,0,0,0,0,0,0,0,0,0,0,0,0,0,0,0,0,0,0,0,0,0,0,0,0,0,0,0,27,0.0,0.0,0.0,0.37037037037037035,0.0,41.63,['InsecUpload']
http://localhost:5050/files/insecupload-no_content_type_check,0,0,32.11,0,0.0,0.0,0,0,0,0,0,0.0,0,0,0,0,0,0,0,0,0,0,0,0,0,0,0,0,0,0,0,0,0,0,0,0,0,0,0,0,0,0,0,0,1,0,0,0,0,0,0,0,0.0,0,0,0,0,0,0,0,0,0,0,0,0,0,0,0,0,0,0,0,0,0,0,0,0,0,0,0,0,0,0,0,0,0,0,0,27,0.0,0.0,0.0,0.0,0.0,10.83,['InsecUpload']
http://localhost:5050/files/bufovr-fixed_buffer_ctypes_query,200,0,104.55,246,4.844892149122368,0.0,0,0,0,0,0,0.0,0,0,0,0,0,0,0,0,0,0,0,0,0,0,0,0,0,0,0,0,0,0,0,0,0,0,0,0,0,0,0,0,8,3,0,0,0,0,0,0,0.0,0,0,0,0,0,0,0,0,0,0,0,0,0,0,0,0,0,0,0,0,0,0,0,0,0,0,0,0,0,0,0,0,0,0,0,30,0.0,0.0,0.0,0.36666666666666664,0.0,11.75,['BufOvr']
http://localhost:5050/files/bufovr-fixed_buffer_ctypes_header,200,0,58.15,216,4.763604234887696,0.0,0,0,0,0,0,0.0,0,0,0,0,0,0,0,0,0,0,0,0,0,0,0,0,0,0,0,0,0,0,0,0,0,0,0,0,0,0,0,0,8,3,0,0,0,0,0,0,0.0,0,0,0,0,0,0,0,0,0,0,0,0,0,0,0,0,0,0,0,0,0,0,0,0,0,0,0,0,0,0,0,0,0,0,0,29,0.0,0.0,0.0,0.20689655172413793,0.0,21.66,['BufOvr']
http://localhost:5050/files/credsexpose-debug_endpoint_left_on/<resource_name>,200,0,22.68,375,5.101259722221125,0.0,0,0,0,0,0,0.0,0,0,0,0,0,0,0,0,0,0,0,0,0,0,0,0,0,0,0,0,0,0,0,0,0,0,0,0,0,0,0,0,8,3,0,0,0,0,0,0,0.0,0,0,0,0,0,0,0,0,0,0,0,0,0,0,0,0,0,0,0,0,0,0,0,0,0,0,0,0,0,0,0,0,0,0,0,27,0.0,0.0,0.0,0.25925925925925924,0.0,42.28,['CredsExpose']
http://localhost:5050/files/credsexpose-verbose_error_with_secret,0,0,35.79,0,0.0,0.0,0,0,0,0,0,0.0,0,0,0,0,0,0,0,0,0,0,0,0,0,0,0,0,0,0,0,0,0,0,0,0,0,0,0,0,0,0,0,0,1,0,0,0,0,0,0,0,0.0,0,0,0,0,0,0,0,0,0,0,0,0,0,0,0,0,0,0,0,0,0,0,0,0,0,0,0,0,0,0,0,0,0,0,0,28,0.0,0.0,0.0,0.0,0.0,11.75,['CredsExpose']
http://localhost:5050/files/credsexpose-secret_in_response_header,200,0,22.54,270,4.926093360482043,0.0,0,0,0,0,0,0.0,0,0,0,0,0,0,0,0,0,0,0,0,0,0,0,0,0,0,0,0,0,0,0,0,0,0,0,0,0,0,0,0,8,3,0,0,0,0,0,0,0.0,0,0,0,0,0,0,0,0,0,0,0,0,0,0,0,0,0,0,0,0,0,0,0,0,0,0,0,0,0,0,0,0,0,0,0,30,0.0,0.0,0.0,0.4,0.0,42.22,['CredsExpose']
http://localhost:5050/files/brokenauth-no_bruteforce_protection,405,0,52.82,153,4.599963902086099,0.0,0,0,0,0,0,0.0,0,0,0,0,0,0,0,0,0,0,0,0,0,0,0,0,0,0,0,0,0,0,0,0,0,0,0,0,0,0,0,0,8,3,0,0,0,0,0,0,0.0,0,0,0,0,0,0,0,0,0,0,0,0,0,0,0,0,0,0,0,0,0,0,0,0,0,0,0,0,0,0,0,0,0,0,0,30,0.0,0.0,0.0,0.2,0.0,17.08,['BrokenAuth']
http://localhost:5050/files/brokenauth-predictable_session_token,0,0,31.98,0,0.0,0.0,0,0,0,0,0,0.0,0,0,0,0,0,0,0,0,0,0,0,0,0,0,0,0,0,0,0,0,0,0,0,0,0,0,0,0,0,0,0,0,1,0,0,0,0,0,0,0,0.0,0,0,0,0,0,0,0,0,0,0,0,0,0,0,0,0,0,0,0,0,0,0,0,0,0,0,0,0,0,0,0,0,0,0,0,23,0.0,0.0,0.0,0.0,0.0,10.83,['BrokenAuth']
http://localhost:5050/files/brokenauth-guessable_password_reset,200,0,22.94,227,4.810804267566701,0.0,0,0,0,0,0,0.0,0,0,0,0,0,0,0,0,0,0,0,0,0,0,0,0,0,0,0,0,0,0,0,0,0,0,0,0,0,0,0,0,8,3,0,0,0,0,0,0,0.0,0,0,0,0,0,0,0,0,0,0,0,0,0,0,0,0,0,0,0,0,0,0,0,0,0,0,0,0,0,0,0,0,0,0,0,27,0.0,0.0,0.0,0.2222222222222222,0.0,41.9,['BrokenAuth']
http://localhost:5050/files/xss-reflected_query_div,200,0,12.52,240,5.032237478618288,0.0,0,0,0,0,0,0.0,0,0,0,0,0,0,0,0,0,0,0,0,0,0,0,0,0,0,0,0,0,0,0,0,0,0,0,0,0,0,0,0,8,3,0,0,0,0,0,0,0.0,0,0,0,0,0,0,0,0,0,0,0,0,0,0,0,0,0,0,0,0,0,0,0,0,0,0,0,0,0,0,0,0,0,0,0,28,0.0,0.0,0.0,0.21428571428571427,0.17857142857142858,41.41,['XSS']
http://localhost:5050/files/xss-reflected_form_comment,405,0,121.68,153,4.599963902086099,0.0,0,0,0,0,0,0.0,0,0,0,0,0,0,0,0,0,0,0,0,0,0,0,0,0,0,0,0,0,0,0,0,0,0,0,0,0,0,0,0,8,3,0,0,0,0,0,0,0.0,0,0,0,0,0,0,0,0,0,0,0,0,0,0,0,0,0,0,0,0,0,0,0,0,0,0,0,0,0,0,0,0,0,0,0,29,0.0,0.0,0.0,0.1724137931034483,0.0,11.63,['XSS']
http://localhost:5050/files/xss-reflected_json_span,0,0,111.91,0,0.0,0.0,0,0,0,0,0,0.0,0,0,0,0,0,0,0,0,0,0,0,0,0,0,0,0,0,0,0,0,0,0,0,0,0,0,0,0,0,0,0,0,8,3,0,0,0,0,0,0,0.0,0,0,0,0,0,0,0,0,0,0,0,0,0,0,0,0,0,0,0,0,0,0,0,0,0,0,0,0,0,0,0,0,0,0,0,29,0.0,0.0,0.0,0.0,0.0,10.83,['XSS']
http://localhost:5050/files/xss-reflected_header_comment,200,0,30.09,251,4.926799612222149,0.0,0,0,0,0,0,0.0,0,0,0,0,0,0,0,0,0,0,0,0,0,0,0,0,0,0,0,0,0,0,0,0,0,0,0,0,0,0,0,0,8,3,0,0,0,0,0,0,0.0,0,0,0,0,0,0,0,0,0,0,0,0,0,0,0,0,0,0,0,0,0,0,0,0,0,0,0,0,0,0,0,0,0,0,0,27,0.0,0.0,0.0,0.2222222222222222,0.0,40.46,['XSS']
http://localhost:5050/files/xss-reflected_attribute_breakout,200,0,22.0,270,4.867230697441802,0.0,0,0,0,0,0,0.0,0,0,0,0,0,0,0,0,0,0,0,0,0,0,0,0,0,0,0,0,0,0,0,0,0,0,0,0,0,0,0,0,8,3,0,0,0,0,0,0,0.0,0,0,0,0,0,0,0,0,0,0,0,0,0,0,0,0,0,0,0,0,0,0,0,0,0,0,0,0,0,0,0,0,0,0,0,26,0.0,0.0,0.0,0.3076923076923077,0.0,41.84,['XSS']
http://localhost:5050/files/dirtrav-read_file_query_param,0,0,35.38,0,0.0,0.0,0,0,0,0,0,0.0,0,0,0,0,0,0,0,0,0,0,0,0,0,0,0,0,0,0,0,0,0,0,0,0,0,0,0,0,0,0,0,0,1,0,0,0,0,0,0,0,0.0,0,0,0,0,0,0,0,0,0,0,0,0,0,0,0,0,0,0,0,0,0,0,0,0,0,0,0,0,0,0,0,0,0,0,0,28,0.0,0.0,0.0,0.0,0.0,11.43,['DirTrav']
http://localhost:5050/files/dirtrav-read_file_form_param,0,0,52.17,0,0.0,0.0,0,0,0,0,0,0.0,0,0,0,0,0,0,0,0,0,0,0,0,0,0,0,0,0,0,0,0,0,0,0,0,0,0,0,0,0,0,0,0,8,3,0,0,0,0,0,0,0.0,0,0,0,0,0,0,0,0,0,0,0,0,0,0,0,0,0,0,0,0,0,0,0,0,0,0,0,0,0,0,0,0,0,0,0,27,0.0,0.0,0.0,0.0,0.0,10.83,['DirTrav']
http://localhost:5050/files/dirtrav-read_file_path_segment/<filename>,200,0,11.42,255,4.766928770790585,0.0,0,0,0,0,0,0.0,0,0,0,0,0,0,0,0,0,0,0,0,0,0,0,0,0,0,0,0,0,0,0,0,0,0,0,0,0,0,0,0,8,3,0,0,0,0,0,0,0.0,0,0,0,0,0,0,0,0,0,0,0,0,0,0,0,0,0,0,0,0,0,0,0,0,0,0,0,0,0,0,0,0,0,0,0,27,0.0,0.0,0.0,0.3333333333333333,0.0,42.06,['DirTrav']
http://localhost:5050/files/xxe-resolve_entities_json_body,0,0,54.42,0,0.0,0.0,0,0,0,0,0,0.0,0,0,0,0,0,0,0,0,0,0,0,0,0,0,0,0,0,0,0,0,0,0,0,0,0,0,0,0,0,0,0,0,1,0,0,0,0,0,0,0,0.0,0,0,0,0,0,0,0,0,0,0,0,0,0,0,0,0,0,0,0,0,0,0,0,0,0,0,0,0,0,0,0,0,0,0,0,29,0.0,0.0,0.0,0.0,0.0,10.83,['XXE']
http://localhost:5050/files/xxe-resolve_entities_form_body,405,0,216.65,153,4.599963902086099,0.0,0,0,0,0,0,0.0,0,0,0,0,0,0,0,0,0,0,0,0,0,0,0,0,0,0,0,0,0,0,0,0,0,0,0,0,0,0,0,0,8,3,0,0,0,0,0,0,0.0,0,0,0,0,0,0,0,0,0,0,0,0,0,0,0,0,0,0,0,0,0,0,0,0,0,0,0,0,0,0,0,0,0,0,0,27,0.0,0.0,0.0,0.25925925925925924,0.0,11.63,['XXE']
http://localhost:5050/files/nosqli-auth_operator_bypass,0,0,31.94,0,0.0,0.0,0,0,0,0,0,0.0,0,0,0,0,0,0,0,0,0,0,0,0,0,0,0,0,0,0,0,0,0,0,0,0,0,0,0,0,0,0,0,0,1,0,0,0,0,0,0,0,0.0,0,0,0,0,0,0,0,0,0,0,0,0,0,0,0,0,0,0,0,0,0,0,0,0,0,0,0,0,0,0,0,0,0,0,0,30,0.0,0.0,0.0,0.0,0.0,10.83,['NoSQLi']
http://localhost:5050/files/nosqli-search_filter_injection,0,0,101.45,0,0.0,0.0,0,0,0,0,0,0.0,0,0,0,0,0,0,0,0,0,0,0,0,0,0,0,0,0,0,0,0,0,0,0,0,0,0,0,0,0,0,0,0,8,3,0,0,0,0,0,0,0.0,0,0,0,0,0,0,0,0,0,0,0,0,0,0,0,0,0,0,0,0,0,0,0,0,0,0,0,0,0,0,0,0,0,0,0,30,0.0,0.0,0.0,0.0,0.0,10.83,['NoSQLi']
http://localhost:5050/files/nosqli-regex_operator_injection,0,0,99.78,0,0.0,0.0,0,0,0,0,0,0.0,0,0,0,0,0,0,0,0,0,0,0,0,0,0,0,0,0,0,0,0,0,0,0,0,0,0,0,0,0,0,0,0,8,3,0,0,0,0,0,0,0.0,0,0,0,0,0,0,0,0,0,0,0,0,0,0,0,0,0,0,0,0,0,0,0,0,0,0,0,0,0,0,0,0,0,0,0,29,0.0,0.0,0.0,0.0,0.0,10.83,['NoSQLi']
http://localhost:5050/files/ldapi-login_filter_wildcard,0,0,99.64,0,0.0,0.0,0,0,0,0,0,0.0,0,0,0,0,0,0,0,0,0,0,0,0,0,0,0,0,0,0,0,0,0,0,0,0,0,0,0,0,0,0,0,0,8,3,0,0,0,0,0,0,0.0,0,0,0,0,0,0,0,0,0,0,0,0,0,0,0,0,0,0,0,0,0,0,0,0,0,0,0,0,0,0,0,0,0,0,0,28,0.0,0.0,0.0,0.0,0.0,10.83,['LDAPi']
http://localhost:5050/files/ldapi-search_filter_wildcard,0,0,35.15,0,0.0,0.0,0,0,0,0,0,0.0,0,0,0,0,0,0,0,0,0,0,0,0,0,0,0,0,0,0,0,0,0,0,0,0,0,0,0,0,0,0,0,0,1,0,0,0,0,0,0,0,0.0,0,0,0,0,0,0,0,0,0,0,0,0,0,0,0,0,0,0,0,0,0,0,0,0,0,0,0,0,0,0,0,0,0,0,0,30,0.0,0.0,0.0,0.0,0.0,11.95,['LDAPi']
http://localhost:5050/files/insecperm-role_trusted_from_header,200,0,22.17,266,4.707646368894975,0.0,0,0,0,0,0,0.0,0,0,0,0,0,0,0,0,0,0,0,0,0,0,0,0,0,0,0,0,0,0,0,0,0,0,0,0,0,0,0,0,8,3,0,0,0,0,0,0,0.0,0,0,0,0,0,0,0,0,0,0,0,0,0,0,0,0,0,0,0,0,0,0,0,0,0,0,0,0,0,0,0,0,0,0,0,26,0.0,0.0,0.0,0.11538461538461539,0.0,41.64,['InsecPerm']
http://localhost:5050/files/insecperm-world_readable_export_endpoint/<id>,0,0,31.99,0,0.0,0.0,0,0,0,0,0,0.0,0,0,0,0,0,0,0,0,0,0,0,0,0,0,0,0,0,0,0,0,0,0,0,0,0,0,0,0,0,0,0,0,1,0,0,0,0,0,0,0,0.0,0,0,0,0,0,0,0,0,0,0,0,0,0,0,0,0,0,0,0,0,0,0,0,0,0,0,0,0,0,0,0,0,0,0,0,27,0.0,0.0,0.0,0.0,0.0,11.74,['InsecPerm']
http://localhost:5050/files/insecperm-client_controlled_admin_flag,0,0,31.86,0,0.0,0.0,0,0,0,0,0,0.0,0,0,0,0,0,0,0,0,0,0,0,0,0,0,0,0,0,0,0,0,0,0,0,0,0,0,0,0,0,0,0,0,1,0,0,0,0,0,0,0,0.0,0,0,0,0,0,0,0,0,0,0,0,0,0,0,0,0,0,0,0,0,0,0,0,0,0,0,0,0,0,0,0,0,0,0,0,30,0.0,0.0,0.0,0.0,0.0,11.18,['InsecPerm']
http://localhost:5050/files/idor-path_id_direct_access/<obj_id>,0,0,31.66,0,0.0,0.0,0,0,0,0,0,0.0,0,0,0,0,0,0,0,0,0,0,0,0,0,0,0,0,0,0,0,0,0,0,0,0,0,0,0,0,0,0,0,0,8,3,0,0,0,0,0,0,0.0,0,0,0,0,0,0,0,0,0,0,0,0,0,0,0,0,0,0,0,0,0,0,0,0,0,0,0,0,0,0,0,0,0,0,0,30,0.0,0.0,0.0,0.0,0.0,11.36,['IDOR']
http://localhost:5050/files/idor-query_id_direct_access,0,0,54.6,0,0.0,0.0,0,0,0,0,0,0.0,0,0,0,0,0,0,0,0,0,0,0,0,0,0,0,0,0,0,0,0,0,0,0,0,0,0,0,0,0,0,0,0,1,0,0,0,0,0,0,0,0.0,0,0,0,0,0,0,0,0,0,0,0,0,0,0,0,0,0,0,0,0,0,0,0,0,0,0,0,0,0,0,0,0,0,0,0,27,0.0,0.0,0.0,0.0,0.0,11.29,['IDOR']
http://localhost:5050/files/idor-json_body_id_direct_access,405,0,55.9,153,4.599963902086099,0.0,0,0,0,0,0,0.0,0,0,0,0,0,0,0,0,0,0,0,0,0,0,0,0,0,0,0,0,0,0,0,0,0,0,0,0,0,0,0,0,8,3,0,0,0,0,0,0,0.0,0,0,0,0,0,0,0,0,0,0,0,0,0,0,0,0,0,0,0,0,0,0,0,0,0,0,0,0,0,0,0,0,0,0,0,26,0.0,0.0,0.0,0.23076923076923078,0.0,15.58,['IDOR']
http://localhost:5050/files/sessfix-sessionid_accepted_from_query,200,0,216.67,236,4.753742426588228,0.0,0,0,0,0,0,0.0,0,0,0,0,0,0,0,0,0,0,0,0,0,0,0,0,0,0,0,0,0,0,0,0,0,0,0,0,0,0,0,0,8,3,0,0,0,0,0,0,0.0,0,0,0,0,0,0,0,0,0,0,0,0,0,0,0,0,0,0,0,0,0,0,0,0,0,0,0,0,0,0,0,0,0,0,0,27,0.0,0.0,0.0,0.2222222222222222,0.0,12.4,['SessFix']
http://localhost:5050/files/sessfix-sessionid_not_regenerated_on_login,200,0,11.42,189,4.517034802256162,0.0,0,0,0,0,0,0.0,0,0,0,0,0,0,0,0,0,0,0,0,0,0,0,0,0,0,0,0,0,0,0,0,0,0,0,0,0,0,0,0,8,3,0,0,0,0,0,0,0.0,0,0,0,0,0,0,0,0,0,0,0,0,0,0,0,0,0,0,0,0,0,0,0,0,0,0,0,0,0,0,0,0,0,0,0,27,0.0,0.0,0.0,0.2222222222222222,0.0,42.49,['SessFix']
http://localhost:5050/files/ssrf-url_fetch_query_no_allowlist,200,0,56.0,334,4.873773443001939,0.0,0,0,0,0,0,0.0,0,0,0,0,0,0,0,0,0,0,0,0,0,0,0,0,0,0,0,0,0,0,0,0,0,0,0,0,0,0,0,0,8,3,0,1,0,0,1,0,0.0,0,0,0,0,0,0,0,0,0,0,0,0,0,0,0,0,0,0,0,0,0,0,0,0,0,0,0,0,0,0,0,0,0,0,0,25,0.0,0.0,0.0,0.16,0.0,22.01,['SSRF']
http://localhost:5050/files/ssrf-url_fetch_json_webhook,0,0,52.39,0,0.0,0.0,0,0,0,0,0,0.0,0,0,0,0,0,0,0,0,0,0,0,0,0,0,0,0,0,0,0,0,0,0,0,0,0,0,0,0,0,0,0,0,8,3,0,0,0,0,0,0,0.0,0,0,0,0,0,0,0,0,0,0,0,0,0,0,0,0,0,0,0,0,0,0,0,0,0,0,0,0,0,0,0,0,0,0,0,30,0.0,0.0,0.0,0.0,0.0,10.83,['SSRF']
http://localhost:5050/files/ssrf-url_fetch_form_image_import,405,0,56.33,153,4.599963902086099,0.0,0,0,0,0,0,0.0,0,0,0,0,0,0,0,0,0,0,0,0,0,0,0,0,0,0,0,0,0,0,0,0,0,0,0,0,0,0,0,0,8,3,0,0,0,0,0,0,0.0,0,0,0,0,0,0,0,0,0,0,0,0,0,0,0,0,0,0,0,0,0,0,0,0,0,0,0,0,0,0,0,0,0,0,0,24,0.0,0.0,0.0,0.16666666666666666,0.0,17.72,['SSRF']
http://localhost:5050/files/ssti-greeting_name_query,200,0,12.83,188,4.7222195139349505,0.0,0,0,0,0,0,0.0,0,0,0,0,0,0,0,0,0,0,0,0,0,0,0,0,0,0,0,0,0,0,0,0,0,0,0,0,0,0,0,0,8,3,0,0,0,0,0,0,0.0,0,0,0,0,0,0,0,0,0,0,0,0,0,0,0,0,0,0,0,0,0,0,0,0,0,0,0,0,0,0,0,0,0,0,0,26,0.0,0.0,0.0,0.5384615384615384,0.07692307692307693,42.31,['SSTI']
http://localhost:5050/files/ssti-custom_template_field_form,405,0,87.55,153,4.599963902086099,0.0,0,0,0,0,0,0.0,0,0,0,0,0,0,0,0,0,0,0,0,0,0,0,0,0,0,0,0,0,0,0,0,0,0,0,0,0,0,0,0,8,3,0,0,0,0,0,0,0.0,0,0,0,0,0,0,0,0,0,0,0,0,0,0,0,0,0,0,0,0,0,0,0,0,0,0,0,0,0,0,0,0,0,0,0,27,0.0,0.0,0.0,0.2222222222222222,0.0,11.63,['SSTI']
http://localhost:5050/files/ssti-message_field_json,0,0,35.06,0,0.0,0.0,0,0,0,0,0,0.0,0,0,0,0,0,0,0,0,0,0,0,0,0,0,0,0,0,0,0,0,0,0,0,0,0,0,0,0,0,0,0,0,1,0,0,0,0,0,0,0,0.0,0,0,0,0,0,0,0,0,0,0,0,0,0,0,0,0,0,0,0,0,0,0,0,0,0,0,0,0,0,0,0,0,0,0,0,30,0.0,0.0,0.0,0.0,0.0,10.83,['SSTI']
http://localhost:5050/files/prototype_pollution-deep_merge_preferences,405,0,82.02,153,4.599963902086099,0.0,0,0,0,0,0,0.0,0,0,0,0,0,0,0,0,0,0,0,0,0,0,0,0,0,0,0,0,0,0,0,0,0,0,0,0,0,0,0,0,8,3,0,0,0,0,0,0,0.0,0,0,0,0,0,0,0,0,0,0,0,0,0,0,0,0,0,0,0,0,0,0,0,0,0,0,0,0,0,0,0,0,0,0,0,29,0.0,0.0,0.0,0.20689655172413793,0.0,11.83,['Prototype_Pollution']
http://localhost:5050/files/http_request_smuggling-cl_te_both_accepted,200,0,21.13,335,4.797765946799432,0.0,0,0,0,0,0,0.0,0,0,0,0,0,0,0,0,0,0,0,0,0,0,0,0,0,0,0,0,0,0,0,0,0,0,0,0,0,0,1,0,8,3,0,0,0,0,0,0,0.0,0,0,0,0,0,0,0,0,0,0,0,0,0,0,0,0,0,0,0,0,0,0,0,0,0,0,0,0,0,0,0,0,0,0,0,28,0.0,0.0,0.0,0.35714285714285715,0.0,41.68,['HTTP_Request_Smuggling']
http://localhost:5050/files/http_request_smuggling-duplicate_content_length_accepted,200,0,21.14,299,4.763617344959494,0.0,0,0,0,0,0,0.0,0,0,0,0,0,0,0,0,0,0,0,0,0,0,0,0,0,0,0,0,0,0,0,0,0,0,0,0,0,0,1,0,8,3,0,0,0,0,0,0,0.0,0,0,0,0,0,0,0,0,0,0,0,0,0,0,0,0,0,0,0,0,0,0,0,0,0,0,0,0,0,0,0,0,0,0,0,26,0.0,0.0,0.0,0.3076923076923077,0.0,41.27,['HTTP_Request_Smuggling']
http://localhost:5050/files/xpath_injection-login_xpath_concat,405,0,57.46,153,4.599963902086099,0.0,0,0,0,0,0,0.0,0,0,0,0,0,0,0,0,0,0,0,0,0,0,0,0,0,0,0,0,0,0,0,0,0,0,0,0,0,0,0,0,8,3,0,0,0,0,0,0,0.0,0,0,0,0,0,0,0,0,0,0,0,0,0,0,0,0,0,0,0,0,0,0,0,0,0,0,0,0,0,0,0,0,0,0,0,28,0.0,0.0,0.0,0.17857142857142858,0.0,26.49,['XPATH_Injection']
http://localhost:5050/files/xpath_injection-search_xpath_concat,200,0,82.02,289,4.888695768045802,0.0,0,0,0,0,0,0.0,0,0,0,0,0,0,0,0,0,0,0,0,0,0,0,0,0,0,0,0,0,0,0,0,0,0,0,0,0,0,0,0,8,3,0,1,0,0,2,0,0.0,0,0,0,0,0,0,0,0,0,0,0,0,0,0,0,0,0,0,0,0,0,0,0,0,0,0,0,0,0,0,0,0,0,0,0,29,0.0,0.0,0.0,0.2413793103448276,0.034482758620689655,12.61,['XPATH_Injection']
http://localhost:5050/files/graphqli-introspection_left_enabled,405,0,56.03,153,4.599963902086099,0.0,0,0,0,0,0,0.0,0,0,0,0,0,0,0,0,0,0,0,0,0,0,0,0,0,0,0,0,0,0,0,0,0,0,0,0,0,0,0,0,8,3,0,0,0,0,0,0,0.0,0,0,0,0,0,0,0,0,0,0,0,0,0,0,0,0,0,0,0,0,0,0,0,0,0,0,0,0,0,0,0,0,0,0,0,28,0.0,0.0,0.0,0.32142857142857145,0.0,15.31,['GraphQLi']
http://localhost:5050/files/graphqli-no_query_depth_limit,0,0,101.6,0,0.0,0.0,0,0,0,0,0,0.0,0,0,0,0,0,0,0,0,0,0,0,0,0,0,0,0,0,0,0,0,0,0,0,0,0,0,0,0,0,0,0,0,1,0,0,0,0,0,0,0,0.0,0,0,0,0,0,0,0,0,0,0,0,0,0,0,0,0,0,0,0,0,0,0,0,0,0,0,0,0,0,0,0,0,0,0,0,30,0.0,0.0,0.0,0.0,0.0,10.83,['GraphQLi']
http://localhost:5050/files/cors-reflect_origin_credentials_true,0,0,52.4,0,0.0,0.0,0,0,0,0,0,0.0,0,0,0,0,0,0,0,0,0,0,0,0,0,0,0,0,0,0,0,0,0,0,0,0,0,0,0,0,0,0,0,0,8,3,0,0,0,0,0,0,0.0,0,0,0,0,0,0,0,0,0,0,0,0,0,0,0,0,0,0,0,0,0,0,0,0,0,0,0,0,0,0,0,0,0,0,0,27,0.0,0.0,0.0,0.0,0.0,11.29,['CORS']
http://localhost:5050/files/cors-wildcard_origin_sensitive_endpoint,200,0,12.76,271,4.721436757668248,0.0,0,0,0,0,0,0.0,0,0,0,0,0,0,0,0,0,0,0,0,0,0,0,0,0,0,0,0,0,0,0,0,0,0,0,0,0,0,0,0,8,3,0,0,0,0,0,0,0.0,0,0,0,0,0,0,0,0,0,0,0,0,0,0,0,0,0,0,0,0,0,0,0,0,0,0,0,0,0,0,0,0,0,0,0,26,0.0,0.0,0.0,0.23076923076923078,0.0,42.51,['CORS']
http://localhost:5050/files/csrf-generic_state_change_no_token,0,0,52.21,0,0.0,0.0,0,0,0,0,0,0.0,0,0,0,0,0,0,0,0,0,0,0,0,0,0,0,0,0,0,0,0,0,0,0,0,0,0,0,0,0,0,0,0,8,3,0,0,0,0,0,0,0.0,0,0,0,0,0,0,0,0,0,0,0,0,0,0,0,0,0,0,0,0,0,0,0,0,0,0,0,0,0,0,0,0,0,0,0,30,0.0,0.0,0.0,0.0,0.0,10.83,['CSRF']
http://localhost:5050/files/csrf-delete_no_token,0,0,31.46,0,0.0,0.0,0,0,0,0,0,0.0,0,0,0,0,0,0,0,0,0,0,0,0,0,0,0,0,0,0,0,0,0,0,0,0,0,0,0,0,0,0,0,0,1,0,0,0,0,0,0,0,0.0,0,0,0,0,0,0,0,0,0,0,0,0,0,0,0,0,0,0,0,0,0,0,0,0,0,0,0,0,0,0,0,0,0,0,0,30,0.0,0.0,0.0,0.0,0.0,11.27,['CSRF']
http://localhost:5050/files/csrf-sensitive_transfer_no_token,0,0,31.46,0,0.0,0.0,0,0,0,0,0,0.0,0,0,0,0,0,0,0,0,0,0,0,0,0,0,0,0,0,0,0,0,0,0,0,0,0,0,0,0,0,0,0,0,8,3,0,0,0,0,0,0,0.0,0,0,0,0,0,0,0,0,0,0,0,0,0,0,0,0,0,0,0,0,0,0,0,0,0,0,0,0,0,0,0,0,0,0,0,30,0.0,0.0,0.0,0.0,0.0,10.83,['CSRF']
http://localhost:5050/files/ratelimit-login_endpoint_no_throttle,405,0,216.51,153,4.599963902086099,0.0,0,0,0,0,0,0.0,0,0,0,0,0,0,0,0,0,0,0,0,0,0,0,0,0,0,0,0,0,0,0,0,0,0,0,0,0,0,0,0,8,3,0,0,0,0,0,0,0.0,0,0,0,0,0,0,0,0,0,0,0,0,0,0,0,0,0,0,0,0,0,0,0,0,0,0,0,0,0,0,0,0,0,0,0,29,0.0,0.0,0.0,0.3793103448275862,0.0,11.63,['RateLimit']
http://localhost:5050/files/ratelimit-password_reset_no_throttle,200,0,12.01,266,4.65538067849967,0.0,0,0,0,0,0,0.0,0,0,0,0,0,0,0,0,0,0,0,0,0,0,0,0,0,0,0,0,0,0,0,0,0,0,0,0,0,0,0,0,8,3,0,0,0,0,0,0,0.0,0,0,0,0,0,0,0,0,0,0,0,0,0,0,0,0,0,0,0,0,0,0,0,0,0,0,0,0,0,0,0,0,0,0,0,28,0.0,0.0,0.0,0.25,0.0,41.64,['RateLimit']
http://localhost:5050/files/infodisc-stack_trace_leak_on_error,0,0,32.2,0,0.0,0.0,0,0,0,0,0,0.0,0,0,0,0,0,0,0,0,0,0,0,0,0,0,0,0,0,0,0,0,0,0,0,0,0,0,0,0,0,0,0,0,1,0,0,0,0,0,0,0,0.0,0,0,0,0,0,0,0,0,0,0,0,0,0,0,0,0,0,0,0,0,0,0,0,0,0,0,0,0,0,0,0,0,0,0,0,24,0.0,0.0,0.0,0.0,0.0,11.52,['InfoDisc']
http://localhost:5050/files/infodisc-verbose_server_version_header,200,0,11.36,255,4.973296826817464,0.0,0,0,0,0,0,0.0,0,0,0,0,0,0,0,0,0,0,0,0,0,0,0,0,0,0,0,0,0,0,0,0,0,0,0,0,0,0,0,0,8,3,0,0,0,0,0,0,0.0,0,0,0,0,0,0,0,0,0,0,0,0,0,0,0,0,0,0,0,0,0,0,0,0,0,0,0,0,0,0,0,0,0,0,0,26,0.0,0.0,0.0,0.2692307692307692,0.0,41.98,['InfoDisc']
http://localhost:5050/files/infodisc-debug_env_endpoint/<resource_name>,0,0,31.43,0,0.0,0.0,0,0,0,0,0,0.0,0,0,0,0,0,0,0,0,0,0,0,0,0,0,0,0,0,0,0,0,0,0,0,0,0,0,0,0,0,0,0,0,1,0,0,0,0,0,0,0,0.0,0,0,0,0,0,0,0,0,0,0,0,0,0,0,0,0,0,0,0,0,0,0,0,0,0,0,0,0,0,0,0,0,0,0,0,23,0.0,0.0,0.0,0.0,0.0,11.51,['InfoDisc']
http://localhost:5050/files/inseccrypto-md5_unsalted_password,405,0,96.82,153,4.599963902086099,0.0,0,0,0,0,0,0.0,0,0,0,0,0,0,0,0,0,0,0,0,0,0,0,0,0,0,0,0,0,0,0,0,0,0,0,0,0,0,0,0,8,3,0,0,0,0,0,0,0.0,0,0,0,0,0,0,0,0,0,0,0,0,0,0,0,0,0,0,0,0,0,0,0,0,0,0,0,0,0,0,0,0,0,0,0,30,0.0,0.0,0.0,0.13333333333333333,0.0,11.63,['InsecCrypto']
http://localhost:5050/files/inseccrypto-xor_fixed_key_encryption,200,0,26.65,329,5.0067044471588735,0.0,0,0,0,0,0,0.0,0,0,0,0,0,0,0,0,0,0,0,0,0,0,0,0,0,0,0,0,0,0,0,0,0,0,0,0,0,0,0,0,8,3,0,0,0,0,0,0,0.0,0,0,0,0,0,0,0,0,0,0,0,0,0,0,0,0,0,0,0,0,0,0,0,0,0,0,0,0,0,0,0,0,0,0,0,29,0.0,0.0,0.0,0.41379310344827586,0.0,42.12,['InsecCrypto']
http://localhost:5050/files/openredirect-redirect_query_url_no_check,200,0,30.56,267,4.676713619265583,0.0,0,0,0,0,0,0.0,0,0,0,0,0,0,0,0,0,0,0,0,0,0,0,0,0,0,0,0,0,0,0,0,0,0,0,0,0,0,0,0,8,3,0,0,0,0,0,0,0.0,0,0,0,0,0,0,0,0,0,0,0,0,0,0,0,0,0,0,0,0,0,0,0,0,0,0,0,0,0,0,0,0,0,0,0,27,0.0,0.0,0.0,0.3333333333333333,0.0,42.49,['OpenRedirect']
http://localhost:5050/files/openredirect-post_login_next_param,0,0,31.73,0,0.0,0.0,0,0,0,0,0,0.0,0,0,0,0,0,0,0,0,0,0,0,0,0,0,0,0,0,0,0,0,0,0,0,0,0,0,0,0,0,0,0,0,8,3,0,0,0,0,0,0,0.0,0,0,0,0,0,0,0,0,0,0,0,0,0,0,0,0,0,0,0,0,0,0,0,0,0,0,0,0,0,0,0,0,0,0,0,29,0.0,0.0,0.0,0.0,0.0,10.83,['OpenRedirect']
http://localhost:5050/files/jwt-alg_none_accepted,200,0,21.83,124,4.655286283459407,0.0,0,0,0,0,0,0.0,0,0,0,0,0,0,0,0,0,0,0,0,0,0,0,0,0,0,0,0,0,0,0,0,0,0,0,0,0,0,0,0,8,3,0,0,0,0,0,0,0.0,0,0,0,0,0,0,0,0,0,0,0,0,0,0,0,0,0,0,0,0,0,0,0,0,0,0,0,0,0,0,0,0,0,0,0,26,0.0,0.0,0.0,0.34615384615384615,0.0,42.09,['JWT']
http://localhost:5050/files/jwt-weak_hardcoded_secret,200,0,82.01,155,4.686235043041286,0.0,0,0,0,0,0,0.0,0,0,0,0,0,0,0,0,0,0,0,0,0,0,0,0,0,0,0,0,0,0,0,0,0,0,0,0,0,0,0,0,8,3,0,0,0,0,0,0,0.0,0,0,0,0,0,0,0,0,0,0,0,0,0,0,0,0,0,0,0,0,0,0,0,0,0,0,0,0,0,0,0,0,0,0,0,29,0.0,0.0,0.0,0.1724137931034483,0.0,12.22,['JWT']
http://localhost:5050/files/jwt-expiry_never_checked,200,0,12.41,127,4.731405286666315,0.0,0,0,0,0,0,0.0,0,0,0,0,0,0,0,0,0,0,0,0,0,0,0,0,0,0,0,0,0,0,0,0,0,0,0,0,0,0,0,0,8,3,0,0,0,0,0,0,0.0,0,0,0,0,0,0,0,0,0,0,0,0,0,0,0,0,0,0,0,0,0,0,0,0,0,0,0,0,0,0,0,0,0,0,0,26,0.0,0.0,0.0,0.23076923076923078,0.0,42.37,['JWT']
http://localhost:5050/files/crlf_injection-location_header_crlf,200,0,11.4,287,4.786503301617539,0.0,0,0,0,0,0,0.0,0,0,0,0,0,0,0,0,0,0,0,0,0,0,0,0,0,0,0,0,0,0,0,0,0,0,0,0,0,0,0,0,8,3,0,0,0,0,0,0,0.0,0,0,0,0,0,0,0,0,0,0,0,0,0,0,0,0,0,0,0,0,0,0,0,0,0,0,0,0,0,0,0,0,0,0,0,28,0.0,0.0,0.0,0.35714285714285715,0.0,42.38,['CRLF_Injection']
http://localhost:5050/files/racecondition-withdraw_toctou_no_lock,405,0,104.61,153,4.599963902086099,0.0,0,0,0,0,0,0.0,0,0,0,0,0,0,0,0,0,0,0,0,0,0,0,0,0,0,0,0,0,0,0,0,0,0,0,0,0,0,0,0,8,3,0,0,0,0,0,0,0.0,0,0,0,0,0,0,0,0,0,0,0,0,0,0,0,0,0,0,0,0,0,0,0,0,0,0,0,0,0,0,0,0,0,0,0,22,0.0,0.0,0.0,0.4090909090909091,0.0,11.63,['RaceCondition']
http://localhost:5050/files/racecondition-coupon_redeem_toctou_no_lock,405,0,104.6,153,4.599963902086099,0.0,0,0,0,0,0,0.0,0,0,0,0,0,0,0,0,0,0,0,0,0,0,0,0,0,0,0,0,0,0,0,0,0,0,0,0,0,0,0,0,8,3,0,0,0,0,0,0,0.0,0,0,0,0,0,0,0,0,0,0,0,0,0,0,0,0,0,0,0,0,0,0,0,0,0,0,0,0,0,0,0,0,0,0,0,28,0.0,0.0,0.0,0.5714285714285714,0.0,11.63,['RaceCondition']
http://localhost:5050/images/sqli-where_id_concat,0,0,31.73,0,0.0,0.0,0,0,0,0,0,0.0,0,0,0,0,0,0,0,0,0,0,0,0,0,0,0,0,0,0,0,0,0,0,0,0,0,0,0,0,0,0,0,0,8,3,0,0,0,0,0,0,0.0,0,0,0,0,0,0,0,0,0,0,0,0,0,0,0,0,0,0,0,0,0,0,0,0,0,0,0,0,0,0,0,0,0,0,0,30,0.0,0.0,0.0,0.0,0.0,11.2,['SQLi']
http://localhost:5050/images/sqli-order_by_concat,0,0,31.92,0,0.0,0.0,0,0,0,0,0,0.0,0,0,0,0,0,0,0,0,0,0,0,0,0,0,0,0,0,0,0,0,0,0,0,0,0,0,0,0,0,0,0,0,8,3,0,0,0,0,0,0,0.0,0,0,0,0,0,0,0,0,0,0,0,0,0,0,0,0,0,0,0,0,0,0,0,0,0,0,0,0,0,0,0,0,0,0,0,28,0.0,0.0,0.0,0.0,0.0,11.16,['SQLi']
http://localhost:5050/images/sqli-like_search_concat,405,0,104.55,153,4.599963902086099,0.0,0,0,0,0,0,0.0,0,0,0,0,0,0,0,0,0,0,0,0,0,0,0,0,0,0,0,0,0,0,0,0,0,0,0,0,0,0,0,0,8,3,0,0,0,0,0,0,0.0,0,0,0,0,0,0,0,0,0,0,0,0,0,0,0,0,0,0,0,0,0,0,0,0,0,0,0,0,0,0,0,0,0,0,0,23,0.0,0.0,0.0,0.43478260869565216,0.0,11.63,['SQLi']
http://localhost:5050/images/sqli-union_select_id,0,0,31.98,0,0.0,0.0,0,0,0,0,0,0.0,0,0,0,0,0,0,0,0,0,0,0,0,0,0,0,0,0,0,0,0,0,0,0,0,0,0,0,0,0,0,0,0,1,0,0,0,0,0,0,0,0.0,0,0,0,0,0,0,0,0,0,0,0,0,0,0,0,0,0,0,0,0,0,0,0,0,0,0,0,0,0,0,0,0,0,0,0,30,0.0,0.0,0.0,0.0,0.0,10.83,['SQLi']
http://localhost:5050/images/cmdi-ping_host_shell_true,200,0,23.03,455,5.098596156524476,0.0,0,0,0,0,0,0.0,0,0,0,0,0,0,0,0,0,0,0,0,0,0,0,0,0,0,0,0,0,0,0,0,0,0,0,0,0,0,0,0,8,3,0,0,0,0,0,0,0.0,0,0,0,0,0,0,0,0,0,0,0,0,0,0,0,0,0,0,0,0,0,0,0,0,0,0,0,0,0,0,0,0,0,0,0,29,0.0,0.0,0.0,0.3448275862068966,0.0,42.27,['CMDi']
http://localhost:5050/images/cmdi-filename_echo_shell,0,0,52.1,0,0.0,0.0,0,0,0,0,0,0.0,0,0,0,0,0,0,0,0,0,0,0,0,0,0,0,0,0,0,0,0,0,0,0,0,0,0,0,0,0,0,0,0,1,0,0,0,0,0,0,0,0.0,0,0,0,0,0,0,0,0,0,0,0,0,0,0,0,0,0,0,0,0,0,0,0,0,0,0,0,0,0,0,0,0,0,0,0,29,0.0,0.0,0.0,0.0,0.0,10.83,['CMDi']
http://localhost:5050/images/cmdi-archive_name_shell,405,0,21.09,153,4.599963902086099,0.0,0,0,0,0,0,0.0,0,0,0,0,0,0,0,0,0,0,0,0,0,0,0,0,0,0,0,0,0,0,0,0,0,0,0,0,0,0,0,0,8,3,0,0,0,0,0,0,0.0,0,0,0,0,0,0,0,0,0,0,0,0,0,0,0,0,0,0,0,0,0,0,0,0,0,0,0,0,0,0,0,0,0,0,0,27,0.0,0.0,0.0,0.4074074074074074,0.0,41.63,['CMDi']
http://localhost:5050/images/insecdeser-pickle_b64_import,0,0,53.53,0,0.0,0.0,0,0,0,0,0,0.0,0,0,0,0,0,0,0,0,0,0,0,0,0,0,0,0,0,0,0,0,0,0,0,0,0,0,0,0,0,0,0,0,8,3,0,0,0,0,0,0,0.0,0,0,0,0,0,0,0,0,0,0,0,0,0,0,0,0,0,0,0,0,0,0,0,0,0,0,0,0,0,0,0,0,0,0,0,29,0.0,0.0,0.0,0.0,0.0,10.83,['InsecDeser']
http://localhost:5050/images/insecdeser-yaml_unsafe_load,405,0,39.92,153,4.599963902086099,0.0,0,0,0,0,0,0.0,0,0,0,0,0,0,0,0,0,0,0,0,0,0,0,0,0,0,0,0,0,0,0,0,0,0,0,0,0,0,0,0,8,3,0,0,0,0,0,0,0.0,0,0,0,0,0,0,0,0,0,0,0,0,0,0,0,0,0,0,0,0,0,0,0,0,0,0,0,0,0,0,0,0,0,0,0,30,0.0,0.0,0.0,0.2,0.0,33.54,['InsecDeser']
http://localhost:5050/images/insecupload-no_extension_whitelist,405,0,82.0,153,4.599963902086099,0.0,0,0,0,0,0,0.0,0,0,0,0,0,0,0,0,0,0,0,0,0,0,0,0,0,0,0,0,0,0,0,0,0,0,0,0,0,0,0,0,8,3,0,0,0,0,0,0,0.0,0,0,0,0,0,0,0,0,0,0,0,0,0,0,0,0,0,0,0,0,0,0,0,0,0,0,0,0,0,0,0,0,0,0,0,30,0.0,0.0,0.0,0.23333333333333334,0.0,11.63,['InsecUpload']
http://localhost:5050/images/insecupload-no_content_type_check,405,0,111.52,153,4.599963902086099,0.0,0,0,0,0,0,0.0,0,0,0,0,0,0,0,0,0,0,0,0,0,0,0,0,0,0,0,0,0,0,0,0,0,0,0,0,0,0,0,0,8,3,0,0,0,0,0,0,0.0,0,0,0,0,0,0,0,0,0,0,0,0,0,0,0,0,0,0,0,0,0,0,0,0,0,0,0,0,0,0,0,0,0,0,0,29,0.0,0.0,0.0,0.27586206896551724,0.0,11.63,['InsecUpload']
http://localhost:5050/images/bufovr-fixed_buffer_ctypes_query,200,0,107.5,248,4.870505425936021,0.0,0,0,0,0,0,0.0,0,0,0,0,0,0,0,0,0,0,0,0,0,0,0,0,0,0,0,0,0,0,0,0,0,0,0,0,0,0,0,0,8,3,0,0,0,0,0,0,0.0,0,0,0,0,0,0,0,0,0,0,0,0,0,0,0,0,0,0,0,0,0,0,0,0,0,0,0,0,0,0,0,0,0,0,0,23,0.0,0.0,0.0,0.08695652173913043,0.0,11.45,['BufOvr']
http://localhost:5050/images/bufovr-fixed_buffer_ctypes_header,200,0,104.55,217,4.776702483973047,0.0,0,0,0,0,0,0.0,0,0,0,0,0,0,0,0,0,0,0,0,0,0,0,0,0,0,0,0,0,0,0,0,0,0,0,0,0,0,0,0,8,3,0,0,0,0,0,0,0.0,0,0,0,0,0,0,0,0,0,0,0,0,0,0,0,0,0,0,0,0,0,0,0,0,0,0,0,0,0,0,0,0,0,0,0,27,0.0,0.0,0.0,0.4074074074074074,0.0,11.35,['BufOvr']
http://localhost:5050/images/credsexpose-debug_endpoint_left_on/<resource_name>,0,0,35.78,0,0.0,0.0,0,0,0,0,0,0.0,0,0,0,0,0,0,0,0,0,0,0,0,0,0,0,0,0,0,0,0,0,0,0,0,0,0,0,0,0,0,0,0,8,3,0,0,0,0,0,0,0.0,0,0,0,0,0,0,0,0,0,0,0,0,0,0,0,0,0,0,0,0,0,0,0,0,0,0,0,0,0,0,0,0,0,0,0,30,0.0,0.0,0.0,0.0,0.0,11.23,['CredsExpose']
http://localhost:5050/images/credsexpose-verbose_error_with_secret,0,0,31.95,0,0.0,0.0,0,0,0,0,0,0.0,0,0,0,0,0,0,0,0,0,0,0,0,0,0,0,0,0,0,0,0,0,0,0,0,0,0,0,0,0,0,0,0,8,3,0,0,0,0,0,0,0.0,0,0,0,0,0,0,0,0,0,0,0,0,0,0,0,0,0,0,0,0,0,0,0,0,0,0,0,0,0,0,0,0,0,0,0,26,0.0,0.0,0.0,0.0,0.0,11.38,['CredsExpose']
http://localhost:5050/images/credsexpose-secret_in_response_header,200,0,22.71,271,4.9227808994834055,0.0,0,0,0,0,0,0.0,0,0,0,0,0,0,0,0,0,0,0,0,0,0,0,0,0,0,0,0,0,0,0,0,0,0,0,0,0,0,0,0,8,3,0,0,0,0,0,0,0.0,0,0,0,0,0,0,0,0,0,0,0,0,0,0,0,0,0,0,0,0,0,0,0,0,0,0,0,0,0,0,0,0,0,0,0,26,0.0,0.0,0.0,0.2692307692307692,0.0,42.04,['CredsExpose']
http://localhost:5050/images/brokenauth-no_bruteforce_protection,0,0,111.99,0,0.0,0.0,0,0,0,0,0,0.0,0,0,0,0,0,0,0,0,0,0,0,0,0,0,0,0,0,0,0,0,0,0,0,0,0,0,0,0,0,0,0,0,8,3,0,0,0,0,0,0,0.0,0,0,0,0,0,0,0,0,0,0,0,0,0,0,0,0,0,0,0,0,0,0,0,0,0,0,0,0,0,0,0,0,0,0,0,29,0.0,0.0,0.0,0.0,0.0,10.83,['BrokenAuth']
http://localhost:5050/images/brokenauth-predictable_session_token,0,0,100.8,0,0.0,0.0,0,0,0,0,0,0.0,0,0,0,0,0,0,0,0,0,0,0,0,0,0,0,0,0,0,0,0,0,0,0,0,0,0,0,0,0,0,0,0,8,3,0,0,0,0,0,0,0.0,0,0,0,0,0,0,0,0,0,0,0,0,0,0,0,0,0,0,0,0,0,0,0,0,0,0,0,0,0,0,0,0,0,0,0,27,0.0,0.0,0.0,0.0,0.0,10.83,['BrokenAuth']
http://localhost:5050/images/brokenauth-guessable_password_reset,200,0,22.09,228,4.812657391819552,0.0,0,0,0,0,0,0.0,0,0,0,0,0,0,0,0,0,0,0,0,0,0,0,0,0,0,0,0,0,0,0,0,0,0,0,0,0,0,0,0,8,3,0,0,0,0,0,0,0.0,0,0,0,0,0,0,0,0,0,0,0,0,0,0,0,0,0,0,0,0,0,0,0,0,0,0,0,0,0,0,0,0,0,0,0,27,0.0,0.0,0.0,0.18518518518518517,0.0,41.76,['BrokenAuth']
http://localhost:5050/images/xss-reflected_query_div,0,0,32.04,0,0.0,0.0,0,0,0,0,0,0.0,0,0,0,0,0,0,0,0,0,0,0,0,0,0,0,0,0,0,0,0,0,0,0,0,0,0,0,0,0,0,0,0,8,3,0,0,0,0,0,0,0.0,0,0,0,0,0,0,0,0,0,0,0,0,0,0,0,0,0,0,0,0,0,0,0,0,0,0,0,0,0,0,0,0,0,0,0,27,0.0,0.0,0.0,0.0,0.0,10.21,['XSS']
http://localhost:5050/images/xss-reflected_form_comment,0,0,35.91,0,0.0,0.0,0,0,0,0,0,0.0,0,0,0,0,0,0,0,0,0,0,0,0,0,0,0,0,0,0,0,0,0,0,0,0,0,0,0,0,0,0,0,0,1,0,0,0,0,0,0,0,0.0,0,0,0,0,0,0,0,0,0,0,0,0,0,0,0,0,0,0,0,0,0,0,0,0,0,0,0,0,0,0,0,0,0,0,0,30,0.0,0.0,0.0,0.0,0.0,10.83,['XSS']
http://localhost:5050/images/xss-reflected_json_span,405,0,31.37,153,4.599963902086099,0.0,0,0,0,0,0,0.0,0,0,0,0,0,0,0,0,0,0,0,0,0,0,0,0,0,0,0,0,0,0,0,0,0,0,0,0,0,0,0,0,8,3,0,0,0,0,0,0,0.0,0,0,0,0,0,0,0,0,0,0,0,0,0,0,0,0,0,0,0,0,0,0,0,0,0,0,0,0,0,0,0,0,0,0,0,28,0.0,0.0,0.0,0.25,0.0,41.63,['XSS']
http://localhost:5050/images/xss-reflected_header_comment,200,0,104.46,253,4.936245834647332,0.0,0,0,0,0,0,0.0,0,0,0,0,0,0,0,0,0,0,0,0,0,0,0,0,0,0,0,0,0,0,0,0,0,0,0,0,0,0,0,0,8,3,0,0,0,0,0,0,0.0,0,0,0,0,0,0,0,0,0,0,0,0,0,0,0,0,0,0,0,0,0,0,0,0,0,0,0,0,0,0,0,0,0,0,0,28,0.0,0.0,0.0,0.35714285714285715,0.0,11.02,['XSS']
http://localhost:5050/images/xss-reflected_attribute_breakout,200,0,13.0,272,4.86492643902867,0.0,0,0,0,0,0,0.0,0,0,0,0,0,0,0,0,0,0,0,0,0,0,0,0,0,0,0,0,0,0,0,0,0,0,0,0,0,0,0,0,8,3,0,0,0,0,0,0,0.0,0,0,0,0,0,0,0,0,0,0,0,0,0,0,0,0,0,0,0,0,0,0,0,0,0,0,0,0,0,0,0,0,0,0,0,27,0.0,0.0,0.0,0.25925925925925924,0.0,41.55,['XSS']
http://localhost:5050/images/dirtrav-read_file_query_param,200,0,11.39,205,4.683259228954284,0.0,0,0,0,0,0,0.0,0,0,0,0,0,0,0,0,0,0,0,0,0,0,0,0,0,0,0,0,0,0,0,0,0,0,0,0,0,0,0,0,8,3,0,0,0,0,0,0,0.0,0,0,0,0,0,0,0,0,0,0,0,0,0,0,0,0,0,0,0,0,0,0,0,0,0,0,0,0,0,0,0,0,0,0,0,27,0.0,0.0,0.0,0.2222222222222222,0.7777777777777778,42.14,['DirTrav']
http://localhost:5050/images/dirtrav-read_file_form_param,0,0,51.87,0,0.0,0.0,0,0,0,0,0,0.0,0,0,0,0,0,0,0,0,0,0,0,0,0,0,0,0,0,0,0,0,0,0,0,0,0,0,0,0,0,0,0,0,8,3,0,0,0,0,0,0,0.0,0,0,0,0,0,0,0,0,0,0,0,0,0,0,0,0,0,0,0,0,0,0,0,0,0,0,0,0,0,0,0,0,0,0,0,30,0.0,0.0,0.0,0.0,0.0,10.83,['DirTrav']
http://localhost:5050/images/dirtrav-read_file_path_segment/<filename>,200,0,216.61,256,4.773714895246259,0.0,0,0,0,0,0,0.0,0,0,0,0,0,0,0,0,0,0,0,0,0,0,0,0,0,0,0,0,0,0,0,0,0,0,0,0,0,0,0,0,8,3,0,0,0,0,0,0,0.0,0,0,0,0,0,0,0,0,0,0,0,0,0,0,0,0,0,0,0,0,0,0,0,0,0,0,0,0,0,0,0,0,0,0,0,28,0.0,0.0,0.0,0.35714285714285715,0.0,11.99,['DirTrav']
http://localhost:5050/images/xxe-resolve_entities_form_body,0,0,31.97,0,0.0,0.0,0,0,0,0,0,0.0,0,0,0,0,0,0,0,0,0,0,0,0,0,0,0,0,0,0,0,0,0,0,0,0,0,0,0,0,0,0,0,0,8,3,0,0,0,0,0,0,0.0,0,0,0,0,0,0,0,0,0,0,0,0,0,0,0,0,0,0,0,0,0,0,0,0,0,0,0,0,0,0,0,0,0,0,0,28,0.0,0.0,0.0,0.0,0.0,10.83,['XXE']
http://localhost:5050/organizations/jwt-alg_none_accepted,200,0,4.36,132,4.652047220220221,0.0,0,0,0,0,0,0.0,0,0,0,0,0,0,0,0,0,0,0,0,0,0,0,0,0,0,0,0,0,0,0,0,0,0,0,0,0,0,0,0,8,3,0,0,0,0,0,0,0.0,0,0,0,0,0,0,0,0,0,0,0,0,0,0,0,0,0,0,0,0,0,0,0,0,0,0,0,0,0,0,0,0,0,0,0,27,0.0,0.0,0.0,0.18518518518518517,0.0,41.93,['JWT']
http://localhost:5050/organizations/racecondition-coupon_redeem_toctou_no_lock,405,0,40.24,153,4.599963902086099,0.0,0,0,0,0,0,0.0,0,0,0,0,0,0,0,0,0,0,0,0,0,0,0,0,0,0,0,0,0,0,0,0,0,0,0,0,0,0,0,0,8,3,0,0,0,0,0,0,0.0,0,0,0,0,0,0,0,0,0,0,0,0,0,0,0,0,0,0,0,0,0,0,0,0,0,0,0,0,0,0,0,0,0,0,0,23,0.0,0.0,0.0,0.2608695652173913,0.0,11.63,['RaceCondition']
http://localhost:5050/api/v1/products/insecdeser-pickle_b64_import,405,0,10.55,153,4.599963902086099,0.0,0,0,0,0,0,0.0,0,0,0,0,0,0,0,0,0,0,0,0,0,0,0,0,0,0,0,0,0,0,0,0,0,0,0,0,0,0,0,0,8,3,0,0,0,0,0,0,0.0,0,0,0,0,0,0,0,0,0,0,0,0,0,0,0,0,0,0,0,0,0,0,0,0,0,0,0,0,0,0,0,0,0,0,0,28,0.0,0.0,0.0,0.25,0.0,41.63,['InsecDeser']
http://localhost:5050/api/v1/comments/idor-query_id_direct_access,200,0,11.45,280,4.75502173323547,0.0,0,0,0,0,0,0.0,0,0,0,0,0,0,0,0,0,0,0,0,0,0,0,0,0,0,0,0,0,0,0,0,0,0,0,0,0,0,0,0,8,3,0,3,0,4,0,0,0.0,0,0,0,0,0,0,0,0,0,0,0,0,0,0,0,0,0,0,0,0,0,0,0,0,0,0,0,0,0,0,0,0,0,0,0,28,0.0,0.0,0.0,0.42857142857142855,0.0,41.87,['IDOR']
http://localhost:5050/api/v1/comments/idor-json_body_id_direct_access,405,0,17.79,153,4.599963902086099,0.0,0,0,0,0,0,0.0,0,0,0,0,0,0,0,0,0,0,0,0,0,0,0,0,0,0,0,0,0,0,0,0,0,0,0,0,0,0,0,0,8,3,0,0,0,0,0,0,0.0,0,0,0,0,0,0,0,0,0,0,0,0,0,0,0,0,0,0,0,0,0,0,0,0,0,0,0,0,0,0,0,0,0,0,0,30,0.0,0.0,0.0,0.13333333333333333,0.0,41.63,['IDOR']
http://localhost:5050/api/v1/comments/sessfix-sessionid_accepted_from_query,200,0,18.38,246,4.788402683885063,0.0,0,0,0,0,0,0.0,0,0,0,0,0,0,0,0,0,0,0,0,0,0,0,0,0,0,0,0,0,0,0,0,0,0,0,0,0,0,0,0,8,3,0,2,0,3,0,0,0.0,0,0,0,0,0,0,0,0,0,0,0,0,0,0,0,0,0,0,0,0,0,0,0,0,0,0,0,0,0,0,0,0,0,0,0,28,0.0,0.0,0.0,0.21428571428571427,0.0,42.34,['SessFix']
http://localhost:5050/api/v1/comments/sessfix-sessionid_not_regenerated_on_login,200,0,17.7,199,4.5750911950786675,0.0,0,0,0,0,0,0.0,0,0,0,0,0,0,0,0,0,0,0,0,0,0,0,0,0,0,0,0,0,0,0,0,0,0,0,0,0,0,0,0,8,3,0,2,0,3,0,0,0.0,0,0,0,0,0,0,0,0,0,0,0,0,0,0,0,0,0,0,0,0,0,0,0,0,0,0,0,0,0,0,0,0,0,0,0,22,0.0,0.0,0.0,0.18181818181818182,0.0,42.44,['SessFix']
http://localhost:5050/api/v1/comments/ssrf-url_fetch_query_no_allowlist,200,0,18.05,344,4.901896532462322,0.0,0,0,0,0,0,0.0,0,0,0,0,0,0,0,0,0,0,0,0,0,0,0,0,0,0,0,0,0,0,0,0,0,0,0,0,0,0,0,0,8,3,0,3,0,3,1,0,0.0,0,0,0,0,0,0,0,0,0,0,0,0,0,0,0,0,0,0,0,0,0,0,0,0,0,0,0,0,0,0,0,0,0,0,0,28,0.0,0.0,0.0,0.10714285714285714,0.0,42.97,['SSRF']
http://localhost:5050/api/v1/comments/ssrf-url_fetch_json_webhook,405,0,11.11,153,4.599963902086099,0.0,0,0,0,0,0,0.0,0,0,0,0,0,0,0,0,0,0,0,0,0,0,0,0,0,0,0,0,0,0,0,0,0,0,0,0,0,0,0,0,8,3,0,0,0,0,0,0,0.0,0,0,0,0,0,0,0,0,0,0,0,0,0,0,0,0,0,0,0,0,0,0,0,0,0,0,0,0,0,0,0,0,0,0,0,27,0.0,0.0,0.0,0.2962962962962963,0.0,41.63,['SSRF']
http://localhost:5050/api/v1/comments/ssrf-url_fetch_form_image_import,405,0,11.57,153,4.599963902086099,0.0,0,0,0,0,0,0.0,0,0,0,0,0,0,0,0,0,0,0,0,0,0,0,0,0,0,0,0,0,0,0,0,0,0,0,0,0,0,0,0,8,3,0,0,0,0,0,0,0.0,0,0,0,0,0,0,0,0,0,0,0,0,0,0,0,0,0,0,0,0,0,0,0,0,0,0,0,0,0,0,0,0,0,0,0,27,0.0,0.0,0.0,0.18518518518518517,0.0,41.63,['SSRF']
http://localhost:5050/api/v1/comments/ssti-greeting_name_query,200,0,17.29,204,4.755038180211351,0.0,0,0,0,0,0,0.0,0,0,0,0,0,0,0,0,0,0,0,0,0,0,0,0,0,0,0,0,0,0,0,0,0,0,0,0,0,0,0,0,8,3,0,2,0,3,0,0,0.0,0,0,0,0,0,0,0,0,0,0,0,0,0,0,0,0,0,0,0,0,0,0,0,0,0,0,0,0,0,0,0,0,0,0,0,27,0.0,0.0,0.0,0.14814814814814814,0.14814814814814814,38.96,['SSTI']
http://localhost:5050/api/v1/comments/ssti-custom_template_field_form,405,0,11.63,153,4.599963902086099,0.0,0,0,0,0,0,0.0,0,0,0,0,0,0,0,0,0,0,0,0,0,0,0,0,0,0,0,0,0,0,0,0,0,0,0,0,0,0,0,0,8,3,0,0,0,0,0,0,0.0,0,0,0,0,0,0,0,0,0,0,0,0,0,0,0,0,0,0,0,0,0,0,0,0,0,0,0,0,0,0,0,0,0,0,0,30,0.0,0.0,0.0,0.23333333333333334,0.0,41.63,['SSTI']
http://localhost:5050/api/v1/comments/ssti-message_field_json,405,0,30.03,153,4.599963902086099,0.0,0,0,0,0,0,0.0,0,0,0,0,0,0,0,0,0,0,0,0,0,0,0,0,0,0,0,0,0,0,0,0,0,0,0,0,0,0,0,0,8,3,0,0,0,0,0,0,0.0,0,0,0,0,0,0,0,0,0,0,0,0,0,0,0,0,0,0,0,0,0,0,0,0,0,0,0,0,0,0,0,0,0,0,0,21,0.0,0.0,0.0,0.23809523809523808,0.0,30.0,['SSTI']
http://localhost:5050/api/v1/comments/prototype_pollution-deep_merge_settings,405,0,10.48,153,4.599963902086099,0.0,0,0,0,0,0,0.0,0,0,0,0,0,0,0,0,0,0,0,0,0,0,0,0,0,0,0,0,0,0,0,0,0,0,0,0,0,0,0,0,8,3,0,0,0,0,0,0,0.0,0,0,0,0,0,0,0,0,0,0,0,0,0,0,0,0,0,0,0,0,0,0,0,0,0,0,0,0,0,0,0,0,0,0,0,26,0.0,0.0,0.0,0.19230769230769232,0.0,41.63,['Prototype_Pollution']
http://localhost:5050/api/v1/comments/prototype_pollution-deep_merge_preferences,405,0,11.64,153,4.599963902086099,0.0,0,0,0,0,0,0.0,0,0,0,0,0,0,0,0,0,0,0,0,0,0,0,0,0,0,0,0,0,0,0,0,0,0,0,0,0,0,0,0,8,3,0,0,0,0,0,0,0.0,0,0,0,0,0,0,0,0,0,0,0,0,0,0,0,0,0,0,0,0,0,0,0,0,0,0,0,0,0,0,0,0,0,0,0,28,0.0,0.0,0.0,0.2857142857142857,0.0,41.63,['Prototype_Pollution']
http://localhost:5050/api/v1/comments/http_request_smuggling-cl_te_both_accepted,200,0,17.27,348,4.814859825595229,0.0,0,0,0,0,0,0.0,0,0,0,0,0,0,0,0,0,0,0,0,0,0,0,0,0,0,0,0,0,0,0,0,0,0,0,0,0,0,1,0,8,3,0,2,0,3,0,0,0.0,0,0,0,0,0,0,0,0,0,0,0,0,0,0,0,0,0,0,0,0,0,0,0,0,0,0,0,0,0,0,0,0,0,0,0,26,0.0,0.0,0.0,0.11538461538461539,0.0,41.64,['HTTP_Request_Smuggling']
http://localhost:5050/api/v1/comments/http_request_smuggling-duplicate_content_length_accepted,200,0,17.95,312,4.781257004485105,0.0,0,0,0,0,0,0.0,0,0,0,0,0,0,0,0,0,0,0,0,0,0,0,0,0,0,0,0,0,0,0,0,0,0,0,0,0,0,1,0,8,3,0,2,0,3,0,0,0.0,0,0,0,0,0,0,0,0,0,0,0,0,0,0,0,0,0,0,0,0,0,0,0,0,0,0,0,0,0,0,0,0,0,0,0,29,0.0,0.0,0.0,0.3103448275862069,0.0,41.16,['HTTP_Request_Smuggling']
http://localhost:5050/api/v1/comments/xpath_injection-login_xpath_concat,405,0,11.62,153,4.599963902086099,0.0,0,0,0,0,0,0.0,0,0,0,0,0,0,0,0,0,0,0,0,0,0,0,0,0,0,0,0,0,0,0,0,0,0,0,0,0,0,0,0,8,3,0,0,0,0,0,0,0.0,0,0,0,0,0,0,0,0,0,0,0,0,0,0,0,0,0,0,0,0,0,0,0,0,0,0,0,0,0,0,0,0,0,0,0,27,0.0,0.0,0.0,0.25925925925925924,0.0,41.63,['XPATH_Injection']
http://localhost:5050/api/v1/comments/xpath_injection-search_xpath_concat,200,0,11.62,302,4.8582750534038,0.0,0,0,0,0,0,0.0,0,0,0,0,0,0,0,0,0,0,0,0,0,0,0,0,0,0,0,0,0,0,0,0,0,0,0,0,0,0,0,0,8,3,0,3,0,3,2,0,0.0,0,0,0,0,0,0,0,0,0,0,0,0,0,0,0,0,0,0,0,0,0,0,0,0,0,0,0,0,0,0,0,0,0,0,0,27,0.0,0.0,0.0,0.18518518518518517,0.037037037037037035,42.44,['XPATH_Injection']
http://localhost:5050/api/v1/comments/graphqli-introspection_left_enabled,405,0,10.97,153,4.599963902086099,0.0,0,0,0,0,0,0.0,0,0,0,0,0,0,0,0,0,0,0,0,0,0,0,0,0,0,0,0,0,0,0,0,0,0,0,0,0,0,0,0,8,3,0,0,0,0,0,0,0.0,0,0,0,0,0,0,0,0,0,0,0,0,0,0,0,0,0,0,0,0,0,0,0,0,0,0,0,0,0,0,0,0,0,0,0,27,0.0,0.0,0.0,0.2962962962962963,0.0,41.63,['GraphQLi']
http://localhost:5050/api/v1/comments/graphqli-no_query_depth_limit,405,0,11.01,153,4.599963902086099,0.0,0,0,0,0,0,0.0,0,0,0,0,0,0,0,0,0,0,0,0,0,0,0,0,0,0,0,0,0,0,0,0,0,0,0,0,0,0,0,0,8,3,0,0,0,0,0,0,0.0,0,0,0,0,0,0,0,0,0,0,0,0,0,0,0,0,0,0,0,0,0,0,0,0,0,0,0,0,0,0,0,0,0,0,0,27,0.0,0.0,0.0,0.25925925925925924,0.0,41.63,['GraphQLi']
http://localhost:5050/api/v1/comments/cors-reflect_origin_credentials_true,200,0,11.08,345,4.906583735154067,0.0,0,0,0,0,0,0.0,0,0,0,0,0,0,0,0,0,0,0,0,0,0,0,0,0,0,0,0,0,0,0,0,0,0,0,0,0,0,0,0,8,3,0,3,1,3,0,0,0.0,0,0,0,0,0,0,0,0,0,0,0,0,0,0,0,0,0,0,0,0,0,0,0,0,0,0,0,0,0,0,0,0,0,0,0,29,0.0,0.0,0.0,0.20689655172413793,0.0,42.05,['CORS']
http://localhost:5050/api/v1/comments/cors-wildcard_origin_sensitive_endpoint,200,0,11.58,284,4.743435174819745,0.0,0,0,0,0,0,0.0,0,0,0,0,0,0,0,0,0,0,0,0,0,0,0,0,0,0,0,0,0,0,0,0,0,0,0,0,0,0,0,0,8,3,0,2,0,3,0,0,0.0,0,0,0,0,0,0,0,0,0,0,0,0,0,0,0,0,0,0,0,0,0,0,0,0,0,0,0,0,0,0,0,0,0,0,0,30,0.0,0.0,0.0,0.26666666666666666,0.0,42.41,['CORS']
http://localhost:5050/api/v1/comments/csrf-generic_state_change_no_token,405,0,23.65,153,4.599963902086099,0.0,0,0,0,0,0,0.0,0,0,0,0,0,0,0,0,0,0,0,0,0,0,0,0,0,0,0,0,0,0,0,0,0,0,0,0,0,0,0,0,8,3,0,0,0,0,0,0,0.0,0,0,0,0,0,0,0,0,0,0,0,0,0,0,0,0,0,0,0,0,0,0,0,0,0,0,0,0,0,0,0,0,0,0,0,19,0.0,0.0,0.0,0.21052631578947367,0.0,30.0,['CSRF']
http://localhost:5050/api/v1/comments/csrf-delete_no_token,200,0,15.19,258,4.846251344237193,0.0,0,0,0,0,0,0.0,0,0,0,0,0,0,0,0,0,0,0,0,0,0,0,0,0,0,0,0,0,0,0,0,0,0,0,0,0,0,0,0,8,3,0,2,0,3,0,0,0.0,0,0,0,0,0,0,0,0,0,0,0,0,0,0,0,0,0,0,0,0,0,0,0,0,0,0,0,0,0,0,0,0,0,0,0,29,0.0,0.0,0.0,0.20689655172413793,0.13793103448275862,41.79,['CSRF']
http://localhost:5050/api/v1/comments/csrf-sensitive_transfer_no_token,405,0,10.96,153,4.599963902086099,0.0,0,0,0,0,0,0.0,0,0,0,0,0,0,0,0,0,0,0,0,0,0,0,0,0,0,0,0,0,0,0,0,0,0,0,0,0,0,0,0,8,3,0,0,0,0,0,0,0.0,0,0,0,0,0,0,0,0,0,0,0,0,0,0,0,0,0,0,0,0,0,0,0,0,0,0,0,0,0,0,0,0,0,0,0,28,0.0,0.0,0.0,0.14285714285714285,0.0,41.63,['CSRF']
http://localhost:5050/api/v1/comments/ratelimit-login_endpoint_no_throttle,405,0,11.97,153,4.599963902086099,0.0,0,0,0,0,0,0.0,0,0,0,0,0,0,0,0,0,0,0,0,0,0,0,0,0,0,0,0,0,0,0,0,0,0,0,0,0,0,0,0,8,3,0,0,0,0,0,0,0.0,0,0,0,0,0,0,0,0,0,0,0,0,0,0,0,0,0,0,0,0,0,0,0,0,0,0,0,0,0,0,0,0,0,0,0,30,0.0,0.0,0.0,0.16666666666666666,0.0,41.63,['RateLimit']
http://localhost:5050/api/v1/comments/ratelimit-password_reset_no_throttle,200,0,17.91,277,4.720242903103756,0.0,0,0,0,0,0,0.0,0,0,0,0,0,0,0,0,0,0,0,0,0,0,0,0,0,0,0,0,0,0,0,0,0,0,0,0,0,0,0,0,8,3,0,2,0,3,0,0,0.0,0,0,0,0,0,0,0,0,0,0,0,0,0,0,0,0,0,0,0,0,0,0,0,0,0,0,0,0,0,0,0,0,0,0,0,26,0.0,0.0,0.0,0.4230769230769231,0.0,41.59,['RateLimit']
http://localhost:5050/api/v1/comments/infodisc-stack_trace_leak_on_error,200,0,14.5,142,4.72531494395178,0.0,0,0,0,0,0,0.0,0,0,0,0,0,0,0,0,0,0,0,0,0,0,0,0,0,0,0,0,0,0,0,0,0,0,0,0,0,0,0,0,8,3,0,2,0,3,0,0,0.0,0,0,0,0,0,0,0,0,0,0,0,0,0,0,0,0,0,0,0,0,0,0,0,0,0,0,0,0,0,0,0,0,0,0,0,28,0.0,0.0,0.0,0.17857142857142858,0.0,42.13,['InfoDisc']
http://localhost:5050/api/v1/comments/infodisc-verbose_server_version_header,200,0,17.21,265,4.9856701572613105,0.0,0,0,0,0,0,0.0,0,0,0,0,0,0,0,0,0,0,0,0,0,0,0,0,0,0,0,0,0,0,0,0,0,0,0,0,0,0,0,0,8,3,0,2,0,3,0,0,0.0,0,0,0,0,0,0,0,0,0,0,0,0,0,0,0,0,0,0,0,0,0,0,0,0,0,0,0,0,0,0,0,0,0,0,0,26,0.0,0.0,0.0,0.23076923076923078,0.0,41.89,['InfoDisc']
http://localhost:5050/api/v1/comments/infodisc-debug_env_endpoint/<resource_name>,200,0,11.59,286,4.995372714998155,0.0,0,0,0,0,0,0.0,0,0,0,0,0,0,0,0,0,0,0,0,0,0,0,0,0,0,0,0,0,0,0,0,0,0,0,0,0,0,0,0,8,3,0,2,0,3,0,0,0.0,0,0,0,0,0,0,0,0,0,0,0,0,0,0,0,0,0,0,0,0,0,0,0,0,0,0,0,0,0,0,0,0,0,0,0,28,0.0,0.0,0.0,0.32142857142857145,0.0,42.14,['InfoDisc']
http://localhost:5050/api/v1/comments/inseccrypto-md5_unsalted_password,405,0,11.03,153,4.599963902086099,0.0,0,0,0,0,0,0.0,0,0,0,0,0,0,0,0,0,0,0,0,0,0,0,0,0,0,0,0,0,0,0,0,0,0,0,0,0,0,0,0,8,3,0,0,0,0,0,0,0.0,0,0,0,0,0,0,0,0,0,0,0,0,0,0,0,0,0,0,0,0,0,0,0,0,0,0,0,0,0,0,0,0,0,0,0,28,0.0,0.0,0.0,0.17857142857142858,0.0,41.63,['InsecCrypto']
http://localhost:5050/api/v1/comments/inseccrypto-xor_fixed_key_encryption,200,0,17.89,342,5.03248441946984,0.0,0,0,0,0,0,0.0,0,0,0,0,0,0,0,0,0,0,0,0,0,0,0,0,0,0,0,0,0,0,0,0,0,0,0,0,0,0,0,0,8,3,0,2,0,3,0,0,0.0,0,0,0,0,0,0,0,0,0,0,0,0,0,0,0,0,0,0,0,0,0,0,0,0,0,0,0,0,0,0,0,0,0,0,0,27,0.0,0.0,0.0,0.25925925925925924,0.0,42.01,['InsecCrypto']
http://localhost:5050/api/v1/comments/openredirect-redirect_query_url_no_check,200,0,17.2,280,4.698960538871776,0.0,0,0,0,0,0,0.0,0,0,0,0,0,0,0,0,0,0,0,0,0,0,0,0,0,0,0,0,0,0,0,0,0,0,0,0,0,0,0,0,8,3,0,2,0,3,0,0,0.0,0,0,0,0,0,0,0,0,0,0,0,0,0,0,0,0,0,0,0,0,0,0,0,0,0,0,0,0,0,0,0,0,0,0,0,26,0.0,0.0,0.0,0.19230769230769232,0.0,42.32,['OpenRedirect']
http://localhost:5050/api/v1/comments/openredirect-post_login_next_param,405,0,11.26,153,4.599963902086099,0.0,0,0,0,0,0,0.0,0,0,0,0,0,0,0,0,0,0,0,0,0,0,0,0,0,0,0,0,0,0,0,0,0,0,0,0,0,0,0,0,8,3,0,0,0,0,0,0,0.0,0,0,0,0,0,0,0,0,0,0,0,0,0,0,0,0,0,0,0,0,0,0,0,0,0,0,0,0,0,0,0,0,0,0,0,27,0.0,0.0,0.0,0.3333333333333333,0.0,41.63,['OpenRedirect']
http://localhost:5050/api/v1/comments/jwt-alg_none_accepted,200,0,11.23,134,4.680916878332235,0.0,0,0,0,0,0,0.0,0,0,0,0,0,0,0,0,0,0,0,0,0,0,0,0,0,0,0,0,0,0,0,0,0,0,0,0,0,0,0,0,8,3,0,2,0,3,0,0,0.0,0,0,0,0,0,0,0,0,0,0,0,0,0,0,0,0,0,0,0,0,0,0,0,0,0,0,0,0,0,0,0,0,0,0,0,28,0.0,0.0,0.0,0.21428571428571427,0.0,41.95,['JWT']
http://localhost:5050/api/v1/comments/jwt-weak_hardcoded_secret,200,0,10.78,165,4.716195816791907,0.0,0,0,0,0,0,0.0,0,0,0,0,0,0,0,0,0,0,0,0,0,0,0,0,0,0,0,0,0,0,0,0,0,0,0,0,0,0,0,0,8,3,0,2,0,3,0,0,0.0,0,0,0,0,0,0,0,0,0,0,0,0,0,0,0,0,0,0,0,0,0,0,0,0,0,0,0,0,0,0,0,0,0,0,0,15,0.0,0.0,0.0,0.13333333333333333,0.0,42.11,['JWT']
http://localhost:5050/api/v1/comments/jwt-expiry_never_checked,200,0,11.24,137,4.753341825879607,0.0,0,0,0,0,0,0.0,0,0,0,0,0,0,0,0,0,0,0,0,0,0,0,0,0,0,0,0,0,0,0,0,0,0,0,0,0,0,0,0,8,3,0,2,0,3,0,0,0.0,0,0,0,0,0,0,0,0,0,0,0,0,0,0,0,0,0,0,0,0,0,0,0,0,0,0,0,0,0,0,0,0,0,0,0,28,0.0,0.0,0.0,0.03571428571428571,0.0,42.25,['JWT']
http://localhost:5050/api/v1/comments/crlf_injection-location_header_crlf,200,0,10.71,300,4.81503277381983,0.0,0,0,0,0,0,0.0,0,0,0,0,0,0,0,0,0,0,0,0,0,0,0,0,0,0,0,0,0,0,0,0,0,0,0,0,0,0,0,0,8,3,0,2,0,3,0,0,0.0,0,0,0,0,0,0,0,0,0,0,0,0,0,0,0,0,0,0,0,0,0,0,0,0,0,0,0,0,0,0,0,0,0,0,0,27,0.0,0.0,0.0,0.25925925925925924,0.0,42.31,['CRLF_Injection']
http://localhost:5050/api/v1/comments/crlf_injection-log_injection_crlf,405,0,33.38,153,4.599963902086099,0.0,0,0,0,0,0,0.0,0,0,0,0,0,0,0,0,0,0,0,0,0,0,0,0,0,0,0,0,0,0,0,0,0,0,0,0,0,0,0,0,8,3,0,0,0,0,0,0,0.0,0,0,0,0,0,0,0,0,0,0,0,0,0,0,0,0,0,0,0,0,0,0,0,0,0,0,0,0,0,0,0,0,0,0,0,28,0.0,0.0,0.0,0.14285714285714285,0.0,18.59,['CRLF_Injection']
http://localhost:5050/api/v1/comments/racecondition-withdraw_toctou_no_lock,405,0,29.98,153,4.599963902086099,0.0,0,0,0,0,0,0.0,0,0,0,0,0,0,0,0,0,0,0,0,0,0,0,0,0,0,0,0,0,0,0,0,0,0,0,0,0,0,0,0,8,3,0,0,0,0,0,0,0.0,0,0,0,0,0,0,0,0,0,0,0,0,0,0,0,0,0,0,0,0,0,0,0,0,0,0,0,0,0,0,0,0,0,0,0,23,0.0,0.0,0.0,0.21739130434782608,0.0,28.15,['RaceCondition']
http://localhost:5050/api/v1/comments/racecondition-coupon_redeem_toctou_no_lock,405,0,8.72,153,4.599963902086099,0.0,0,0,0,0,0,0.0,0,0,0,0,0,0,0,0,0,0,0,0,0,0,0,0,0,0,0,0,0,0,0,0,0,0,0,0,0,0,0,0,8,3,0,0,0,0,0,0,0.0,0,0,0,0,0,0,0,0,0,0,0,0,0,0,0,0,0,0,0,0,0,0,0,0,0,0,0,0,0,0,0,0,0,0,0,27,0.0,0.0,0.0,0.14814814814814814,0.0,41.63,['RaceCondition']
http://localhost:5050/api/v1/files/sqli-where_id_concat,200,0,14.49,210,5.081720265771161,0.0,0,0,0,0,0,0.0,0,0,0,0,0,0,0,0,0,0,0,0,0,0,0,0,0,0,0,0,0,0,0,0,0,0,0,0,0,0,0,0,8,3,0,2,0,3,0,0,0.0,0,0,0,0,0,0,0,0,0,0,0,0,0,0,0,0,0,0,0,0,0,0,0,0,0,0,0,0,0,0,0,0,0,0,0,26,0.0,0.0,0.0,0.15384615384615385,0.15384615384615385,42.57,['SQLi']
http://localhost:5050/api/v1/files/sqli-order_by_concat,200,0,18.69,252,5.06273289768111,0.0,0,0,0,0,0,0.0,0,0,0,0,0,0,0,0,0,0,0,0,0,0,0,0,0,0,0,0,0,0,0,0,0,0,0,0,0,0,0,0,8,3,0,2,0,3,0,0,0.0,0,0,0,0,0,0,0,0,0,0,0,0,0,0,0,0,0,0,0,0,0,0,0,0,0,0,0,0,0,0,0,0,0,0,0,15,0.0,0.0,0.0,0.2,0.0,42.49,['SQLi']
http://localhost:5050/api/v1/files/sqli-like_search_concat,405,0,11.23,153,4.599963902086099,0.0,0,0,0,0,0,0.0,0,0,0,0,0,0,0,0,0,0,0,0,0,0,0,0,0,0,0,0,0,0,0,0,0,0,0,0,0,0,0,0,8,3,0,0,0,0,0,0,0.0,0,0,0,0,0,0,0,0,0,0,0,0,0,0,0,0,0,0,0,0,0,0,0,0,0,0,0,0,0,0,0,0,0,0,0,28,0.0,0.0,0.0,0.2857142857142857,0.0,41.63,['SQLi']
http://localhost:5050/api/v1/files/sqli-login_bypass,405,0,52.07,153,4.599963902086099,0.0,0,0,0,0,0,0.0,0,0,0,0,0,0,0,0,0,0,0,0,0,0,0,0,0,0,0,0,0,0,0,0,0,0,0,0,0,0,0,0,8,3,0,0,0,0,0,0,0.0,0,0,0,0,0,0,0,0,0,0,0,0,0,0,0,0,0,0,0,0,0,0,0,0,0,0,0,0,0,0,0,0,0,0,0,30,0.0,0.0,0.0,0.1,0.0,11.63,['SQLi']
http://localhost:5050/api/v1/files/sqli-union_select_id,405,0,9.86,153,4.599963902086099,0.0,0,0,0,0,0,0.0,0,0,0,0,0,0,0,0,0,0,0,0,0,0,0,0,0,0,0,0,0,0,0,0,0,0,0,0,0,0,0,0,8,3,0,0,0,0,0,0,0.0,0,0,0,0,0,0,0,0,0,0,0,0,0,0,0,0,0,0,0,0,0,0,0,0,0,0,0,0,0,0,0,0,0,0,0,27,0.0,0.0,0.0,0.1111111111111111,0.0,41.63,['SQLi']
http://localhost:5050/api/v1/files/cmdi-ping_host_shell_true,200,0,10.67,461,5.117363837952882,0.0,0,0,0,0,0,0.0,0,0,0,0,0,0,0,0,0,0,0,0,0,0,0,0,0,0,0,0,0,0,0,0,0,0,0,0,0,0,0,0,8,3,0,2,0,3,0,0,0.0,0,0,0,0,0,0,0,0,0,0,0,0,0,0,0,0,0,0,0,0,0,0,0,0,0,0,0,0,0,0,0,0,0,0,0,26,0.0,0.0,0.0,0.2692307692307692,0.0,42.37,['CMDi']
http://localhost:5050/api/v1/files/cmdi-filename_echo_shell,0,0,27.07,0,0.0,0.0,0,0,0,0,0,0.0,0,0,0,0,0,0,0,0,0,0,0,0,0,0,0,0,0,0,0,0,0,0,0,0,0,0,0,0,0,0,0,0,8,3,0,0,0,0,0,0,0.0,0,0,0,0,0,0,0,0,0,0,0,0,0,0,0,0,0,0,0,0,0,0,0,0,0,0,0,0,0,0,0,0,0,0,0,28,0.0,0.0,0.0,0.0,0.0,10.83,['CMDi']
http://localhost:5050/api/v1/files/cmdi-archive_name_shell,405,0,35.79,153,4.599963902086099,0.0,0,0,0,0,0,0.0,0,0,0,0,0,0,0,0,0,0,0,0,0,0,0,0,0,0,0,0,0,0,0,0,0,0,0,0,0,0,0,0,8,3,0,0,0,0,0,0,0.0,0,0,0,0,0,0,0,0,0,0,0,0,0,0,0,0,0,0,0,0,0,0,0,0,0,0,0,0,0,0,0,0,0,0,0,29,0.0,0.0,0.0,0.13793103448275862,0.0,24.56,['CMDi']
http://localhost:5050/api/v1/files/insecdeser-pickle_b64_import,405,0,10.6,153,4.599963902086099,0.0,0,0,0,0,0,0.0,0,0,0,0,0,0,0,0,0,0,0,0,0,0,0,0,0,0,0,0,0,0,0,0,0,0,0,0,0,0,0,0,8,3,0,0,0,0,0,0,0.0,0,0,0,0,0,0,0,0,0,0,0,0,0,0,0,0,0,0,0,0,0,0,0,0,0,0,0,0,0,0,0,0,0,0,0,27,0.0,0.0,0.0,0.1111111111111111,0.0,41.63,['InsecDeser']
http://localhost:5050/api/v1/files/insecdeser-yaml_unsafe_load,405,0,10.47,153,4.599963902086099,0.0,0,0,0,0,0,0.0,0,0,0,0,0,0,0,0,0,0,0,0,0,0,0,0,0,0,0,0,0,0,0,0,0,0,0,0,0,0,0,0,8,3,0,0,0,0,0,0,0.0,0,0,0,0,0,0,0,0,0,0,0,0,0,0,0,0,0,0,0,0,0,0,0,0,0,0,0,0,0,0,0,0,0,0,0,26,0.0,0.0,0.0,0.23076923076923078,0.0,41.63,['InsecDeser']
http://localhost:5050/api/v1/files/insecupload-no_extension_whitelist,405,0,32.38,153,4.599963902086099,0.0,0,0,0,0,0,0.0,0,0,0,0,0,0,0,0,0,0,0,0,0,0,0,0,0,0,0,0,0,0,0,0,0,0,0,0,0,0,0,0,8,3,0,0,0,0,0,0,0.0,0,0,0,0,0,0,0,0,0,0,0,0,0,0,0,0,0,0,0,0,0,0,0,0,0,0,0,0,0,0,0,0,0,0,0,26,0.0,0.0,0.0,0.15384615384615385,0.0,19.29,['InsecUpload']
http://localhost:5050/api/v1/files/insecupload-no_content_type_check,405,0,9.88,153,4.599963902086099,0.0,0,0,0,0,0,0.0,0,0,0,0,0,0,0,0,0,0,0,0,0,0,0,0,0,0,0,0,0,0,0,0,0,0,0,0,0,0,0,0,8,3,0,0,0,0,0,0,0.0,0,0,0,0,0,0,0,0,0,0,0,0,0,0,0,0,0,0,0,0,0,0,0,0,0,0,0,0,0,0,0,0,0,0,0,27,0.0,0.0,0.0,0.1111111111111111,0.0,41.63,['InsecUpload']
http://localhost:5050/api/v1/files/bufovr-fixed_buffer_ctypes_query,200,0,19.02,253,4.886085276360802,0.0,0,0,0,0,0,0.0,0,0,0,0,0,0,0,0,0,0,0,0,0,0,0,0,0,0,0,0,0,0,0,0,0,0,0,0,0,0,0,0,8,3,0,2,0,3,0,0,0.0,0,0,0,0,0,0,0,0,0,0,0,0,0,0,0,0,0,0,0,0,0,0,0,0,0,0,0,0,0,0,0,0,0,0,0,27,0.0,0.0,0.0,0.2222222222222222,0.0,41.8,['BufOvr']
http://localhost:5050/api/v1/files/bufovr-fixed_buffer_ctypes_header,200,0,18.98,223,4.806433863044469,0.0,0,0,0,0,0,0.0,0,0,0,0,0,0,0,0,0,0,0,0,0,0,0,0,0,0,0,0,0,0,0,0,0,0,0,0,0,0,0,0,8,3,0,2,0,3,0,0,0.0,0,0,0,0,0,0,0,0,0,0,0,0,0,0,0,0,0,0,0,0,0,0,0,0,0,0,0,0,0,0,0,0,0,0,0,27,0.0,0.0,0.0,0.18518518518518517,0.037037037037037035,41.65,['BufOvr']
http://localhost:5050/api/v1/files/credsexpose-debug_endpoint_left_on/<resource_name>,200,0,10.5,382,5.1223726210863525,0.0,0,0,0,0,0,0.0,0,0,0,0,0,0,0,0,0,0,0,0,0,0,0,0,0,0,0,0,0,0,0,0,0,0,0,0,0,0,0,0,8,3,0,2,0,3,0,0,0.0,0,0,0,0,0,0,0,0,0,0,0,0,0,0,0,0,0,0,0,0,0,0,0,0,0,0,0,0,0,0,0,0,0,0,0,28,0.0,0.0,0.0,0.25,0.0,42.37,['CredsExpose']
http://localhost:5050/api/v1/files/credsexpose-verbose_error_with_secret,200,0,18.63,299,4.909904698976622,0.0,0,0,0,0,0,0.0,0,0,0,0,0,0,0,0,0,0,0,0,0,0,0,0,0,0,0,0,0,0,0,0,0,0,0,0,0,0,0,0,8,3,0,3,1,3,0,0,0.0,0,0,0,0,0,0,0,0,0,0,0,0,0,0,0,0,0,0,0,0,0,0,0,0,0,0,0,0,0,0,0,0,0,0,0,29,0.0,0.0,0.0,0.1724137931034483,0.06896551724137931,42.65,['CredsExpose']
http://localhost:5050/api/v1/files/credsexpose-secret_in_response_header,200,0,17.52,277,4.958153706368097,0.0,0,0,0,0,0,0.0,0,0,0,0,0,0,0,0,0,0,0,0,0,0,0,0,0,0,0,0,0,0,0,0,0,0,0,0,0,0,0,0,8,3,0,2,0,3,0,0,0.0,0,0,0,0,0,0,0,0,0,0,0,0,0,0,0,0,0,0,0,0,0,0,0,0,0,0,0,0,0,0,0,0,0,0,0,28,0.0,0.0,0.0,0.42857142857142855,0.0,42.23,['CredsExpose']
http://localhost:5050/api/v1/files/brokenauth-no_bruteforce_protection,405,0,22.7,153,4.599963902086099,0.0,0,0,0,0,0,0.0,0,0,0,0,0,0,0,0,0,0,0,0,0,0,0,0,0,0,0,0,0,0,0,0,0,0,0,0,0,0,0,0,8,3,0,0,0,0,0,0,0.0,0,0,0,0,0,0,0,0,0,0,0,0,0,0,0,0,0,0,0,0,0,0,0,0,0,0,0,0,0,0,0,0,0,0,0,14,0.0,0.0,0.0,0.14285714285714285,0.0,30.0,['BrokenAuth']
http://localhost:5050/api/v1/files/brokenauth-predictable_session_token,405,0,10.51,153,4.599963902086099,0.0,0,0,0,0,0,0.0,0,0,0,0,0,0,0,0,0,0,0,0,0,0,0,0,0,0,0,0,0,0,0,0,0,0,0,0,0,0,0,0,8,3,0,0,0,0,0,0,0.0,0,0,0,0,0,0,0,0,0,0,0,0,0,0,0,0,0,0,0,0,0,0,0,0,0,0,0,0,0,0,0,0,0,0,0,28,0.0,0.0,0.0,0.2857142857142857,0.0,41.63,['BrokenAuth']
http://localhost:5050/api/v1/files/brokenauth-guessable_password_reset,200,0,10.46,234,4.852665705512066,0.0,0,0,0,0,0,0.0,0,0,0,0,0,0,0,0,0,0,0,0,0,0,0,0,0,0,0,0,0,0,0,0,0,0,0,0,0,0,0,0,8,3,0,2,0,3,0,0,0.0,0,0,0,0,0,0,0,0,0,0,0,0,0,0,0,0,0,0,0,0,0,0,0,0,0,0,0,0,0,0,0,0,0,0,0,28,0.0,0.0,0.0,0.25,0.0,42.03,['BrokenAuth']
http://localhost:5050/api/v1/files/xss-reflected_query_div,200,0,11.32,247,5.056709611850714,0.0,0,0,0,0,0,0.0,0,0,0,0,0,0,0,0,0,0,0,0,0,0,0,0,0,0,0,0,0,0,0,0,0,0,0,0,0,0,0,0,8,3,0,2,0,3,0,0,0.0,0,0,0,0,0,0,0,0,0,0,0,0,0,0,0,0,0,0,0,0,0,0,0,0,0,0,0,0,0,0,0,0,0,0,0,27,0.0,0.0,0.0,0.2222222222222222,0.14814814814814814,41.45,['XSS']
http://localhost:5050/api/v1/files/xss-reflected_form_comment,405,0,10.52,153,4.599963902086099,0.0,0,0,0,0,0,0.0,0,0,0,0,0,0,0,0,0,0,0,0,0,0,0,0,0,0,0,0,0,0,0,0,0,0,0,0,0,0,0,0,8,3,0,0,0,0,0,0,0.0,0,0,0,0,0,0,0,0,0,0,0,0,0,0,0,0,0,0,0,0,0,0,0,0,0,0,0,0,0,0,0,0,0,0,0,28,0.0,0.0,0.0,0.10714285714285714,0.0,41.63,['XSS']
http://localhost:5050/api/v1/files/xss-reflected_json_span,405,0,23.66,153,4.599963902086099,0.0,0,0,0,0,0,0.0,0,0,0,0,0,0,0,0,0,0,0,0,0,0,0,0,0,0,0,0,0,0,0,0,0,0,0,0,0,0,0,0,8,3,0,0,0,0,0,0,0.0,0,0,0,0,0,0,0,0,0,0,0,0,0,0,0,0,0,0,0,0,0,0,0,0,0,0,0,0,0,0,0,0,0,0,0,19,0.0,0.0,0.0,0.3157894736842105,0.0,30.0,['XSS']
http://localhost:5050/api/v1/files/xss-reflected_header_comment,200,0,9.91,258,4.969370067810181,0.0,0,0,0,0,0,0.0,0,0,0,0,0,0,0,0,0,0,0,0,0,0,0,0,0,0,0,0,0,0,0,0,0,0,0,0,0,0,0,0,8,3,0,2,0,3,0,0,0.0,0,0,0,0,0,0,0,0,0,0,0,0,0,0,0,0,0,0,0,0,0,0,0,0,0,0,0,0,0,0,0,0,0,0,0,28,0.0,0.0,0.0,0.2857142857142857,0.0,41.54,['XSS']
http://localhost:5050/api/v1/files/xss-reflected_attribute_breakout,200,0,18.71,277,4.902225067917378,0.0,0,0,0,0,0,0.0,0,0,0,0,0,0,0,0,0,0,0,0,0,0,0,0,0,0,0,0,0,0,0,0,0,0,0,0,0,0,0,0,8,3,0,2,0,3,0,0,0.0,0,0,0,0,0,0,0,0,0,0,0,0,0,0,0,0,0,0,0,0,0,0,0,0,0,0,0,0,0,0,0,0,0,0,0,15,0.0,0.0,0.0,0.06666666666666667,0.0,41.87,['XSS']
http://localhost:5050/api/v1/files/dirtrav-read_file_query_param,200,0,16.22,211,4.699932756120972,0.0,0,0,0,0,0,0.0,0,0,0,0,0,0,0,0,0,0,0,0,0,0,0,0,0,0,0,0,0,0,0,0,0,0,0,0,0,0,0,0,8,3,0,2,0,3,0,0,0.0,0,0,0,0,0,0,0,0,0,0,0,0,0,0,0,0,0,0,0,0,0,0,0,0,0,0,0,0,0,0,0,0,0,0,0,28,0.0,0.0,0.0,0.2857142857142857,0.7142857142857143,42.33,['DirTrav']
http://localhost:5050/api/v1/files/dirtrav-read_file_form_param,405,0,10.68,153,4.599963902086099,0.0,0,0,0,0,0,0.0,0,0,0,0,0,0,0,0,0,0,0,0,0,0,0,0,0,0,0,0,0,0,0,0,0,0,0,0,0,0,0,0,8,3,0,0,0,0,0,0,0.0,0,0,0,0,0,0,0,0,0,0,0,0,0,0,0,0,0,0,0,0,0,0,0,0,0,0,0,0,0,0,0,0,0,0,0,27,0.0,0.0,0.0,0.2962962962962963,0.0,41.63,['DirTrav']
http://localhost:5050/api/v1/files/dirtrav-read_file_path_segment/<filename>,200,0,18.65,262,4.783799541399159,0.0,0,0,0,0,0,0.0,0,0,0,0,0,0,0,0,0,0,0,0,0,0,0,0,0,0,0,0,0,0,0,0,0,0,0,0,0,0,0,0,8,3,0,2,0,3,0,0,0.0,0,0,0,0,0,0,0,0,0,0,0,0,0,0,0,0,0,0,0,0,0,0,0,0,0,0,0,0,0,0,0,0,0,0,0,28,0.0,0.0,0.0,0.25,0.0,42.13,['DirTrav']
http://localhost:5050/api/v1/files/xxe-resolve_entities_json_body,405,0,14.33,153,4.599963902086099,0.0,0,0,0,0,0,0.0,0,0,0,0,0,0,0,0,0,0,0,0,0,0,0,0,0,0,0,0,0,0,0,0,0,0,0,0,0,0,0,0,8,3,0,0,0,0,0,0,0.0,0,0,0,0,0,0,0,0,0,0,0,0,0,0,0,0,0,0,0,0,0,0,0,0,0,0,0,0,0,0,0,0,0,0,0,25,0.0,0.0,0.0,0.24,0.0,41.63,['XXE']
http://localhost:5050/api/v1/files/xxe-resolve_entities_form_body,405,0,10.11,153,4.599963902086099,0.0,0,0,0,0,0,0.0,0,0,0,0,0,0,0,0,0,0,0,0,0,0,0,0,0,0,0,0,0,0,0,0,0,0,0,0,0,0,0,0,8,3,0,0,0,0,0,0,0.0,0,0,0,0,0,0,0,0,0,0,0,0,0,0,0,0,0,0,0,0,0,0,0,0,0,0,0,0,0,0,0,0,0,0,0,30,0.0,0.0,0.0,0.26666666666666666,0.0,41.63,['XXE']
http://localhost:5050/api/v1/files/nosqli-auth_operator_bypass,405,0,29.42,153,4.599963902086099,0.0,0,0,0,0,0,0.0,0,0,0,0,0,0,0,0,0,0,0,0,0,0,0,0,0,0,0,0,0,0,0,0,0,0,0,0,0,0,0,0,8,3,0,0,0,0,0,0,0.0,0,0,0,0,0,0,0,0,0,0,0,0,0,0,0,0,0,0,0,0,0,0,0,0,0,0,0,0,0,0,0,0,0,0,0,23,0.0,0.0,0.0,0.2608695652173913,0.0,36.53,['NoSQLi']
http://localhost:5050/api/v1/files/nosqli-search_filter_injection,405,0,27.97,153,4.599963902086099,0.0,0,0,0,0,0,0.0,0,0,0,0,0,0,0,0,0,0,0,0,0,0,0,0,0,0,0,0,0,0,0,0,0,0,0,0,0,0,0,0,8,3,0,0,0,0,0,0,0.0,0,0,0,0,0,0,0,0,0,0,0,0,0,0,0,0,0,0,0,0,0,0,0,0,0,0,0,0,0,0,0,0,0,0,0,25,0.0,0.0,0.0,0.32,0.0,41.34,['NoSQLi']
http://localhost:5050/api/v1/files/nosqli-regex_operator_injection,405,0,9.8,153,4.599963902086099,0.0,0,0,0,0,0,0.0,0,0,0,0,0,0,0,0,0,0,0,0,0,0,0,0,0,0,0,0,0,0,0,0,0,0,0,0,0,0,0,0,8,3,0,0,0,0,0,0,0.0,0,0,0,0,0,0,0,0,0,0,0,0,0,0,0,0,0,0,0,0,0,0,0,0,0,0,0,0,0,0,0,0,0,0,0,30,0.0,0.0,0.0,0.26666666666666666,0.0,41.63,['NoSQLi']
http://localhost:5050/api/v1/files/ldapi-login_filter_wildcard,405,0,10.71,153,4.599963902086099,0.0,0,0,0,0,0,0.0,0,0,0,0,0,0,0,0,0,0,0,0,0,0,0,0,0,0,0,0,0,0,0,0,0,0,0,0,0,0,0,0,8,3,0,0,0,0,0,0,0.0,0,0,0,0,0,0,0,0,0,0,0,0,0,0,0,0,0,0,0,0,0,0,0,0,0,0,0,0,0,0,0,0,0,0,0,29,0.0,0.0,0.0,0.1724137931034483,0.0,41.63,['LDAPi']
http://localhost:5050/api/v1/files/ldapi-search_filter_wildcard,200,0,18.3,220,4.962468378503424,0.0,0,0,0,0,0,0.0,0,0,0,0,0,0,0,0,0,0,0,0,0,0,0,0,0,0,0,0,0,0,0,0,0,0,0,0,0,0,0,0,8,3,0,3,0,3,1,0,0.0,0,0,0,0,0,0,0,0,0,0,0,0,0,0,0,0,0,0,0,0,0,0,0,0,0,0,0,0,0,0,0,0,0,0,0,26,0.0,0.0,0.0,0.19230769230769232,0.15384615384615385,42.86,['LDAPi']
http://localhost:5050/api/v1/files/insecperm-role_trusted_from_header,200,0,11.22,273,4.753427692574034,0.0,0,0,0,0,0,0.0,0,0,0,0,0,0,0,0,0,0,0,0,0,0,0,0,0,0,0,0,0,0,0,0,0,0,0,0,0,0,0,0,8,3,0,2,0,3,0,0,0.0,0,0,0,0,0,0,0,0,0,0,0,0,0,0,0,0,0,0,0,0,0,0,0,0,0,0,0,0,0,0,0,0,0,0,0,26,0.0,0.0,0.0,0.34615384615384615,0.0,41.88,['InsecPerm']
http://localhost:5050/api/v1/files/insecperm-world_readable_export_endpoint/<id>,200,0,18.27,271,4.784039519870282,0.0,0,0,0,0,0,0.0,0,0,0,0,0,0,0,0,0,0,0,0,0,0,0,0,0,0,0,0,0,0,0,0,0,0,0,0,0,0,0,0,8,3,0,2,0,3,0,0,0.0,0,0,0,0,0,0,0,0,0,0,0,0,0,0,0,0,0,0,0,0,0,0,0,0,0,0,0,0,0,0,0,0,0,0,0,29,0.0,0.0,0.0,0.13793103448275862,0.0,42.68,['InsecPerm']
http://localhost:5050/api/v1/files/insecperm-client_controlled_admin_flag,200,0,10.49,232,4.726504465778805,0.0,0,0,0,0,0,0.0,0,0,0,0,0,0,0,0,0,0,0,0,0,0,0,0,0,0,0,0,0,0,0,0,0,0,0,0,0,0,0,0,8,3,0,2,0,3,0,0,0.0,0,0,0,0,0,0,0,0,0,0,0,0,0,0,0,0,0,0,0,0,0,0,0,0,0,0,0,0,0,0,0,0,0,0,0,28,0.0,0.0,0.0,0.25,0.0,42.14,['InsecPerm']
http://localhost:5050/api/v1/files/idor-path_id_direct_access/<obj_id>,200,0,11.27,385,4.932352458589109,0.0,0,0,0,0,0,0.0,0,0,0,0,0,0,0,0,0,0,0,0,0,0,0,0,0,0,0,0,0,0,0,0,0,0,0,0,0,0,0,0,8,3,0,3,0,4,0,0,0.0,0,0,0,0,0,0,0,0,0,0,0,0,0,0,0,0,0,0,0,0,0,0,0,0,0,0,0,0,0,0,0,0,0,0,0,26,0.0,0.0,0.0,0.3076923076923077,0.0,42.27,['IDOR']
http://localhost:5050/api/v1/files/idor-query_id_direct_access,200,0,17.73,271,4.773014706490802,0.0,0,0,0,0,0,0.0,0,0,0,0,0,0,0,0,0,0,0,0,0,0,0,0,0,0,0,0,0,0,0,0,0,0,0,0,0,0,0,0,8,3,0,3,0,4,0,0,0.0,0,0,0,0,0,0,0,0,0,0,0,0,0,0,0,0,0,0,0,0,0,0,0,0,0,0,0,0,0,0,0,0,0,0,0,29,0.0,0.0,0.0,0.41379310344827586,0.0,42.2,['IDOR']
http://localhost:5050/api/v1/files/idor-json_body_id_direct_access,405,0,10.75,153,4.599963902086099,0.0,0,0,0,0,0,0.0,0,0,0,0,0,0,0,0,0,0,0,0,0,0,0,0,0,0,0,0,0,0,0,0,0,0,0,0,0,0,0,0,8,3,0,0,0,0,0,0,0.0,0,0,0,0,0,0,0,0,0,0,0,0,0,0,0,0,0,0,0,0,0,0,0,0,0,0,0,0,0,0,0,0,0,0,0,29,0.0,0.0,0.0,0.13793103448275862,0.0,41.63,['IDOR']
http://localhost:5050/api/v1/files/sessfix-sessionid_accepted_from_query,200,0,14.93,243,4.7889347932190915,0.0,0,0,0,0,0,0.0,0,0,0,0,0,0,0,0,0,0,0,0,0,0,0,0,0,0,0,0,0,0,0,0,0,0,0,0,0,0,0,0,8,3,0,2,0,3,0,0,0.0,0,0,0,0,0,0,0,0,0,0,0,0,0,0,0,0,0,0,0,0,0,0,0,0,0,0,0,0,0,0,0,0,0,0,0,26,0.0,0.0,0.0,0.11538461538461539,0.0,42.53,['SessFix']
http://localhost:5050/api/v1/files/sessfix-sessionid_not_regenerated_on_login,200,0,16.47,196,4.577134355710693,0.0,0,0,0,0,0,0.0,0,0,0,0,0,0,0,0,0,0,0,0,0,0,0,0,0,0,0,0,0,0,0,0,0,0,0,0,0,0,0,0,8,3,0,2,0,3,0,0,0.0,0,0,0,0,0,0,0,0,0,0,0,0,0,0,0,0,0,0,0,0,0,0,0,0,0,0,0,0,0,0,0,0,0,0,0,16,0.0,0.0,0.0,0.25,0.0,42.63,['SessFix']
http://localhost:5050/api/v1/files/ssrf-url_fetch_query_no_allowlist,200,0,10.51,341,4.898404319586506,0.0,0,0,0,0,0,0.0,0,0,0,0,0,0,0,0,0,0,0,0,0,0,0,0,0,0,0,0,0,0,0,0,0,0,0,0,0,0,0,0,8,3,0,3,0,3,1,0,0.0,0,0,0,0,0,0,0,0,0,0,0,0,0,0,0,0,0,0,0,0,0,0,0,0,0,0,0,0,0,0,0,0,0,0,0,28,0.0,0.0,0.0,0.35714285714285715,0.0,43.16,['SSRF']
http://localhost:5050/api/v1/files/ssrf-url_fetch_json_webhook,405,0,10.63,153,4.599963902086099,0.0,0,0,0,0,0,0.0,0,0,0,0,0,0,0,0,0,0,0,0,0,0,0,0,0,0,0,0,0,0,0,0,0,0,0,0,0,0,0,0,8,3,0,0,0,0,0,0,0.0,0,0,0,0,0,0,0,0,0,0,0,0,0,0,0,0,0,0,0,0,0,0,0,0,0,0,0,0,0,0,0,0,0,0,0,29,0.0,0.0,0.0,0.3793103448275862,0.0,41.63,['SSRF']
http://localhost:5050/api/v1/files/ssrf-url_fetch_form_image_import,405,0,23.09,153,4.599963902086099,0.0,0,0,0,0,0,0.0,0,0,0,0,0,0,0,0,0,0,0,0,0,0,0,0,0,0,0,0,0,0,0,0,0,0,0,0,0,0,0,0,8,3,0,0,0,0,0,0,0.0,0,0,0,0,0,0,0,0,0,0,0,0,0,0,0,0,0,0,0,0,0,0,0,0,0,0,0,0,0,0,0,0,0,0,0,27,0.0,0.0,0.0,0.1111111111111111,0.0,41.63,['SSRF']
http://localhost:5050/api/v1/files/ssti-greeting_name_query,200,0,17.54,195,4.774798385310901,0.0,0,0,0,0,0,0.0,0,0,0,0,0,0,0,0,0,0,0,0,0,0,0,0,0,0,0,0,0,0,0,0,0,0,0,0,0,0,0,0,8,3,0,2,0,3,0,0,0.0,0,0,0,0,0,0,0,0,0,0,0,0,0,0,0,0,0,0,0,0,0,0,0,0,0,0,0,0,0,0,0,0,0,0,0,28,0.0,0.0,0.0,0.21428571428571427,0.14285714285714285,42.42,['SSTI']
http://localhost:5050/api/v1/files/ssti-custom_template_field_form,405,0,33.6,153,4.599963902086099,0.0,0,0,0,0,0,0.0,0,0,0,0,0,0,0,0,0,0,0,0,0,0,0,0,0,0,0,0,0,0,0,0,0,0,0,0,0,0,0,0,8,3,0,0,0,0,0,0,0.0,0,0,0,0,0,0,0,0,0,0,0,0,0,0,0,0,0,0,0,0,0,0,0,0,0,0,0,0,0,0,0,0,0,0,0,24,0.0,0.0,0.0,0.08333333333333333,0.0,23.03,['SSTI']
http://localhost:5050/api/v1/files/ssti-message_field_json,405,0,9.89,153,4.599963902086099,0.0,0,0,0,0,0,0.0,0,0,0,0,0,0,0,0,0,0,0,0,0,0,0,0,0,0,0,0,0,0,0,0,0,0,0,0,0,0,0,0,8,3,0,0,0,0,0,0,0.0,0,0,0,0,0,0,0,0,0,0,0,0,0,0,0,0,0,0,0,0,0,0,0,0,0,0,0,0,0,0,0,0,0,0,0,28,0.0,0.0,0.0,0.25,0.0,41.63,['SSTI']
http://localhost:5050/api/v1/files/prototype_pollution-deep_merge_settings,405,0,37.76,153,4.599963902086099,0.0,0,0,0,0,0,0.0,0,0,0,0,0,0,0,0,0,0,0,0,0,0,0,0,0,0,0,0,0,0,0,0,0,0,0,0,0,0,0,0,8,3,0,0,0,0,0,0,0.0,0,0,0,0,0,0,0,0,0,0,0,0,0,0,0,0,0,0,0,0,0,0,0,0,0,0,0,0,0,0,0,0,0,0,0,30,0.0,0.0,0.0,0.16666666666666666,0.0,11.63,['Prototype_Pollution']
http://localhost:5050/api/v1/files/prototype_pollution-deep_merge_preferences,405,0,29.44,153,4.599963902086099,0.0,0,0,0,0,0,0.0,0,0,0,0,0,0,0,0,0,0,0,0,0,0,0,0,0,0,0,0,0,0,0,0,0,0,0,0,0,0,0,0,8,3,0,0,0,0,0,0,0.0,0,0,0,0,0,0,0,0,0,0,0,0,0,0,0,0,0,0,0,0,0,0,0,0,0,0,0,0,0,0,0,0,0,0,0,15,0.0,0.0,0.0,0.2,0.0,35.53,['Prototype_Pollution']
http://localhost:5050/api/v1/files/http_request_smuggling-cl_te_both_accepted,200,0,14.94,342,4.834009915273348,0.0,0,0,0,0,0,0.0,0,0,0,0,0,0,0,0,0,0,0,0,0,0,0,0,0,0,0,0,0,0,0,0,0,0,0,0,0,0,1,0,8,3,0,2,0,3,0,0,0.0,0,0,0,0,0,0,0,0,0,0,0,0,0,0,0,0,0,0,0,0,0,0,0,0,0,0,0,0,0,0,0,0,0,0,0,27,0.0,0.0,0.0,0.25925925925925924,0.0,41.89,['HTTP_Request_Smuggling']
http://localhost:5050/api/v1/files/http_request_smuggling-duplicate_content_length_accepted,200,0,14.94,306,4.802886326649885,0.0,0,0,0,0,0,0.0,0,0,0,0,0,0,0,0,0,0,0,0,0,0,0,0,0,0,0,0,0,0,0,0,0,0,0,0,0,0,1,0,8,3,0,2,0,3,0,0,0.0,0,0,0,0,0,0,0,0,0,0,0,0,0,0,0,0,0,0,0,0,0,0,0,0,0,0,0,0,0,0,0,0,0,0,0,27,0.0,0.0,0.0,0.14814814814814814,0.0,41.39,['HTTP_Request_Smuggling']
http://localhost:5050/api/v1/files/xpath_injection-login_xpath_concat,405,0,10.52,153,4.599963902086099,0.0,0,0,0,0,0,0.0,0,0,0,0,0,0,0,0,0,0,0,0,0,0,0,0,0,0,0,0,0,0,0,0,0,0,0,0,0,0,0,0,8,3,0,0,0,0,0,0,0.0,0,0,0,0,0,0,0,0,0,0,0,0,0,0,0,0,0,0,0,0,0,0,0,0,0,0,0,0,0,0,0,0,0,0,0,28,0.0,0.0,0.0,0.21428571428571427,0.0,41.63,['XPATH_Injection']
http://localhost:5050/api/v1/files/xpath_injection-search_xpath_concat,200,0,12.6,296,4.911763096183903,0.0,0,0,0,0,0,0.0,0,0,0,0,0,0,0,0,0,0,0,0,0,0,0,0,0,0,0,0,0,0,0,0,0,0,0,0,0,0,0,0,8,3,0,3,0,3,2,0,0.0,0,0,0,0,0,0,0,0,0,0,0,0,0,0,0,0,0,0,0,0,0,0,0,0,0,0,0,0,0,0,0,0,0,0,0,27,0.0,0.0,0.0,0.18518518518518517,0.0,42.68,['XPATH_Injection']
http://localhost:5050/api/v1/files/graphqli-introspection_left_enabled,405,0,9.92,153,4.599963902086099,0.0,0,0,0,0,0,0.0,0,0,0,0,0,0,0,0,0,0,0,0,0,0,0,0,0,0,0,0,0,0,0,0,0,0,0,0,0,0,0,0,8,3,0,0,0,0,0,0,0.0,0,0,0,0,0,0,0,0,0,0,0,0,0,0,0,0,0,0,0,0,0,0,0,0,0,0,0,0,0,0,0,0,0,0,0,26,0.0,0.0,0.0,0.2692307692307692,0.0,41.63,['GraphQLi']
http://localhost:5050/api/v1/files/graphqli-no_query_depth_limit,405,0,23.69,153,4.599963902086099,0.0,0,0,0,0,0,0.0,0,0,0,0,0,0,0,0,0,0,0,0,0,0,0,0,0,0,0,0,0,0,0,0,0,0,0,0,0,0,0,0,8,3,0,0,0,0,0,0,0.0,0,0,0,0,0,0,0,0,0,0,0,0,0,0,0,0,0,0,0,0,0,0,0,0,0,0,0,0,0,0,0,0,0,0,0,17,0.0,0.0,0.0,0.29411764705882354,0.0,41.63,['GraphQLi']
http://localhost:5050/api/v1/files/cors-reflect_origin_credentials_true,200,0,18.41,339,4.909833527931688,0.0,0,0,0,0,0,0.0,0,0,0,0,0,0,0,0,0,0,0,0,0,0,0,0,0,0,0,0,0,0,0,0,0,0,0,0,0,0,0,0,8,3,0,3,1,3,0,0,0.0,0,0,0,0,0,0,0,0,0,0,0,0,0,0,0,0,0,0,0,0,0,0,0,0,0,0,0,0,0,0,0,0,0,0,0,29,0.0,0.0,0.0,0.20689655172413793,0.0,42.23,['CORS']
http://localhost:5050/api/v1/files/cors-wildcard_origin_sensitive_endpoint,200,0,13.95,278,4.757631354645889,0.0,0,0,0,0,0,0.0,0,0,0,0,0,0,0,0,0,0,0,0,0,0,0,0,0,0,0,0,0,0,0,0,0,0,0,0,0,0,0,0,8,3,0,2,0,3,0,0,0.0,0,0,0,0,0,0,0,0,0,0,0,0,0,0,0,0,0,0,0,0,0,0,0,0,0,0,0,0,0,0,0,0,0,0,0,26,0.0,0.0,0.0,0.15384615384615385,0.0,42.64,['CORS']
http://localhost:5050/api/v1/files/csrf-generic_state_change_no_token,405,0,11.21,153,4.599963902086099,0.0,0,0,0,0,0,0.0,0,0,0,0,0,0,0,0,0,0,0,0,0,0,0,0,0,0,0,0,0,0,0,0,0,0,0,0,0,0,0,0,8,3,0,0,0,0,0,0,0.0,0,0,0,0,0,0,0,0,0,0,0,0,0,0,0,0,0,0,0,0,0,0,0,0,0,0,0,0,0,0,0,0,0,0,0,26,0.0,0.0,0.0,0.23076923076923078,0.0,41.63,['CSRF']
http://localhost:5050/api/v1/files/csrf-delete_no_token,200,0,14.69,249,4.865343947950319,0.0,0,0,0,0,0,0.0,0,0,0,0,0,0,0,0,0,0,0,0,0,0,0,0,0,0,0,0,0,0,0,0,0,0,0,0,0,0,0,0,8,3,0,2,0,3,0,0,0.0,0,0,0,0,0,0,0,0,0,0,0,0,0,0,0,0,0,0,0,0,0,0,0,0,0,0,0,0,0,0,0,0,0,0,0,29,0.0,0.0,0.0,0.2413793103448276,0.13793103448275862,42.14,['CSRF']
http://localhost:5050/api/v1/files/csrf-sensitive_transfer_no_token,405,0,14.37,153,4.599963902086099,0.0,0,0,0,0,0,0.0,0,0,0,0,0,0,0,0,0,0,0,0,0,0,0,0,0,0,0,0,0,0,0,0,0,0,0,0,0,0,0,0,8,3,0,0,0,0,0,0,0.0,0,0,0,0,0,0,0,0,0,0,0,0,0,0,0,0,0,0,0,0,0,0,0,0,0,0,0,0,0,0,0,0,0,0,0,28,0.0,0.0,0.0,0.39285714285714285,0.0,41.63,['CSRF']
http://localhost:5050/api/v1/files/ratelimit-login_endpoint_no_throttle,405,0,33.9,153,4.599963902086099,0.0,0,0,0,0,0,0.0,0,0,0,0,0,0,0,0,0,0,0,0,0,0,0,0,0,0,0,0,0,0,0,0,0,0,0,0,0,0,0,0,8,3,0,0,0,0,0,0,0.0,0,0,0,0,0,0,0,0,0,0,0,0,0,0,0,0,0,0,0,0,0,0,0,0,0,0,0,0,0,0,0,0,0,0,0,27,0.0,0.0,0.0,0.3333333333333333,0.0,22.14,['RateLimit']
http://localhost:5050/api/v1/files/ratelimit-password_reset_no_throttle,200,0,12.38,274,4.716223899447416,0.0,0,0,0,0,0,0.0,0,0,0,0,0,0,0,0,0,0,0,0,0,0,0,0,0,0,0,0,0,0,0,0,0,0,0,0,0,0,0,0,8,3,0,2,0,3,0,0,0.0,0,0,0,0,0,0,0,0,0,0,0,0,0,0,0,0,0,0,0,0,0,0,0,0,0,0,0,0,0,0,0,0,0,0,0,25,0.0,0.0,0.0,0.16,0.0,41.76,['RateLimit']
http://localhost:5050/api/v1/files/infodisc-stack_trace_leak_on_error,200,0,14.14,139,4.730834238111625,0.0,0,0,0,0,0,0.0,0,0,0,0,0,0,0,0,0,0,0,0,0,0,0,0,0,0,0,0,0,0,0,0,0,0,0,0,0,0,0,0,8,3,0,2,0,3,0,0,0.0,0,0,0,0,0,0,0,0,0,0,0,0,0,0,0,0,0,0,0,0,0,0,0,0,0,0,0,0,0,0,0,0,0,0,0,28,0.0,0.0,0.0,0.21428571428571427,0.0,42.4,['InfoDisc']
http://localhost:5050/api/v1/files/infodisc-verbose_server_version_header,200,0,10.65,262,4.984545471952649,0.0,0,0,0,0,0,0.0,0,0,0,0,0,0,0,0,0,0,0,0,0,0,0,0,0,0,0,0,0,0,0,0,0,0,0,0,0,0,0,0,8,3,0,2,0,3,0,0,0.0,0,0,0,0,0,0,0,0,0,0,0,0,0,0,0,0,0,0,0,0,0,0,0,0,0,0,0,0,0,0,0,0,0,0,0,26,0.0,0.0,0.0,0.23076923076923078,0.0,42.06,['InfoDisc']
http://localhost:5050/api/v1/files/infodisc-debug_env_endpoint/<resource_name>,200,0,9.87,280,5.01120947744291,0.0,0,0,0,0,0,0.0,0,0,0,0,0,0,0,0,0,0,0,0,0,0,0,0,0,0,0,0,0,0,0,0,0,0,0,0,0,0,0,0,8,3,0,2,0,3,0,0,0.0,0,0,0,0,0,0,0,0,0,0,0,0,0,0,0,0,0,0,0,0,0,0,0,0,0,0,0,0,0,0,0,0,0,0,0,30,0.0,0.0,0.0,0.26666666666666666,0.0,42.42,['InfoDisc']
http://localhost:5050/api/v1/files/inseccrypto-md5_unsalted_password,405,0,10.49,153,4.599963902086099,0.0,0,0,0,0,0,0.0,0,0,0,0,0,0,0,0,0,0,0,0,0,0,0,0,0,0,0,0,0,0,0,0,0,0,0,0,0,0,0,0,8,3,0,0,0,0,0,0,0.0,0,0,0,0,0,0,0,0,0,0,0,0,0,0,0,0,0,0,0,0,0,0,0,0,0,0,0,0,0,0,0,0,0,0,0,29,0.0,0.0,0.0,0.41379310344827586,0.0,41.63,['InsecCrypto']
http://localhost:5050/api/v1/files/inseccrypto-xor_fixed_key_encryption,200,0,18.67,336,5.038554476349447,0.0,0,0,0,0,0,0.0,0,0,0,0,0,0,0,0,0,0,0,0,0,0,0,0,0,0,0,0,0,0,0,0,0,0,0,0,0,0,0,0,8,3,0,2,0,3,0,0,0.0,0,0,0,0,0,0,0,0,0,0,0,0,0,0,0,0,0,0,0,0,0,0,0,0,0,0,0,0,0,0,0,0,0,0,0,28,0.0,0.0,0.0,0.17857142857142858,0.0,39.87,['InsecCrypto']
http://localhost:5050/api/v1/files/openredirect-redirect_query_url_no_check,200,0,16.28,274,4.712974654992685,0.0,0,0,0,0,0,0.0,0,0,0,0,0,0,0,0,0,0,0,0,0,0,0,0,0,0,0,0,0,0,0,0,0,0,0,0,0,0,0,0,8,3,0,2,0,3,0,0,0.0,0,0,0,0,0,0,0,0,0,0,0,0,0,0,0,0,0,0,0,0,0,0,0,0,0,0,0,0,0,0,0,0,0,0,0,20,0.0,0.0,0.0,0.05,0.0,37.44,['OpenRedirect']
http://localhost:5050/api/v1/files/openredirect-post_login_next_param,405,0,9.89,153,4.599963902086099,0.0,0,0,0,0,0,0.0,0,0,0,0,0,0,0,0,0,0,0,0,0,0,0,0,0,0,0,0,0,0,0,0,0,0,0,0,0,0,0,0,8,3,0,0,0,0,0,0,0.0,0,0,0,0,0,0,0,0,0,0,0,0,0,0,0,0,0,0,0,0,0,0,0,0,0,0,0,0,0,0,0,0,0,0,0,29,0.0,0.0,0.0,0.27586206896551724,0.0,41.63,['OpenRedirect']
http://localhost:5050/api/v1/files/jwt-alg_none_accepted,200,0,10.59,131,4.728693258703259,0.0,0,0,0,0,0,0.0,0,0,0,0,0,0,0,0,0,0,0,0,0,0,0,0,0,0,0,0,0,0,0,0,0,0,0,0,0,0,0,0,8,3,0,2,0,3,0,0,0.0,0,0,0,0,0,0,0,0,0,0,0,0,0,0,0,0,0,0,0,0,0,0,0,0,0,0,0,0,0,0,0,0,0,0,0,16,0.0,0.0,0.0,0.25,0.0,42.17,['JWT']
http://localhost:5050/api/v1/files/jwt-weak_hardcoded_secret,200,0,9.88,162,4.751374782662415,0.0,0,0,0,0,0,0.0,0,0,0,0,0,0,0,0,0,0,0,0,0,0,0,0,0,0,0,0,0,0,0,0,0,0,0,0,0,0,0,0,8,3,0,2,0,3,0,0,0.0,0,0,0,0,0,0,0,0,0,0,0,0,0,0,0,0,0,0,0,0,0,0,0,0,0,0,0,0,0,0,0,0,0,0,0,27,0.0,0.0,0.0,0.37037037037037035,0.0,42.29,['JWT']
http://localhost:5050/api/v1/files/jwt-expiry_never_checked,200,0,15.32,134,4.796057408235613,0.0,0,0,0,0,0,0.0,0,0,0,0,0,0,0,0,0,0,0,0,0,0,0,0,0,0,0,0,0,0,0,0,0,0,0,0,0,0,0,0,8,3,0,2,0,3,0,0,0.0,0,0,0,0,0,0,0,0,0,0,0,0,0,0,0,0,0,0,0,0,0,0,0,0,0,0,0,0,0,0,0,0,0,0,0,22,0.0,0.0,0.0,0.09090909090909091,0.0,42.49,['JWT']
http://localhost:5050/api/v1/files/crlf_injection-location_header_crlf,200,0,10.65,294,4.821037093343657,0.0,0,0,0,0,0,0.0,0,0,0,0,0,0,0,0,0,0,0,0,0,0,0,0,0,0,0,0,0,0,0,0,0,0,0,0,0,0,0,0,8,3,0,2,0,3,0,0,0.0,0,0,0,0,0,0,0,0,0,0,0,0,0,0,0,0,0,0,0,0,0,0,0,0,0,0,0,0,0,0,0,0,0,0,0,16,0.0,0.0,0.0,0.1875,0.0,42.51,['CRLF_Injection']
http://localhost:5050/api/v1/files/crlf_injection-log_injection_crlf,405,0,9.87,153,4.599963902086099,0.0,0,0,0,0,0,0.0,0,0,0,0,0,0,0,0,0,0,0,0,0,0,0,0,0,0,0,0,0,0,0,0,0,0,0,0,0,0,0,0,8,3,0,0,0,0,0,0,0.0,0,0,0,0,0,0,0,0,0,0,0,0,0,0,0,0,0,0,0,0,0,0,0,0,0,0,0,0,0,0,0,0,0,0,0,28,0.0,0.0,0.0,0.32142857142857145,0.0,41.63,['CRLF_Injection']
http://localhost:5050/api/v1/files/racecondition-withdraw_toctou_no_lock,0,0,49.12,0,0.0,0.0,0,0,0,0,0,0.0,0,0,0,0,0,0,0,0,0,0,0,0,0,0,0,0,0,0,0,0,0,0,0,0,0,0,0,0,0,0,0,0,8,3,0,0,0,0,0,0,0.0,0,0,0,0,0,0,0,0,0,0,0,0,0,0,0,0,0,0,0,0,0,0,0,0,0,0,0,0,0,0,0,0,0,0,0,29,0.0,0.0,0.0,0.0,0.0,10.83,['RaceCondition']
http://localhost:5050/api/v1/files/racecondition-coupon_redeem_toctou_no_lock,405,0,25.76,153,4.599963902086099,0.0,0,0,0,0,0,0.0,0,0,0,0,0,0,0,0,0,0,0,0,0,0,0,0,0,0,0,0,0,0,0,0,0,0,0,0,0,0,0,0,8,3,0,0,0,0,0,0,0.0,0,0,0,0,0,0,0,0,0,0,0,0,0,0,0,0,0,0,0,0,0,0,0,0,0,0,0,0,0,0,0,0,0,0,0,29,0.0,0.0,0.0,0.1724137931034483,0.0,41.63,['RaceCondition']
http://localhost:5050/api/v1/images/sqli-where_id_concat,200,0,11.17,213,5.056859446698101,0.0,0,0,0,0,0,0.0,0,0,0,0,0,0,0,0,0,0,0,0,0,0,0,0,0,0,0,0,0,0,0,0,0,0,0,0,0,0,0,0,8,3,0,2,0,3,0,0,0.0,0,0,0,0,0,0,0,0,0,0,0,0,0,0,0,0,0,0,0,0,0,0,0,0,0,0,0,0,0,0,0,0,0,0,0,28,0.0,0.0,0.0,0.21428571428571427,0.14285714285714285,42.01,['SQLi']
http://localhost:5050/api/v1/images/sqli-order_by_concat,200,0,15.66,260,5.031710771741183,0.0,0,0,0,0,0,0.0,0,0,0,0,0,0,0,0,0,0,0,0,0,0,0,0,0,0,0,0,0,0,0,0,0,0,0,0,0,0,0,0,8,3,0,2,0,3,0,0,0.0,0,0,0,0,0,0,0,0,0,0,0,0,0,0,0,0,0,0,0,0,0,0,0,0,0,0,0,0,0,0,0,0,0,0,0,25,0.0,0.0,0.0,0.2,0.0,42.08,['SQLi']
http://localhost:5050/api/v1/images/sqli-like_search_concat,405,0,12.86,153,4.599963902086099,0.0,0,0,0,0,0,0.0,0,0,0,0,0,0,0,0,0,0,0,0,0,0,0,0,0,0,0,0,0,0,0,0,0,0,0,0,0,0,0,0,8,3,0,0,0,0,0,0,0.0,0,0,0,0,0,0,0,0,0,0,0,0,0,0,0,0,0,0,0,0,0,0,0,0,0,0,0,0,0,0,0,0,0,0,0,29,0.0,0.0,0.0,0.06896551724137931,0.0,41.63,['SQLi']
http://localhost:5050/api/v1/images/sqli-login_bypass,405,0,38.82,153,4.599963902086099,0.0,0,0,0,0,0,0.0,0,0,0,0,0,0,0,0,0,0,0,0,0,0,0,0,0,0,0,0,0,0,0,0,0,0,0,0,0,0,0,0,8,3,0,0,0,0,0,0,0.0,0,0,0,0,0,0,0,0,0,0,0,0,0,0,0,0,0,0,0,0,0,0,0,0,0,0,0,0,0,0,0,0,0,0,0,23,0.0,0.0,0.0,0.21739130434782608,0.0,11.63,['SQLi']
http://localhost:5050/api/v1/images/sqli-union_select_id,405,0,9.78,153,4.599963902086099,0.0,0,0,0,0,0,0.0,0,0,0,0,0,0,0,0,0,0,0,0,0,0,0,0,0,0,0,0,0,0,0,0,0,0,0,0,0,0,0,0,8,3,0,0,0,0,0,0,0.0,0,0,0,0,0,0,0,0,0,0,0,0,0,0,0,0,0,0,0,0,0,0,0,0,0,0,0,0,0,0,0,0,0,0,0,26,0.0,0.0,0.0,0.19230769230769232,0.0,41.63,['SQLi']
http://localhost:5050/api/v1/images/cmdi-ping_host_shell_true,200,0,13.64,462,5.110223064676586,0.0,0,0,0,0,0,0.0,0,0,0,0,0,0,0,0,0,0,0,0,0,0,0,0,0,0,0,0,0,0,0,0,0,0,0,0,0,0,0,0,8,3,0,2,0,3,0,0,0.0,0,0,0,0,0,0,0,0,0,0,0,0,0,0,0,0,0,0,0,0,0,0,0,0,0,0,0,0,0,0,0,0,0,0,0,25,0.0,0.0,0.0,0.24,0.0,42.3,['CMDi']
http://localhost:5050/api/v1/images/cmdi-filename_echo_shell,405,0,29.06,153,4.599963902086099,0.0,0,0,0,0,0,0.0,0,0,0,0,0,0,0,0,0,0,0,0,0,0,0,0,0,0,0,0,0,0,0,0,0,0,0,0,0,0,0,0,8,3,0,0,0,0,0,0,0.0,0,0,0,0,0,0,0,0,0,0,0,0,0,0,0,0,0,0,0,0,0,0,0,0,0,0,0,0,0,0,0,0,0,0,0,27,0.0,0.0,0.0,0.2222222222222222,0.0,36.31,['CMDi']
http://localhost:5050/api/v1/images/cmdi-archive_name_shell,0,0,46.71,0,0.0,0.0,0,0,0,0,0,0.0,0,0,0,0,0,0,0,0,0,0,0,0,0,0,0,0,0,0,0,0,0,0,0,0,0,0,0,0,0,0,0,0,8,3,0,0,0,0,0,0,0.0,0,0,0,0,0,0,0,0,0,0,0,0,0,0,0,0,0,0,0,0,0,0,0,0,0,0,0,0,0,0,0,0,0,0,0,28,0.0,0.0,0.0,0.0,0.0,10.83,['CMDi']
http://localhost:5050/api/v1/images/insecdeser-pickle_b64_import,405,0,9.8,153,4.599963902086099,0.0,0,0,0,0,0,0.0,0,0,0,0,0,0,0,0,0,0,0,0,0,0,0,0,0,0,0,0,0,0,0,0,0,0,0,0,0,0,0,0,8,3,0,0,0,0,0,0,0.0,0,0,0,0,0,0,0,0,0,0,0,0,0,0,0,0,0,0,0,0,0,0,0,0,0,0,0,0,0,0,0,0,0,0,0,27,0.0,0.0,0.0,0.14814814814814814,0.0,41.63,['InsecDeser']
http://localhost:5050/api/v1/images/insecdeser-yaml_unsafe_load,405,0,13.8,153,4.599963902086099,0.0,0,0,0,0,0,0.0,0,0,0,0,0,0,0,0,0,0,0,0,0,0,0,0,0,0,0,0,0,0,0,0,0,0,0,0,0,0,0,0,8,3,0,0,0,0,0,0,0.0,0,0,0,0,0,0,0,0,0,0,0,0,0,0,0,0,0,0,0,0,0,0,0,0,0,0,0,0,0,0,0,0,0,0,0,29,0.0,0.0,0.0,0.1724137931034483,0.0,41.63,['InsecDeser']
http://localhost:5050/api/v1/images/insecupload-no_extension_whitelist,0,0,49.26,0,0.0,0.0,0,0,0,0,0,0.0,0,0,0,0,0,0,0,0,0,0,0,0,0,0,0,0,0,0,0,0,0,0,0,0,0,0,0,0,0,0,0,0,8,3,0,0,0,0,0,0,0.0,0,0,0,0,0,0,0,0,0,0,0,0,0,0,0,0,0,0,0,0,0,0,0,0,0,0,0,0,0,0,0,0,0,0,0,26,0.0,0.0,0.0,0.0,0.0,10.83,['InsecUpload']
http://localhost:5050/api/v1/images/insecupload-no_content_type_check,405,0,13.74,153,4.599963902086099,0.0,0,0,0,0,0,0.0,0,0,0,0,0,0,0,0,0,0,0,0,0,0,0,0,0,0,0,0,0,0,0,0,0,0,0,0,0,0,0,0,8,3,0,0,0,0,0,0,0.0,0,0,0,0,0,0,0,0,0,0,0,0,0,0,0,0,0,0,0,0,0,0,0,0,0,0,0,0,0,0,0,0,0,0,0,30,0.0,0.0,0.0,0.16666666666666666,0.0,41.63,['InsecUpload']
http://localhost:5050/api/v1/images/credsexpose-debug_endpoint_left_on/<resource_name>,200,0,9.78,384,5.11863299396807,0.0,0,0,0,0,0,0.0,0,0,0,0,0,0,0,0,0,0,0,0,0,0,0,0,0,0,0,0,0,0,0,0,0,0,0,0,0,0,0,0,8,3,0,2,0,3,0,0,0.0,0,0,0,0,0,0,0,0,0,0,0,0,0,0,0,0,0,0,0,0,0,0,0,0,0,0,0,0,0,0,0,0,0,0,0,28,0.0,0.0,0.0,0.10714285714285714,0.0,42.12,['CredsExpose']
http://localhost:5050/api/v1/images/credsexpose-verbose_error_with_secret,200,0,13.67,301,4.90200794878258,0.0,0,0,0,0,0,0.0,0,0,0,0,0,0,0,0,0,0,0,0,0,0,0,0,0,0,0,0,0,0,0,0,0,0,0,0,0,0,0,0,8,3,0,3,1,3,0,0,0.0,0,0,0,0,0,0,0,0,0,0,0,0,0,0,0,0,0,0,0,0,0,0,0,0,0,0,0,0,0,0,0,0,0,0,0,25,0.0,0.0,0.0,0.2,0.16,42.26,['CredsExpose']
http://localhost:5050/api/v1/images/credsexpose-secret_in_response_header,200,0,13.74,278,4.954291521024336,0.0,0,0,0,0,0,0.0,0,0,0,0,0,0,0,0,0,0,0,0,0,0,0,0,0,0,0,0,0,0,0,0,0,0,0,0,0,0,0,0,8,3,0,2,0,3,0,0,0.0,0,0,0,0,0,0,0,0,0,0,0,0,0,0,0,0,0,0,0,0,0,0,0,0,0,0,0,0,0,0,0,0,0,0,0,27,0.0,0.0,0.0,0.037037037037037035,0.0,42.01,['CredsExpose']
http://localhost:5050/api/v1/images/brokenauth-no_bruteforce_protection,405,0,52.63,153,4.599963902086099,0.0,0,0,0,0,0,0.0,0,0,0,0,0,0,0,0,0,0,0,0,0,0,0,0,0,0,0,0,0,0,0,0,0,0,0,0,0,0,0,0,8,3,0,0,0,0,0,0,0.0,0,0,0,0,0,0,0,0,0,0,0,0,0,0,0,0,0,0,0,0,0,0,0,0,0,0,0,0,0,0,0,0,0,0,0,30,0.0,0.0,0.0,0.0,0.0,0.0,['BrokenAuth']
http://localhost:5050/api/v1/images/brokenauth-predictable_session_token,405,0,13.66,153,4.599963902086099,0.0,0,0,0,0,0,0.0,0,0,0,0,0,0,0,0,0,0,0,0,0,0,0,0,0,0,0,0,0,0,0,0,0,0,0,0,0,0,0,0,8,3,0,0,0,0,0,0,0.0,0,0,0,0,0,0,0,0,0,0,0,0,0,0,0,0,0,0,0,0,0,0,0,0,0,0,0,0,0,0,0,0,0,0,0,17,0.0,0.0,0.0,0.17647058823529413,0.0,41.63,['BrokenAuth']
http://localhost:5050/api/v1/images/brokenauth-guessable_password_reset,200,0,9.65,235,4.853788009403669,0.0,0,0,0,0,0,0.0,0,0,0,0,0,0,0,0,0,0,0,0,0,0,0,0,0,0,0,0,0,0,0,0,0,0,0,0,0,0,0,0,8,3,0,2,0,3,0,0,0.0,0,0,0,0,0,0,0,0,0,0,0,0,0,0,0,0,0,0,0,0,0,0,0,0,0,0,0,0,0,0,0,0,0,0,0,28,0.0,0.0,0.0,0.03571428571428571,0.0,41.82,['BrokenAuth']
http://localhost:5050/api/v1/images/xss-reflected_query_div,200,0,15.46,249,5.055120510981283,0.0,0,0,0,0,0,0.0,0,0,0,0,0,0,0,0,0,0,0,0,0,0,0,0,0,0,0,0,0,0,0,0,0,0,0,0,0,0,0,0,8,3,0,2,0,3,0,0,0.0,0,0,0,0,0,0,0,0,0,0,0,0,0,0,0,0,0,0,0,0,0,0,0,0,0,0,0,0,0,0,0,0,0,0,0,28,0.0,0.0,0.0,0.07142857142857142,0.17857142857142858,41.05,['XSS']
http://localhost:5050/api/v1/images/xss-reflected_form_comment,405,0,9.67,153,4.599963902086099,0.0,0,0,0,0,0,0.0,0,0,0,0,0,0,0,0,0,0,0,0,0,0,0,0,0,0,0,0,0,0,0,0,0,0,0,0,0,0,0,0,8,3,0,0,0,0,0,0,0.0,0,0,0,0,0,0,0,0,0,0,0,0,0,0,0,0,0,0,0,0,0,0,0,0,0,0,0,0,0,0,0,0,0,0,0,27,0.0,0.0,0.0,0.1111111111111111,0.0,41.63,['XSS']
http://localhost:5050/api/v1/images/xss-reflected_json_span,405,0,13.75,153,4.599963902086099,0.0,0,0,0,0,0,0.0,0,0,0,0,0,0,0,0,0,0,0,0,0,0,0,0,0,0,0,0,0,0,0,0,0,0,0,0,0,0,0,0,8,3,0,0,0,0,0,0,0.0,0,0,0,0,0,0,0,0,0,0,0,0,0,0,0,0,0,0,0,0,0,0,0,0,0,0,0,0,0,0,0,0,0,0,0,23,0.0,0.0,0.0,0.30434782608695654,0.0,41.63,['XSS']
http://localhost:5050/api/v1/images/xss-reflected_header_comment,200,0,9.73,260,4.97736494723873,0.0,0,0,0,0,0,0.0,0,0,0,0,0,0,0,0,0,0,0,0,0,0,0,0,0,0,0,0,0,0,0,0,0,0,0,0,0,0,0,0,8,3,0,2,0,3,0,0,0.0,0,0,0,0,0,0,0,0,0,0,0,0,0,0,0,0,0,0,0,0,0,0,0,0,0,0,0,0,0,0,0,0,0,0,0,27,0.0,0.0,0.0,0.1111111111111111,0.0,41.11,['XSS']
http://localhost:5050/api/v1/images/xss-reflected_attribute_breakout,200,0,14.77,279,4.899223683189369,0.0,0,0,0,0,0,0.0,0,0,0,0,0,0,0,0,0,0,0,0,0,0,0,0,0,0,0,0,0,0,0,0,0,0,0,0,0,0,0,0,8,3,0,2,0,3,0,0,0.0,0,0,0,0,0,0,0,0,0,0,0,0,0,0,0,0,0,0,0,0,0,0,0,0,0,0,0,0,0,0,0,0,0,0,0,28,0.0,0.0,0.0,0.2857142857142857,0.0,41.54,['XSS']
http://localhost:5050/api/v1/images/dirtrav-read_file_query_param,200,0,9.76,212,4.704593888236254,0.0,0,0,0,0,0,0.0,0,0,0,0,0,0,0,0,0,0,0,0,0,0,0,0,0,0,0,0,0,0,0,0,0,0,0,0,0,0,0,0,8,3,0,2,0,3,0,0,0.0,0,0,0,0,0,0,0,0,0,0,0,0,0,0,0,0,0,0,0,0,0,0,0,0,0,0,0,0,0,0,0,0,0,0,0,27,0.0,0.0,0.0,0.07407407407407407,0.9259259259259259,42.2,['DirTrav']
http://localhost:5050/api/v1/images/dirtrav-read_file_form_param,0,0,22.88,0,0.0,0.0,0,0,0,0,0,0.0,0,0,0,0,0,0,0,0,0,0,0,0,0,0,0,0,0,0,0,0,0,0,0,0,0,0,0,0,0,0,0,0,8,3,0,0,0,0,0,0,0.0,0,0,0,0,0,0,0,0,0,0,0,0,0,0,0,0,0,0,0,0,0,0,0,0,0,0,0,0,0,0,0,0,0,0,0,30,0.0,0.0,0.0,0.0,0.0,10.83,['DirTrav']
http://localhost:5050/api/v1/images/dirtrav-read_file_path_segment/<filename>,200,0,12.54,263,4.7900315077359625,0.0,0,0,0,0,0,0.0,0,0,0,0,0,0,0,0,0,0,0,0,0,0,0,0,0,0,0,0,0,0,0,0,0,0,0,0,0,0,0,0,8,3,0,2,0,3,0,0,0.0,0,0,0,0,0,0,0,0,0,0,0,0,0,0,0,0,0,0,0,0,0,0,0,0,0,0,0,0,0,0,0,0,0,0,0,24,0.0,0.0,0.0,0.08333333333333333,0.0,42.03,['DirTrav']
http://localhost:5050/api/v1/images/xxe-resolve_entities_json_body,405,0,13.79,153,4.599963902086099,0.0,0,0,0,0,0,0.0,0,0,0,0,0,0,0,0,0,0,0,0,0,0,0,0,0,0,0,0,0,0,0,0,0,0,0,0,0,0,0,0,8,3,0,0,0,0,0,0,0.0,0,0,0,0,0,0,0,0,0,0,0,0,0,0,0,0,0,0,0,0,0,0,0,0,0,0,0,0,0,0,0,0,0,0,0,25,0.0,0.0,0.0,0.24,0.0,41.63,['XXE']
http://localhost:5050/api/v1/images/xxe-resolve_entities_form_body,405,0,38.81,153,4.599963902086099,0.0,0,0,0,0,0,0.0,0,0,0,0,0,0,0,0,0,0,0,0,0,0,0,0,0,0,0,0,0,0,0,0,0,0,0,0,0,0,0,0,8,3,0,0,0,0,0,0,0.0,0,0,0,0,0,0,0,0,0,0,0,0,0,0,0,0,0,0,0,0,0,0,0,0,0,0,0,0,0,0,0,0,0,0,0,28,0.0,0.0,0.0,0.14285714285714285,0.0,14.31,['XXE']
http://localhost:5050/api/v1/images/nosqli-auth_operator_bypass,405,0,53.66,153,4.599963902086099,0.0,0,0,0,0,0,0.0,0,0,0,0,0,0,0,0,0,0,0,0,0,0,0,0,0,0,0,0,0,0,0,0,0,0,0,0,0,0,0,0,8,3,0,0,0,0,0,0,0.0,0,0,0,0,0,0,0,0,0,0,0,0,0,0,0,0,0,0,0,0,0,0,0,0,0,0,0,0,0,0,0,0,0,0,0,30,0.0,0.0,0.0,0.03333333333333333,0.0,11.63,['NoSQLi']
http://localhost:5050/api/v1/images/nosqli-search_filter_injection,405,0,9.76,153,4.599963902086099,0.0,0,0,0,0,0,0.0,0,0,0,0,0,0,0,0,0,0,0,0,0,0,0,0,0,0,0,0,0,0,0,0,0,0,0,0,0,0,0,0,8,3,0,0,0,0,0,0,0.0,0,0,0,0,0,0,0,0,0,0,0,0,0,0,0,0,0,0,0,0,0,0,0,0,0,0,0,0,0,0,0,0,0,0,0,30,0.0,0.0,0.0,0.16666666666666666,0.0,41.63,['NoSQLi']
http://localhost:5050/api/v1/images/nosqli-regex_operator_injection,405,0,13.64,153,4.599963902086099,0.0,0,0,0,0,0,0.0,0,0,0,0,0,0,0,0,0,0,0,0,0,0,0,0,0,0,0,0,0,0,0,0,0,0,0,0,0,0,0,0,8,3,0,0,0,0,0,0,0.0,0,0,0,0,0,0,0,0,0,0,0,0,0,0,0,0,0,0,0,0,0,0,0,0,0,0,0,0,0,0,0,0,0,0,0,30,0.0,0.0,0.0,0.2,0.0,41.63,['NoSQLi']
http://localhost:5050/api/v1/images/ldapi-login_filter_wildcard,405,0,35.88,153,4.599963902086099,0.0,0,0,0,0,0,0.0,0,0,0,0,0,0,0,0,0,0,0,0,0,0,0,0,0,0,0,0,0,0,0,0,0,0,0,0,0,0,0,0,8,3,0,0,0,0,0,0,0.0,0,0,0,0,0,0,0,0,0,0,0,0,0,0,0,0,0,0,0,0,0,0,0,0,0,0,0,0,0,0,0,0,0,0,0,23,0.0,0.0,0.0,0.13043478260869565,0.0,26.99,['LDAPi']
http://localhost:5050/api/v1/images/ldapi-search_filter_wildcard,200,0,13.14,222,4.978062910463585,0.0,0,0,0,0,0,0.0,0,0,0,0,0,0,0,0,0,0,0,0,0,0,0,0,0,0,0,0,0,0,0,0,0,0,0,0,0,0,0,0,8,3,0,3,0,3,1,0,0.0,0,0,0,0,0,0,0,0,0,0,0,0,0,0,0,0,0,0,0,0,0,0,0,0,0,0,0,0,0,0,0,0,0,0,0,28,0.0,0.0,0.0,0.21428571428571427,0.14285714285714285,42.36,['LDAPi']
http://localhost:5050/api/v1/images/insecperm-role_trusted_from_header,200,0,9.68,275,4.747958462566174,0.0,0,0,0,0,0,0.0,0,0,0,0,0,0,0,0,0,0,0,0,0,0,0,0,0,0,0,0,0,0,0,0,0,0,0,0,0,0,0,0,8,3,0,2,0,3,0,0,0.0,0,0,0,0,0,0,0,0,0,0,0,0,0,0,0,0,0,0,0,0,0,0,0,0,0,0,0,0,0,0,0,0,0,0,0,28,0.0,0.0,0.0,0.14285714285714285,0.0,41.47,['InsecPerm']
http://localhost:5050/api/v1/images/insecperm-world_readable_export_endpoint/<id>,200,0,12.26,274,4.796025818847181,0.0,0,0,0,0,0,0.0,0,0,0,0,0,0,0,0,0,0,0,0,0,0,0,0,0,0,0,0,0,0,0,0,0,0,0,0,0,0,0,0,8,3,0,2,0,3,0,0,0.0,0,0,0,0,0,0,0,0,0,0,0,0,0,0,0,0,0,0,0,0,0,0,0,0,0,0,0,0,0,0,0,0,0,0,0,23,0.0,0.0,0.0,0.391304347826087,0.0,42.31,['InsecPerm']
http://localhost:5050/api/v1/images/insecperm-client_controlled_admin_flag,200,0,13.69,234,4.717456283638899,0.0,0,0,0,0,0,0.0,0,0,0,0,0,0,0,0,0,0,0,0,0,0,0,0,0,0,0,0,0,0,0,0,0,0,0,0,0,0,0,0,8,3,0,2,0,3,0,0,0.0,0,0,0,0,0,0,0,0,0,0,0,0,0,0,0,0,0,0,0,0,0,0,0,0,0,0,0,0,0,0,0,0,0,0,0,26,0.0,0.0,0.0,0.15384615384615385,0.0,41.61,['InsecPerm']
http://localhost:5050/api/v1/images/idor-path_id_direct_access/<obj_id>,200,0,13.7,389,4.9373467741329495,0.0,0,0,0,0,0,0.0,0,0,0,0,0,0,0,0,0,0,0,0,0,0,0,0,0,0,0,0,0,0,0,0,0,0,0,0,0,0,0,0,8,3,0,3,0,4,0,0,0.0,0,0,0,0,0,0,0,0,0,0,0,0,0,0,0,0,0,0,0,0,0,0,0,0,0,0,0,0,0,0,0,0,0,0,0,26,0.0,0.0,0.0,0.3076923076923077,0.0,41.8,['IDOR']
http://localhost:5050/api/v1/images/idor-query_id_direct_access,200,0,14.82,274,4.77582339773345,0.0,0,0,0,0,0,0.0,0,0,0,0,0,0,0,0,0,0,0,0,0,0,0,0,0,0,0,0,0,0,0,0,0,0,0,0,0,0,0,0,8,3,0,3,0,4,0,0,0.0,0,0,0,0,0,0,0,0,0,0,0,0,0,0,0,0,0,0,0,0,0,0,0,0,0,0,0,0,0,0,0,0,0,0,0,26,0.0,0.0,0.0,0.15384615384615385,0.0,41.81,['IDOR']
http://localhost:5050/api/v1/images/idor-json_body_id_direct_access,405,0,9.7,153,4.599963902086099,0.0,0,0,0,0,0,0.0,0,0,0,0,0,0,0,0,0,0,0,0,0,0,0,0,0,0,0,0,0,0,0,0,0,0,0,0,0,0,0,0,8,3,0,0,0,0,0,0,0.0,0,0,0,0,0,0,0,0,0,0,0,0,0,0,0,0,0,0,0,0,0,0,0,0,0,0,0,0,0,0,0,0,0,0,0,27,0.0,0.0,0.0,0.07407407407407407,0.0,41.63,['IDOR']
http://localhost:5050/api/v1/images/sessfix-sessionid_accepted_from_query,200,0,15.7,244,4.784786879909611,0.0,0,0,0,0,0,0.0,0,0,0,0,0,0,0,0,0,0,0,0,0,0,0,0,0,0,0,0,0,0,0,0,0,0,0,0,0,0,0,0,8,3,0,2,0,3,0,0,0.0,0,0,0,0,0,0,0,0,0,0,0,0,0,0,0,0,0,0,0,0,0,0,0,0,0,0,0,0,0,0,0,0,0,0,0,22,0.0,0.0,0.0,0.2727272727272727,0.0,42.26,['SessFix']
http://localhost:5050/api/v1/images/sessfix-sessionid_not_regenerated_on_login,200,0,9.82,197,4.573777490750728,0.0,0,0,0,0,0,0.0,0,0,0,0,0,0,0,0,0,0,0,0,0,0,0,0,0,0,0,0,0,0,0,0,0,0,0,0,0,0,0,0,8,3,0,2,0,3,0,0,0.0,0,0,0,0,0,0,0,0,0,0,0,0,0,0,0,0,0,0,0,0,0,0,0,0,0,0,0,0,0,0,0,0,0,0,0,28,0.0,0.0,0.0,0.21428571428571427,0.0,42.32,['SessFix']
http://localhost:5050/api/v1/images/ssrf-url_fetch_query_no_allowlist,200,0,10.99,342,4.90543768593754,0.0,0,0,0,0,0,0.0,0,0,0,0,0,0,0,0,0,0,0,0,0,0,0,0,0,0,0,0,0,0,0,0,0,0,0,0,0,0,0,0,8,3,0,3,0,3,1,0,0.0,0,0,0,0,0,0,0,0,0,0,0,0,0,0,0,0,0,0,0,0,0,0,0,0,0,0,0,0,0,0,0,0,0,0,0,26,0.0,0.0,0.0,0.11538461538461539,0.0,42.9,['SSRF']
http://localhost:5050/api/v1/images/ssrf-url_fetch_json_webhook,405,0,30.98,153,4.599963902086099,0.0,0,0,0,0,0,0.0,0,0,0,0,0,0,0,0,0,0,0,0,0,0,0,0,0,0,0,0,0,0,0,0,0,0,0,0,0,0,0,0,8,3,0,0,0,0,0,0,0.0,0,0,0,0,0,0,0,0,0,0,0,0,0,0,0,0,0,0,0,0,0,0,0,0,0,0,0,0,0,0,0,0,0,0,0,28,0.0,0.0,0.0,0.25,0.0,28.49,['SSRF']
http://localhost:5050/api/v1/images/ssrf-url_fetch_form_image_import,405,0,39.74,153,4.599963902086099,0.0,0,0,0,0,0,0.0,0,0,0,0,0,0,0,0,0,0,0,0,0,0,0,0,0,0,0,0,0,0,0,0,0,0,0,0,0,0,0,0,8,3,0,0,0,0,0,0,0.0,0,0,0,0,0,0,0,0,0,0,0,0,0,0,0,0,0,0,0,0,0,0,0,0,0,0,0,0,0,0,0,0,0,0,0,24,0.0,0.0,0.0,0.08333333333333333,0.0,20.15,['SSRF']
http://localhost:5050/api/v1/images/ssti-greeting_name_query,200,0,13.36,198,4.746861238407325,0.0,0,0,0,0,0,0.0,0,0,0,0,0,0,0,0,0,0,0,0,0,0,0,0,0,0,0,0,0,0,0,0,0,0,0,0,0,0,0,0,8,3,0,2,0,3,0,0,0.0,0,0,0,0,0,0,0,0,0,0,0,0,0,0,0,0,0,0,0,0,0,0,0,0,0,0,0,0,0,0,0,0,0,0,0,30,0.0,0.0,0.0,0.2,0.16666666666666666,41.99,['SSTI']
http://localhost:5050/api/v1/images/ssti-custom_template_field_form,0,0,49.05,0,0.0,0.0,0,0,0,0,0,0.0,0,0,0,0,0,0,0,0,0,0,0,0,0,0,0,0,0,0,0,0,0,0,0,0,0,0,0,0,0,0,0,0,8,3,0,0,0,0,0,0,0.0,0,0,0,0,0,0,0,0,0,0,0,0,0,0,0,0,0,0,0,0,0,0,0,0,0,0,0,0,0,0,0,0,0,0,0,27,0.0,0.0,0.0,0.0,0.0,10.83,['SSTI']
http://localhost:5050/api/v1/images/ssti-message_field_json,405,0,36.19,153,4.599963902086099,0.0,0,0,0,0,0,0.0,0,0,0,0,0,0,0,0,0,0,0,0,0,0,0,0,0,0,0,0,0,0,0,0,0,0,0,0,0,0,0,0,8,3,0,0,0,0,0,0,0.0,0,0,0,0,0,0,0,0,0,0,0,0,0,0,0,0,0,0,0,0,0,0,0,0,0,0,0,0,0,0,0,0,0,0,0,28,0.0,0.0,0.0,0.21428571428571427,0.0,28.04,['SSTI']
http://localhost:5050/api/v1/images/prototype_pollution-deep_merge_settings,405,0,32.69,153,4.599963902086099,0.0,0,0,0,0,0,0.0,0,0,0,0,0,0,0,0,0,0,0,0,0,0,0,0,0,0,0,0,0,0,0,0,0,0,0,0,0,0,0,0,8,3,0,0,0,0,0,0,0.0,0,0,0,0,0,0,0,0,0,0,0,0,0,0,0,0,0,0,0,0,0,0,0,0,0,0,0,0,0,0,0,0,0,0,0,21,0.0,0.0,0.0,0.14285714285714285,0.0,23.49,['Prototype_Pollution']
http://localhost:5050/api/v1/images/prototype_pollution-deep_merge_preferences,405,0,33.9,153,4.599963902086099,0.0,0,0,0,0,0,0.0,0,0,0,0,0,0,0,0,0,0,0,0,0,0,0,0,0,0,0,0,0,0,0,0,0,0,0,0,0,0,0,0,8,3,0,0,0,0,0,0,0.0,0,0,0,0,0,0,0,0,0,0,0,0,0,0,0,0,0,0,0,0,0,0,0,0,0,0,0,0,0,0,0,0,0,0,0,18,0.0,0.0,0.0,0.2222222222222222,0.0,16.49,['Prototype_Pollution']
http://localhost:5050/api/v1/images/http_request_smuggling-cl_te_both_accepted,200,0,9.74,344,4.823594468752694,0.0,0,0,0,0,0,0.0,0,0,0,0,0,0,0,0,0,0,0,0,0,0,0,0,0,0,0,0,0,0,0,0,0,0,0,0,0,0,1,0,8,3,0,2,0,3,0,0,0.0,0,0,0,0,0,0,0,0,0,0,0,0,0,0,0,0,0,0,0,0,0,0,0,0,0,0,0,0,0,0,0,0,0,0,0,30,0.0,0.0,0.0,0.16666666666666666,0.0,41.46,['HTTP_Request_Smuggling']
http://localhost:5050/api/v1/images/http_request_smuggling-duplicate_content_length_accepted,200,0,14.9,308,4.792665191983099,0.0,0,0,0,0,0,0.0,0,0,0,0,0,0,0,0,0,0,0,0,0,0,0,0,0,0,0,0,0,0,0,0,0,0,0,0,0,0,1,0,8,3,0,2,0,3,0,0,0.0,0,0,0,0,0,0,0,0,0,0,0,0,0,0,0,0,0,0,0,0,0,0,0,0,0,0,0,0,0,0,0,0,0,0,0,20,0.0,0.0,0.0,0.2,0.0,41.04,['HTTP_Request_Smuggling']
http://localhost:5050/api/v1/images/xpath_injection-login_xpath_concat,405,0,10.92,153,4.599963902086099,0.0,0,0,0,0,0,0.0,0,0,0,0,0,0,0,0,0,0,0,0,0,0,0,0,0,0,0,0,0,0,0,0,0,0,0,0,0,0,0,0,8,3,0,0,0,0,0,0,0.0,0,0,0,0,0,0,0,0,0,0,0,0,0,0,0,0,0,0,0,0,0,0,0,0,0,0,0,0,0,0,0,0,0,0,0,28,0.0,0.0,0.0,0.32142857142857145,0.0,41.63,['XPATH_Injection']
http://localhost:5050/api/v1/images/xpath_injection-search_xpath_concat,200,0,10.85,298,4.885148132517581,0.0,0,0,0,0,0,0.0,0,0,0,0,0,0,0,0,0,0,0,0,0,0,0,0,0,0,0,0,0,0,0,0,0,0,0,0,0,0,0,0,8,3,0,3,0,3,2,0,0.0,0,0,0,0,0,0,0,0,0,0,0,0,0,0,0,0,0,0,0,0,0,0,0,0,0,0,0,0,0,0,0,0,0,0,0,19,0.0,0.0,0.0,0.05263157894736842,0.05263157894736842,42.24,['XPATH_Injection']
http://localhost:5050/api/v1/images/graphqli-introspection_left_enabled,405,0,39.04,153,4.599963902086099,0.0,0,0,0,0,0,0.0,0,0,0,0,0,0,0,0,0,0,0,0,0,0,0,0,0,0,0,0,0,0,0,0,0,0,0,0,0,0,0,0,8,3,0,0,0,0,0,0,0.0,0,0,0,0,0,0,0,0,0,0,0,0,0,0,0,0,0,0,0,0,0,0,0,0,0,0,0,0,0,0,0,0,0,0,0,27,0.0,0.0,0.0,0.037037037037037035,0.0,11.63,['GraphQLi']
http://localhost:5050/api/v1/images/graphqli-no_query_depth_limit,405,0,9.72,153,4.599963902086099,0.0,0,0,0,0,0,0.0,0,0,0,0,0,0,0,0,0,0,0,0,0,0,0,0,0,0,0,0,0,0,0,0,0,0,0,0,0,0,0,0,8,3,0,0,0,0,0,0,0.0,0,0,0,0,0,0,0,0,0,0,0,0,0,0,0,0,0,0,0,0,0,0,0,0,0,0,0,0,0,0,0,0,0,0,0,23,0.0,0.0,0.0,0.13043478260869565,0.0,41.63,['GraphQLi']
http://localhost:5050/api/v1/images/cors-reflect_origin_credentials_true,200,0,13.74,341,4.915614110774116,0.0,0,0,0,0,0,0.0,0,0,0,0,0,0,0,0,0,0,0,0,0,0,0,0,0,0,0,0,0,0,0,0,0,0,0,0,0,0,0,0,8,3,0,3,1,3,0,0,0.0,0,0,0,0,0,0,0,0,0,0,0,0,0,0,0,0,0,0,0,0,0,0,0,0,0,0,0,0,0,0,0,0,0,0,0,28,0.0,0.0,0.0,0.25,0.0,41.92,['CORS']
http://localhost:5050/api/v1/images/cors-wildcard_origin_sensitive_endpoint,200,0,14.55,280,4.750906456833172,0.0,0,0,0,0,0,0.0,0,0,0,0,0,0,0,0,0,0,0,0,0,0,0,0,0,0,0,0,0,0,0,0,0,0,0,0,0,0,0,0,8,3,0,2,0,3,0,0,0.0,0,0,0,0,0,0,0,0,0,0,0,0,0,0,0,0,0,0,0,0,0,0,0,0,0,0,0,0,0,0,0,0,0,0,0,24,0.0,0.0,0.0,0.25,0.0,42.24,['CORS']
http://localhost:5050/api/v1/images/csrf-generic_state_change_no_token,405,0,36.15,153,4.599963902086099,0.0,0,0,0,0,0,0.0,0,0,0,0,0,0,0,0,0,0,0,0,0,0,0,0,0,0,0,0,0,0,0,0,0,0,0,0,0,0,0,0,8,3,0,0,0,0,0,0,0.0,0,0,0,0,0,0,0,0,0,0,0,0,0,0,0,0,0,0,0,0,0,0,0,0,0,0,0,0,0,0,0,0,0,0,0,29,0.0,0.0,0.0,0.13793103448275862,0.0,29.22,['CSRF']
http://localhost:5050/api/v1/images/csrf-delete_no_token,200,0,13.11,252,4.887717074113716,0.0,0,0,0,0,0,0.0,0,0,0,0,0,0,0,0,0,0,0,0,0,0,0,0,0,0,0,0,0,0,0,0,0,0,0,0,0,0,0,0,8,3,0,2,0,3,0,0,0.0,0,0,0,0,0,0,0,0,0,0,0,0,0,0,0,0,0,0,0,0,0,0,0,0,0,0,0,0,0,0,0,0,0,0,0,24,0.0,0.0,0.0,0.3333333333333333,0.125,41.75,['CSRF']
http://localhost:5050/api/v1/images/csrf-sensitive_transfer_no_token,0,0,48.37,0,0.0,0.0,0,0,0,0,0,0.0,0,0,0,0,0,0,0,0,0,0,0,0,0,0,0,0,0,0,0,0,0,0,0,0,0,0,0,0,0,0,0,0,8,3,0,0,0,0,0,0,0.0,0,0,0,0,0,0,0,0,0,0,0,0,0,0,0,0,0,0,0,0,0,0,0,0,0,0,0,0,0,0,0,0,0,0,0,29,0.0,0.0,0.0,0.0,0.0,10.83,['CSRF']
http://localhost:5050/api/v1/images/ratelimit-login_endpoint_no_throttle,405,0,9.67,153,4.599963902086099,0.0,0,0,0,0,0,0.0,0,0,0,0,0,0,0,0,0,0,0,0,0,0,0,0,0,0,0,0,0,0,0,0,0,0,0,0,0,0,0,0,8,3,0,0,0,0,0,0,0.0,0,0,0,0,0,0,0,0,0,0,0,0,0,0,0,0,0,0,0,0,0,0,0,0,0,0,0,0,0,0,0,0,0,0,0,30,0.0,0.0,0.0,0.16666666666666666,0.0,41.63,['RateLimit']
http://localhost:5050/api/v1/images/ratelimit-password_reset_no_throttle,200,0,14.85,275,4.714878008937243,0.0,0,0,0,0,0,0.0,0,0,0,0,0,0,0,0,0,0,0,0,0,0,0,0,0,0,0,0,0,0,0,0,0,0,0,0,0,0,0,0,8,3,0,2,0,3,0,0,0.0,0,0,0,0,0,0,0,0,0,0,0,0,0,0,0,0,0,0,0,0,0,0,0,0,0,0,0,0,0,0,0,0,0,0,0,20,0.0,0.0,0.0,0.05,0.0,41.56,['RateLimit']
http://localhost:5050/api/v1/images/infodisc-stack_trace_leak_on_error,200,0,10.78,140,4.741045717176263,0.0,0,0,0,0,0,0.0,0,0,0,0,0,0,0,0,0,0,0,0,0,0,0,0,0,0,0,0,0,0,0,0,0,0,0,0,0,0,0,0,8,3,0,2,0,3,0,0,0.0,0,0,0,0,0,0,0,0,0,0,0,0,0,0,0,0,0,0,0,0,0,0,0,0,0,0,0,0,0,0,0,0,0,0,0,26,0.0,0.0,0.0,0.23076923076923078,0.0,42.11,['InfoDisc']
http://localhost:5050/api/v1/images/infodisc-verbose_server_version_header,200,0,14.67,263,4.983681152403335,0.0,0,0,0,0,0,0.0,0,0,0,0,0,0,0,0,0,0,0,0,0,0,0,0,0,0,0,0,0,0,0,0,0,0,0,0,0,0,0,0,8,3,0,2,0,3,0,0,0.0,0,0,0,0,0,0,0,0,0,0,0,0,0,0,0,0,0,0,0,0,0,0,0,0,0,0,0,0,0,0,0,0,0,0,0,23,0.0,0.0,0.0,0.34782608695652173,0.0,41.9,['InfoDisc']
http://localhost:5050/api/v1/images/infodisc-debug_env_endpoint/<resource_name>,200,0,9.65,282,5.011894625193281,0.0,0,0,0,0,0,0.0,0,0,0,0,0,0,0,0,0,0,0,0,0,0,0,0,0,0,0,0,0,0,0,0,0,0,0,0,0,0,0,0,8,3,0,2,0,3,0,0,0.0,0,0,0,0,0,0,0,0,0,0,0,0,0,0,0,0,0,0,0,0,0,0,0,0,0,0,0,0,0,0,0,0,0,0,0,25,0.0,0.0,0.0,0.16,0.0,42.14,['InfoDisc']
http://localhost:5050/api/v1/images/inseccrypto-md5_unsalted_password,405,0,30.97,153,4.599963902086099,0.0,0,0,0,0,0,0.0,0,0,0,0,0,0,0,0,0,0,0,0,0,0,0,0,0,0,0,0,0,0,0,0,0,0,0,0,0,0,0,0,8,3,0,0,0,0,0,0,0.0,0,0,0,0,0,0,0,0,0,0,0,0,0,0,0,0,0,0,0,0,0,0,0,0,0,0,0,0,0,0,0,0,0,0,0,25,0.0,0.0,0.0,0.16,0.0,30.0,['InsecCrypto']
http://localhost:5050/api/v1/images/inseccrypto-xor_fixed_key_encryption,200,0,14.12,338,5.045525996938729,0.0,0,0,0,0,0,0.0,0,0,0,0,0,0,0,0,0,0,0,0,0,0,0,0,0,0,0,0,0,0,0,0,0,0,0,0,0,0,0,0,8,3,0,2,0,3,0,0,0.0,0,0,0,0,0,0,0,0,0,0,0,0,0,0,0,0,0,0,0,0,0,0,0,0,0,0,0,0,0,0,0,0,0,0,0,19,0.0,0.0,0.0,0.10526315789473684,0.0,41.89,['InsecCrypto']
http://localhost:5050/api/v1/images/openredirect-redirect_query_url_no_check,200,0,10.82,276,4.718875703132121,0.0,0,0,0,0,0,0.0,0,0,0,0,0,0,0,0,0,0,0,0,0,0,0,0,0,0,0,0,0,0,0,0,0,0,0,0,0,0,0,0,8,3,0,2,0,3,0,0,0.0,0,0,0,0,0,0,0,0,0,0,0,0,0,0,0,0,0,0,0,0,0,0,0,0,0,0,0,0,0,0,0,0,0,0,0,29,0.0,0.0,0.0,0.3103448275862069,0.0,42.24,['OpenRedirect']
http://localhost:5050/api/v1/images/openredirect-post_login_next_param,405,0,9.64,153,4.599963902086099,0.0,0,0,0,0,0,0.0,0,0,0,0,0,0,0,0,0,0,0,0,0,0,0,0,0,0,0,0,0,0,0,0,0,0,0,0,0,0,0,0,8,3,0,0,0,0,0,0,0.0,0,0,0,0,0,0,0,0,0,0,0,0,0,0,0,0,0,0,0,0,0,0,0,0,0,0,0,0,0,0,0,0,0,0,0,28,0.0,0.0,0.0,0.35714285714285715,0.0,41.63,['OpenRedirect']
http://localhost:5050/api/v1/images/jwt-alg_none_accepted,200,0,13.53,132,4.696518389727551,0.0,0,0,0,0,0,0.0,0,0,0,0,0,0,0,0,0,0,0,0,0,0,0,0,0,0,0,0,0,0,0,0,0,0,0,0,0,0,0,0,8,3,0,2,0,3,0,0,0.0,0,0,0,0,0,0,0,0,0,0,0,0,0,0,0,0,0,0,0,0,0,0,0,0,0,0,0,0,0,0,0,0,0,0,0,29,0.0,0.0,0.0,0.1724137931034483,0.0,41.9,['JWT']
http://localhost:5050/api/v1/images/jwt-weak_hardcoded_secret,200,0,12.39,163,4.723176497042446,0.0,0,0,0,0,0,0.0,0,0,0,0,0,0,0,0,0,0,0,0,0,0,0,0,0,0,0,0,0,0,0,0,0,0,0,0,0,0,0,0,8,3,0,2,0,3,0,0,0.0,0,0,0,0,0,0,0,0,0,0,0,0,0,0,0,0,0,0,0,0,0,0,0,0,0,0,0,0,0,0,0,0,0,0,0,28,0.0,0.0,0.0,0.21428571428571427,0.0,42.06,['JWT']
http://localhost:5050/api/v1/images/jwt-expiry_never_checked,200,0,14.7,135,4.766300068819138,0.0,0,0,0,0,0,0.0,0,0,0,0,0,0,0,0,0,0,0,0,0,0,0,0,0,0,0,0,0,0,0,0,0,0,0,0,0,0,0,0,8,3,0,2,0,3,0,0,0.0,0,0,0,0,0,0,0,0,0,0,0,0,0,0,0,0,0,0,0,0,0,0,0,0,0,0,0,0,0,0,0,0,0,0,0,23,0.0,0.0,0.0,0.13043478260869565,0.0,42.23,['JWT']
http://localhost:5050/api/v1/images/crlf_injection-location_header_crlf,200,0,13.8,296,4.837631849640807,0.0,0,0,0,0,0,0.0,0,0,0,0,0,0,0,0,0,0,0,0,0,0,0,0,0,0,0,0,0,0,0,0,0,0,0,0,0,0,0,0,8,3,0,2,0,3,0,0,0.0,0,0,0,0,0,0,0,0,0,0,0,0,0,0,0,0,0,0,0,0,0,0,0,0,0,0,0,0,0,0,0,0,0,0,0,25,0.0,0.0,0.0,0.36,0.0,42.2,['CRLF_Injection']
http://localhost:5050/api/v1/images/crlf_injection-log_injection_crlf,405,0,13.06,153,4.599963902086099,0.0,0,0,0,0,0,0.0,0,0,0,0,0,0,0,0,0,0,0,0,0,0,0,0,0,0,0,0,0,0,0,0,0,0,0,0,0,0,0,0,8,3,0,0,0,0,0,0,0.0,0,0,0,0,0,0,0,0,0,0,0,0,0,0,0,0,0,0,0,0,0,0,0,0,0,0,0,0,0,0,0,0,0,0,0,28,0.0,0.0,0.0,0.03571428571428571,0.0,41.63,['CRLF_Injection']
http://localhost:5050/api/v1/images/racecondition-withdraw_toctou_no_lock,405,0,37.66,153,4.599963902086099,0.0,0,0,0,0,0,0.0,0,0,0,0,0,0,0,0,0,0,0,0,0,0,0,0,0,0,0,0,0,0,0,0,0,0,0,0,0,0,0,0,8,3,0,0,0,0,0,0,0.0,0,0,0,0,0,0,0,0,0,0,0,0,0,0,0,0,0,0,0,0,0,0,0,0,0,0,0,0,0,0,0,0,0,0,0,30,0.0,0.0,0.0,0.16666666666666666,0.0,15.93,['RaceCondition']
http://localhost:5050/api/v1/images/racecondition-coupon_redeem_toctou_no_lock,405,0,9.61,153,4.599963902086099,0.0,0,0,0,0,0,0.0,0,0,0,0,0,0,0,0,0,0,0,0,0,0,0,0,0,0,0,0,0,0,0,0,0,0,0,0,0,0,0,0,8,3,0,0,0,0,0,0,0.0,0,0,0,0,0,0,0,0,0,0,0,0,0,0,0,0,0,0,0,0,0,0,0,0,0,0,0,0,0,0,0,0,0,0,0,25,0.0,0.0,0.0,0.32,0.0,41.63,['RaceCondition']
http://localhost:5050/api/v1/reports/sqli-where_id_concat,200,0,12.89,216,5.039961895953399,0.0,0,0,0,0,0,0.0,0,0,0,0,0,0,0,0,0,0,0,0,0,0,0,0,0,0,0,0,0,0,0,0,0,0,0,0,0,0,0,0,8,3,0,2,0,3,0,0,0.0,0,0,0,0,0,0,0,0,0,0,0,0,0,0,0,0,0,0,0,0,0,0,0,0,0,0,0,0,0,0,0,0,0,0,0,28,0.0,0.0,0.0,0.10714285714285714,0.17857142857142858,42.47,['SQLi']
http://localhost:5050/api/v1/reports/sqli-order_by_concat,200,0,9.7,268,4.970303626556178,0.0,0,0,0,0,0,0.0,0,0,0,0,0,0,0,0,0,0,0,0,0,0,0,0,0,0,0,0,0,0,0,0,0,0,0,0,0,0,0,0,8,3,0,2,0,3,0,0,0.0,0,0,0,0,0,0,0,0,0,0,0,0,0,0,0,0,0,0,0,0,0,0,0,0,0,0,0,0,0,0,0,0,0,0,0,29,0.0,0.0,0.0,0.10344827586206896,0.0,42.49,['SQLi']
http://localhost:5050/api/v1/reports/sqli-like_search_concat,405,0,10.83,153,4.599963902086099,0.0,0,0,0,0,0,0.0,0,0,0,0,0,0,0,0,0,0,0,0,0,0,0,0,0,0,0,0,0,0,0,0,0,0,0,0,0,0,0,0,8,3,0,0,0,0,0,0,0.0,0,0,0,0,0,0,0,0,0,0,0,0,0,0,0,0,0,0,0,0,0,0,0,0,0,0,0,0,0,0,0,0,0,0,0,26,0.0,0.0,0.0,0.3076923076923077,0.0,41.63,['SQLi']
http://localhost:5050/api/v1/reports/sqli-login_bypass,405,0,30.98,153,4.599963902086099,0.0,0,0,0,0,0,0.0,0,0,0,0,0,0,0,0,0,0,0,0,0,0,0,0,0,0,0,0,0,0,0,0,0,0,0,0,0,0,0,0,8,3,0,0,0,0,0,0,0.0,0,0,0,0,0,0,0,0,0,0,0,0,0,0,0,0,0,0,0,0,0,0,0,0,0,0,0,0,0,0,0,0,0,0,0,27,0.0,0.0,0.0,0.4074074074074074,0.0,30.0,['SQLi']
http://localhost:5050/api/v1/reports/sqli-union_select_id,405,0,10.89,153,4.599963902086099,0.0,0,0,0,0,0,0.0,0,0,0,0,0,0,0,0,0,0,0,0,0,0,0,0,0,0,0,0,0,0,0,0,0,0,0,0,0,0,0,0,8,3,0,0,0,0,0,0,0.0,0,0,0,0,0,0,0,0,0,0,0,0,0,0,0,0,0,0,0,0,0,0,0,0,0,0,0,0,0,0,0,0,0,0,0,27,0.0,0.0,0.0,0.037037037037037035,0.0,41.63,['SQLi']
http://localhost:5050/api/v1/reports/cmdi-ping_host_shell_true,200,0,13.53,463,5.112513023976741,0.0,0,0,0,0,0,0.0,0,0,0,0,0,0,0,0,0,0,0,0,0,0,0,0,0,0,0,0,0,0,0,0,0,0,0,0,0,0,0,0,8,3,0,2,0,3,0,0,0.0,0,0,0,0,0,0,0,0,0,0,0,0,0,0,0,0,0,0,0,0,0,0,0,0,0,0,0,0,0,0,0,0,0,0,0,28,0.0,0.0,0.0,0.42857142857142855,0.0,42.44,['CMDi']
http://localhost:5050/api/v1/reports/cmdi-filename_echo_shell,405,0,9.87,153,4.599963902086099,0.0,0,0,0,0,0,0.0,0,0,0,0,0,0,0,0,0,0,0,0,0,0,0,0,0,0,0,0,0,0,0,0,0,0,0,0,0,0,0,0,8,3,0,0,0,0,0,0,0.0,0,0,0,0,0,0,0,0,0,0,0,0,0,0,0,0,0,0,0,0,0,0,0,0,0,0,0,0,0,0,0,0,0,0,0,28,0.0,0.0,0.0,0.21428571428571427,0.0,41.63,['CMDi']
http://localhost:5050/api/v1/reports/cmdi-archive_name_shell,405,0,38.85,153,4.599963902086099,0.0,0,0,0,0,0,0.0,0,0,0,0,0,0,0,0,0,0,0,0,0,0,0,0,0,0,0,0,0,0,0,0,0,0,0,0,0,0,0,0,8,3,0,0,0,0,0,0,0.0,0,0,0,0,0,0,0,0,0,0,0,0,0,0,0,0,0,0,0,0,0,0,0,0,0,0,0,0,0,0,0,0,0,0,0,23,0.0,0.0,0.0,0.2608695652173913,0.0,11.63,['CMDi']
http://localhost:5050/api/v1/reports/insecdeser-pickle_b64_import,405,0,52.07,153,4.599963902086099,0.0,0,0,0,0,0,0.0,0,0,0,0,0,0,0,0,0,0,0,0,0,0,0,0,0,0,0,0,0,0,0,0,0,0,0,0,0,0,0,0,8,3,0,0,0,0,0,0,0.0,0,0,0,0,0,0,0,0,0,0,0,0,0,0,0,0,0,0,0,0,0,0,0,0,0,0,0,0,0,0,0,0,0,0,0,29,0.0,0.0,0.0,0.10344827586206896,0.0,11.63,['InsecDeser']
http://localhost:5050/api/v1/reports/insecdeser-yaml_unsafe_load,405,0,9.83,153,4.599963902086099,0.0,0,0,0,0,0,0.0,0,0,0,0,0,0,0,0,0,0,0,0,0,0,0,0,0,0,0,0,0,0,0,0,0,0,0,0,0,0,0,0,8,3,0,0,0,0,0,0,0.0,0,0,0,0,0,0,0,0,0,0,0,0,0,0,0,0,0,0,0,0,0,0,0,0,0,0,0,0,0,0,0,0,0,0,0,27,0.0,0.0,0.0,0.2222222222222222,0.0,41.63,['InsecDeser']
http://localhost:5050/api/v1/reports/insecupload-no_extension_whitelist,405,0,13.02,153,4.599963902086099,0.0,0,0,0,0,0,0.0,0,0,0,0,0,0,0,0,0,0,0,0,0,0,0,0,0,0,0,0,0,0,0,0,0,0,0,0,0,0,0,0,8,3,0,0,0,0,0,0,0.0,0,0,0,0,0,0,0,0,0,0,0,0,0,0,0,0,0,0,0,0,0,0,0,0,0,0,0,0,0,0,0,0,0,0,0,27,0.0,0.0,0.0,0.1111111111111111,0.0,41.63,['InsecUpload']
http://localhost:5050/api/v1/reports/insecupload-no_content_type_check,405,0,38.87,153,4.599963902086099,0.0,0,0,0,0,0,0.0,0,0,0,0,0,0,0,0,0,0,0,0,0,0,0,0,0,0,0,0,0,0,0,0,0,0,0,0,0,0,0,0,8,3,0,0,0,0,0,0,0.0,0,0,0,0,0,0,0,0,0,0,0,0,0,0,0,0,0,0,0,0,0,0,0,0,0,0,0,0,0,0,0,0,0,0,0,26,0.0,0.0,0.0,0.15384615384615385,0.0,11.63,['InsecUpload']
http://localhost:5050/api/v1/reports/credsexpose-debug_endpoint_left_on/<resource_name>,200,0,11.39,386,5.094023821539953,0.0,0,0,0,0,0,0.0,0,0,0,0,0,0,0,0,0,0,0,0,0,0,0,0,0,0,0,0,0,0,0,0,0,0,0,0,0,0,0,0,8,3,0,2,0,3,0,0,0.0,0,0,0,0,0,0,0,0,0,0,0,0,0,0,0,0,0,0,0,0,0,0,0,0,0,0,0,0,0,0,0,0,0,0,0,27,0.0,0.0,0.0,0.25925925925925924,0.0,42.33,['CredsExpose']
http://localhost:5050/api/v1/reports/credsexpose-verbose_error_with_secret,200,0,13.52,303,4.866093220129561,0.0,0,0,0,0,0,0.0,0,0,0,0,0,0,0,0,0,0,0,0,0,0,0,0,0,0,0,0,0,0,0,0,0,0,0,0,0,0,0,0,8,3,0,3,1,3,0,0,0.0,0,0,0,0,0,0,0,0,0,0,0,0,0,0,0,0,0,0,0,0,0,0,0,0,0,0,0,0,0,0,0,0,0,0,0,27,0.0,0.0,0.0,0.18518518518518517,0.18518518518518517,42.58,['CredsExpose']
http://localhost:5050/api/v1/reports/credsexpose-secret_in_response_header,200,0,13.44,279,4.927307633136376,0.0,0,0,0,0,0,0.0,0,0,0,0,0,0,0,0,0,0,0,0,0,0,0,0,0,0,0,0,0,0,0,0,0,0,0,0,0,0,0,0,8,3,0,2,0,3,0,0,0.0,0,0,0,0,0,0,0,0,0,0,0,0,0,0,0,0,0,0,0,0,0,0,0,0,0,0,0,0,0,0,0,0,0,0,0,28,0.0,0.0,0.0,0.07142857142857142,0.0,42.23,['CredsExpose']
http://localhost:5050/api/v1/reports/brokenauth-no_bruteforce_protection,405,0,37.89,153,4.599963902086099,0.0,0,0,0,0,0,0.0,0,0,0,0,0,0,0,0,0,0,0,0,0,0,0,0,0,0,0,0,0,0,0,0,0,0,0,0,0,0,0,0,8,3,0,0,0,0,0,0,0.0,0,0,0,0,0,0,0,0,0,0,0,0,0,0,0,0,0,0,0,0,0,0,0,0,0,0,0,0,0,0,0,0,0,0,0,30,0.0,0.0,0.0,0.13333333333333333,0.0,11.63,['BrokenAuth']
http://localhost:5050/api/v1/reports/brokenauth-predictable_session_token,405,0,37.89,153,4.599963902086099,0.0,0,0,0,0,0,0.0,0,0,0,0,0,0,0,0,0,0,0,0,0,0,0,0,0,0,0,0,0,0,0,0,0,0,0,0,0,0,0,0,8,3,0,0,0,0,0,0,0.0,0,0,0,0,0,0,0,0,0,0,0,0,0,0,0,0,0,0,0,0,0,0,0,0,0,0,0,0,0,0,0,0,0,0,0,26,0.0,0.0,0.0,0.38461538461538464,0.0,15.75,['BrokenAuth']
http://localhost:5050/api/v1/reports/brokenauth-guessable_password_reset,200,0,12.9,236,4.827009842214974,0.0,0,0,0,0,0,0.0,0,0,0,0,0,0,0,0,0,0,0,0,0,0,0,0,0,0,0,0,0,0,0,0,0,0,0,0,0,0,0,0,8,3,0,2,0,3,0,0,0.0,0,0,0,0,0,0,0,0,0,0,0,0,0,0,0,0,0,0,0,0,0,0,0,0,0,0,0,0,0,0,0,0,0,0,0,28,0.0,0.0,0.0,0.07142857142857142,0.0,41.98,['BrokenAuth']
http://localhost:5050/api/v1/reports/xss-reflected_query_div,200,0,9.71,251,5.026070438078518,0.0,0,0,0,0,0,0.0,0,0,0,0,0,0,0,0,0,0,0,0,0,0,0,0,0,0,0,0,0,0,0,0,0,0,0,0,0,0,0,0,8,3,0,2,0,3,0,0,0.0,0,0,0,0,0,0,0,0,0,0,0,0,0,0,0,0,0,0,0,0,0,0,0,0,0,0,0,0,0,0,0,0,0,0,0,23,0.0,0.0,0.0,0.08695652173913043,0.17391304347826086,41.39,['XSS']
http://localhost:5050/api/v1/reports/xss-reflected_form_comment,405,0,9.74,153,4.599963902086099,0.0,0,0,0,0,0,0.0,0,0,0,0,0,0,0,0,0,0,0,0,0,0,0,0,0,0,0,0,0,0,0,0,0,0,0,0,0,0,0,0,8,3,0,0,0,0,0,0,0.0,0,0,0,0,0,0,0,0,0,0,0,0,0,0,0,0,0,0,0,0,0,0,0,0,0,0,0,0,0,0,0,0,0,0,0,28,0.0,0.0,0.0,0.07142857142857142,0.0,41.63,['XSS']
http://localhost:5050/api/v1/reports/xss-reflected_json_span,405,0,39.77,153,4.599963902086099,0.0,0,0,0,0,0,0.0,0,0,0,0,0,0,0,0,0,0,0,0,0,0,0,0,0,0,0,0,0,0,0,0,0,0,0,0,0,0,0,0,8,3,0,0,0,0,0,0,0.0,0,0,0,0,0,0,0,0,0,0,0,0,0,0,0,0,0,0,0,0,0,0,0,0,0,0,0,0,0,0,0,0,0,0,0,22,0.0,0.0,0.0,0.09090909090909091,0.0,22.17,['XSS']
http://localhost:5050/api/v1/reports/xss-reflected_header_comment,200,0,12.79,262,4.966520805214758,0.0,0,0,0,0,0,0.0,0,0,0,0,0,0,0,0,0,0,0,0,0,0,0,0,0,0,0,0,0,0,0,0,0,0,0,0,0,0,0,0,8,3,0,2,0,3,0,0,0.0,0,0,0,0,0,0,0,0,0,0,0,0,0,0,0,0,0,0,0,0,0,0,0,0,0,0,0,0,0,0,0,0,0,0,0,26,0.0,0.0,0.0,0.15384615384615385,0.0,41.56,['XSS']
http://localhost:5050/api/v1/reports/xss-reflected_attribute_breakout,200,0,13.46,281,4.887997387970898,0.0,0,0,0,0,0,0.0,0,0,0,0,0,0,0,0,0,0,0,0,0,0,0,0,0,0,0,0,0,0,0,0,0,0,0,0,0,0,0,0,8,3,0,2,0,3,0,0,0.0,0,0,0,0,0,0,0,0,0,0,0,0,0,0,0,0,0,0,0,0,0,0,0,0,0,0,0,0,0,0,0,0,0,0,0,18,0.0,0.0,0.0,0.1111111111111111,0.0,41.93,['XSS']
http://localhost:5050/api/v1/reports/dirtrav-read_file_query_param,200,0,11.23,213,4.683915703006805,0.0,0,0,0,0,0,0.0,0,0,0,0,0,0,0,0,0,0,0,0,0,0,0,0,0,0,0,0,0,0,0,0,0,0,0,0,0,0,0,0,8,3,0,2,0,3,0,0,0.0,0,0,0,0,0,0,0,0,0,0,0,0,0,0,0,0,0,0,0,0,0,0,0,0,0,0,0,0,0,0,0,0,0,0,0,30,0.0,0.0,0.0,0.26666666666666666,0.7333333333333333,42.35,['DirTrav']
http://localhost:5050/api/v1/reports/dirtrav-read_file_form_param,405,0,47.28,153,4.599963902086099,0.0,0,0,0,0,0,0.0,0,0,0,0,0,0,0,0,0,0,0,0,0,0,0,0,0,0,0,0,0,0,0,0,0,0,0,0,0,0,0,0,8,3,0,0,0,0,0,0,0.0,0,0,0,0,0,0,0,0,0,0,0,0,0,0,0,0,0,0,0,0,0,0,0,0,0,0,0,0,0,0,0,0,0,0,0,22,0.0,0.0,0.0,0.18181818181818182,0.0,12.86,['DirTrav']
http://localhost:5050/api/v1/reports/dirtrav-read_file_path_segment/<filename>,200,0,15.2,264,4.776677983266048,0.0,0,0,0,0,0,0.0,0,0,0,0,0,0,0,0,0,0,0,0,0,0,0,0,0,0,0,0,0,0,0,0,0,0,0,0,0,0,0,0,8,3,0,2,0,3,0,0,0.0,0,0,0,0,0,0,0,0,0,0,0,0,0,0,0,0,0,0,0,0,0,0,0,0,0,0,0,0,0,0,0,0,0,0,0,17,0.0,0.0,0.0,0.058823529411764705,0.0,30.0,['DirTrav']
http://localhost:5050/api/v1/reports/xxe-resolve_entities_json_body,405,0,13.0,153,4.599963902086099,0.0,0,0,0,0,0,0.0,0,0,0,0,0,0,0,0,0,0,0,0,0,0,0,0,0,0,0,0,0,0,0,0,0,0,0,0,0,0,0,0,8,3,0,0,0,0,0,0,0.0,0,0,0,0,0,0,0,0,0,0,0,0,0,0,0,0,0,0,0,0,0,0,0,0,0,0,0,0,0,0,0,0,0,0,0,29,0.0,0.0,0.0,0.0,0.0,30.0,['XXE']
http://localhost:5050/api/v1/reports/xxe-resolve_entities_form_body,405,0,51.57,153,4.599963902086099,0.0,0,0,0,0,0,0.0,0,0,0,0,0,0,0,0,0,0,0,0,0,0,0,0,0,0,0,0,0,0,0,0,0,0,0,0,0,0,0,0,8,3,0,0,0,0,0,0,0.0,0,0,0,0,0,0,0,0,0,0,0,0,0,0,0,0,0,0,0,0,0,0,0,0,0,0,0,0,0,0,0,0,0,0,0,30,0.0,0.0,0.0,0.03333333333333333,0.0,11.63,['XXE']
http://localhost:5050/api/v1/reports/nosqli-auth_operator_bypass,405,0,38.82,153,4.599963902086099,0.0,0,0,0,0,0,0.0,0,0,0,0,0,0,0,0,0,0,0,0,0,0,0,0,0,0,0,0,0,0,0,0,0,0,0,0,0,0,0,0,8,3,0,0,0,0,0,0,0.0,0,0,0,0,0,0,0,0,0,0,0,0,0,0,0,0,0,0,0,0,0,0,0,0,0,0,0,0,0,0,0,0,0,0,0,30,0.0,0.0,0.0,0.2,0.0,11.63,['NoSQLi']
http://localhost:5050/api/v1/reports/nosqli-search_filter_injection,405,0,35.9,153,4.599963902086099,0.0,0,0,0,0,0,0.0,0,0,0,0,0,0,0,0,0,0,0,0,0,0,0,0,0,0,0,0,0,0,0,0,0,0,0,0,0,0,0,0,8,3,0,0,0,0,0,0,0.0,0,0,0,0,0,0,0,0,0,0,0,0,0,0,0,0,0,0,0,0,0,0,0,0,0,0,0,0,0,0,0,0,0,0,0,22,0.0,0.0,0.0,0.13636363636363635,0.0,26.95,['NoSQLi']
http://localhost:5050/api/v1/reports/nosqli-regex_operator_injection,405,0,36.21,153,4.599963902086099,0.0,0,0,0,0,0,0.0,0,0,0,0,0,0,0,0,0,0,0,0,0,0,0,0,0,0,0,0,0,0,0,0,0,0,0,0,0,0,0,0,8,3,0,0,0,0,0,0,0.0,0,0,0,0,0,0,0,0,0,0,0,0,0,0,0,0,0,0,0,0,0,0,0,0,0,0,0,0,0,0,0,0,0,0,0,16,0.0,0.0,0.0,0.1875,0.0,26.33,['NoSQLi']
http://localhost:5050/api/v1/reports/ldapi-login_filter_wildcard,405,0,38.77,153,4.599963902086099,0.0,0,0,0,0,0,0.0,0,0,0,0,0,0,0,0,0,0,0,0,0,0,0,0,0,0,0,0,0,0,0,0,0,0,0,0,0,0,0,0,8,3,0,0,0,0,0,0,0.0,0,0,0,0,0,0,0,0,0,0,0,0,0,0,0,0,0,0,0,0,0,0,0,0,0,0,0,0,0,0,0,0,0,0,0,20,0.0,0.0,0.0,0.2,0.0,11.63,['LDAPi']
http://localhost:5050/api/v1/reports/ldapi-search_filter_wildcard,200,0,10.87,224,4.945467354165777,0.0,0,0,0,0,0,0.0,0,0,0,0,0,0,0,0,0,0,0,0,0,0,0,0,0,0,0,0,0,0,0,0,0,0,0,0,0,0,0,0,8,3,0,3,0,3,1,0,0.0,0,0,0,0,0,0,0,0,0,0,0,0,0,0,0,0,0,0,0,0,0,0,0,0,0,0,0,0,0,0,0,0,0,0,0,17,0.0,0.0,0.0,0.17647058823529413,0.17647058823529413,42.7,['LDAPi']
http://localhost:5050/api/v1/reports/insecperm-role_trusted_from_header,200,0,14.48,277,4.73934450357631,0.0,0,0,0,0,0,0.0,0,0,0,0,0,0,0,0,0,0,0,0,0,0,0,0,0,0,0,0,0,0,0,0,0,0,0,0,0,0,0,0,8,3,0,2,0,3,0,0,0.0,0,0,0,0,0,0,0,0,0,0,0,0,0,0,0,0,0,0,0,0,0,0,0,0,0,0,0,0,0,0,0,0,0,0,0,17,0.0,0.0,0.0,0.17647058823529413,0.0,41.81,['InsecPerm']
http://localhost:5050/api/v1/reports/insecperm-world_readable_export_endpoint/<id>,200,0,13.04,277,4.7453318456889315,0.0,0,0,0,0,0,0.0,0,0,0,0,0,0,0,0,0,0,0,0,0,0,0,0,0,0,0,0,0,0,0,0,0,0,0,0,0,0,0,0,8,3,0,2,0,3,0,0,0.0,0,0,0,0,0,0,0,0,0,0,0,0,0,0,0,0,0,0,0,0,0,0,0,0,0,0,0,0,0,0,0,0,0,0,0,27,0.0,0.0,0.0,0.037037037037037035,0.0,42.7,['InsecPerm']
http://localhost:5050/api/v1/reports/insecperm-client_controlled_admin_flag,200,0,13.43,236,4.708720835520143,0.0,0,0,0,0,0,0.0,0,0,0,0,0,0,0,0,0,0,0,0,0,0,0,0,0,0,0,0,0,0,0,0,0,0,0,0,0,0,0,0,8,3,0,2,0,3,0,0,0.0,0,0,0,0,0,0,0,0,0,0,0,0,0,0,0,0,0,0,0,0,0,0,0,0,0,0,0,0,0,0,0,0,0,0,0,27,0.0,0.0,0.0,0.2222222222222222,0.0,42.03,['InsecPerm']
http://localhost:5050/api/v1/reports/idor-path_id_direct_access/<obj_id>,200,0,10.8,393,4.89492302861595,0.0,0,0,0,0,0,0.0,0,0,0,0,0,0,0,0,0,0,0,0,0,0,0,0,0,0,0,0,0,0,0,0,0,0,0,0,0,0,0,0,8,3,0,3,0,4,0,0,0.0,0,0,0,0,0,0,0,0,0,0,0,0,0,0,0,0,0,0,0,0,0,0,0,0,0,0,0,0,0,0,0,0,0,0,0,20,0.0,0.0,0.0,0.15,0.0,42.09,['IDOR']
http://localhost:5050/api/v1/reports/idor-query_id_direct_access,200,0,14.47,277,4.737612950708555,0.0,0,0,0,0,0,0.0,0,0,0,0,0,0,0,0,0,0,0,0,0,0,0,0,0,0,0,0,0,0,0,0,0,0,0,0,0,0,0,0,8,3,0,3,0,4,0,0,0.0,0,0,0,0,0,0,0,0,0,0,0,0,0,0,0,0,0,0,0,0,0,0,0,0,0,0,0,0,0,0,0,0,0,0,0,28,0.0,0.0,0.0,0.4642857142857143,0.0,42.13,['IDOR']
http://localhost:5050/api/v1/reports/idor-json_body_id_direct_access,405,0,9.81,153,4.599963902086099,0.0,0,0,0,0,0,0.0,0,0,0,0,0,0,0,0,0,0,0,0,0,0,0,0,0,0,0,0,0,0,0,0,0,0,0,0,0,0,0,0,8,3,0,0,0,0,0,0,0.0,0,0,0,0,0,0,0,0,0,0,0,0,0,0,0,0,0,0,0,0,0,0,0,0,0,0,0,0,0,0,0,0,0,0,0,28,0.0,0.0,0.0,0.14285714285714285,0.0,41.63,['IDOR']
http://localhost:5050/api/v1/reports/sessfix-sessionid_accepted_from_query,200,0,13.36,245,4.7775362913681185,0.0,0,0,0,0,0,0.0,0,0,0,0,0,0,0,0,0,0,0,0,0,0,0,0,0,0,0,0,0,0,0,0,0,0,0,0,0,0,0,0,8,3,0,2,0,3,0,0,0.0,0,0,0,0,0,0,0,0,0,0,0,0,0,0,0,0,0,0,0,0,0,0,0,0,0,0,0,0,0,0,0,0,0,0,0,26,0.0,0.0,0.0,0.23076923076923078,0.0,42.53,['SessFix']
http://localhost:5050/api/v1/reports/sessfix-sessionid_not_regenerated_on_login,200,0,14.26,198,4.567188490691676,0.0,0,0,0,0,0,0.0,0,0,0,0,0,0,0,0,0,0,0,0,0,0,0,0,0,0,0,0,0,0,0,0,0,0,0,0,0,0,0,0,8,3,0,2,0,3,0,0,0.0,0,0,0,0,0,0,0,0,0,0,0,0,0,0,0,0,0,0,0,0,0,0,0,0,0,0,0,0,0,0,0,0,0,0,0,23,0.0,0.0,0.0,0.17391304347826086,0.0,42.58,['SessFix']
http://localhost:5050/api/v1/reports/ssrf-url_fetch_query_no_allowlist,200,0,15.11,343,4.890932940596879,0.0,0,0,0,0,0,0.0,0,0,0,0,0,0,0,0,0,0,0,0,0,0,0,0,0,0,0,0,0,0,0,0,0,0,0,0,0,0,0,0,8,3,0,3,0,3,1,0,0.0,0,0,0,0,0,0,0,0,0,0,0,0,0,0,0,0,0,0,0,0,0,0,0,0,0,0,0,0,0,0,0,0,0,0,0,27,0.0,0.0,0.0,0.2962962962962963,0.0,43.17,['SSRF']
http://localhost:5050/api/v1/reports/ssrf-url_fetch_json_webhook,405,0,12.95,153,4.599963902086099,0.0,0,0,0,0,0,0.0,0,0,0,0,0,0,0,0,0,0,0,0,0,0,0,0,0,0,0,0,0,0,0,0,0,0,0,0,0,0,0,0,8,3,0,0,0,0,0,0,0.0,0,0,0,0,0,0,0,0,0,0,0,0,0,0,0,0,0,0,0,0,0,0,0,0,0,0,0,0,0,0,0,0,0,0,0,27,0.0,0.0,0.0,0.0,0.0,30.0,['SSRF']
http://localhost:5050/api/v1/reports/ssrf-url_fetch_form_image_import,405,0,9.79,153,4.599963902086099,0.0,0,0,0,0,0,0.0,0,0,0,0,0,0,0,0,0,0,0,0,0,0,0,0,0,0,0,0,0,0,0,0,0,0,0,0,0,0,0,0,8,3,0,0,0,0,0,0,0.0,0,0,0,0,0,0,0,0,0,0,0,0,0,0,0,0,0,0,0,0,0,0,0,0,0,0,0,0,0,0,0,0,0,0,0,27,0.0,0.0,0.0,0.1111111111111111,0.0,41.63,['SSRF']
http://localhost:5050/api/v1/reports/ssti-greeting_name_query,200,0,13.5,201,4.692352188774138,0.0,0,0,0,0,0,0.0,0,0,0,0,0,0,0,0,0,0,0,0,0,0,0,0,0,0,0,0,0,0,0,0,0,0,0,0,0,0,0,0,8,3,0,2,0,3,0,0,0.0,0,0,0,0,0,0,0,0,0,0,0,0,0,0,0,0,0,0,0,0,0,0,0,0,0,0,0,0,0,0,0,0,0,0,0,28,0.0,0.0,0.0,0.14285714285714285,0.17857142857142858,42.27,['SSTI']
http://localhost:5050/api/v1/reports/ssti-custom_template_field_form,405,0,31.01,153,4.599963902086099,0.0,0,0,0,0,0,0.0,0,0,0,0,0,0,0,0,0,0,0,0,0,0,0,0,0,0,0,0,0,0,0,0,0,0,0,0,0,0,0,0,8,3,0,0,0,0,0,0,0.0,0,0,0,0,0,0,0,0,0,0,0,0,0,0,0,0,0,0,0,0,0,0,0,0,0,0,0,0,0,0,0,0,0,0,0,20,0.0,0.0,0.0,0.15,0.0,21.92,['SSTI']
http://localhost:5050/api/v1/reports/ssti-message_field_json,405,0,37.9,153,4.599963902086099,0.0,0,0,0,0,0,0.0,0,0,0,0,0,0,0,0,0,0,0,0,0,0,0,0,0,0,0,0,0,0,0,0,0,0,0,0,0,0,0,0,8,3,0,0,0,0,0,0,0.0,0,0,0,0,0,0,0,0,0,0,0,0,0,0,0,0,0,0,0,0,0,0,0,0,0,0,0,0,0,0,0,0,0,0,0,19,0.0,0.0,0.0,0.0,0.0,12.92,['SSTI']
http://localhost:5050/api/v1/reports/prototype_pollution-deep_merge_settings,405,0,9.76,153,4.599963902086099,0.0,0,0,0,0,0,0.0,0,0,0,0,0,0,0,0,0,0,0,0,0,0,0,0,0,0,0,0,0,0,0,0,0,0,0,0,0,0,0,0,8,3,0,0,0,0,0,0,0.0,0,0,0,0,0,0,0,0,0,0,0,0,0,0,0,0,0,0,0,0,0,0,0,0,0,0,0,0,0,0,0,0,0,0,0,28,0.0,0.0,0.0,0.10714285714285714,0.0,41.63,['Prototype_Pollution']
http://localhost:5050/api/v1/reports/prototype_pollution-deep_merge_preferences,405,0,9.7,153,4.599963902086099,0.0,0,0,0,0,0,0.0,0,0,0,0,0,0,0,0,0,0,0,0,0,0,0,0,0,0,0,0,0,0,0,0,0,0,0,0,0,0,0,0,8,3,0,0,0,0,0,0,0.0,0,0,0,0,0,0,0,0,0,0,0,0,0,0,0,0,0,0,0,0,0,0,0,0,0,0,0,0,0,0,0,0,0,0,0,29,0.0,0.0,0.0,0.20689655172413793,0.0,41.63,['Prototype_Pollution']
http://localhost:5050/api/v1/tickets/sessfix-sessionid_accepted_from_query,200,0,11.41,245,4.798286411726886,0.0,0,0,0,0,0,0.0,0,0,0,0,0,0,0,0,0,0,0,0,0,0,0,0,0,0,0,0,0,0,0,0,0,0,0,0,0,0,0,0,8,3,0,2,0,3,0,0,0.0,0,0,0,0,0,0,0,0,0,0,0,0,0,0,0,0,0,0,0,0,0,0,0,0,0,0,0,0,0,0,0,0,0,0,0,29,0.0,0.0,0.0,0.1724137931034483,0.0,42.14,['SessFix']
http://localhost:5050/api/v1/tickets/ssrf-url_fetch_json_webhook,405,0,12.54,153,4.599963902086099,0.0,0,0,0,0,0,0.0,0,0,0,0,0,0,0,0,0,0,0,0,0,0,0,0,0,0,0,0,0,0,0,0,0,0,0,0,0,0,0,0,8,3,0,0,0,0,0,0,0.0,0,0,0,0,0,0,0,0,0,0,0,0,0,0,0,0,0,0,0,0,0,0,0,0,0,0,0,0,0,0,0,0,0,0,0,20,0.0,0.0,0.0,0.15,0.0,41.63,['SSRF']
http://localhost:5050/api/v1/tickets/cors-reflect_origin_credentials_true,200,0,12.9,343,4.905980439589552,0.0,0,0,0,0,0,0.0,0,0,0,0,0,0,0,0,0,0,0,0,0,0,0,0,0,0,0,0,0,0,0,0,0,0,0,0,0,0,0,0,8,3,0,3,1,3,0,0,0.0,0,0,0,0,0,0,0,0,0,0,0,0,0,0,0,0,0,0,0,0,0,0,0,0,0,0,0,0,0,0,0,0,0,0,0,21,0.0,0.0,0.0,0.14285714285714285,0.0,41.89,['CORS']
http://localhost:5050/api/v1/tickets/infodisc-verbose_server_version_header,200,0,9.76,264,4.987834991440684,0.0,0,0,0,0,0,0.0,0,0,0,0,0,0,0,0,0,0,0,0,0,0,0,0,0,0,0,0,0,0,0,0,0,0,0,0,0,0,0,0,8,3,0,2,0,3,0,0,0.0,0,0,0,0,0,0,0,0,0,0,0,0,0,0,0,0,0,0,0,0,0,0,0,0,0,0,0,0,0,0,0,0,0,0,0,27,0.0,0.0,0.0,0.07407407407407407,0.0,41.73,['InfoDisc']
http://localhost:5050/api/v1/tickets/inseccrypto-xor_fixed_key_encryption,200,0,12.78,340,5.032380652551717,0.0,0,0,0,0,0,0.0,0,0,0,0,0,0,0,0,0,0,0,0,0,0,0,0,0,0,0,0,0,0,0,0,0,0,0,0,0,0,0,0,8,3,0,2,0,3,0,0,0.0,0,0,0,0,0,0,0,0,0,0,0,0,0,0,0,0,0,0,0,0,0,0,0,0,0,0,0,0,0,0,0,0,0,0,0,26,0.0,0.0,0.0,0.15384615384615385,0.0,41.73,['InsecCrypto']
http://localhost:5050/api/v1/tickets/crlf_injection-log_injection_crlf,405,0,9.63,153,4.599963902086099,0.0,0,0,0,0,0,0.0,0,0,0,0,0,0,0,0,0,0,0,0,0,0,0,0,0,0,0,0,0,0,0,0,0,0,0,0,0,0,0,0,8,3,0,0,0,0,0,0,0.0,0,0,0,0,0,0,0,0,0,0,0,0,0,0,0,0,0,0,0,0,0,0,0,0,0,0,0,0,0,0,0,0,0,0,0,27,0.0,0.0,0.0,0.2222222222222222,0.0,41.63,['CRLF_Injection']
http://localhost:5050/api/v1/messages/cmdi-ping_host_shell_true,200,0,15.08,464,5.119368578381397,0.0,0,0,0,0,0,0.0,0,0,0,0,0,0,0,0,0,0,0,0,0,0,0,0,0,0,0,0,0,0,0,0,0,0,0,0,0,0,0,0,8,3,0,2,0,3,0,0,0.0,0,0,0,0,0,0,0,0,0,0,0,0,0,0,0,0,0,0,0,0,0,0,0,0,0,0,0,0,0,0,0,0,0,0,0,26,0.0,0.0,0.0,0.15384615384615385,0.0,42.41,['CMDi']
http://localhost:5050/api/v1/messages/insecupload-no_content_type_check,405,0,16.79,153,4.599963902086099,0.0,0,0,0,0,0,0.0,0,0,0,0,0,0,0,0,0,0,0,0,0,0,0,0,0,0,0,0,0,0,0,0,0,0,0,0,0,0,0,0,8,3,0,0,0,0,0,0,0.0,0,0,0,0,0,0,0,0,0,0,0,0,0,0,0,0,0,0,0,0,0,0,0,0,0,0,0,0,0,0,0,0,0,0,0,22,0.0,0.0,0.0,0.13636363636363635,0.0,41.63,['InsecUpload']
http://localhost:5050/api/v1/messages/credsexpose-debug_endpoint_left_on/<resource_name>,200,0,15.44,388,5.09287594613968,0.0,0,0,0,0,0,0.0,0,0,0,0,0,0,0,0,0,0,0,0,0,0,0,0,0,0,0,0,0,0,0,0,0,0,0,0,0,0,0,0,8,3,0,2,0,3,0,0,0.0,0,0,0,0,0,0,0,0,0,0,0,0,0,0,0,0,0,0,0,0,0,0,0,0,0,0,0,0,0,0,0,0,0,0,0,28,0.0,0.0,0.0,0.25,0.0,42.23,['CredsExpose']
http://localhost:5050/api/v1/messages/credsexpose-verbose_error_with_secret,200,0,11.51,305,4.874775967053377,0.0,0,0,0,0,0,0.0,0,0,0,0,0,0,0,0,0,0,0,0,0,0,0,0,0,0,0,0,0,0,0,0,0,0,0,0,0,0,0,0,8,3,0,3,1,3,0,0,0.0,0,0,0,0,0,0,0,0,0,0,0,0,0,0,0,0,0,0,0,0,0,0,0,0,0,0,0,0,0,0,0,0,0,0,0,29,0.0,0.0,0.0,0.20689655172413793,0.1724137931034483,42.36,['CredsExpose']
http://localhost:5050/api/v1/messages/credsexpose-secret_in_response_header,200,0,11.52,280,4.937090233435165,0.0,0,0,0,0,0,0.0,0,0,0,0,0,0,0,0,0,0,0,0,0,0,0,0,0,0,0,0,0,0,0,0,0,0,0,0,0,0,0,0,8,3,0,2,0,3,0,0,0.0,0,0,0,0,0,0,0,0,0,0,0,0,0,0,0,0,0,0,0,0,0,0,0,0,0,0,0,0,0,0,0,0,0,0,0,29,0.0,0.0,0.0,0.2413793103448276,0.0,42.07,['CredsExpose']
http://localhost:5050/api/v1/messages/brokenauth-no_bruteforce_protection,0,0,48.82,0,0.0,0.0,0,0,0,0,0,0.0,0,0,0,0,0,0,0,0,0,0,0,0,0,0,0,0,0,0,0,0,0,0,0,0,0,0,0,0,0,0,0,0,8,3,0,0,0,0,0,0,0.0,0,0,0,0,0,0,0,0,0,0,0,0,0,0,0,0,0,0,0,0,0,0,0,0,0,0,0,0,0,0,0,0,0,0,0,30,0.0,0.0,0.0,0.0,0.0,10.83,['BrokenAuth']
http://localhost:5050/api/v1/messages/brokenauth-predictable_session_token,405,0,9.85,153,4.599963902086099,0.0,0,0,0,0,0,0.0,0,0,0,0,0,0,0,0,0,0,0,0,0,0,0,0,0,0,0,0,0,0,0,0,0,0,0,0,0,0,0,0,8,3,0,0,0,0,0,0,0.0,0,0,0,0,0,0,0,0,0,0,0,0,0,0,0,0,0,0,0,0,0,0,0,0,0,0,0,0,0,0,0,0,0,0,0,27,0.0,0.0,0.0,0.18518518518518517,0.0,41.63,['BrokenAuth']
http://localhost:5050/api/v1/messages/brokenauth-guessable_password_reset,200,0,16.78,237,4.836082278585734,0.0,0,0,0,0,0,0.0,0,0,0,0,0,0,0,0,0,0,0,0,0,0,0,0,0,0,0,0,0,0,0,0,0,0,0,0,0,0,0,0,8,3,0,2,0,3,0,0,0.0,0,0,0,0,0,0,0,0,0,0,0,0,0,0,0,0,0,0,0,0,0,0,0,0,0,0,0,0,0,0,0,0,0,0,0,28,0.0,0.0,0.0,0.17857142857142858,0.0,41.96,['BrokenAuth']
http://localhost:5050/api/v1/messages/xss-reflected_query_div,200,0,12.06,253,5.031054676583006,0.0,0,0,0,0,0,0.0,0,0,0,0,0,0,0,0,0,0,0,0,0,0,0,0,0,0,0,0,0,0,0,0,0,0,0,0,0,0,0,0,8,3,0,2,0,3,0,0,0.0,0,0,0,0,0,0,0,0,0,0,0,0,0,0,0,0,0,0,0,0,0,0,0,0,0,0,0,0,0,0,0,0,0,0,0,18,0.0,0.0,0.0,0.2777777777777778,0.2222222222222222,41.16,['XSS']
http://localhost:5050/api/v1/messages/xss-reflected_form_comment,405,0,11.5,153,4.599963902086099,0.0,0,0,0,0,0,0.0,0,0,0,0,0,0,0,0,0,0,0,0,0,0,0,0,0,0,0,0,0,0,0,0,0,0,0,0,0,0,0,0,8,3,0,0,0,0,0,0,0.0,0,0,0,0,0,0,0,0,0,0,0,0,0,0,0,0,0,0,0,0,0,0,0,0,0,0,0,0,0,0,0,0,0,0,0,23,0.0,0.0,0.0,0.17391304347826086,0.0,41.63,['XSS']
http://localhost:5050/api/v1/messages/xss-reflected_json_span,405,0,12.58,153,4.599963902086099,0.0,0,0,0,0,0,0.0,0,0,0,0,0,0,0,0,0,0,0,0,0,0,0,0,0,0,0,0,0,0,0,0,0,0,0,0,0,0,0,0,8,3,0,0,0,0,0,0,0.0,0,0,0,0,0,0,0,0,0,0,0,0,0,0,0,0,0,0,0,0,0,0,0,0,0,0,0,0,0,0,0,0,0,0,0,26,0.0,0.0,0.0,0.4230769230769231,0.0,41.63,['XSS']
http://localhost:5050/api/v1/messages/xss-reflected_header_comment,200,0,12.99,264,4.960163211398799,0.0,0,0,0,0,0,0.0,0,0,0,0,0,0,0,0,0,0,0,0,0,0,0,0,0,0,0,0,0,0,0,0,0,0,0,0,0,0,0,0,8,3,0,2,0,3,0,0,0.0,0,0,0,0,0,0,0,0,0,0,0,0,0,0,0,0,0,0,0,0,0,0,0,0,0,0,0,0,0,0,0,0,0,0,0,26,0.0,0.0,0.0,0.15384615384615385,0.0,41.27,['XSS']
http://localhost:5050/api/v1/messages/xss-reflected_attribute_breakout,200,0,11.53,283,4.879573476006113,0.0,0,0,0,0,0,0.0,0,0,0,0,0,0,0,0,0,0,0,0,0,0,0,0,0,0,0,0,0,0,0,0,0,0,0,0,0,0,0,0,8,3,0,2,0,3,0,0,0.0,0,0,0,0,0,0,0,0,0,0,0,0,0,0,0,0,0,0,0,0,0,0,0,0,0,0,0,0,0,0,0,0,0,0,0,29,0.0,0.0,0.0,0.1724137931034483,0.0,41.61,['XSS']
http://localhost:5050/api/v1/messages/dirtrav-read_file_query_param,200,0,11.47,214,4.701888388585652,0.0,0,0,0,0,0,0.0,0,0,0,0,0,0,0,0,0,0,0,0,0,0,0,0,0,0,0,0,0,0,0,0,0,0,0,0,0,0,0,0,8,3,0,2,0,3,0,0,0.0,0,0,0,0,0,0,0,0,0,0,0,0,0,0,0,0,0,0,0,0,0,0,0,0,0,0,0,0,0,0,0,0,0,0,0,28,0.0,0.0,0.0,0.25,0.75,42.25,['DirTrav']
http://localhost:5050/api/v1/messages/dirtrav-read_file_form_param,405,0,35.56,153,4.599963902086099,0.0,0,0,0,0,0,0.0,0,0,0,0,0,0,0,0,0,0,0,0,0,0,0,0,0,0,0,0,0,0,0,0,0,0,0,0,0,0,0,0,8,3,0,0,0,0,0,0,0.0,0,0,0,0,0,0,0,0,0,0,0,0,0,0,0,0,0,0,0,0,0,0,0,0,0,0,0,0,0,0,0,0,0,0,0,30,0.0,0.0,0.0,0.3,0.0,18.39,['DirTrav']
http://localhost:5050/api/v1/messages/dirtrav-read_file_path_segment/<filename>,200,0,16.77,265,4.785447817371651,0.0,0,0,0,0,0,0.0,0,0,0,0,0,0,0,0,0,0,0,0,0,0,0,0,0,0,0,0,0,0,0,0,0,0,0,0,0,0,0,0,8,3,0,2,0,3,0,0,0.0,0,0,0,0,0,0,0,0,0,0,0,0,0,0,0,0,0,0,0,0,0,0,0,0,0,0,0,0,0,0,0,0,0,0,0,27,0.0,0.0,0.0,0.18518518518518517,0.0,42.05,['DirTrav']
http://localhost:5050/api/v1/messages/xxe-resolve_entities_json_body,405,0,37.5,153,4.599963902086099,0.0,0,0,0,0,0,0.0,0,0,0,0,0,0,0,0,0,0,0,0,0,0,0,0,0,0,0,0,0,0,0,0,0,0,0,0,0,0,0,0,8,3,0,0,0,0,0,0,0.0,0,0,0,0,0,0,0,0,0,0,0,0,0,0,0,0,0,0,0,0,0,0,0,0,0,0,0,0,0,0,0,0,0,0,0,29,0.0,0.0,0.0,0.0,0.0,4.61,['XXE']
http://localhost:5050/api/v1/messages/xxe-resolve_entities_form_body,405,0,13.22,153,4.599963902086099,0.0,0,0,0,0,0,0.0,0,0,0,0,0,0,0,0,0,0,0,0,0,0,0,0,0,0,0,0,0,0,0,0,0,0,0,0,0,0,0,0,8,3,0,0,0,0,0,0,0.0,0,0,0,0,0,0,0,0,0,0,0,0,0,0,0,0,0,0,0,0,0,0,0,0,0,0,0,0,0,0,0,0,0,0,0,28,0.0,0.0,0.0,0.14285714285714285,0.0,41.63,['XXE']
http://localhost:5050/api/v1/messages/nosqli-auth_operator_bypass,0,0,49.24,0,0.0,0.0,0,0,0,0,0,0.0,0,0,0,0,0,0,0,0,0,0,0,0,0,0,0,0,0,0,0,0,0,0,0,0,0,0,0,0,0,0,0,0,8,3,0,0,0,0,0,0,0.0,0,0,0,0,0,0,0,0,0,0,0,0,0,0,0,0,0,0,0,0,0,0,0,0,0,0,0,0,0,0,0,0,0,0,0,28,0.0,0.0,0.0,0.0,0.0,10.83,['NoSQLi']
http://localhost:5050/api/v1/messages/nosqli-search_filter_injection,405,0,52.95,153,4.599963902086099,0.0,0,0,0,0,0,0.0,0,0,0,0,0,0,0,0,0,0,0,0,0,0,0,0,0,0,0,0,0,0,0,0,0,0,0,0,0,0,0,0,8,3,0,0,0,0,0,0,0.0,0,0,0,0,0,0,0,0,0,0,0,0,0,0,0,0,0,0,0,0,0,0,0,0,0,0,0,0,0,0,0,0,0,0,0,30,0.0,0.0,0.0,0.03333333333333333,0.0,11.63,['NoSQLi']
http://localhost:5050/api/v1/messages/nosqli-regex_operator_injection,405,0,9.02,153,4.599963902086099,0.0,0,0,0,0,0,0.0,0,0,0,0,0,0,0,0,0,0,0,0,0,0,0,0,0,0,0,0,0,0,0,0,0,0,0,0,0,0,0,0,8,3,0,0,0,0,0,0,0.0,0,0,0,0,0,0,0,0,0,0,0,0,0,0,0,0,0,0,0,0,0,0,0,0,0,0,0,0,0,0,0,0,0,0,0,27,0.0,0.0,0.0,0.14814814814814814,0.0,41.63,['NoSQLi']
http://localhost:5050/api/v1/messages/ldapi-login_filter_wildcard,405,0,10.67,153,4.599963902086099,0.0,0,0,0,0,0,0.0,0,0,0,0,0,0,0,0,0,0,0,0,0,0,0,0,0,0,0,0,0,0,0,0,0,0,0,0,0,0,0,0,8,3,0,0,0,0,0,0,0.0,0,0,0,0,0,0,0,0,0,0,0,0,0,0,0,0,0,0,0,0,0,0,0,0,0,0,0,0,0,0,0,0,0,0,0,26,0.0,0.0,0.0,0.038461538461538464,0.0,41.63,['LDAPi']
http://localhost:5050/api/v1/messages/ldapi-search_filter_wildcard,200,0,13.22,226,4.974666372651633,0.0,0,0,0,0,0,0.0,0,0,0,0,0,0,0,0,0,0,0,0,0,0,0,0,0,0,0,0,0,0,0,0,0,0,0,0,0,0,0,0,8,3,0,3,0,3,1,0,0.0,0,0,0,0,0,0,0,0,0,0,0,0,0,0,0,0,0,0,0,0,0,0,0,0,0,0,0,0,0,0,0,0,0,0,0,21,0.0,0.0,0.0,0.14285714285714285,0.14285714285714285,42.47,['LDAPi']
http://localhost:5050/api/v1/messages/insecperm-role_trusted_from_header,200,0,15.32,279,4.728217298933718,0.0,0,0,0,0,0,0.0,0,0,0,0,0,0,0,0,0,0,0,0,0,0,0,0,0,0,0,0,0,0,0,0,0,0,0,0,0,0,0,0,8,3,0,2,0,3,0,0,0.0,0,0,0,0,0,0,0,0,0,0,0,0,0,0,0,0,0,0,0,0,0,0,0,0,0,0,0,0,0,0,0,0,0,0,0,20,0.0,0.0,0.0,0.2,0.0,41.6,['InsecPerm']
http://localhost:5050/api/v1/messages/insecperm-world_readable_export_endpoint/<id>,200,0,9.24,280,4.767994913130766,0.0,0,0,0,0,0,0.0,0,0,0,0,0,0,0,0,0,0,0,0,0,0,0,0,0,0,0,0,0,0,0,0,0,0,0,0,0,0,0,0,8,3,0,2,0,3,0,0,0.0,0,0,0,0,0,0,0,0,0,0,0,0,0,0,0,0,0,0,0,0,0,0,0,0,0,0,0,0,0,0,0,0,0,0,0,27,0.0,0.0,0.0,0.14814814814814814,0.0,42.39,['InsecPerm']
http://localhost:5050/api/v1/messages/insecperm-client_controlled_admin_flag,200,0,13.01,238,4.694948403678985,0.0,0,0,0,0,0,0.0,0,0,0,0,0,0,0,0,0,0,0,0,0,0,0,0,0,0,0,0,0,0,0,0,0,0,0,0,0,0,0,0,8,3,0,2,0,3,0,0,0.0,0,0,0,0,0,0,0,0,0,0,0,0,0,0,0,0,0,0,0,0,0,0,0,0,0,0,0,0,0,0,0,0,0,0,0,28,0.0,0.0,0.0,0.21428571428571427,0.0,41.77,['InsecPerm']
http://localhost:5050/api/v1/messages/idor-path_id_direct_access/<obj_id>,200,0,13.2,397,4.909673326036615,0.0,0,0,0,0,0,0.0,0,0,0,0,0,0,0,0,0,0,0,0,0,0,0,0,0,0,0,0,0,0,0,0,0,0,0,0,0,0,0,0,8,3,0,3,0,4,0,0,0.0,0,0,0,0,0,0,0,0,0,0,0,0,0,0,0,0,0,0,0,0,0,0,0,0,0,0,0,0,0,0,0,0,0,0,0,29,0.0,0.0,0.0,0.20689655172413793,0.0,41.97,['IDOR']
http://localhost:5050/api/v1/messages/idor-query_id_direct_access,200,0,13.0,280,4.748974576504383,0.0,0,0,0,0,0,0.0,0,0,0,0,0,0,0,0,0,0,0,0,0,0,0,0,0,0,0,0,0,0,0,0,0,0,0,0,0,0,0,0,8,3,0,3,0,4,0,0,0.0,0,0,0,0,0,0,0,0,0,0,0,0,0,0,0,0,0,0,0,0,0,0,0,0,0,0,0,0,0,0,0,0,0,0,0,24,0.0,0.0,0.0,0.16666666666666666,0.0,42.02,['IDOR']
http://localhost:5050/api/v1/messages/idor-json_body_id_direct_access,405,0,36.01,153,4.599963902086099,0.0,0,0,0,0,0,0.0,0,0,0,0,0,0,0,0,0,0,0,0,0,0,0,0,0,0,0,0,0,0,0,0,0,0,0,0,0,0,0,0,8,3,0,0,0,0,0,0,0.0,0,0,0,0,0,0,0,0,0,0,0,0,0,0,0,0,0,0,0,0,0,0,0,0,0,0,0,0,0,0,0,0,0,0,0,30,0.0,0.0,0.0,0.2,0.0,15.22,['IDOR']
http://localhost:5050/api/v1/messages/sessfix-sessionid_accepted_from_query,200,0,12.96,246,4.770034541504573,0.0,0,0,0,0,0,0.0,0,0,0,0,0,0,0,0,0,0,0,0,0,0,0,0,0,0,0,0,0,0,0,0,0,0,0,0,0,0,0,0,8,3,0,2,0,3,0,0,0.0,0,0,0,0,0,0,0,0,0,0,0,0,0,0,0,0,0,0,0,0,0,0,0,0,0,0,0,0,0,0,0,0,0,0,0,25,0.0,0.0,0.0,0.4,0.0,42.4,['SessFix']
http://localhost:5050/api/v1/messages/sessfix-sessionid_not_regenerated_on_login,200,0,11.82,199,4.556518523026261,0.0,0,0,0,0,0,0.0,0,0,0,0,0,0,0,0,0,0,0,0,0,0,0,0,0,0,0,0,0,0,0,0,0,0,0,0,0,0,0,0,8,3,0,2,0,3,0,0,0.0,0,0,0,0,0,0,0,0,0,0,0,0,0,0,0,0,0,0,0,0,0,0,0,0,0,0,0,0,0,0,0,0,0,0,0,30,0.0,0.0,0.0,0.26666666666666666,0.0,42.48,['SessFix']
http://localhost:5050/api/v1/messages/ssrf-url_fetch_query_no_allowlist,200,0,13.35,344,4.897416992753196,0.0,0,0,0,0,0,0.0,0,0,0,0,0,0,0,0,0,0,0,0,0,0,0,0,0,0,0,0,0,0,0,0,0,0,0,0,0,0,0,0,8,3,0,3,0,3,1,0,0.0,0,0,0,0,0,0,0,0,0,0,0,0,0,0,0,0,0,0,0,0,0,0,0,0,0,0,0,0,0,0,0,0,0,0,0,27,0.0,0.0,0.0,0.25925925925925924,0.0,43.08,['SSRF']
http://localhost:5050/api/v1/messages/ssrf-url_fetch_json_webhook,405,0,33.72,153,4.599963902086099,0.0,0,0,0,0,0,0.0,0,0,0,0,0,0,0,0,0,0,0,0,0,0,0,0,0,0,0,0,0,0,0,0,0,0,0,0,0,0,0,0,8,3,0,0,0,0,0,0,0.0,0,0,0,0,0,0,0,0,0,0,0,0,0,0,0,0,0,0,0,0,0,0,0,0,0,0,0,0,0,0,0,0,0,0,0,28,0.0,0.0,0.0,0.03571428571428571,0.0,16.26,['SSRF']
http://localhost:5050/api/v1/messages/ssrf-url_fetch_form_image_import,405,0,13.46,153,4.599963902086099,0.0,0,0,0,0,0,0.0,0,0,0,0,0,0,0,0,0,0,0,0,0,0,0,0,0,0,0,0,0,0,0,0,0,0,0,0,0,0,0,0,8,3,0,0,0,0,0,0,0.0,0,0,0,0,0,0,0,0,0,0,0,0,0,0,0,0,0,0,0,0,0,0,0,0,0,0,0,0,0,0,0,0,0,0,0,28,0.0,0.0,0.0,0.2857142857142857,0.0,41.63,['SSRF']
http://localhost:5050/api/v1/messages/ssti-greeting_name_query,200,0,14.55,204,4.702745769318123,0.0,0,0,0,0,0,0.0,0,0,0,0,0,0,0,0,0,0,0,0,0,0,0,0,0,0,0,0,0,0,0,0,0,0,0,0,0,0,0,0,8,3,0,2,0,3,0,0,0.0,0,0,0,0,0,0,0,0,0,0,0,0,0,0,0,0,0,0,0,0,0,0,0,0,0,0,0,0,0,0,0,0,0,0,0,27,0.0,0.0,0.0,0.2962962962962963,0.14814814814814814,42.07,['SSTI']
http://localhost:5050/api/v1/messages/ssti-custom_template_field_form,405,0,13.4,153,4.599963902086099,0.0,0,0,0,0,0,0.0,0,0,0,0,0,0,0,0,0,0,0,0,0,0,0,0,0,0,0,0,0,0,0,0,0,0,0,0,0,0,0,0,8,3,0,0,0,0,0,0,0.0,0,0,0,0,0,0,0,0,0,0,0,0,0,0,0,0,0,0,0,0,0,0,0,0,0,0,0,0,0,0,0,0,0,0,0,30,0.0,0.0,0.0,0.2,0.0,41.63,['SSTI']
http://localhost:5050/api/v1/messages/ssti-message_field_json,405,0,56.45,153,4.599963902086099,0.0,0,0,0,0,0,0.0,0,0,0,0,0,0,0,0,0,0,0,0,0,0,0,0,0,0,0,0,0,0,0,0,0,0,0,0,0,0,0,0,8,3,0,0,0,0,0,0,0.0,0,0,0,0,0,0,0,0,0,0,0,0,0,0,0,0,0,0,0,0,0,0,0,0,0,0,0,0,0,0,0,0,0,0,0,26,0.0,0.0,0.0,0.07692307692307693,0.0,11.63,['SSTI']
http://localhost:5050/api/v1/messages/prototype_pollution-deep_merge_settings,405,0,9.23,153,4.599963902086099,0.0,0,0,0,0,0,0.0,0,0,0,0,0,0,0,0,0,0,0,0,0,0,0,0,0,0,0,0,0,0,0,0,0,0,0,0,0,0,0,0,8,3,0,0,0,0,0,0,0.0,0,0,0,0,0,0,0,0,0,0,0,0,0,0,0,0,0,0,0,0,0,0,0,0,0,0,0,0,0,0,0,0,0,0,0,28,0.0,0.0,0.0,0.0,0.0,30.0,['Prototype_Pollution']
http://localhost:5050/api/v1/messages/prototype_pollution-deep_merge_preferences,405,0,38.83,153,4.599963902086099,0.0,0,0,0,0,0,0.0,0,0,0,0,0,0,0,0,0,0,0,0,0,0,0,0,0,0,0,0,0,0,0,0,0,0,0,0,0,0,0,0,8,3,0,0,0,0,0,0,0.0,0,0,0,0,0,0,0,0,0,0,0,0,0,0,0,0,0,0,0,0,0,0,0,0,0,0,0,0,0,0,0,0,0,0,0,20,0.0,0.0,0.0,0.1,0.0,11.63,['Prototype_Pollution']
http://localhost:5050/api/v1/messages/http_request_smuggling-cl_te_both_accepted,200,0,11.93,348,4.805596866864861,0.0,0,0,0,0,0,0.0,0,0,0,0,0,0,0,0,0,0,0,0,0,0,0,0,0,0,0,0,0,0,0,0,0,0,0,0,0,0,1,0,8,3,0,2,0,3,0,0,0.0,0,0,0,0,0,0,0,0,0,0,0,0,0,0,0,0,0,0,0,0,0,0,0,0,0,0,0,0,0,0,0,0,0,0,0,26,0.0,0.0,0.0,0.19230769230769232,0.0,41.68,['HTTP_Request_Smuggling']
http://localhost:5050/api/v1/messages/http_request_smuggling-duplicate_content_length_accepted,200,0,12.36,312,4.7757374323849895,0.0,0,0,0,0,0,0.0,0,0,0,0,0,0,0,0,0,0,0,0,0,0,0,0,0,0,0,0,0,0,0,0,0,0,0,0,0,0,1,0,8,3,0,2,0,3,0,0,0.0,0,0,0,0,0,0,0,0,0,0,0,0,0,0,0,0,0,0,0,0,0,0,0,0,0,0,0,0,0,0,0,0,0,0,0,30,0.0,0.0,0.0,0.2,0.0,41.21,['HTTP_Request_Smuggling']
http://localhost:5050/api/v1/messages/xpath_injection-login_xpath_concat,405,0,9.0,153,4.599963902086099,0.0,0,0,0,0,0,0.0,0,0,0,0,0,0,0,0,0,0,0,0,0,0,0,0,0,0,0,0,0,0,0,0,0,0,0,0,0,0,0,0,8,3,0,0,0,0,0,0,0.0,0,0,0,0,0,0,0,0,0,0,0,0,0,0,0,0,0,0,0,0,0,0,0,0,0,0,0,0,0,0,0,0,0,0,0,28,0.0,0.0,0.0,0.14285714285714285,0.0,41.63,['XPATH_Injection']
http://localhost:5050/api/v1/messages/xpath_injection-search_xpath_concat,200,0,12.96,302,4.873103478371689,0.0,0,0,0,0,0,0.0,0,0,0,0,0,0,0,0,0,0,0,0,0,0,0,0,0,0,0,0,0,0,0,0,0,0,0,0,0,0,0,0,8,3,0,3,0,3,2,0,0.0,0,0,0,0,0,0,0,0,0,0,0,0,0,0,0,0,0,0,0,0,0,0,0,0,0,0,0,0,0,0,0,0,0,0,0,29,0.0,0.0,0.0,0.1724137931034483,0.034482758620689655,42.39,['XPATH_Injection']
http://localhost:5050/api/v1/messages/graphqli-introspection_left_enabled,405,0,32.71,153,4.599963902086099,0.0,0,0,0,0,0,0.0,0,0,0,0,0,0,0,0,0,0,0,0,0,0,0,0,0,0,0,0,0,0,0,0,0,0,0,0,0,0,0,0,8,3,0,0,0,0,0,0,0.0,0,0,0,0,0,0,0,0,0,0,0,0,0,0,0,0,0,0,0,0,0,0,0,0,0,0,0,0,0,0,0,0,0,0,0,29,0.0,0.0,0.0,0.1724137931034483,0.0,30.38,['GraphQLi']
http://localhost:5050/api/v1/messages/graphqli-no_query_depth_limit,405,0,35.94,153,4.599963902086099,0.0,0,0,0,0,0,0.0,0,0,0,0,0,0,0,0,0,0,0,0,0,0,0,0,0,0,0,0,0,0,0,0,0,0,0,0,0,0,0,0,8,3,0,0,0,0,0,0,0.0,0,0,0,0,0,0,0,0,0,0,0,0,0,0,0,0,0,0,0,0,0,0,0,0,0,0,0,0,0,0,0,0,0,0,0,18,0.0,0.0,0.0,0.2222222222222222,0.0,18.48,['GraphQLi']
http://localhost:5050/api/v1/messages/cors-reflect_origin_credentials_true,200,0,12.57,345,4.901824991657447,0.0,0,0,0,0,0,0.0,0,0,0,0,0,0,0,0,0,0,0,0,0,0,0,0,0,0,0,0,0,0,0,0,0,0,0,0,0,0,0,0,8,3,0,3,1,3,0,0,0.0,0,0,0,0,0,0,0,0,0,0,0,0,0,0,0,0,0,0,0,0,0,0,0,0,0,0,0,0,0,0,0,0,0,0,0,29,0.0,0.0,0.0,0.13793103448275862,0.0,42.09,['CORS']
http://localhost:5050/api/v1/messages/cors-wildcard_origin_sensitive_endpoint,200,0,11.97,284,4.7355013004603554,0.0,0,0,0,0,0,0.0,0,0,0,0,0,0,0,0,0,0,0,0,0,0,0,0,0,0,0,0,0,0,0,0,0,0,0,0,0,0,0,0,8,3,0,2,0,3,0,0,0.0,0,0,0,0,0,0,0,0,0,0,0,0,0,0,0,0,0,0,0,0,0,0,0,0,0,0,0,0,0,0,0,0,0,0,0,26,0.0,0.0,0.0,0.15384615384615385,0.0,42.4,['CORS']
http://localhost:5050/api/v1/messages/csrf-generic_state_change_no_token,405,0,38.42,153,4.599963902086099,0.0,0,0,0,0,0,0.0,0,0,0,0,0,0,0,0,0,0,0,0,0,0,0,0,0,0,0,0,0,0,0,0,0,0,0,0,0,0,0,0,8,3,0,0,0,0,0,0,0.0,0,0,0,0,0,0,0,0,0,0,0,0,0,0,0,0,0,0,0,0,0,0,0,0,0,0,0,0,0,0,0,0,0,0,0,27,0.0,0.0,0.0,0.2962962962962963,0.0,20.87,['CSRF']
http://localhost:5050/api/v1/messages/csrf-delete_no_token,200,0,11.77,258,4.8366997578099165,0.0,0,0,0,0,0,0.0,0,0,0,0,0,0,0,0,0,0,0,0,0,0,0,0,0,0,0,0,0,0,0,0,0,0,0,0,0,0,0,0,8,3,0,2,0,3,0,0,0.0,0,0,0,0,0,0,0,0,0,0,0,0,0,0,0,0,0,0,0,0,0,0,0,0,0,0,0,0,0,0,0,0,0,0,0,30,0.0,0.0,0.0,0.13333333333333333,0.13333333333333333,41.85,['CSRF']
http://localhost:5050/api/v1/messages/csrf-sensitive_transfer_no_token,405,0,10.65,153,4.599963902086099,0.0,0,0,0,0,0,0.0,0,0,0,0,0,0,0,0,0,0,0,0,0,0,0,0,0,0,0,0,0,0,0,0,0,0,0,0,0,0,0,0,8,3,0,0,0,0,0,0,0.0,0,0,0,0,0,0,0,0,0,0,0,0,0,0,0,0,0,0,0,0,0,0,0,0,0,0,0,0,0,0,0,0,0,0,0,28,0.0,0.0,0.0,0.17857142857142858,0.0,41.63,['CSRF']
http://localhost:5050/api/v1/messages/ratelimit-login_endpoint_no_throttle,405,0,36.03,153,4.599963902086099,0.0,0,0,0,0,0,0.0,0,0,0,0,0,0,0,0,0,0,0,0,0,0,0,0,0,0,0,0,0,0,0,0,0,0,0,0,0,0,0,0,8,3,0,0,0,0,0,0,0.0,0,0,0,0,0,0,0,0,0,0,0,0,0,0,0,0,0,0,0,0,0,0,0,0,0,0,0,0,0,0,0,0,0,0,0,25,0.0,0.0,0.0,0.2,0.0,20.42,['RateLimit']
http://localhost:5050/api/v1/messages/ratelimit-password_reset_no_throttle,200,0,10.71,277,4.704287305231126,0.0,0,0,0,0,0,0.0,0,0,0,0,0,0,0,0,0,0,0,0,0,0,0,0,0,0,0,0,0,0,0,0,0,0,0,0,0,0,0,0,8,3,0,2,0,3,0,0,0.0,0,0,0,0,0,0,0,0,0,0,0,0,0,0,0,0,0,0,0,0,0,0,0,0,0,0,0,0,0,0,0,0,0,0,0,28,0.0,0.0,0.0,0.21428571428571427,0.0,41.72,['RateLimit']
http://localhost:5050/api/v1/messages/infodisc-stack_trace_leak_on_error,200,0,14.88,142,4.727064838292015,0.0,0,0,0,0,0,0.0,0,0,0,0,0,0,0,0,0,0,0,0,0,0,0,0,0,0,0,0,0,0,0,0,0,0,0,0,0,0,0,0,8,3,0,2,0,3,0,0,0.0,0,0,0,0,0,0,0,0,0,0,0,0,0,0,0,0,0,0,0,0,0,0,0,0,0,0,0,0,0,0,0,0,0,0,0,30,0.0,0.0,0.0,0.1,0.0,42.25,['InfoDisc']
http://localhost:5050/api/v1/messages/infodisc-verbose_server_version_header,200,0,9.14,265,4.968958312933322,0.0,0,0,0,0,0,0.0,0,0,0,0,0,0,0,0,0,0,0,0,0,0,0,0,0,0,0,0,0,0,0,0,0,0,0,0,0,0,0,0,8,3,0,2,0,3,0,0,0.0,0,0,0,0,0,0,0,0,0,0,0,0,0,0,0,0,0,0,0,0,0,0,0,0,0,0,0,0,0,0,0,0,0,0,0,29,0.0,0.0,0.0,0.20689655172413793,0.0,41.93,['InfoDisc']
http://localhost:5050/api/v1/messages/infodisc-debug_env_endpoint/<resource_name>,200,0,9.04,286,4.996823446737458,0.0,0,0,0,0,0,0.0,0,0,0,0,0,0,0,0,0,0,0,0,0,0,0,0,0,0,0,0,0,0,0,0,0,0,0,0,0,0,0,0,8,3,0,2,0,3,0,0,0.0,0,0,0,0,0,0,0,0,0,0,0,0,0,0,0,0,0,0,0,0,0,0,0,0,0,0,0,0,0,0,0,0,0,0,0,28,0.0,0.0,0.0,0.07142857142857142,0.0,42.2,['InfoDisc']
http://localhost:5050/api/v1/messages/inseccrypto-md5_unsalted_password,405,0,36.29,153,4.599963902086099,0.0,0,0,0,0,0,0.0,0,0,0,0,0,0,0,0,0,0,0,0,0,0,0,0,0,0,0,0,0,0,0,0,0,0,0,0,0,0,0,0,8,3,0,0,0,0,0,0,0.0,0,0,0,0,0,0,0,0,0,0,0,0,0,0,0,0,0,0,0,0,0,0,0,0,0,0,0,0,0,0,0,0,0,0,0,20,0.0,0.0,0.0,0.1,0.0,15.06,['InsecCrypto']
http://localhost:5050/api/v1/messages/inseccrypto-xor_fixed_key_encryption,200,0,12.05,342,5.03156468141159,0.0,0,0,0,0,0,0.0,0,0,0,0,0,0,0,0,0,0,0,0,0,0,0,0,0,0,0,0,0,0,0,0,0,0,0,0,0,0,0,0,8,3,0,2,0,3,0,0,0.0,0,0,0,0,0,0,0,0,0,0,0,0,0,0,0,0,0,0,0,0,0,0,0,0,0,0,0,0,0,0,0,0,0,0,0,28,0.0,0.0,0.0,0.07142857142857142,0.0,42.04,['InsecCrypto']
http://localhost:5050/api/v1/messages/openredirect-redirect_query_url_no_check,200,0,12.36,280,4.71001104251468,0.0,0,0,0,0,0,0.0,0,0,0,0,0,0,0,0,0,0,0,0,0,0,0,0,0,0,0,0,0,0,0,0,0,0,0,0,0,0,0,0,8,3,0,2,0,3,0,0,0.0,0,0,0,0,0,0,0,0,0,0,0,0,0,0,0,0,0,0,0,0,0,0,0,0,0,0,0,0,0,0,0,0,0,0,0,27,0.0,0.0,0.0,0.18518518518518517,0.0,42.38,['OpenRedirect']
http://localhost:5050/api/v1/messages/openredirect-post_login_next_param,405,0,36.21,153,4.599963902086099,0.0,0,0,0,0,0,0.0,0,0,0,0,0,0,0,0,0,0,0,0,0,0,0,0,0,0,0,0,0,0,0,0,0,0,0,0,0,0,0,0,8,3,0,0,0,0,0,0,0.0,0,0,0,0,0,0,0,0,0,0,0,0,0,0,0,0,0,0,0,0,0,0,0,0,0,0,0,0,0,0,0,0,0,0,0,19,0.0,0.0,0.0,0.10526315789473684,0.0,19.67,['OpenRedirect']
http://localhost:5050/api/v1/messages/jwt-alg_none_accepted,200,0,13.1,134,4.674182193123547,0.0,0,0,0,0,0,0.0,0,0,0,0,0,0,0,0,0,0,0,0,0,0,0,0,0,0,0,0,0,0,0,0,0,0,0,0,0,0,0,0,8,3,0,2,0,3,0,0,0.0,0,0,0,0,0,0,0,0,0,0,0,0,0,0,0,0,0,0,0,0,0,0,0,0,0,0,0,0,0,0,0,0,0,0,0,29,0.0,0.0,0.0,0.13793103448275862,0.0,42.01,['JWT']
http://localhost:5050/api/v1/messages/jwt-weak_hardcoded_secret,200,0,13.07,165,4.704689305717365,0.0,0,0,0,0,0,0.0,0,0,0,0,0,0,0,0,0,0,0,0,0,0,0,0,0,0,0,0,0,0,0,0,0,0,0,0,0,0,0,0,8,3,0,2,0,3,0,0,0.0,0,0,0,0,0,0,0,0,0,0,0,0,0,0,0,0,0,0,0,0,0,0,0,0,0,0,0,0,0,0,0,0,0,0,0,28,0.0,0.0,0.0,0.25,0.0,42.16,['JWT']
http://localhost:5050/api/v1/messages/jwt-expiry_never_checked,200,0,12.78,137,4.747850522093634,0.0,0,0,0,0,0,0.0,0,0,0,0,0,0,0,0,0,0,0,0,0,0,0,0,0,0,0,0,0,0,0,0,0,0,0,0,0,0,0,0,8,3,0,2,0,3,0,0,0.0,0,0,0,0,0,0,0,0,0,0,0,0,0,0,0,0,0,0,0,0,0,0,0,0,0,0,0,0,0,0,0,0,0,0,0,21,0.0,0.0,0.0,0.14285714285714285,0.0,42.41,['JWT']
http://localhost:5050/api/v1/messages/crlf_injection-location_header_crlf,200,0,12.73,300,4.836250295899123,0.0,0,0,0,0,0,0.0,0,0,0,0,0,0,0,0,0,0,0,0,0,0,0,0,0,0,0,0,0,0,0,0,0,0,0,0,0,0,0,0,8,3,0,2,0,3,0,0,0.0,0,0,0,0,0,0,0,0,0,0,0,0,0,0,0,0,0,0,0,0,0,0,0,0,0,0,0,0,0,0,0,0,0,0,0,29,0.0,0.0,0.0,0.13793103448275862,0.0,42.31,['CRLF_Injection']
http://localhost:5050/api/v1/messages/crlf_injection-log_injection_crlf,405,0,50.06,153,4.599963902086099,0.0,0,0,0,0,0,0.0,0,0,0,0,0,0,0,0,0,0,0,0,0,0,0,0,0,0,0,0,0,0,0,0,0,0,0,0,0,0,0,0,8,3,0,0,0,0,0,0,0.0,0,0,0,0,0,0,0,0,0,0,0,0,0,0,0,0,0,0,0,0,0,0,0,0,0,0,0,0,0,0,0,0,0,0,0,30,0.0,0.0,0.0,0.1,0.0,11.63,['CRLF_Injection']
http://localhost:5050/api/v1/messages/racecondition-withdraw_toctou_no_lock,405,0,33.42,153,4.599963902086099,0.0,0,0,0,0,0,0.0,0,0,0,0,0,0,0,0,0,0,0,0,0,0,0,0,0,0,0,0,0,0,0,0,0,0,0,0,0,0,0,0,8,3,0,0,0,0,0,0,0.0,0,0,0,0,0,0,0,0,0,0,0,0,0,0,0,0,0,0,0,0,0,0,0,0,0,0,0,0,0,0,0,0,0,0,0,23,0.0,0.0,0.0,0.34782608695652173,0.0,22.35,['RaceCondition']
http://localhost:5050/api/v1/messages/racecondition-coupon_redeem_toctou_no_lock,405,0,13.17,153,4.599963902086099,0.0,0,0,0,0,0,0.0,0,0,0,0,0,0,0,0,0,0,0,0,0,0,0,0,0,0,0,0,0,0,0,0,0,0,0,0,0,0,0,0,8,3,0,0,0,0,0,0,0.0,0,0,0,0,0,0,0,0,0,0,0,0,0,0,0,0,0,0,0,0,0,0,0,0,0,0,0,0,0,0,0,0,0,0,0,27,0.0,0.0,0.0,0.4074074074074074,0.0,41.63,['RaceCondition']
http://localhost:5050/api/v1/projects/sqli-where_id_concat,200,0,10.62,219,5.090403689095733,0.0,0,0,0,0,0,0.0,0,0,0,0,0,0,0,0,0,0,0,0,0,0,0,0,0,0,0,0,0,0,0,0,0,0,0,0,0,0,0,0,8,3,0,2,0,3,0,0,0.0,0,0,0,0,0,0,0,0,0,0,0,0,0,0,0,0,0,0,0,0,0,0,0,0,0,0,0,0,0,0,0,0,0,0,0,23,0.0,0.0,0.0,0.21739130434782608,0.13043478260869565,42.3,['SQLi']
http://localhost:5050/api/v1/projects/sqli-order_by_concat,200,0,13.44,276,5.054769232553694,0.0,0,0,0,0,0,0.0,0,0,0,0,0,0,0,0,0,0,0,0,0,0,0,0,0,0,0,0,0,0,0,0,0,0,0,0,0,0,0,0,8,3,0,2,0,3,0,0,0.0,0,0,0,0,0,0,0,0,0,0,0,0,0,0,0,0,0,0,0,0,0,0,0,0,0,0,0,0,0,0,0,0,0,0,0,27,0.0,0.0,0.0,0.1111111111111111,0.0,42.3,['SQLi']
http://localhost:5050/api/v1/projects/sqli-like_search_concat,405,0,30.07,153,4.599963902086099,0.0,0,0,0,0,0,0.0,0,0,0,0,0,0,0,0,0,0,0,0,0,0,0,0,0,0,0,0,0,0,0,0,0,0,0,0,0,0,0,0,8,3,0,0,0,0,0,0,0.0,0,0,0,0,0,0,0,0,0,0,0,0,0,0,0,0,0,0,0,0,0,0,0,0,0,0,0,0,0,0,0,0,0,0,0,20,0.0,0.0,0.0,0.1,0.0,27.18,['SQLi']
http://localhost:5050/api/v1/projects/sqli-login_bypass,405,0,13.05,153,4.599963902086099,0.0,0,0,0,0,0,0.0,0,0,0,0,0,0,0,0,0,0,0,0,0,0,0,0,0,0,0,0,0,0,0,0,0,0,0,0,0,0,0,0,8,3,0,0,0,0,0,0,0.0,0,0,0,0,0,0,0,0,0,0,0,0,0,0,0,0,0,0,0,0,0,0,0,0,0,0,0,0,0,0,0,0,0,0,0,29,0.0,0.0,0.0,0.20689655172413793,0.0,41.63,['SQLi']
http://localhost:5050/api/v1/projects/sqli-union_select_id,0,0,49.29,0,0.0,0.0,0,0,0,0,0,0.0,0,0,0,0,0,0,0,0,0,0,0,0,0,0,0,0,0,0,0,0,0,0,0,0,0,0,0,0,0,0,0,0,8,3,0,0,0,0,0,0,0.0,0,0,0,0,0,0,0,0,0,0,0,0,0,0,0,0,0,0,0,0,0,0,0,0,0,0,0,0,0,0,0,0,0,0,0,29,0.0,0.0,0.0,0.0,0.0,10.83,['SQLi']
http://localhost:5050/api/v1/projects/cmdi-ping_host_shell_true,200,0,15.2,464,5.09863577044288,0.0,0,0,0,0,0,0.0,0,0,0,0,0,0,0,0,0,0,0,0,0,0,0,0,0,0,0,0,0,0,0,0,0,0,0,0,0,0,0,0,8,3,0,2,0,3,0,0,0.0,0,0,0,0,0,0,0,0,0,0,0,0,0,0,0,0,0,0,0,0,0,0,0,0,0,0,0,0,0,0,0,0,0,0,0,23,0.0,0.0,0.0,0.30434782608695654,0.0,42.43,['CMDi']
http://localhost:5050/api/v1/projects/cmdi-filename_echo_shell,405,0,36.0,153,4.599963902086099,0.0,0,0,0,0,0,0.0,0,0,0,0,0,0,0,0,0,0,0,0,0,0,0,0,0,0,0,0,0,0,0,0,0,0,0,0,0,0,0,0,8,3,0,0,0,0,0,0,0.0,0,0,0,0,0,0,0,0,0,0,0,0,0,0,0,0,0,0,0,0,0,0,0,0,0,0,0,0,0,0,0,0,0,0,0,27,0.0,0.0,0.0,0.2222222222222222,0.0,20.9,['CMDi']
http://localhost:5050/api/v1/projects/cmdi-archive_name_shell,405,0,26.68,153,4.599963902086099,0.0,0,0,0,0,0,0.0,0,0,0,0,0,0,0,0,0,0,0,0,0,0,0,0,0,0,0,0,0,0,0,0,0,0,0,0,0,0,0,0,8,3,0,0,0,0,0,0,0.0,0,0,0,0,0,0,0,0,0,0,0,0,0,0,0,0,0,0,0,0,0,0,0,0,0,0,0,0,0,0,0,0,0,0,0,24,0.0,0.0,0.0,0.25,0.0,30.0,['CMDi']
http://localhost:5050/api/v1/projects/insecdeser-pickle_b64_import,405,0,31.67,153,4.599963902086099,0.0,0,0,0,0,0,0.0,0,0,0,0,0,0,0,0,0,0,0,0,0,0,0,0,0,0,0,0,0,0,0,0,0,0,0,0,0,0,0,0,8,3,0,0,0,0,0,0,0.0,0,0,0,0,0,0,0,0,0,0,0,0,0,0,0,0,0,0,0,0,0,0,0,0,0,0,0,0,0,0,0,0,0,0,0,24,0.0,0.0,0.0,0.25,0.0,24.15,['InsecDeser']
http://localhost:5050/api/v1/projects/insecdeser-yaml_unsafe_load,405,0,9.09,153,4.599963902086099,0.0,0,0,0,0,0,0.0,0,0,0,0,0,0,0,0,0,0,0,0,0,0,0,0,0,0,0,0,0,0,0,0,0,0,0,0,0,0,0,0,8,3,0,0,0,0,0,0,0.0,0,0,0,0,0,0,0,0,0,0,0,0,0,0,0,0,0,0,0,0,0,0,0,0,0,0,0,0,0,0,0,0,0,0,0,29,0.0,0.0,0.0,0.1724137931034483,0.0,41.63,['InsecDeser']
http://localhost:5050/api/v1/projects/insecupload-no_extension_whitelist,405,0,9.16,153,4.599963902086099,0.0,0,0,0,0,0,0.0,0,0,0,0,0,0,0,0,0,0,0,0,0,0,0,0,0,0,0,0,0,0,0,0,0,0,0,0,0,0,0,0,8,3,0,0,0,0,0,0,0.0,0,0,0,0,0,0,0,0,0,0,0,0,0,0,0,0,0,0,0,0,0,0,0,0,0,0,0,0,0,0,0,0,0,0,0,29,0.0,0.0,0.0,0.10344827586206896,0.0,41.63,['InsecUpload']
http://localhost:5050/api/v1/projects/insecupload-no_content_type_check,405,0,9.22,153,4.599963902086099,0.0,0,0,0,0,0,0.0,0,0,0,0,0,0,0,0,0,0,0,0,0,0,0,0,0,0,0,0,0,0,0,0,0,0,0,0,0,0,0,0,8,3,0,0,0,0,0,0,0.0,0,0,0,0,0,0,0,0,0,0,0,0,0,0,0,0,0,0,0,0,0,0,0,0,0,0,0,0,0,0,0,0,0,0,0,29,0.0,0.0,0.0,0.13793103448275862,0.0,41.63,['InsecUpload']
http://localhost:5050/api/v1/projects/credsexpose-debug_endpoint_left_on/<resource_name>,200,0,9.18,388,5.119046783582895,0.0,0,0,0,0,0,0.0,0,0,0,0,0,0,0,0,0,0,0,0,0,0,0,0,0,0,0,0,0,0,0,0,0,0,0,0,0,0,0,0,8,3,0,2,0,3,0,0,0.0,0,0,0,0,0,0,0,0,0,0,0,0,0,0,0,0,0,0,0,0,0,0,0,0,0,0,0,0,0,0,0,0,0,0,0,26,0.0,0.0,0.0,0.15384615384615385,0.0,42.3,['CredsExpose']
http://localhost:5050/api/v1/projects/credsexpose-verbose_error_with_secret,200,0,12.7,305,4.897298853300889,0.0,0,0,0,0,0,0.0,0,0,0,0,0,0,0,0,0,0,0,0,0,0,0,0,0,0,0,0,0,0,0,0,0,0,0,0,0,0,0,0,8,3,0,3,1,3,0,0,0.0,0,0,0,0,0,0,0,0,0,0,0,0,0,0,0,0,0,0,0,0,0,0,0,0,0,0,0,0,0,0,0,0,0,0,0,13,0.0,0.0,0.0,0.15384615384615385,0.07692307692307693,42.5,['CredsExpose']
http://localhost:5050/api/v1/projects/credsexpose-secret_in_response_header,200,0,12.8,280,4.950590915057556,0.0,0,0,0,0,0,0.0,0,0,0,0,0,0,0,0,0,0,0,0,0,0,0,0,0,0,0,0,0,0,0,0,0,0,0,0,0,0,0,0,8,3,0,2,0,3,0,0,0.0,0,0,0,0,0,0,0,0,0,0,0,0,0,0,0,0,0,0,0,0,0,0,0,0,0,0,0,0,0,0,0,0,0,0,0,25,0.0,0.0,0.0,0.28,0.0,42.17,['CredsExpose']
http://localhost:5050/api/v1/projects/brokenauth-no_bruteforce_protection,405,0,38.85,153,4.599963902086099,0.0,0,0,0,0,0,0.0,0,0,0,0,0,0,0,0,0,0,0,0,0,0,0,0,0,0,0,0,0,0,0,0,0,0,0,0,0,0,0,0,8,3,0,0,0,0,0,0,0.0,0,0,0,0,0,0,0,0,0,0,0,0,0,0,0,0,0,0,0,0,0,0,0,0,0,0,0,0,0,0,0,0,0,0,0,20,0.0,0.0,0.0,0.15,0.0,11.63,['BrokenAuth']
http://localhost:5050/api/v1/projects/brokenauth-predictable_session_token,405,0,38.43,153,4.599963902086099,0.0,0,0,0,0,0,0.0,0,0,0,0,0,0,0,0,0,0,0,0,0,0,0,0,0,0,0,0,0,0,0,0,0,0,0,0,0,0,0,0,8,3,0,0,0,0,0,0,0.0,0,0,0,0,0,0,0,0,0,0,0,0,0,0,0,0,0,0,0,0,0,0,0,0,0,0,0,0,0,0,0,0,0,0,0,28,0.0,0.0,0.0,0.21428571428571427,0.0,19.83,['BrokenAuth']
http://localhost:5050/api/v1/projects/brokenauth-guessable_password_reset,200,0,12.83,237,4.859928705179535,0.0,0,0,0,0,0,0.0,0,0,0,0,0,0,0,0,0,0,0,0,0,0,0,0,0,0,0,0,0,0,0,0,0,0,0,0,0,0,0,0,8,3,0,2,0,3,0,0,0.0,0,0,0,0,0,0,0,0,0,0,0,0,0,0,0,0,0,0,0,0,0,0,0,0,0,0,0,0,0,0,0,0,0,0,0,29,0.0,0.0,0.0,0.1724137931034483,0.0,41.97,['BrokenAuth']
http://localhost:5050/api/v1/projects/xss-reflected_query_div,200,0,14.78,253,5.0608448492671245,0.0,0,0,0,0,0,0.0,0,0,0,0,0,0,0,0,0,0,0,0,0,0,0,0,0,0,0,0,0,0,0,0,0,0,0,0,0,0,0,0,8,3,0,2,0,3,0,0,0.0,0,0,0,0,0,0,0,0,0,0,0,0,0,0,0,0,0,0,0,0,0,0,0,0,0,0,0,0,0,0,0,0,0,0,0,27,0.0,0.0,0.0,0.07407407407407407,0.2222222222222222,41.22,['XSS']
http://localhost:5050/api/v1/projects/xss-reflected_form_comment,405,0,13.01,153,4.599963902086099,0.0,0,0,0,0,0,0.0,0,0,0,0,0,0,0,0,0,0,0,0,0,0,0,0,0,0,0,0,0,0,0,0,0,0,0,0,0,0,0,0,8,3,0,0,0,0,0,0,0.0,0,0,0,0,0,0,0,0,0,0,0,0,0,0,0,0,0,0,0,0,0,0,0,0,0,0,0,0,0,0,0,0,0,0,0,27,0.0,0.0,0.0,0.2222222222222222,0.0,41.63,['XSS']
http://localhost:5050/api/v1/projects/xss-reflected_json_span,405,0,13.17,153,4.599963902086099,0.0,0,0,0,0,0,0.0,0,0,0,0,0,0,0,0,0,0,0,0,0,0,0,0,0,0,0,0,0,0,0,0,0,0,0,0,0,0,0,0,8,3,0,0,0,0,0,0,0.0,0,0,0,0,0,0,0,0,0,0,0,0,0,0,0,0,0,0,0,0,0,0,0,0,0,0,0,0,0,0,0,0,0,0,0,23,0.0,0.0,0.0,0.13043478260869565,0.0,41.63,['XSS']
http://localhost:5050/api/v1/projects/xss-reflected_header_comment,200,0,14.91,264,4.996644320360941,0.0,0,0,0,0,0,0.0,0,0,0,0,0,0,0,0,0,0,0,0,0,0,0,0,0,0,0,0,0,0,0,0,0,0,0,0,0,0,0,0,8,3,0,2,0,3,0,0,0.0,0,0,0,0,0,0,0,0,0,0,0,0,0,0,0,0,0,0,0,0,0,0,0,0,0,0,0,0,0,0,0,0,0,0,0,28,0.0,0.0,0.0,0.32142857142857145,0.0,41.33,['XSS']
http://localhost:5050/api/v1/projects/xss-reflected_attribute_breakout,200,0,13.46,283,4.9275336460033365,0.0,0,0,0,0,0,0.0,0,0,0,0,0,0,0,0,0,0,0,0,0,0,0,0,0,0,0,0,0,0,0,0,0,0,0,0,0,0,0,0,8,3,0,2,0,3,0,0,0.0,0,0,0,0,0,0,0,0,0,0,0,0,0,0,0,0,0,0,0,0,0,0,0,0,0,0,0,0,0,0,0,0,0,0,0,24,0.0,0.0,0.0,0.25,0.0,41.73,['XSS']
http://localhost:5050/api/v1/projects/dirtrav-read_file_query_param,200,0,15.23,214,4.7158014016311185,0.0,0,0,0,0,0,0.0,0,0,0,0,0,0,0,0,0,0,0,0,0,0,0,0,0,0,0,0,0,0,0,0,0,0,0,0,0,0,0,0,8,3,0,2,0,3,0,0,0.0,0,0,0,0,0,0,0,0,0,0,0,0,0,0,0,0,0,0,0,0,0,0,0,0,0,0,0,0,0,0,0,0,0,0,0,26,0.0,0.0,0.0,0.19230769230769232,0.8076923076923077,42.34,['DirTrav']
http://localhost:5050/api/v1/projects/dirtrav-read_file_form_param,405,0,13.12,153,4.599963902086099,0.0,0,0,0,0,0,0.0,0,0,0,0,0,0,0,0,0,0,0,0,0,0,0,0,0,0,0,0,0,0,0,0,0,0,0,0,0,0,0,0,8,3,0,0,0,0,0,0,0.0,0,0,0,0,0,0,0,0,0,0,0,0,0,0,0,0,0,0,0,0,0,0,0,0,0,0,0,0,0,0,0,0,0,0,0,28,0.0,0.0,0.0,0.17857142857142858,0.0,41.63,['DirTrav']
http://localhost:5050/api/v1/projects/dirtrav-read_file_path_segment/<filename>,200,0,13.03,265,4.806461688879738,0.0,0,0,0,0,0,0.0,0,0,0,0,0,0,0,0,0,0,0,0,0,0,0,0,0,0,0,0,0,0,0,0,0,0,0,0,0,0,0,0,8,3,0,2,0,3,0,0,0.0,0,0,0,0,0,0,0,0,0,0,0,0,0,0,0,0,0,0,0,0,0,0,0,0,0,0,0,0,0,0,0,0,0,0,0,20,0.0,0.0,0.0,0.3,0.0,42.14,['DirTrav']
http://localhost:5050/api/v1/projects/xxe-resolve_entities_json_body,405,0,9.06,153,4.599963902086099,0.0,0,0,0,0,0,0.0,0,0,0,0,0,0,0,0,0,0,0,0,0,0,0,0,0,0,0,0,0,0,0,0,0,0,0,0,0,0,0,0,8,3,0,0,0,0,0,0,0.0,0,0,0,0,0,0,0,0,0,0,0,0,0,0,0,0,0,0,0,0,0,0,0,0,0,0,0,0,0,0,0,0,0,0,0,28,0.0,0.0,0.0,0.07142857142857142,0.0,41.63,['XXE']
http://localhost:5050/api/v1/projects/xxe-resolve_entities_form_body,405,0,32.4,153,4.599963902086099,0.0,0,0,0,0,0,0.0,0,0,0,0,0,0,0,0,0,0,0,0,0,0,0,0,0,0,0,0,0,0,0,0,0,0,0,0,0,0,0,0,8,3,0,0,0,0,0,0,0.0,0,0,0,0,0,0,0,0,0,0,0,0,0,0,0,0,0,0,0,0,0,0,0,0,0,0,0,0,0,0,0,0,0,0,0,28,0.0,0.0,0.0,0.2857142857142857,0.0,30.0,['XXE']
http://localhost:5050/api/v1/projects/nosqli-auth_operator_bypass,0,0,24.55,0,0.0,0.0,0,0,0,0,0,0.0,0,0,0,0,0,0,0,0,0,0,0,0,0,0,0,0,0,0,0,0,0,0,0,0,0,0,0,0,0,0,0,0,8,3,0,0,0,0,0,0,0.0,0,0,0,0,0,0,0,0,0,0,0,0,0,0,0,0,0,0,0,0,0,0,0,0,0,0,0,0,0,0,0,0,0,0,0,19,0.0,0.0,0.0,0.0,0.0,10.83,['NoSQLi']
http://localhost:5050/api/v1/projects/nosqli-search_filter_injection,405,0,9.12,153,4.599963902086099,0.0,0,0,0,0,0,0.0,0,0,0,0,0,0,0,0,0,0,0,0,0,0,0,0,0,0,0,0,0,0,0,0,0,0,0,0,0,0,0,0,8,3,0,0,0,0,0,0,0.0,0,0,0,0,0,0,0,0,0,0,0,0,0,0,0,0,0,0,0,0,0,0,0,0,0,0,0,0,0,0,0,0,0,0,0,26,0.0,0.0,0.0,0.07692307692307693,0.0,41.63,['NoSQLi']
http://localhost:5050/api/v1/projects/nosqli-regex_operator_injection,405,0,9.11,153,4.599963902086099,0.0,0,0,0,0,0,0.0,0,0,0,0,0,0,0,0,0,0,0,0,0,0,0,0,0,0,0,0,0,0,0,0,0,0,0,0,0,0,0,0,8,3,0,0,0,0,0,0,0.0,0,0,0,0,0,0,0,0,0,0,0,0,0,0,0,0,0,0,0,0,0,0,0,0,0,0,0,0,0,0,0,0,0,0,0,28,0.0,0.0,0.0,0.07142857142857142,0.0,41.63,['NoSQLi']
http://localhost:5050/api/v1/projects/ldapi-login_filter_wildcard,405,0,35.4,153,4.599963902086099,0.0,0,0,0,0,0,0.0,0,0,0,0,0,0,0,0,0,0,0,0,0,0,0,0,0,0,0,0,0,0,0,0,0,0,0,0,0,0,0,0,8,3,0,0,0,0,0,0,0.0,0,0,0,0,0,0,0,0,0,0,0,0,0,0,0,0,0,0,0,0,0,0,0,0,0,0,0,0,0,0,0,0,0,0,0,29,0.0,0.0,0.0,0.3448275862068966,0.0,12.55,['LDAPi']
http://localhost:5050/api/v1/projects/ldapi-search_filter_wildcard,200,0,12.28,226,4.978452733982367,0.0,0,0,0,0,0,0.0,0,0,0,0,0,0,0,0,0,0,0,0,0,0,0,0,0,0,0,0,0,0,0,0,0,0,0,0,0,0,0,0,8,3,0,3,0,3,1,0,0.0,0,0,0,0,0,0,0,0,0,0,0,0,0,0,0,0,0,0,0,0,0,0,0,0,0,0,0,0,0,0,0,0,0,0,0,28,0.0,0.0,0.0,0.14285714285714285,0.21428571428571427,42.63,['LDAPi']
http://localhost:5050/api/v1/projects/insecperm-role_trusted_from_header,200,0,12.64,279,4.7720410166224925,0.0,0,0,0,0,0,0.0,0,0,0,0,0,0,0,0,0,0,0,0,0,0,0,0,0,0,0,0,0,0,0,0,0,0,0,0,0,0,0,0,8,3,0,2,0,3,0,0,0.0,0,0,0,0,0,0,0,0,0,0,0,0,0,0,0,0,0,0,0,0,0,0,0,0,0,0,0,0,0,0,0,0,0,0,0,26,0.0,0.0,0.0,0.2692307692307692,0.0,41.67,['InsecPerm']
http://localhost:5050/api/v1/projects/insecperm-world_readable_export_endpoint/<id>,200,0,12.98,280,4.7920664128737736,0.0,0,0,0,0,0,0.0,0,0,0,0,0,0,0,0,0,0,0,0,0,0,0,0,0,0,0,0,0,0,0,0,0,0,0,0,0,0,0,0,8,3,0,2,0,3,0,0,0.0,0,0,0,0,0,0,0,0,0,0,0,0,0,0,0,0,0,0,0,0,0,0,0,0,0,0,0,0,0,0,0,0,0,0,0,29,0.0,0.0,0.0,0.2413793103448276,0.0,42.5,['InsecPerm']
http://localhost:5050/api/v1/projects/insecperm-client_controlled_admin_flag,200,0,13.17,238,4.745069594715237,0.0,0,0,0,0,0,0.0,0,0,0,0,0,0,0,0,0,0,0,0,0,0,0,0,0,0,0,0,0,0,0,0,0,0,0,0,0,0,0,0,8,3,0,2,0,3,0,0,0.0,0,0,0,0,0,0,0,0,0,0,0,0,0,0,0,0,0,0,0,0,0,0,0,0,0,0,0,0,0,0,0,0,0,0,0,20,0.0,0.0,0.0,0.05,0.0,41.87,['InsecPerm']
http://localhost:5050/api/v1/projects/idor-path_id_direct_access/<obj_id>,200,0,10.74,397,4.929003462763783,0.0,0,0,0,0,0,0.0,0,0,0,0,0,0,0,0,0,0,0,0,0,0,0,0,0,0,0,0,0,0,0,0,0,0,0,0,0,0,0,0,8,3,0,3,0,4,0,0,0.0,0,0,0,0,0,0,0,0,0,0,0,0,0,0,0,0,0,0,0,0,0,0,0,0,0,0,0,0,0,0,0,0,0,0,0,27,0.0,0.0,0.0,0.14814814814814814,0.0,42.01,['IDOR']
http://localhost:5050/api/v1/projects/idor-query_id_direct_access,200,0,12.28,280,4.784430220339616,0.0,0,0,0,0,0,0.0,0,0,0,0,0,0,0,0,0,0,0,0,0,0,0,0,0,0,0,0,0,0,0,0,0,0,0,0,0,0,0,0,8,3,0,3,0,4,0,0,0.0,0,0,0,0,0,0,0,0,0,0,0,0,0,0,0,0,0,0,0,0,0,0,0,0,0,0,0,0,0,0,0,0,0,0,0,28,0.0,0.0,0.0,0.10714285714285714,0.0,42.0,['IDOR']
http://localhost:5050/api/v1/projects/idor-json_body_id_direct_access,405,0,13.43,153,4.599963902086099,0.0,0,0,0,0,0,0.0,0,0,0,0,0,0,0,0,0,0,0,0,0,0,0,0,0,0,0,0,0,0,0,0,0,0,0,0,0,0,0,0,8,3,0,0,0,0,0,0,0.0,0,0,0,0,0,0,0,0,0,0,0,0,0,0,0,0,0,0,0,0,0,0,0,0,0,0,0,0,0,0,0,0,0,0,0,25,0.0,0.0,0.0,0.2,0.0,41.63,['IDOR']
http://localhost:5050/api/v1/projects/sessfix-sessionid_accepted_from_query,200,0,13.09,246,4.80271552439558,0.0,0,0,0,0,0,0.0,0,0,0,0,0,0,0,0,0,0,0,0,0,0,0,0,0,0,0,0,0,0,0,0,0,0,0,0,0,0,0,0,8,3,0,2,0,3,0,0,0.0,0,0,0,0,0,0,0,0,0,0,0,0,0,0,0,0,0,0,0,0,0,0,0,0,0,0,0,0,0,0,0,0,0,0,0,22,0.0,0.0,0.0,0.22727272727272727,0.0,42.48,['SessFix']
http://localhost:5050/api/v1/projects/sessfix-sessionid_not_regenerated_on_login,200,0,15.2,199,4.595599280889962,0.0,0,0,0,0,0,0.0,0,0,0,0,0,0,0,0,0,0,0,0,0,0,0,0,0,0,0,0,0,0,0,0,0,0,0,0,0,0,0,0,8,3,0,2,0,3,0,0,0.0,0,0,0,0,0,0,0,0,0,0,0,0,0,0,0,0,0,0,0,0,0,0,0,0,0,0,0,0,0,0,0,0,0,0,0,28,0.0,0.0,0.0,0.2857142857142857,0.0,42.55,['SessFix']
http://localhost:5050/api/v1/projects/ssrf-url_fetch_query_no_allowlist,200,0,13.03,344,4.909308192721385,0.0,0,0,0,0,0,0.0,0,0,0,0,0,0,0,0,0,0,0,0,0,0,0,0,0,0,0,0,0,0,0,0,0,0,0,0,0,0,0,0,8,3,0,3,0,3,1,0,0.0,0,0,0,0,0,0,0,0,0,0,0,0,0,0,0,0,0,0,0,0,0,0,0,0,0,0,0,0,0,0,0,0,0,0,0,30,0.0,0.0,0.0,0.3,0.0,43.13,['SSRF']
http://localhost:5050/api/v1/projects/ssrf-url_fetch_json_webhook,405,0,13.1,153,4.599963902086099,0.0,0,0,0,0,0,0.0,0,0,0,0,0,0,0,0,0,0,0,0,0,0,0,0,0,0,0,0,0,0,0,0,0,0,0,0,0,0,0,0,8,3,0,0,0,0,0,0,0.0,0,0,0,0,0,0,0,0,0,0,0,0,0,0,0,0,0,0,0,0,0,0,0,0,0,0,0,0,0,0,0,0,0,0,0,28,0.0,0.0,0.0,0.21428571428571427,0.0,41.63,['SSRF']
http://localhost:5050/api/v1/projects/ssrf-url_fetch_form_image_import,405,0,13.37,153,4.599963902086099,0.0,0,0,0,0,0,0.0,0,0,0,0,0,0,0,0,0,0,0,0,0,0,0,0,0,0,0,0,0,0,0,0,0,0,0,0,0,0,0,0,8,3,0,0,0,0,0,0,0.0,0,0,0,0,0,0,0,0,0,0,0,0,0,0,0,0,0,0,0,0,0,0,0,0,0,0,0,0,0,0,0,0,0,0,0,30,0.0,0.0,0.0,0.3,0.0,41.63,['SSRF']
http://localhost:5050/api/v1/projects/ssti-greeting_name_query,200,0,15.23,204,4.763212993763214,0.0,0,0,0,0,0,0.0,0,0,0,0,0,0,0,0,0,0,0,0,0,0,0,0,0,0,0,0,0,0,0,0,0,0,0,0,0,0,0,0,8,3,0,2,0,3,0,0,0.0,0,0,0,0,0,0,0,0,0,0,0,0,0,0,0,0,0,0,0,0,0,0,0,0,0,0,0,0,0,0,0,0,0,0,0,23,0.0,0.0,0.0,0.34782608695652173,0.13043478260869565,42.16,['SSTI']
http://localhost:5050/api/v1/projects/ssti-custom_template_field_form,0,0,33.28,0,0.0,0.0,0,0,0,0,0,0.0,0,0,0,0,0,0,0,0,0,0,0,0,0,0,0,0,0,0,0,0,0,0,0,0,0,0,0,0,0,0,0,0,8,3,0,0,0,0,0,0,0.0,0,0,0,0,0,0,0,0,0,0,0,0,0,0,0,0,0,0,0,0,0,0,0,0,0,0,0,0,0,0,0,0,0,0,0,25,0.0,0.0,0.0,0.0,0.0,10.83,['SSTI']
http://localhost:5050/api/v1/projects/ssti-message_field_json,405,0,10.76,153,4.599963902086099,0.0,0,0,0,0,0,0.0,0,0,0,0,0,0,0,0,0,0,0,0,0,0,0,0,0,0,0,0,0,0,0,0,0,0,0,0,0,0,0,0,8,3,0,0,0,0,0,0,0.0,0,0,0,0,0,0,0,0,0,0,0,0,0,0,0,0,0,0,0,0,0,0,0,0,0,0,0,0,0,0,0,0,0,0,0,29,0.0,0.0,0.0,0.034482758620689655,0.0,41.63,['SSTI']
http://localhost:5050/api/v1/projects/prototype_pollution-deep_merge_settings,405,0,33.4,153,4.599963902086099,0.0,0,0,0,0,0,0.0,0,0,0,0,0,0,0,0,0,0,0,0,0,0,0,0,0,0,0,0,0,0,0,0,0,0,0,0,0,0,0,0,8,3,0,0,0,0,0,0,0.0,0,0,0,0,0,0,0,0,0,0,0,0,0,0,0,0,0,0,0,0,0,0,0,0,0,0,0,0,0,0,0,0,0,0,0,18,0.0,0.0,0.0,0.05555555555555555,0.0,23.52,['Prototype_Pollution']
http://localhost:5050/api/v1/projects/prototype_pollution-deep_merge_preferences,405,0,31.67,153,4.599963902086099,0.0,0,0,0,0,0,0.0,0,0,0,0,0,0,0,0,0,0,0,0,0,0,0,0,0,0,0,0,0,0,0,0,0,0,0,0,0,0,0,0,8,3,0,0,0,0,0,0,0.0,0,0,0,0,0,0,0,0,0,0,0,0,0,0,0,0,0,0,0,0,0,0,0,0,0,0,0,0,0,0,0,0,0,0,0,23,0.0,0.0,0.0,0.17391304347826086,0.0,20.64,['Prototype_Pollution']
http://localhost:5050/api/v1/projects/http_request_smuggling-cl_te_both_accepted,200,0,15.0,348,4.833708763086829,0.0,0,0,0,0,0,0.0,0,0,0,0,0,0,0,0,0,0,0,0,0,0,0,0,0,0,0,0,0,0,0,0,0,0,0,0,0,0,1,0,8,3,0,2,0,3,0,0,0.0,0,0,0,0,0,0,0,0,0,0,0,0,0,0,0,0,0,0,0,0,0,0,0,0,0,0,0,0,0,0,0,0,0,0,0,16,0.0,0.0,0.0,0.0625,0.0,41.72,['HTTP_Request_Smuggling']
http://localhost:5050/api/v1/projects/http_request_smuggling-duplicate_content_length_accepted,200,0,11.25,312,4.8034809094562,0.0,0,0,0,0,0,0.0,0,0,0,0,0,0,0,0,0,0,0,0,0,0,0,0,0,0,0,0,0,0,0,0,0,0,0,0,0,0,1,0,8,3,0,2,0,3,0,0,0.0,0,0,0,0,0,0,0,0,0,0,0,0,0,0,0,0,0,0,0,0,0,0,0,0,0,0,0,0,0,0,0,0,0,0,0,13,0.0,0.0,0.0,0.0,0.0,30.0,['HTTP_Request_Smuggling']
http://localhost:5050/api/v1/projects/xpath_injection-login_xpath_concat,405,0,15.01,153,4.599963902086099,0.0,0,0,0,0,0,0.0,0,0,0,0,0,0,0,0,0,0,0,0,0,0,0,0,0,0,0,0,0,0,0,0,0,0,0,0,0,0,0,0,8,3,0,0,0,0,0,0,0.0,0,0,0,0,0,0,0,0,0,0,0,0,0,0,0,0,0,0,0,0,0,0,0,0,0,0,0,0,0,0,0,0,0,0,0,30,0.0,0.0,0.0,0.36666666666666664,0.0,41.63,['XPATH_Injection']
http://localhost:5050/api/v1/projects/xpath_injection-search_xpath_concat,200,0,18.19,302,4.866429410353623,0.0,0,0,0,0,0,0.0,0,0,0,0,0,0,0,0,0,0,0,0,0,0,0,0,0,0,0,0,0,0,0,0,0,0,0,0,0,0,0,0,8,3,0,3,0,3,2,0,0.0,0,0,0,0,0,0,0,0,0,0,0,0,0,0,0,0,0,0,0,0,0,0,0,0,0,0,0,0,0,0,0,0,0,0,0,27,0.0,0.0,0.0,0.2962962962962963,0.0,42.52,['XPATH_Injection']
http://localhost:5050/api/v1/projects/graphqli-introspection_left_enabled,405,0,18.18,153,4.599963902086099,0.0,0,0,0,0,0,0.0,0,0,0,0,0,0,0,0,0,0,0,0,0,0,0,0,0,0,0,0,0,0,0,0,0,0,0,0,0,0,0,0,8,3,0,0,0,0,0,0,0.0,0,0,0,0,0,0,0,0,0,0,0,0,0,0,0,0,0,0,0,0,0,0,0,0,0,0,0,0,0,0,0,0,0,0,0,27,0.0,0.0,0.0,0.2222222222222222,0.0,41.63,['GraphQLi']
http://localhost:5050/api/v1/projects/graphqli-no_query_depth_limit,405,0,26.4,153,4.599963902086099,0.0,0,0,0,0,0,0.0,0,0,0,0,0,0,0,0,0,0,0,0,0,0,0,0,0,0,0,0,0,0,0,0,0,0,0,0,0,0,0,0,8,3,0,0,0,0,0,0,0.0,0,0,0,0,0,0,0,0,0,0,0,0,0,0,0,0,0,0,0,0,0,0,0,0,0,0,0,0,0,0,0,0,0,0,0,26,0.0,0.0,0.0,0.23076923076923078,0.0,41.63,['GraphQLi']
http://localhost:5050/api/v1/projects/cors-reflect_origin_credentials_true,200,0,10.46,345,4.917262651326512,0.0,0,0,0,0,0,0.0,0,0,0,0,0,0,0,0,0,0,0,0,0,0,0,0,0,0,0,0,0,0,0,0,0,0,0,0,0,0,0,0,8,3,0,3,1,3,0,0,0.0,0,0,0,0,0,0,0,0,0,0,0,0,0,0,0,0,0,0,0,0,0,0,0,0,0,0,0,0,0,0,0,0,0,0,0,23,0.0,0.0,0.0,0.043478260869565216,0.0,42.2,['CORS']
http://localhost:5050/api/v2/bookings/xpath_injection-search_xpath_concat,200,0,19.96,302,4.9388016080492285,0.0,0,0,0,0,0,0.0,0,0,0,0,0,0,0,0,0,0,0,0,0,0,0,0,0,0,0,0,0,0,0,0,0,0,0,0,0,0,0,0,8,3,0,2,0,2,2,0,0.0,0,0,0,0,0,0,0,0,0,0,0,0,0,0,0,0,0,0,0,0,0,0,0,0,0,0,0,0,0,0,0,0,0,0,0,29,0.0,0.0,0.0,0.3103448275862069,0.034482758620689655,42.14,['XPATH_Injection']
http://localhost:5050/api/v2/bookings/graphqli-introspection_left_enabled,405,0,28.0,153,4.599963902086099,0.0,0,0,0,0,0,0.0,0,0,0,0,0,0,0,0,0,0,0,0,0,0,0,0,0,0,0,0,0,0,0,0,0,0,0,0,0,0,0,0,8,3,0,0,0,0,0,0,0.0,0,0,0,0,0,0,0,0,0,0,0,0,0,0,0,0,0,0,0,0,0,0,0,0,0,0,0,0,0,0,0,0,0,0,0,26,0.0,0.0,0.0,0.4230769230769231,0.0,41.63,['GraphQLi']
http://localhost:5050/api/v2/bookings/graphqli-no_query_depth_limit,0,0,44.14,0,0.0,0.0,0,0,0,0,0,0.0,0,0,0,0,0,0,0,0,0,0,0,0,0,0,0,0,0,0,0,0,0,0,0,0,0,0,0,0,0,0,0,0,8,3,0,0,0,0,0,0,0.0,0,0,0,0,0,0,0,0,0,0,0,0,0,0,0,0,0,0,0,0,0,0,0,0,0,0,0,0,0,0,0,0,0,0,0,30,0.0,0.0,0.0,0.0,0.0,10.83,['GraphQLi']
http://localhost:5050/api/v2/bookings/cors-reflect_origin_credentials_true,200,0,16.89,345,4.940962913614908,0.0,0,0,0,0,0,0.0,0,0,0,0,0,0,0,0,0,0,0,0,0,0,0,0,0,0,0,0,0,0,0,0,0,0,0,0,0,0,0,0,8,3,0,2,1,2,0,0,0.0,0,0,0,0,0,0,0,0,0,0,0,0,0,0,0,0,0,0,0,0,0,0,0,0,0,0,0,0,0,0,0,0,0,0,0,27,0.0,0.0,0.0,0.3333333333333333,0.0,41.9,['CORS']
http://localhost:5050/api/v2/bookings/cors-wildcard_origin_sensitive_endpoint,200,0,18.65,284,4.772914391801433,0.0,0,0,0,0,0,0.0,0,0,0,0,0,0,0,0,0,0,0,0,0,0,0,0,0,0,0,0,0,0,0,0,0,0,0,0,0,0,0,0,8,3,0,1,0,2,0,0,0.0,0,0,0,0,0,0,0,0,0,0,0,0,0,0,0,0,0,0,0,0,0,0,0,0,0,0,0,0,0,0,0,0,0,0,0,29,0.0,0.0,0.0,0.2413793103448276,0.0,42.23,['CORS']
http://localhost:5050/api/v2/bookings/csrf-generic_state_change_no_token,405,0,18.98,153,4.599963902086099,0.0,0,0,0,0,0,0.0,0,0,0,0,0,0,0,0,0,0,0,0,0,0,0,0,0,0,0,0,0,0,0,0,0,0,0,0,0,0,0,0,8,3,0,0,0,0,0,0,0.0,0,0,0,0,0,0,0,0,0,0,0,0,0,0,0,0,0,0,0,0,0,0,0,0,0,0,0,0,0,0,0,0,0,0,0,26,0.0,0.0,0.0,0.3076923076923077,0.0,41.63,['CSRF']
http://localhost:5050/api/v2/bookings/csrf-delete_no_token,200,0,20.0,258,4.915629743475165,0.0,0,0,0,0,0,0.0,0,0,0,0,0,0,0,0,0,0,0,0,0,0,0,0,0,0,0,0,0,0,0,0,0,0,0,0,0,0,0,0,8,3,0,1,0,2,0,0,0.0,0,0,0,0,0,0,0,0,0,0,0,0,0,0,0,0,0,0,0,0,0,0,0,0,0,0,0,0,0,0,0,0,0,0,0,26,0.0,0.0,0.0,0.3076923076923077,0.11538461538461539,41.61,['CSRF']
http://localhost:5050/api/v2/bookings/csrf-sensitive_transfer_no_token,405,0,23.44,153,4.599963902086099,0.0,0,0,0,0,0,0.0,0,0,0,0,0,0,0,0,0,0,0,0,0,0,0,0,0,0,0,0,0,0,0,0,0,0,0,0,0,0,0,0,8,3,0,0,0,0,0,0,0.0,0,0,0,0,0,0,0,0,0,0,0,0,0,0,0,0,0,0,0,0,0,0,0,0,0,0,0,0,0,0,0,0,0,0,0,28,0.0,0.0,0.0,0.10714285714285714,0.0,41.63,['CSRF']
http://localhost:5050/api/v2/bookings/ratelimit-login_endpoint_no_throttle,405,0,18.98,153,4.599963902086099,0.0,0,0,0,0,0,0.0,0,0,0,0,0,0,0,0,0,0,0,0,0,0,0,0,0,0,0,0,0,0,0,0,0,0,0,0,0,0,0,0,8,3,0,0,0,0,0,0,0.0,0,0,0,0,0,0,0,0,0,0,0,0,0,0,0,0,0,0,0,0,0,0,0,0,0,0,0,0,0,0,0,0,0,0,0,26,0.0,0.0,0.0,0.15384615384615385,0.0,41.63,['RateLimit']
http://localhost:5050/api/v2/bookings/ratelimit-password_reset_no_throttle,200,0,20.1,276,4.733196904790413,0.0,0,0,0,0,0,0.0,0,0,0,0,0,0,0,0,0,0,0,0,0,0,0,0,0,0,0,0,0,0,0,0,0,0,0,0,0,0,0,0,8,3,0,1,0,2,0,0,0.0,0,0,0,0,0,0,0,0,0,0,0,0,0,0,0,0,0,0,0,0,0,0,0,0,0,0,0,0,0,0,0,0,0,0,0,26,0.0,0.0,0.0,0.34615384615384615,0.0,41.54,['RateLimit']
http://localhost:5050/api/v2/bookings/infodisc-stack_trace_leak_on_error,200,0,19.1,142,4.776203613141926,0.0,0,0,0,0,0,0.0,0,0,0,0,0,0,0,0,0,0,0,0,0,0,0,0,0,0,0,0,0,0,0,0,0,0,0,0,0,0,0,0,8,3,0,1,0,2,0,0,0.0,0,0,0,0,0,0,0,0,0,0,0,0,0,0,0,0,0,0,0,0,0,0,0,0,0,0,0,0,0,0,0,0,0,0,0,27,0.0,0.0,0.0,0.2222222222222222,0.0,42.02,['InfoDisc']
http://localhost:5050/api/v2/bookings/infodisc-verbose_server_version_header,200,0,19.97,265,4.999529877491452,0.0,0,0,0,0,0,0.0,0,0,0,0,0,0,0,0,0,0,0,0,0,0,0,0,0,0,0,0,0,0,0,0,0,0,0,0,0,0,0,0,8,3,0,1,0,2,0,0,0.0,0,0,0,0,0,0,0,0,0,0,0,0,0,0,0,0,0,0,0,0,0,0,0,0,0,0,0,0,0,0,0,0,0,0,0,27,0.0,0.0,0.0,0.25925925925925924,0.0,41.76,['InfoDisc']
http://localhost:5050/api/v2/bookings/infodisc-debug_env_endpoint/<resource_name>,200,0,18.86,286,5.034558900519406,0.0,0,0,0,0,0,0.0,0,0,0,0,0,0,0,0,0,0,0,0,0,0,0,0,0,0,0,0,0,0,0,0,0,0,0,0,0,0,0,0,8,3,0,1,0,2,0,0,0.0,0,0,0,0,0,0,0,0,0,0,0,0,0,0,0,0,0,0,0,0,0,0,0,0,0,0,0,0,0,0,0,0,0,0,0,26,0.0,0.0,0.0,0.34615384615384615,0.0,41.87,['InfoDisc']
http://localhost:5050/api/v2/bookings/inseccrypto-md5_unsalted_password,405,0,20.02,153,4.599963902086099,0.0,0,0,0,0,0,0.0,0,0,0,0,0,0,0,0,0,0,0,0,0,0,0,0,0,0,0,0,0,0,0,0,0,0,0,0,0,0,0,0,8,3,0,0,0,0,0,0,0.0,0,0,0,0,0,0,0,0,0,0,0,0,0,0,0,0,0,0,0,0,0,0,0,0,0,0,0,0,0,0,0,0,0,0,0,27,0.0,0.0,0.0,0.37037037037037035,0.0,41.63,['InsecCrypto']
http://localhost:5050/api/v2/bookings/inseccrypto-xor_fixed_key_encryption,200,0,19.07,342,5.058381767598809,0.0,0,0,0,0,0,0.0,0,0,0,0,0,0,0,0,0,0,0,0,0,0,0,0,0,0,0,0,0,0,0,0,0,0,0,0,0,0,0,0,8,3,0,1,0,2,0,0,0.0,0,0,0,0,0,0,0,0,0,0,0,0,0,0,0,0,0,0,0,0,0,0,0,0,0,0,0,0,0,0,0,0,0,0,0,26,0.0,0.0,0.0,0.23076923076923078,0.0,41.77,['InsecCrypto']
http://localhost:5050/api/v2/bookings/openredirect-redirect_query_url_no_check,200,0,19.93,280,4.743632953163234,0.0,0,0,0,0,0,0.0,0,0,0,0,0,0,0,0,0,0,0,0,0,0,0,0,0,0,0,0,0,0,0,0,0,0,0,0,0,0,0,0,8,3,0,1,0,2,0,0,0.0,0,0,0,0,0,0,0,0,0,0,0,0,0,0,0,0,0,0,0,0,0,0,0,0,0,0,0,0,0,0,0,0,0,0,0,26,0.0,0.0,0.0,0.3076923076923077,0.0,42.18,['OpenRedirect']
http://localhost:5050/api/v2/bookings/openredirect-post_login_next_param,405,0,27.98,153,4.599963902086099,0.0,0,0,0,0,0,0.0,0,0,0,0,0,0,0,0,0,0,0,0,0,0,0,0,0,0,0,0,0,0,0,0,0,0,0,0,0,0,0,0,8,3,0,0,0,0,0,0,0.0,0,0,0,0,0,0,0,0,0,0,0,0,0,0,0,0,0,0,0,0,0,0,0,0,0,0,0,0,0,0,0,0,0,0,0,24,0.0,0.0,0.0,0.25,0.0,41.63,['OpenRedirect']
http://localhost:5050/api/v2/bookings/jwt-alg_none_accepted,200,0,18.35,134,4.746476525617753,0.0,0,0,0,0,0,0.0,0,0,0,0,0,0,0,0,0,0,0,0,0,0,0,0,0,0,0,0,0,0,0,0,0,0,0,0,0,0,0,0,8,3,0,1,0,2,0,0,0.0,0,0,0,0,0,0,0,0,0,0,0,0,0,0,0,0,0,0,0,0,0,0,0,0,0,0,0,0,0,0,0,0,0,0,0,26,0.0,0.0,0.0,0.3076923076923077,0.0,41.85,['JWT']
http://localhost:5050/api/v2/bookings/jwt-weak_hardcoded_secret,200,0,16.49,165,4.7564792296203,0.0,0,0,0,0,0,0.0,0,0,0,0,0,0,0,0,0,0,0,0,0,0,0,0,0,0,0,0,0,0,0,0,0,0,0,0,0,0,0,0,8,3,0,1,0,2,0,0,0.0,0,0,0,0,0,0,0,0,0,0,0,0,0,0,0,0,0,0,0,0,0,0,0,0,0,0,0,0,0,0,0,0,0,0,0,28,0.0,0.0,0.0,0.21428571428571427,0.0,41.96,['JWT']
http://localhost:5050/api/v2/bookings/jwt-expiry_never_checked,200,0,18.89,137,4.801517643046677,0.0,0,0,0,0,0,0.0,0,0,0,0,0,0,0,0,0,0,0,0,0,0,0,0,0,0,0,0,0,0,0,0,0,0,0,0,0,0,0,0,8,3,0,1,0,2,0,0,0.0,0,0,0,0,0,0,0,0,0,0,0,0,0,0,0,0,0,0,0,0,0,0,0,0,0,0,0,0,0,0,0,0,0,0,0,27,0.0,0.0,0.0,0.25925925925925924,0.0,42.16,['JWT']
http://localhost:5050/api/v2/bookings/crlf_injection-location_header_crlf,200,0,19.01,300,4.872353336658187,0.0,0,0,0,0,0,0.0,0,0,0,0,0,0,0,0,0,0,0,0,0,0,0,0,0,0,0,0,0,0,0,0,0,0,0,0,0,0,0,0,8,3,0,1,0,2,0,0,0.0,0,0,0,0,0,0,0,0,0,0,0,0,0,0,0,0,0,0,0,0,0,0,0,0,0,0,0,0,0,0,0,0,0,0,0,27,0.0,0.0,0.0,0.25925925925925924,0.0,42.14,['CRLF_Injection']
http://localhost:5050/api/v2/bookings/crlf_injection-log_injection_crlf,405,0,37.48,153,4.599963902086099,0.0,0,0,0,0,0,0.0,0,0,0,0,0,0,0,0,0,0,0,0,0,0,0,0,0,0,0,0,0,0,0,0,0,0,0,0,0,0,0,0,8,3,0,0,0,0,0,0,0.0,0,0,0,0,0,0,0,0,0,0,0,0,0,0,0,0,0,0,0,0,0,0,0,0,0,0,0,0,0,0,0,0,0,0,0,21,0.0,0.0,0.0,0.14285714285714285,0.0,30.0,['CRLF_Injection']
http://localhost:5050/api/v2/bookings/racecondition-withdraw_toctou_no_lock,0,0,36.21,0,0.0,0.0,0,0,0,0,0,0.0,0,0,0,0,0,0,0,0,0,0,0,0,0,0,0,0,0,0,0,0,0,0,0,0,0,0,0,0,0,0,0,0,8,3,0,0,0,0,0,0,0.0,0,0,0,0,0,0,0,0,0,0,0,0,0,0,0,0,0,0,0,0,0,0,0,0,0,0,0,0,0,0,0,0,0,0,0,22,0.0,0.0,0.0,0.0,0.0,10.83,['RaceCondition']
http://localhost:5050/api/v2/bookings/racecondition-coupon_redeem_toctou_no_lock,405,0,19.9,153,4.599963902086099,0.0,0,0,0,0,0,0.0,0,0,0,0,0,0,0,0,0,0,0,0,0,0,0,0,0,0,0,0,0,0,0,0,0,0,0,0,0,0,0,0,8,3,0,0,0,0,0,0,0.0,0,0,0,0,0,0,0,0,0,0,0,0,0,0,0,0,0,0,0,0,0,0,0,0,0,0,0,0,0,0,0,0,0,0,0,26,0.0,0.0,0.0,0.34615384615384615,0.0,41.63,['RaceCondition']
http://localhost:5050/api/v2/subscriptions/sqli-where_id_concat,200,0,23.99,234,5.091700289205601,0.0,0,0,0,0,0,0.0,0,0,0,0,0,0,0,0,0,0,0,0,0,0,0,0,0,0,0,0,0,0,0,0,0,0,0,0,0,0,0,0,8,3,0,1,0,2,0,0,0.0,0,0,0,0,0,0,0,0,0,0,0,0,0,0,0,0,0,0,0,0,0,0,0,0,0,0,0,0,0,0,0,0,0,0,0,26,0.0,0.0,0.0,0.38461538461538464,0.15384615384615385,41.98,['SQLi']
http://localhost:5050/api/v2/subscriptions/sqli-order_by_concat,200,0,10.53,316,4.985769883625676,0.0,0,0,0,0,0,0.0,0,0,0,0,0,0,0,0,0,0,0,0,0,0,0,0,0,0,0,0,0,0,0,0,0,0,0,0,0,0,0,0,8,3,0,1,0,2,0,0,0.0,0,0,0,0,0,0,0,0,0,0,0,0,0,0,0,0,0,0,0,0,0,0,0,0,0,0,0,0,0,0,0,0,0,0,0,26,0.0,0.0,0.0,0.19230769230769232,0.0,41.84,['SQLi']
http://localhost:5050/api/v2/subscriptions/sqli-like_search_concat,405,0,18.89,153,4.599963902086099,0.0,0,0,0,0,0,0.0,0,0,0,0,0,0,0,0,0,0,0,0,0,0,0,0,0,0,0,0,0,0,0,0,0,0,0,0,0,0,0,0,8,3,0,0,0,0,0,0,0.0,0,0,0,0,0,0,0,0,0,0,0,0,0,0,0,0,0,0,0,0,0,0,0,0,0,0,0,0,0,0,0,0,0,0,0,27,0.0,0.0,0.0,0.25925925925925924,0.0,41.63,['SQLi']
http://localhost:5050/api/v2/subscriptions/sqli-login_bypass,405,0,19.88,153,4.599963902086099,0.0,0,0,0,0,0,0.0,0,0,0,0,0,0,0,0,0,0,0,0,0,0,0,0,0,0,0,0,0,0,0,0,0,0,0,0,0,0,0,0,8,3,0,0,0,0,0,0,0.0,0,0,0,0,0,0,0,0,0,0,0,0,0,0,0,0,0,0,0,0,0,0,0,0,0,0,0,0,0,0,0,0,0,0,0,26,0.0,0.0,0.0,0.2692307692307692,0.0,41.63,['SQLi']
http://localhost:5050/api/v2/subscriptions/sqli-union_select_id,405,0,29.93,153,4.599963902086099,0.0,0,0,0,0,0,0.0,0,0,0,0,0,0,0,0,0,0,0,0,0,0,0,0,0,0,0,0,0,0,0,0,0,0,0,0,0,0,0,0,8,3,0,0,0,0,0,0,0.0,0,0,0,0,0,0,0,0,0,0,0,0,0,0,0,0,0,0,0,0,0,0,0,0,0,0,0,0,0,0,0,0,0,0,0,27,0.0,0.0,0.0,0.2962962962962963,0.0,41.63,['SQLi']
http://localhost:5050/api/v2/subscriptions/cmdi-ping_host_shell_true,200,0,24.22,469,5.129610583018901,0.0,0,0,0,0,0,0.0,0,0,0,0,0,0,0,0,0,0,0,0,0,0,0,0,0,0,0,0,0,0,0,0,0,0,0,0,0,0,0,0,8,3,0,1,0,2,0,0,0.0,0,0,0,0,0,0,0,0,0,0,0,0,0,0,0,0,0,0,0,0,0,0,0,0,0,0,0,0,0,0,0,0,0,0,0,29,0.0,0.0,0.0,0.4482758620689655,0.0,42.36,['CMDi']
http://localhost:5050/api/v2/subscriptions/cmdi-filename_echo_shell,405,0,30.8,153,4.599963902086099,0.0,0,0,0,0,0,0.0,0,0,0,0,0,0,0,0,0,0,0,0,0,0,0,0,0,0,0,0,0,0,0,0,0,0,0,0,0,0,0,0,8,3,0,0,0,0,0,0,0.0,0,0,0,0,0,0,0,0,0,0,0,0,0,0,0,0,0,0,0,0,0,0,0,0,0,0,0,0,0,0,0,0,0,0,0,30,0.0,0.0,0.0,0.3,0.0,37.36,['CMDi']
http://localhost:5050/api/v2/subscriptions/cmdi-archive_name_shell,0,0,43.04,0,0.0,0.0,0,0,0,0,0,0.0,0,0,0,0,0,0,0,0,0,0,0,0,0,0,0,0,0,0,0,0,0,0,0,0,0,0,0,0,0,0,0,0,8,3,0,0,0,0,0,0,0.0,0,0,0,0,0,0,0,0,0,0,0,0,0,0,0,0,0,0,0,0,0,0,0,0,0,0,0,0,0,0,0,0,0,0,0,30,0.0,0.0,0.0,0.0,0.0,10.83,['CMDi']
http://localhost:5050/api/v2/subscriptions/insecdeser-pickle_b64_import,405,0,40.49,153,4.599963902086099,0.0,0,0,0,0,0,0.0,0,0,0,0,0,0,0,0,0,0,0,0,0,0,0,0,0,0,0,0,0,0,0,0,0,0,0,0,0,0,0,0,8,3,0,0,0,0,0,0,0.0,0,0,0,0,0,0,0,0,0,0,0,0,0,0,0,0,0,0,0,0,0,0,0,0,0,0,0,0,0,0,0,0,0,0,0,25,0.0,0.0,0.0,0.48,0.0,41.63,['InsecDeser']
http://localhost:5050/api/v2/subscriptions/insecdeser-yaml_unsafe_load,405,0,18.92,153,4.599963902086099,0.0,0,0,0,0,0,0.0,0,0,0,0,0,0,0,0,0,0,0,0,0,0,0,0,0,0,0,0,0,0,0,0,0,0,0,0,0,0,0,0,8,3,0,0,0,0,0,0,0.0,0,0,0,0,0,0,0,0,0,0,0,0,0,0,0,0,0,0,0,0,0,0,0,0,0,0,0,0,0,0,0,0,0,0,0,26,0.0,0.0,0.0,0.19230769230769232,0.0,41.63,['InsecDeser']
http://localhost:5050/api/v2/subscriptions/insecupload-no_extension_whitelist,405,0,20.12,153,4.599963902086099,0.0,0,0,0,0,0,0.0,0,0,0,0,0,0,0,0,0,0,0,0,0,0,0,0,0,0,0,0,0,0,0,0,0,0,0,0,0,0,0,0,8,3,0,0,0,0,0,0,0.0,0,0,0,0,0,0,0,0,0,0,0,0,0,0,0,0,0,0,0,0,0,0,0,0,0,0,0,0,0,0,0,0,0,0,0,26,0.0,0.0,0.0,0.3076923076923077,0.0,41.63,['InsecUpload']
http://localhost:5050/api/v2/subscriptions/insecupload-no_content_type_check,405,0,18.84,153,4.599963902086099,0.0,0,0,0,0,0,0.0,0,0,0,0,0,0,0,0,0,0,0,0,0,0,0,0,0,0,0,0,0,0,0,0,0,0,0,0,0,0,0,0,8,3,0,0,0,0,0,0,0.0,0,0,0,0,0,0,0,0,0,0,0,0,0,0,0,0,0,0,0,0,0,0,0,0,0,0,0,0,0,0,0,0,0,0,0,29,0.0,0.0,0.0,0.3448275862068966,0.0,41.63,['InsecUpload']
http://localhost:5050/api/v2/subscriptions/credsexpose-debug_endpoint_left_on/<resource_name>,200,0,18.25,398,5.106987519619798,0.0,0,0,0,0,0,0.0,0,0,0,0,0,0,0,0,0,0,0,0,0,0,0,0,0,0,0,0,0,0,0,0,0,0,0,0,0,0,0,0,8,3,0,1,0,2,0,0,0.0,0,0,0,0,0,0,0,0,0,0,0,0,0,0,0,0,0,0,0,0,0,0,0,0,0,0,0,0,0,0,0,0,0,0,0,26,0.0,0.0,0.0,0.23076923076923078,0.0,42.15,['CredsExpose']
http://localhost:5050/api/v2/subscriptions/credsexpose-verbose_error_with_secret,200,0,20.13,315,4.882486680356613,0.0,0,0,0,0,0,0.0,0,0,0,0,0,0,0,0,0,0,0,0,0,0,0,0,0,0,0,0,0,0,0,0,0,0,0,0,0,0,0,0,8,3,0,2,1,2,0,0,0.0,0,0,0,0,0,0,0,0,0,0,0,0,0,0,0,0,0,0,0,0,0,0,0,0,0,0,0,0,0,0,0,0,0,0,0,27,0.0,0.0,0.0,0.18518518518518517,0.18518518518518517,42.2,['CredsExpose']
http://localhost:5050/api/v2/subscriptions/credsexpose-secret_in_response_header,200,0,20.02,285,4.9633252411214706,0.0,0,0,0,0,0,0.0,0,0,0,0,0,0,0,0,0,0,0,0,0,0,0,0,0,0,0,0,0,0,0,0,0,0,0,0,0,0,0,0,8,3,0,1,0,2,0,0,0.0,0,0,0,0,0,0,0,0,0,0,0,0,0,0,0,0,0,0,0,0,0,0,0,0,0,0,0,0,0,0,0,0,0,0,0,28,0.0,0.0,0.0,0.5,0.0,42.07,['CredsExpose']
http://localhost:5050/api/v2/subscriptions/brokenauth-no_bruteforce_protection,405,0,30.78,153,4.599963902086099,0.0,0,0,0,0,0,0.0,0,0,0,0,0,0,0,0,0,0,0,0,0,0,0,0,0,0,0,0,0,0,0,0,0,0,0,0,0,0,0,0,8,3,0,0,0,0,0,0,0.0,0,0,0,0,0,0,0,0,0,0,0,0,0,0,0,0,0,0,0,0,0,0,0,0,0,0,0,0,0,0,0,0,0,0,0,30,0.0,0.0,0.0,0.2,0.0,41.63,['BrokenAuth']
http://localhost:5050/api/v2/subscriptions/brokenauth-predictable_session_token,405,0,41.85,153,4.599963902086099,0.0,0,0,0,0,0,0.0,0,0,0,0,0,0,0,0,0,0,0,0,0,0,0,0,0,0,0,0,0,0,0,0,0,0,0,0,0,0,0,0,8,3,0,0,0,0,0,0,0.0,0,0,0,0,0,0,0,0,0,0,0,0,0,0,0,0,0,0,0,0,0,0,0,0,0,0,0,0,0,0,0,0,0,0,0,23,0.0,0.0,0.0,0.391304347826087,0.0,41.63,['BrokenAuth']
http://localhost:5050/api/v2/subscriptions/brokenauth-guessable_password_reset,200,0,23.22,242,4.835579123017811,0.0,0,0,0,0,0,0.0,0,0,0,0,0,0,0,0,0,0,0,0,0,0,0,0,0,0,0,0,0,0,0,0,0,0,0,0,0,0,0,0,8,3,0,1,0,2,0,0,0.0,0,0,0,0,0,0,0,0,0,0,0,0,0,0,0,0,0,0,0,0,0,0,0,0,0,0,0,0,0,0,0,0,0,0,0,27,0.0,0.0,0.0,0.2962962962962963,0.0,41.87,['BrokenAuth']
http://localhost:5050/api/v2/subscriptions/xss-reflected_query_div,200,0,20.09,263,5.053062999498052,0.0,0,0,0,0,0,0.0,0,0,0,0,0,0,0,0,0,0,0,0,0,0,0,0,0,0,0,0,0,0,0,0,0,0,0,0,0,0,0,0,8,3,0,1,0,2,0,0,0.0,0,0,0,0,0,0,0,0,0,0,0,0,0,0,0,0,0,0,0,0,0,0,0,0,0,0,0,0,0,0,0,0,0,0,0,28,0.0,0.0,0.0,0.17857142857142858,0.14285714285714285,40.95,['XSS']
http://localhost:5050/api/v2/subscriptions/xss-reflected_form_comment,405,0,18.75,153,4.599963902086099,0.0,0,0,0,0,0,0.0,0,0,0,0,0,0,0,0,0,0,0,0,0,0,0,0,0,0,0,0,0,0,0,0,0,0,0,0,0,0,0,0,8,3,0,0,0,0,0,0,0.0,0,0,0,0,0,0,0,0,0,0,0,0,0,0,0,0,0,0,0,0,0,0,0,0,0,0,0,0,0,0,0,0,0,0,0,26,0.0,0.0,0.0,0.15384615384615385,0.0,41.63,['XSS']
http://localhost:5050/api/v2/subscriptions/xss-reflected_json_span,405,0,53.1,153,4.599963902086099,0.0,0,0,0,0,0,0.0,0,0,0,0,0,0,0,0,0,0,0,0,0,0,0,0,0,0,0,0,0,0,0,0,0,0,0,0,0,0,0,0,8,3,0,0,0,0,0,0,0.0,0,0,0,0,0,0,0,0,0,0,0,0,0,0,0,0,0,0,0,0,0,0,0,0,0,0,0,0,0,0,0,0,0,0,0,26,0.0,0.0,0.0,0.34615384615384615,0.0,20.82,['XSS']
http://localhost:5050/api/v2/subscriptions/xss-reflected_header_comment,200,0,19.31,274,4.989893888978547,0.0,0,0,0,0,0,0.0,0,0,0,0,0,0,0,0,0,0,0,0,0,0,0,0,0,0,0,0,0,0,0,0,0,0,0,0,0,0,0,0,8,3,0,1,0,2,0,0,0.0,0,0,0,0,0,0,0,0,0,0,0,0,0,0,0,0,0,0,0,0,0,0,0,0,0,0,0,0,0,0,0,0,0,0,0,27,0.0,0.0,0.0,0.3333333333333333,0.0,41.02,['XSS']
http://localhost:5050/api/v2/subscriptions/xss-reflected_attribute_breakout,200,0,20.12,293,4.910087931768161,0.0,0,0,0,0,0,0.0,0,0,0,0,0,0,0,0,0,0,0,0,0,0,0,0,0,0,0,0,0,0,0,0,0,0,0,0,0,0,0,0,8,3,0,1,0,2,0,0,0.0,0,0,0,0,0,0,0,0,0,0,0,0,0,0,0,0,0,0,0,0,0,0,0,0,0,0,0,0,0,0,0,0,0,0,0,26,0.0,0.0,0.0,0.4230769230769231,0.0,41.34,['XSS']
http://localhost:5050/api/v2/subscriptions/dirtrav-read_file_query_param,200,0,19.81,219,4.71641676610614,0.0,0,0,0,0,0,0.0,0,0,0,0,0,0,0,0,0,0,0,0,0,0,0,0,0,0,0,0,0,0,0,0,0,0,0,0,0,0,0,0,8,3,0,1,0,2,0,0,0.0,0,0,0,0,0,0,0,0,0,0,0,0,0,0,0,0,0,0,0,0,0,0,0,0,0,0,0,0,0,0,0,0,0,0,0,26,0.0,0.0,0.0,0.2692307692307692,0.7307692307692307,42.17,['DirTrav']
http://localhost:5050/api/v2/subscriptions/dirtrav-read_file_form_param,405,0,19.84,153,4.599963902086099,0.0,0,0,0,0,0,0.0,0,0,0,0,0,0,0,0,0,0,0,0,0,0,0,0,0,0,0,0,0,0,0,0,0,0,0,0,0,0,0,0,8,3,0,0,0,0,0,0,0.0,0,0,0,0,0,0,0,0,0,0,0,0,0,0,0,0,0,0,0,0,0,0,0,0,0,0,0,0,0,0,0,0,0,0,0,26,0.0,0.0,0.0,0.23076923076923078,0.0,41.63,['DirTrav']
http://localhost:5050/api/v2/subscriptions/dirtrav-read_file_path_segment/<filename>,200,0,19.3,270,4.803554773784413,0.0,0,0,0,0,0,0.0,0,0,0,0,0,0,0,0,0,0,0,0,0,0,0,0,0,0,0,0,0,0,0,0,0,0,0,0,0,0,0,0,8,3,0,1,0,2,0,0,0.0,0,0,0,0,0,0,0,0,0,0,0,0,0,0,0,0,0,0,0,0,0,0,0,0,0,0,0,0,0,0,0,0,0,0,0,26,0.0,0.0,0.0,0.11538461538461539,0.0,42.02,['DirTrav']
http://localhost:5050/api/v2/subscriptions/xxe-resolve_entities_json_body,0,0,46.68,0,0.0,0.0,0,0,0,0,0,0.0,0,0,0,0,0,0,0,0,0,0,0,0,0,0,0,0,0,0,0,0,0,0,0,0,0,0,0,0,0,0,0,0,1,0,0,0,0,0,0,0,0.0,0,0,0,0,0,0,0,0,0,0,0,0,0,0,0,0,0,0,0,0,0,0,0,0,0,0,0,0,0,0,0,0,0,0,0,30,0.0,0.0,0.0,0.0,0.0,10.83,['XXE']
http://localhost:5050/api/v2/subscriptions/xxe-resolve_entities_form_body,405,0,18.77,153,4.599963902086099,0.0,0,0,0,0,0,0.0,0,0,0,0,0,0,0,0,0,0,0,0,0,0,0,0,0,0,0,0,0,0,0,0,0,0,0,0,0,0,0,0,8,3,0,0,0,0,0,0,0.0,0,0,0,0,0,0,0,0,0,0,0,0,0,0,0,0,0,0,0,0,0,0,0,0,0,0,0,0,0,0,0,0,0,0,0,27,0.0,0.0,0.0,0.25925925925925924,0.0,41.63,['XXE']
http://localhost:5050/api/v2/subscriptions/nosqli-auth_operator_bypass,0,0,97.41,0,0.0,0.0,0,0,0,0,0,0.0,0,0,0,0,0,0,0,0,0,0,0,0,0,0,0,0,0,0,0,0,0,0,0,0,0,0,0,0,0,0,0,0,8,3,0,0,0,0,0,0,0.0,0,0,0,0,0,0,0,0,0,0,0,0,0,0,0,0,0,0,0,0,0,0,0,0,0,0,0,0,0,0,0,0,0,0,0,30,0.0,0.0,0.0,0.0,0.0,10.83,['NoSQLi']
http://localhost:5050/api/v2/subscriptions/nosqli-search_filter_injection,405,0,37.46,153,4.599963902086099,0.0,0,0,0,0,0,0.0,0,0,0,0,0,0,0,0,0,0,0,0,0,0,0,0,0,0,0,0,0,0,0,0,0,0,0,0,0,0,0,0,8,3,0,0,0,0,0,0,0.0,0,0,0,0,0,0,0,0,0,0,0,0,0,0,0,0,0,0,0,0,0,0,0,0,0,0,0,0,0,0,0,0,0,0,0,22,0.0,0.0,0.0,0.2727272727272727,0.0,41.63,['NoSQLi']
http://localhost:5050/api/v2/subscriptions/nosqli-regex_operator_injection,405,0,65.85,153,4.599963902086099,0.0,0,0,0,0,0,0.0,0,0,0,0,0,0,0,0,0,0,0,0,0,0,0,0,0,0,0,0,0,0,0,0,0,0,0,0,0,0,0,0,8,3,0,0,0,0,0,0,0.0,0,0,0,0,0,0,0,0,0,0,0,0,0,0,0,0,0,0,0,0,0,0,0,0,0,0,0,0,0,0,0,0,0,0,0,30,0.0,0.0,0.0,0.06666666666666667,0.0,11.63,['NoSQLi']
http://localhost:5050/api/v2/subscriptions/ldapi-login_filter_wildcard,405,0,19.52,153,4.599963902086099,0.0,0,0,0,0,0,0.0,0,0,0,0,0,0,0,0,0,0,0,0,0,0,0,0,0,0,0,0,0,0,0,0,0,0,0,0,0,0,0,0,8,3,0,0,0,0,0,0,0.0,0,0,0,0,0,0,0,0,0,0,0,0,0,0,0,0,0,0,0,0,0,0,0,0,0,0,0,0,0,0,0,0,0,0,0,27,0.0,0.0,0.0,0.3333333333333333,0.0,41.63,['LDAPi']
http://localhost:5050/api/v2/subscriptions/ldapi-search_filter_wildcard,200,0,19.51,236,4.9726323853346655,0.0,0,0,0,0,0,0.0,0,0,0,0,0,0,0,0,0,0,0,0,0,0,0,0,0,0,0,0,0,0,0,0,0,0,0,0,0,0,0,0,8,3,0,2,0,2,1,0,0.0,0,0,0,0,0,0,0,0,0,0,0,0,0,0,0,0,0,0,0,0,0,0,0,0,0,0,0,0,0,0,0,0,0,0,0,28,0.0,0.0,0.0,0.35714285714285715,0.07142857142857142,42.4,['LDAPi']
http://localhost:5050/api/v2/subscriptions/insecperm-role_trusted_from_header,200,0,18.76,289,4.757672169296781,0.0,0,0,0,0,0,0.0,0,0,0,0,0,0,0,0,0,0,0,0,0,0,0,0,0,0,0,0,0,0,0,0,0,0,0,0,0,0,0,0,8,3,0,1,0,2,0,0,0.0,0,0,0,0,0,0,0,0,0,0,0,0,0,0,0,0,0,0,0,0,0,0,0,0,0,0,0,0,0,0,0,0,0,0,0,26,0.0,0.0,0.0,0.19230769230769232,0.0,41.46,['InsecPerm']
http://localhost:5050/api/v2/subscriptions/insecperm-world_readable_export_endpoint/<id>,200,0,19.07,295,4.772631919534812,0.0,0,0,0,0,0,0.0,0,0,0,0,0,0,0,0,0,0,0,0,0,0,0,0,0,0,0,0,0,0,0,0,0,0,0,0,0,0,0,0,8,3,0,1,0,2,0,0,0.0,0,0,0,0,0,0,0,0,0,0,0,0,0,0,0,0,0,0,0,0,0,0,0,0,0,0,0,0,0,0,0,0,0,0,0,27,0.0,0.0,0.0,0.25925925925925924,0.0,42.19,['InsecPerm']
http://localhost:5050/api/v2/subscriptions/insecperm-client_controlled_admin_flag,200,0,19.85,248,4.737794904047251,0.0,0,0,0,0,0,0.0,0,0,0,0,0,0,0,0,0,0,0,0,0,0,0,0,0,0,0,0,0,0,0,0,0,0,0,0,0,0,0,0,8,3,0,1,0,2,0,0,0.0,0,0,0,0,0,0,0,0,0,0,0,0,0,0,0,0,0,0,0,0,0,0,0,0,0,0,0,0,0,0,0,0,0,0,0,29,0.0,0.0,0.0,0.3448275862068966,0.0,41.61,['InsecPerm']
http://localhost:5050/api/v2/subscriptions/idor-path_id_direct_access/<obj_id>,200,0,19.13,417,4.92539985690526,0.0,0,0,0,0,0,0.0,0,0,0,0,0,0,0,0,0,0,0,0,0,0,0,0,0,0,0,0,0,0,0,0,0,0,0,0,0,0,0,0,8,3,0,2,0,3,0,0,0.0,0,0,0,0,0,0,0,0,0,0,0,0,0,0,0,0,0,0,0,0,0,0,0,0,0,0,0,0,0,0,0,0,0,0,0,27,0.0,0.0,0.0,0.2222222222222222,0.0,41.69,['IDOR']
http://localhost:5050/api/v2/subscriptions/idor-query_id_direct_access,200,0,19.82,295,4.801909602019598,0.0,0,0,0,0,0,0.0,0,0,0,0,0,0,0,0,0,0,0,0,0,0,0,0,0,0,0,0,0,0,0,0,0,0,0,0,0,0,0,0,8,3,0,2,0,3,0,0,0.0,0,0,0,0,0,0,0,0,0,0,0,0,0,0,0,0,0,0,0,0,0,0,0,0,0,0,0,0,0,0,0,0,0,0,0,28,0.0,0.0,0.0,0.2857142857142857,0.0,41.74,['IDOR']
http://localhost:5050/api/v2/subscriptions/idor-json_body_id_direct_access,405,0,18.75,153,4.599963902086099,0.0,0,0,0,0,0,0.0,0,0,0,0,0,0,0,0,0,0,0,0,0,0,0,0,0,0,0,0,0,0,0,0,0,0,0,0,0,0,0,0,8,3,0,0,0,0,0,0,0.0,0,0,0,0,0,0,0,0,0,0,0,0,0,0,0,0,0,0,0,0,0,0,0,0,0,0,0,0,0,0,0,0,0,0,0,27,0.0,0.0,0.0,0.37037037037037035,0.0,41.63,['IDOR']
http://localhost:5050/api/v2/subscriptions/sessfix-sessionid_accepted_from_query,200,0,19.5,251,4.799363467875897,0.0,0,0,0,0,0,0.0,0,0,0,0,0,0,0,0,0,0,0,0,0,0,0,0,0,0,0,0,0,0,0,0,0,0,0,0,0,0,0,0,8,3,0,1,0,2,0,0,0.0,0,0,0,0,0,0,0,0,0,0,0,0,0,0,0,0,0,0,0,0,0,0,0,0,0,0,0,0,0,0,0,0,0,0,0,29,0.0,0.0,0.0,0.27586206896551724,0.0,42.3,['SessFix']
http://localhost:5050/api/v2/subscriptions/sessfix-sessionid_not_regenerated_on_login,200,0,18.97,204,4.583481837954641,0.0,0,0,0,0,0,0.0,0,0,0,0,0,0,0,0,0,0,0,0,0,0,0,0,0,0,0,0,0,0,0,0,0,0,0,0,0,0,0,0,8,3,0,1,0,2,0,0,0.0,0,0,0,0,0,0,0,0,0,0,0,0,0,0,0,0,0,0,0,0,0,0,0,0,0,0,0,0,0,0,0,0,0,0,0,30,0.0,0.0,0.0,0.4,0.0,42.41,['SessFix']
http://localhost:5050/api/v2/subscriptions/ssrf-url_fetch_query_no_allowlist,200,0,18.77,349,4.912492248467791,0.0,0,0,0,0,0,0.0,0,0,0,0,0,0,0,0,0,0,0,0,0,0,0,0,0,0,0,0,0,0,0,0,0,0,0,0,0,0,0,0,8,3,0,2,0,2,1,0,0.0,0,0,0,0,0,0,0,0,0,0,0,0,0,0,0,0,0,0,0,0,0,0,0,0,0,0,0,0,0,0,0,0,0,0,0,27,0.0,0.0,0.0,0.25925925925925924,0.0,42.99,['SSRF']
http://localhost:5050/api/v2/subscriptions/ssrf-url_fetch_json_webhook,405,0,30.79,153,4.599963902086099,0.0,0,0,0,0,0,0.0,0,0,0,0,0,0,0,0,0,0,0,0,0,0,0,0,0,0,0,0,0,0,0,0,0,0,0,0,0,0,0,0,8,3,0,0,0,0,0,0,0.0,0,0,0,0,0,0,0,0,0,0,0,0,0,0,0,0,0,0,0,0,0,0,0,0,0,0,0,0,0,0,0,0,0,0,0,26,0.0,0.0,0.0,0.4230769230769231,0.0,41.63,['SSRF']
http://localhost:5050/api/v2/subscriptions/ssrf-url_fetch_form_image_import,405,0,36.68,153,4.599963902086099,0.0,0,0,0,0,0,0.0,0,0,0,0,0,0,0,0,0,0,0,0,0,0,0,0,0,0,0,0,0,0,0,0,0,0,0,0,0,0,0,0,8,3,0,0,0,0,0,0,0.0,0,0,0,0,0,0,0,0,0,0,0,0,0,0,0,0,0,0,0,0,0,0,0,0,0,0,0,0,0,0,0,0,0,0,0,20,0.0,0.0,0.0,0.2,0.0,36.43,['SSRF']
http://localhost:5050/api/v2/subscriptions/ssti-greeting_name_query,200,0,18.94,219,4.779108389016748,0.0,0,0,0,0,0,0.0,0,0,0,0,0,0,0,0,0,0,0,0,0,0,0,0,0,0,0,0,0,0,0,0,0,0,0,0,0,0,0,0,8,3,0,1,0,2,0,0,0.0,0,0,0,0,0,0,0,0,0,0,0,0,0,0,0,0,0,0,0,0,0,0,0,0,0,0,0,0,0,0,0,0,0,0,0,26,0.0,0.0,0.0,0.2692307692307692,0.15384615384615385,42.01,['SSTI']
http://localhost:5050/api/v2/subscriptions/ssti-custom_template_field_form,405,0,46.52,153,4.599963902086099,0.0,0,0,0,0,0,0.0,0,0,0,0,0,0,0,0,0,0,0,0,0,0,0,0,0,0,0,0,0,0,0,0,0,0,0,0,0,0,0,0,8,3,0,0,0,0,0,0,0.0,0,0,0,0,0,0,0,0,0,0,0,0,0,0,0,0,0,0,0,0,0,0,0,0,0,0,0,0,0,0,0,0,0,0,0,23,0.0,0.0,0.0,0.17391304347826086,0.0,32.31,['SSTI']
http://localhost:5050/api/v2/subscriptions/ssti-message_field_json,405,0,28.04,153,4.599963902086099,0.0,0,0,0,0,0,0.0,0,0,0,0,0,0,0,0,0,0,0,0,0,0,0,0,0,0,0,0,0,0,0,0,0,0,0,0,0,0,0,0,8,3,0,0,0,0,0,0,0.0,0,0,0,0,0,0,0,0,0,0,0,0,0,0,0,0,0,0,0,0,0,0,0,0,0,0,0,0,0,0,0,0,0,0,0,28,0.0,0.0,0.0,0.5,0.0,41.63,['SSTI']
http://localhost:5050/api/v2/subscriptions/prototype_pollution-deep_merge_settings,0,0,33.44,0,0.0,0.0,0,0,0,0,0,0.0,0,0,0,0,0,0,0,0,0,0,0,0,0,0,0,0,0,0,0,0,0,0,0,0,0,0,0,0,0,0,0,0,1,0,0,0,0,0,0,0,0.0,0,0,0,0,0,0,0,0,0,0,0,0,0,0,0,0,0,0,0,0,0,0,0,0,0,0,0,0,0,0,0,0,0,0,0,30,0.0,0.0,0.0,0.0,0.0,10.83,['Prototype_Pollution']
http://localhost:5050/api/v2/subscriptions/prototype_pollution-deep_merge_preferences,405,0,19.48,153,4.599963902086099,0.0,0,0,0,0,0,0.0,0,0,0,0,0,0,0,0,0,0,0,0,0,0,0,0,0,0,0,0,0,0,0,0,0,0,0,0,0,0,0,0,8,3,0,0,0,0,0,0,0.0,0,0,0,0,0,0,0,0,0,0,0,0,0,0,0,0,0,0,0,0,0,0,0,0,0,0,0,0,0,0,0,0,0,0,0,26,0.0,0.0,0.0,0.3076923076923077,0.0,41.63,['Prototype_Pollution']
http://localhost:5050/api/v2/subscriptions/http_request_smuggling-cl_te_both_accepted,200,0,18.76,358,4.833603544145495,0.0,0,0,0,0,0,0.0,0,0,0,0,0,0,0,0,0,0,0,0,0,0,0,0,0,0,0,0,0,0,0,0,0,0,0,0,0,0,1,0,8,3,0,1,0,2,0,0,0.0,0,0,0,0,0,0,0,0,0,0,0,0,0,0,0,0,0,0,0,0,0,0,0,0,0,0,0,0,0,0,0,0,0,0,0,28,0.0,0.0,0.0,0.42857142857142855,0.0,41.59,['HTTP_Request_Smuggling']
http://localhost:5050/api/v2/subscriptions/http_request_smuggling-duplicate_content_length_accepted,200,0,20.38,322,4.81156461147995,0.0,0,0,0,0,0,0.0,0,0,0,0,0,0,0,0,0,0,0,0,0,0,0,0,0,0,0,0,0,0,0,0,0,0,0,0,0,0,1,0,8,3,0,1,0,2,0,0,0.0,0,0,0,0,0,0,0,0,0,0,0,0,0,0,0,0,0,0,0,0,0,0,0,0,0,0,0,0,0,0,0,0,0,0,0,26,0.0,0.0,0.0,0.15384615384615385,0.0,41.09,['HTTP_Request_Smuggling']
http://localhost:5050/api/v2/subscriptions/xpath_injection-login_xpath_concat,405,0,19.46,153,4.599963902086099,0.0,0,0,0,0,0,0.0,0,0,0,0,0,0,0,0,0,0,0,0,0,0,0,0,0,0,0,0,0,0,0,0,0,0,0,0,0,0,0,0,8,3,0,0,0,0,0,0,0.0,0,0,0,0,0,0,0,0,0,0,0,0,0,0,0,0,0,0,0,0,0,0,0,0,0,0,0,0,0,0,0,0,0,0,0,27,0.0,0.0,0.0,0.2222222222222222,0.0,41.63,['XPATH_Injection']
http://localhost:5050/api/v2/subscriptions/xpath_injection-search_xpath_concat,200,0,15.54,312,4.886181158005743,0.0,0,0,0,0,0,0.0,0,0,0,0,0,0,0,0,0,0,0,0,0,0,0,0,0,0,0,0,0,0,0,0,0,0,0,0,0,0,0,0,8,3,0,2,0,2,2,0,0.0,0,0,0,0,0,0,0,0,0,0,0,0,0,0,0,0,0,0,0,0,0,0,0,0,0,0,0,0,0,0,0,0,0,0,0,26,0.0,0.0,0.0,0.23076923076923078,0.0,42.31,['XPATH_Injection']
http://localhost:5050/api/v2/subscriptions/graphqli-introspection_left_enabled,405,0,28.08,153,4.599963902086099,0.0,0,0,0,0,0,0.0,0,0,0,0,0,0,0,0,0,0,0,0,0,0,0,0,0,0,0,0,0,0,0,0,0,0,0,0,0,0,0,0,8,3,0,0,0,0,0,0,0.0,0,0,0,0,0,0,0,0,0,0,0,0,0,0,0,0,0,0,0,0,0,0,0,0,0,0,0,0,0,0,0,0,0,0,0,28,0.0,0.0,0.0,0.32142857142857145,0.0,41.63,['GraphQLi']
http://localhost:5050/api/v2/subscriptions/graphqli-no_query_depth_limit,405,0,41.81,153,4.599963902086099,0.0,0,0,0,0,0,0.0,0,0,0,0,0,0,0,0,0,0,0,0,0,0,0,0,0,0,0,0,0,0,0,0,0,0,0,0,0,0,0,0,8,3,0,0,0,0,0,0,0.0,0,0,0,0,0,0,0,0,0,0,0,0,0,0,0,0,0,0,0,0,0,0,0,0,0,0,0,0,0,0,0,0,0,0,0,23,0.0,0.0,0.0,0.391304347826087,0.0,36.13,['GraphQLi']
http://localhost:5050/api/v2/subscriptions/cors-reflect_origin_credentials_true,200,0,17.75,355,4.905393527389111,0.0,0,0,0,0,0,0.0,0,0,0,0,0,0,0,0,0,0,0,0,0,0,0,0,0,0,0,0,0,0,0,0,0,0,0,0,0,0,0,0,8,3,0,2,1,2,0,0,0.0,0,0,0,0,0,0,0,0,0,0,0,0,0,0,0,0,0,0,0,0,0,0,0,0,0,0,0,0,0,0,0,0,0,0,0,29,0.0,0.0,0.0,0.41379310344827586,0.0,42.06,['CORS']
http://localhost:5050/api/v2/subscriptions/cors-wildcard_origin_sensitive_endpoint,200,0,20.35,294,4.729595404768445,0.0,0,0,0,0,0,0.0,0,0,0,0,0,0,0,0,0,0,0,0,0,0,0,0,0,0,0,0,0,0,0,0,0,0,0,0,0,0,0,0,8,3,0,1,0,2,0,0,0.0,0,0,0,0,0,0,0,0,0,0,0,0,0,0,0,0,0,0,0,0,0,0,0,0,0,0,0,0,0,0,0,0,0,0,0,17,0.0,0.0,0.0,0.17647058823529413,0.0,42.33,['CORS']
http://localhost:5050/api/v2/subscriptions/csrf-generic_state_change_no_token,405,0,18.74,153,4.599963902086099,0.0,0,0,0,0,0,0.0,0,0,0,0,0,0,0,0,0,0,0,0,0,0,0,0,0,0,0,0,0,0,0,0,0,0,0,0,0,0,0,0,8,3,0,0,0,0,0,0,0.0,0,0,0,0,0,0,0,0,0,0,0,0,0,0,0,0,0,0,0,0,0,0,0,0,0,0,0,0,0,0,0,0,0,0,0,27,0.0,0.0,0.0,0.037037037037037035,0.0,41.63,['CSRF']
http://localhost:5050/api/v2/subscriptions/csrf-delete_no_token,200,0,19.45,273,4.876511925040044,0.0,0,0,0,0,0,0.0,0,0,0,0,0,0,0,0,0,0,0,0,0,0,0,0,0,0,0,0,0,0,0,0,0,0,0,0,0,0,0,0,8,3,0,1,0,2,0,0,0.0,0,0,0,0,0,0,0,0,0,0,0,0,0,0,0,0,0,0,0,0,0,0,0,0,0,0,0,0,0,0,0,0,0,0,0,19,0.0,0.0,0.0,0.47368421052631576,0.10526315789473684,41.59,['CSRF']
http://localhost:5050/api/v2/subscriptions/csrf-sensitive_transfer_no_token,405,0,18.72,153,4.599963902086099,0.0,0,0,0,0,0,0.0,0,0,0,0,0,0,0,0,0,0,0,0,0,0,0,0,0,0,0,0,0,0,0,0,0,0,0,0,0,0,0,0,8,3,0,0,0,0,0,0,0.0,0,0,0,0,0,0,0,0,0,0,0,0,0,0,0,0,0,0,0,0,0,0,0,0,0,0,0,0,0,0,0,0,0,0,0,28,0.0,0.0,0.0,0.10714285714285714,0.0,41.63,['CSRF']
http://localhost:5050/api/v2/subscriptions/ratelimit-login_endpoint_no_throttle,405,0,19.46,153,4.599963902086099,0.0,0,0,0,0,0,0.0,0,0,0,0,0,0,0,0,0,0,0,0,0,0,0,0,0,0,0,0,0,0,0,0,0,0,0,0,0,0,0,0,8,3,0,0,0,0,0,0,0.0,0,0,0,0,0,0,0,0,0,0,0,0,0,0,0,0,0,0,0,0,0,0,0,0,0,0,0,0,0,0,0,0,0,0,0,19,0.0,0.0,0.0,0.21052631578947367,0.0,41.63,['RateLimit']
http://localhost:5050/api/v2/subscriptions/ratelimit-password_reset_no_throttle,200,0,18.71,281,4.702307572494047,0.0,0,0,0,0,0,0.0,0,0,0,0,0,0,0,0,0,0,0,0,0,0,0,0,0,0,0,0,0,0,0,0,0,0,0,0,0,0,0,0,8,3,0,1,0,2,0,0,0.0,0,0,0,0,0,0,0,0,0,0,0,0,0,0,0,0,0,0,0,0,0,0,0,0,0,0,0,0,0,0,0,0,0,0,0,26,0.0,0.0,0.0,0.2692307692307692,0.0,41.65,['RateLimit']
http://localhost:5050/api/v2/subscriptions/infodisc-stack_trace_leak_on_error,200,0,19.4,147,4.755511372728713,0.0,0,0,0,0,0,0.0,0,0,0,0,0,0,0,0,0,0,0,0,0,0,0,0,0,0,0,0,0,0,0,0,0,0,0,0,0,0,0,0,8,3,0,1,0,2,0,0,0.0,0,0,0,0,0,0,0,0,0,0,0,0,0,0,0,0,0,0,0,0,0,0,0,0,0,0,0,0,0,0,0,0,0,0,0,15,0.0,0.0,0.0,0.4,0.0,42.15,['InfoDisc']
http://localhost:5050/api/v2/subscriptions/infodisc-verbose_server_version_header,200,0,18.65,270,4.994765025177355,0.0,0,0,0,0,0,0.0,0,0,0,0,0,0,0,0,0,0,0,0,0,0,0,0,0,0,0,0,0,0,0,0,0,0,0,0,0,0,0,0,8,3,0,1,0,2,0,0,0.0,0,0,0,0,0,0,0,0,0,0,0,0,0,0,0,0,0,0,0,0,0,0,0,0,0,0,0,0,0,0,0,0,0,0,0,28,0.0,0.0,0.0,0.14285714285714285,0.0,41.88,['InfoDisc']
http://localhost:5050/api/v2/subscriptions/infodisc-debug_env_endpoint/<resource_name>,200,0,19.4,296,5.000971099719606,0.0,0,0,0,0,0,0.0,0,0,0,0,0,0,0,0,0,0,0,0,0,0,0,0,0,0,0,0,0,0,0,0,0,0,0,0,0,0,0,0,8,3,0,1,0,2,0,0,0.0,0,0,0,0,0,0,0,0,0,0,0,0,0,0,0,0,0,0,0,0,0,0,0,0,0,0,0,0,0,0,0,0,0,0,0,27,0.0,0.0,0.0,0.2962962962962963,0.0,42.01,['InfoDisc']
http://localhost:5050/api/v2/subscriptions/inseccrypto-md5_unsalted_password,405,0,46.54,153,4.599963902086099,0.0,0,0,0,0,0,0.0,0,0,0,0,0,0,0,0,0,0,0,0,0,0,0,0,0,0,0,0,0,0,0,0,0,0,0,0,0,0,0,0,8,3,0,0,0,0,0,0,0.0,0,0,0,0,0,0,0,0,0,0,0,0,0,0,0,0,0,0,0,0,0,0,0,0,0,0,0,0,0,0,0,0,0,0,0,21,0.0,0.0,0.0,0.3333333333333333,0.0,32.18,['InsecCrypto']
http://localhost:5050/api/v2/subscriptions/inseccrypto-xor_fixed_key_encryption,200,0,18.68,352,5.029901735940202,0.0,0,0,0,0,0,0.0,0,0,0,0,0,0,0,0,0,0,0,0,0,0,0,0,0,0,0,0,0,0,0,0,0,0,0,0,0,0,0,0,8,3,0,1,0,2,0,0,0.0,0,0,0,0,0,0,0,0,0,0,0,0,0,0,0,0,0,0,0,0,0,0,0,0,0,0,0,0,0,0,0,0,0,0,0,29,0.0,0.0,0.0,0.20689655172413793,0.0,41.91,['InsecCrypto']
http://localhost:5050/api/v2/subscriptions/openredirect-redirect_query_url_no_check,200,0,18.67,290,4.709484392928024,0.0,0,0,0,0,0,0.0,0,0,0,0,0,0,0,0,0,0,0,0,0,0,0,0,0,0,0,0,0,0,0,0,0,0,0,0,0,0,0,0,8,3,0,1,0,2,0,0,0.0,0,0,0,0,0,0,0,0,0,0,0,0,0,0,0,0,0,0,0,0,0,0,0,0,0,0,0,0,0,0,0,0,0,0,0,28,0.0,0.0,0.0,0.25,0.0,42.22,['OpenRedirect']
http://localhost:5050/api/v2/subscriptions/openredirect-post_login_next_param,405,0,19.36,153,4.599963902086099,0.0,0,0,0,0,0,0.0,0,0,0,0,0,0,0,0,0,0,0,0,0,0,0,0,0,0,0,0,0,0,0,0,0,0,0,0,0,0,0,0,8,3,0,0,0,0,0,0,0.0,0,0,0,0,0,0,0,0,0,0,0,0,0,0,0,0,0,0,0,0,0,0,0,0,0,0,0,0,0,0,0,0,0,0,0,26,0.0,0.0,0.0,0.3076923076923077,0.0,41.63,['OpenRedirect']
http://localhost:5050/api/v2/subscriptions/jwt-alg_none_accepted,200,0,18.46,139,4.741087902924186,0.0,0,0,0,0,0,0.0,0,0,0,0,0,0,0,0,0,0,0,0,0,0,0,0,0,0,0,0,0,0,0,0,0,0,0,0,0,0,0,0,8,3,0,1,0,2,0,0,0.0,0,0,0,0,0,0,0,0,0,0,0,0,0,0,0,0,0,0,0,0,0,0,0,0,0,0,0,0,0,0,0,0,0,0,0,26,0.0,0.0,0.0,0.34615384615384615,0.0,41.92,['JWT']
http://localhost:5050/api/v2/subscriptions/jwt-weak_hardcoded_secret,200,0,18.66,170,4.750297372476106,0.0,0,0,0,0,0,0.0,0,0,0,0,0,0,0,0,0,0,0,0,0,0,0,0,0,0,0,0,0,0,0,0,0,0,0,0,0,0,0,0,8,3,0,1,0,2,0,0,0.0,0,0,0,0,0,0,0,0,0,0,0,0,0,0,0,0,0,0,0,0,0,0,0,0,0,0,0,0,0,0,0,0,0,0,0,27,0.0,0.0,0.0,0.25925925925925924,0.0,42.07,['JWT']
http://localhost:5050/api/v2/subscriptions/jwt-expiry_never_checked,200,0,19.35,142,4.799910520198228,0.0,0,0,0,0,0,0.0,0,0,0,0,0,0,0,0,0,0,0,0,0,0,0,0,0,0,0,0,0,0,0,0,0,0,0,0,0,0,0,0,8,3,0,1,0,2,0,0,0.0,0,0,0,0,0,0,0,0,0,0,0,0,0,0,0,0,0,0,0,0,0,0,0,0,0,0,0,0,0,0,0,0,0,0,0,20,0.0,0.0,0.0,0.55,0.0,42.27,['JWT']
http://localhost:5050/api/v2/subscriptions/crlf_injection-location_header_crlf,200,0,19.89,310,4.837756780052794,0.0,0,0,0,0,0,0.0,0,0,0,0,0,0,0,0,0,0,0,0,0,0,0,0,0,0,0,0,0,0,0,0,0,0,0,0,0,0,0,0,8,3,0,1,0,2,0,0,0.0,0,0,0,0,0,0,0,0,0,0,0,0,0,0,0,0,0,0,0,0,0,0,0,0,0,0,0,0,0,0,0,0,0,0,0,27,0.0,0.0,0.0,0.18518518518518517,0.0,42.23,['CRLF_Injection']
http://localhost:5050/api/v2/subscriptions/crlf_injection-log_injection_crlf,405,0,28.0,153,4.599963902086099,0.0,0,0,0,0,0,0.0,0,0,0,0,0,0,0,0,0,0,0,0,0,0,0,0,0,0,0,0,0,0,0,0,0,0,0,0,0,0,0,0,8,3,0,0,0,0,0,0,0.0,0,0,0,0,0,0,0,0,0,0,0,0,0,0,0,0,0,0,0,0,0,0,0,0,0,0,0,0,0,0,0,0,0,0,0,29,0.0,0.0,0.0,0.3448275862068966,0.0,41.63,['CRLF_Injection']
http://localhost:5050/api/v2/subscriptions/racecondition-withdraw_toctou_no_lock,405,0,31.42,153,4.599963902086099,0.0,0,0,0,0,0,0.0,0,0,0,0,0,0,0,0,0,0,0,0,0,0,0,0,0,0,0,0,0,0,0,0,0,0,0,0,0,0,0,0,8,3,0,0,0,0,0,0,0.0,0,0,0,0,0,0,0,0,0,0,0,0,0,0,0,0,0,0,0,0,0,0,0,0,0,0,0,0,0,0,0,0,0,0,0,28,0.0,0.0,0.0,0.17857142857142858,0.0,41.63,['RaceCondition']
http://localhost:5050/api/v2/subscriptions/racecondition-coupon_redeem_toctou_no_lock,405,0,19.33,153,4.599963902086099,0.0,0,0,0,0,0,0.0,0,0,0,0,0,0,0,0,0,0,0,0,0,0,0,0,0,0,0,0,0,0,0,0,0,0,0,0,0,0,0,0,8,3,0,0,0,0,0,0,0.0,0,0,0,0,0,0,0,0,0,0,0,0,0,0,0,0,0,0,0,0,0,0,0,0,0,0,0,0,0,0,0,0,0,0,0,18,0.0,0.0,0.0,0.2777777777777778,0.0,41.63,['RaceCondition']
http://localhost:5050/api/v2/notifications/sqli-where_id_concat,200,0,19.61,234,5.063817797073016,0.0,0,0,0,0,0,0.0,0,0,0,0,0,0,0,0,0,0,0,0,0,0,0,0,0,0,0,0,0,0,0,0,0,0,0,0,0,0,0,0,8,3,0,1,0,2,0,0,0.0,0,0,0,0,0,0,0,0,0,0,0,0,0,0,0,0,0,0,0,0,0,0,0,0,0,0,0,0,0,0,0,0,0,0,0,27,0.0,0.0,0.0,0.37037037037037035,0.1111111111111111,42.11,['SQLi']
http://localhost:5050/api/v2/notifications/sqli-order_by_concat,200,0,18.64,316,4.927922540862458,0.0,0,0,0,0,0,0.0,0,0,0,0,0,0,0,0,0,0,0,0,0,0,0,0,0,0,0,0,0,0,0,0,0,0,0,0,0,0,0,0,8,3,0,1,0,2,0,0,0.0,0,0,0,0,0,0,0,0,0,0,0,0,0,0,0,0,0,0,0,0,0,0,0,0,0,0,0,0,0,0,0,0,0,0,0,30,0.0,0.0,0.0,0.3333333333333333,0.0,42.14,['SQLi']
http://localhost:5050/api/v2/notifications/sqli-like_search_concat,405,0,18.63,153,4.599963902086099,0.0,0,0,0,0,0,0.0,0,0,0,0,0,0,0,0,0,0,0,0,0,0,0,0,0,0,0,0,0,0,0,0,0,0,0,0,0,0,0,0,8,3,0,0,0,0,0,0,0.0,0,0,0,0,0,0,0,0,0,0,0,0,0,0,0,0,0,0,0,0,0,0,0,0,0,0,0,0,0,0,0,0,0,0,0,28,0.0,0.0,0.0,0.17857142857142858,0.0,41.63,['SQLi']
http://localhost:5050/api/v2/notifications/sqli-login_bypass,0,0,35.46,0,0.0,0.0,0,0,0,0,0,0.0,0,0,0,0,0,0,0,0,0,0,0,0,0,0,0,0,0,0,0,0,0,0,0,0,0,0,0,0,0,0,0,0,1,0,0,0,0,0,0,0,0.0,0,0,0,0,0,0,0,0,0,0,0,0,0,0,0,0,0,0,0,0,0,0,0,0,0,0,0,0,0,0,0,0,0,0,0,30,0.0,0.0,0.0,0.0,0.0,10.83,['SQLi']
http://localhost:5050/api/v2/notifications/sqli-union_select_id,405,0,18.64,153,4.599963902086099,0.0,0,0,0,0,0,0.0,0,0,0,0,0,0,0,0,0,0,0,0,0,0,0,0,0,0,0,0,0,0,0,0,0,0,0,0,0,0,0,0,8,3,0,0,0,0,0,0,0.0,0,0,0,0,0,0,0,0,0,0,0,0,0,0,0,0,0,0,0,0,0,0,0,0,0,0,0,0,0,0,0,0,0,0,0,29,0.0,0.0,0.0,0.20689655172413793,0.0,41.63,['SQLi']
http://localhost:5050/api/v2/notifications/cmdi-ping_host_shell_true,200,0,19.69,469,5.121433902893798,0.0,0,0,0,0,0,0.0,0,0,0,0,0,0,0,0,0,0,0,0,0,0,0,0,0,0,0,0,0,0,0,0,0,0,0,0,0,0,0,0,8,3,0,1,0,2,0,0,0.0,0,0,0,0,0,0,0,0,0,0,0,0,0,0,0,0,0,0,0,0,0,0,0,0,0,0,0,0,0,0,0,0,0,0,0,22,0.0,0.0,0.0,0.45454545454545453,0.0,42.4,['CMDi']
http://localhost:5050/api/v2/notifications/cmdi-filename_echo_shell,405,0,18.61,153,4.599963902086099,0.0,0,0,0,0,0,0.0,0,0,0,0,0,0,0,0,0,0,0,0,0,0,0,0,0,0,0,0,0,0,0,0,0,0,0,0,0,0,0,0,8,3,0,0,0,0,0,0,0.0,0,0,0,0,0,0,0,0,0,0,0,0,0,0,0,0,0,0,0,0,0,0,0,0,0,0,0,0,0,0,0,0,0,0,0,28,0.0,0.0,0.0,0.21428571428571427,0.0,41.63,['CMDi']
http://localhost:5050/api/v2/notifications/cmdi-archive_name_shell,405,0,36.41,153,4.599963902086099,0.0,0,0,0,0,0,0.0,0,0,0,0,0,0,0,0,0,0,0,0,0,0,0,0,0,0,0,0,0,0,0,0,0,0,0,0,0,0,0,0,8,3,0,0,0,0,0,0,0.0,0,0,0,0,0,0,0,0,0,0,0,0,0,0,0,0,0,0,0,0,0,0,0,0,0,0,0,0,0,0,0,0,0,0,0,29,0.0,0.0,0.0,0.2413793103448276,0.0,35.12,['CMDi']
http://localhost:5050/api/v2/notifications/insecdeser-pickle_b64_import,405,0,19.32,153,4.599963902086099,0.0,0,0,0,0,0,0.0,0,0,0,0,0,0,0,0,0,0,0,0,0,0,0,0,0,0,0,0,0,0,0,0,0,0,0,0,0,0,0,0,8,3,0,0,0,0,0,0,0.0,0,0,0,0,0,0,0,0,0,0,0,0,0,0,0,0,0,0,0,0,0,0,0,0,0,0,0,0,0,0,0,0,0,0,0,27,0.0,0.0,0.0,0.4444444444444444,0.0,41.63,['InsecDeser']
http://localhost:5050/api/v2/notifications/insecdeser-yaml_unsafe_load,405,0,19.31,153,4.599963902086099,0.0,0,0,0,0,0,0.0,0,0,0,0,0,0,0,0,0,0,0,0,0,0,0,0,0,0,0,0,0,0,0,0,0,0,0,0,0,0,0,0,8,3,0,0,0,0,0,0,0.0,0,0,0,0,0,0,0,0,0,0,0,0,0,0,0,0,0,0,0,0,0,0,0,0,0,0,0,0,0,0,0,0,0,0,0,14,0.0,0.0,0.0,0.2857142857142857,0.0,41.63,['InsecDeser']
http://localhost:5050/api/v2/notifications/insecupload-no_extension_whitelist,405,0,36.24,153,4.599963902086099,0.0,0,0,0,0,0,0.0,0,0,0,0,0,0,0,0,0,0,0,0,0,0,0,0,0,0,0,0,0,0,0,0,0,0,0,0,0,0,0,0,8,3,0,0,0,0,0,0,0.0,0,0,0,0,0,0,0,0,0,0,0,0,0,0,0,0,0,0,0,0,0,0,0,0,0,0,0,0,0,0,0,0,0,0,0,26,0.0,0.0,0.0,0.2692307692307692,0.0,41.63,['InsecUpload']
http://localhost:5050/api/v2/notifications/insecupload-no_content_type_check,405,0,18.48,153,4.599963902086099,0.0,0,0,0,0,0,0.0,0,0,0,0,0,0,0,0,0,0,0,0,0,0,0,0,0,0,0,0,0,0,0,0,0,0,0,0,0,0,0,0,8,3,0,0,0,0,0,0,0.0,0,0,0,0,0,0,0,0,0,0,0,0,0,0,0,0,0,0,0,0,0,0,0,0,0,0,0,0,0,0,0,0,0,0,0,28,0.0,0.0,0.0,0.21428571428571427,0.0,41.63,['InsecUpload']
http://localhost:5050/api/v2/notifications/credsexpose-debug_endpoint_left_on/<resource_name>,200,0,18.62,398,5.111625633839499,0.0,0,0,0,0,0,0.0,0,0,0,0,0,0,0,0,0,0,0,0,0,0,0,0,0,0,0,0,0,0,0,0,0,0,0,0,0,0,0,0,8,3,0,1,0,2,0,0,0.0,0,0,0,0,0,0,0,0,0,0,0,0,0,0,0,0,0,0,0,0,0,0,0,0,0,0,0,0,0,0,0,0,0,0,0,27,0.0,0.0,0.0,0.4074074074074074,0.0,42.2,['CredsExpose']
http://localhost:5050/api/v2/notifications/credsexpose-verbose_error_with_secret,200,0,19.74,315,4.889341579743926,0.0,0,0,0,0,0,0.0,0,0,0,0,0,0,0,0,0,0,0,0,0,0,0,0,0,0,0,0,0,0,0,0,0,0,0,0,0,0,0,0,8,3,0,2,1,2,0,0,0.0,0,0,0,0,0,0,0,0,0,0,0,0,0,0,0,0,0,0,0,0,0,0,0,0,0,0,0,0,0,0,0,0,0,0,0,29,0.0,0.0,0.0,0.5517241379310345,0.13793103448275862,42.29,['CredsExpose']
http://localhost:5050/api/v2/notifications/credsexpose-secret_in_response_header,200,0,18.16,285,4.9728950161284935,0.0,0,0,0,0,0,0.0,0,0,0,0,0,0,0,0,0,0,0,0,0,0,0,0,0,0,0,0,0,0,0,0,0,0,0,0,0,0,0,0,8,3,0,1,0,2,0,0,0.0,0,0,0,0,0,0,0,0,0,0,0,0,0,0,0,0,0,0,0,0,0,0,0,0,0,0,0,0,0,0,0,0,0,0,0,29,0.0,0.0,0.0,0.41379310344827586,0.0,42.1,['CredsExpose']
http://localhost:5050/api/v2/notifications/brokenauth-no_bruteforce_protection,405,0,19.27,153,4.599963902086099,0.0,0,0,0,0,0,0.0,0,0,0,0,0,0,0,0,0,0,0,0,0,0,0,0,0,0,0,0,0,0,0,0,0,0,0,0,0,0,0,0,8,3,0,0,0,0,0,0,0.0,0,0,0,0,0,0,0,0,0,0,0,0,0,0,0,0,0,0,0,0,0,0,0,0,0,0,0,0,0,0,0,0,0,0,0,17,0.0,0.0,0.0,0.35294117647058826,0.0,41.63,['BrokenAuth']
http://localhost:5050/api/v2/notifications/brokenauth-predictable_session_token,405,0,81.17,153,4.599963902086099,0.0,0,0,0,0,0,0.0,0,0,0,0,0,0,0,0,0,0,0,0,0,0,0,0,0,0,0,0,0,0,0,0,0,0,0,0,0,0,0,0,8,3,0,0,0,0,0,0,0.0,0,0,0,0,0,0,0,0,0,0,0,0,0,0,0,0,0,0,0,0,0,0,0,0,0,0,0,0,0,0,0,0,0,0,0,30,0.0,0.0,0.0,0.2,0.0,11.63,['BrokenAuth']
http://localhost:5050/api/v2/notifications/brokenauth-guessable_password_reset,200,0,18.44,242,4.84015080413593,0.0,0,0,0,0,0,0.0,0,0,0,0,0,0,0,0,0,0,0,0,0,0,0,0,0,0,0,0,0,0,0,0,0,0,0,0,0,0,0,0,8,3,0,1,0,2,0,0,0.0,0,0,0,0,0,0,0,0,0,0,0,0,0,0,0,0,0,0,0,0,0,0,0,0,0,0,0,0,0,0,0,0,0,0,0,27,0.0,0.0,0.0,0.1111111111111111,0.0,41.91,['BrokenAuth']
http://localhost:5050/api/v2/notifications/xss-reflected_query_div,200,0,18.13,263,5.03802267972019,0.0,0,0,0,0,0,0.0,0,0,0,0,0,0,0,0,0,0,0,0,0,0,0,0,0,0,0,0,0,0,0,0,0,0,0,0,0,0,0,0,8,3,0,1,0,2,0,0,0.0,0,0,0,0,0,0,0,0,0,0,0,0,0,0,0,0,0,0,0,0,0,0,0,0,0,0,0,0,0,0,0,0,0,0,0,27,0.0,0.0,0.0,0.3333333333333333,0.1111111111111111,41.15,['XSS']
http://localhost:5050/api/v2/notifications/xss-reflected_form_comment,405,0,19.35,153,4.599963902086099,0.0,0,0,0,0,0,0.0,0,0,0,0,0,0,0,0,0,0,0,0,0,0,0,0,0,0,0,0,0,0,0,0,0,0,0,0,0,0,0,0,8,3,0,0,0,0,0,0,0.0,0,0,0,0,0,0,0,0,0,0,0,0,0,0,0,0,0,0,0,0,0,0,0,0,0,0,0,0,0,0,0,0,0,0,0,23,0.0,0.0,0.0,0.30434782608695654,0.0,41.63,['XSS']
http://localhost:5050/api/v2/notifications/xss-reflected_json_span,405,0,18.55,153,4.599963902086099,0.0,0,0,0,0,0,0.0,0,0,0,0,0,0,0,0,0,0,0,0,0,0,0,0,0,0,0,0,0,0,0,0,0,0,0,0,0,0,0,0,8,3,0,0,0,0,0,0,0.0,0,0,0,0,0,0,0,0,0,0,0,0,0,0,0,0,0,0,0,0,0,0,0,0,0,0,0,0,0,0,0,0,0,0,0,26,0.0,0.0,0.0,0.3076923076923077,0.0,41.63,['XSS']
http://localhost:5050/api/v2/notifications/xss-reflected_header_comment,200,0,19.24,274,4.955525368394146,0.0,0,0,0,0,0,0.0,0,0,0,0,0,0,0,0,0,0,0,0,0,0,0,0,0,0,0,0,0,0,0,0,0,0,0,0,0,0,0,0,8,3,0,1,0,2,0,0,0.0,0,0,0,0,0,0,0,0,0,0,0,0,0,0,0,0,0,0,0,0,0,0,0,0,0,0,0,0,0,0,0,0,0,0,0,23,0.0,0.0,0.0,0.4782608695652174,0.0,41.28,['XSS']
http://localhost:5050/api/v2/notifications/xss-reflected_attribute_breakout,200,0,19.62,293,4.9008308551182855,0.0,0,0,0,0,0,0.0,0,0,0,0,0,0,0,0,0,0,0,0,0,0,0,0,0,0,0,0,0,0,0,0,0,0,0,0,0,0,0,0,8,3,0,1,0,2,0,0,0.0,0,0,0,0,0,0,0,0,0,0,0,0,0,0,0,0,0,0,0,0,0,0,0,0,0,0,0,0,0,0,0,0,0,0,0,28,0.0,0.0,0.0,0.2857142857142857,0.0,41.71,['XSS']
http://localhost:5050/api/v2/notifications/dirtrav-read_file_query_param,200,0,17.7,219,4.705589370389311,0.0,0,0,0,0,0,0.0,0,0,0,0,0,0,0,0,0,0,0,0,0,0,0,0,0,0,0,0,0,0,0,0,0,0,0,0,0,0,0,0,8,3,0,1,0,2,0,0,0.0,0,0,0,0,0,0,0,0,0,0,0,0,0,0,0,0,0,0,0,0,0,0,0,0,0,0,0,0,0,0,0,0,0,0,0,26,0.0,0.0,0.0,0.3076923076923077,0.6923076923076923,42.21,['DirTrav']
http://localhost:5050/api/v2/notifications/dirtrav-read_file_form_param,405,0,36.66,153,4.599963902086099,0.0,0,0,0,0,0,0.0,0,0,0,0,0,0,0,0,0,0,0,0,0,0,0,0,0,0,0,0,0,0,0,0,0,0,0,0,0,0,0,0,8,3,0,0,0,0,0,0,0.0,0,0,0,0,0,0,0,0,0,0,0,0,0,0,0,0,0,0,0,0,0,0,0,0,0,0,0,0,0,0,0,0,0,0,0,22,0.0,0.0,0.0,0.18181818181818182,0.0,36.55,['DirTrav']
http://localhost:5050/api/v2/notifications/dirtrav-read_file_path_segment/<filename>,200,0,14.87,270,4.7823403100257735,0.0,0,0,0,0,0,0.0,0,0,0,0,0,0,0,0,0,0,0,0,0,0,0,0,0,0,0,0,0,0,0,0,0,0,0,0,0,0,0,0,8,3,0,1,0,2,0,0,0.0,0,0,0,0,0,0,0,0,0,0,0,0,0,0,0,0,0,0,0,0,0,0,0,0,0,0,0,0,0,0,0,0,0,0,0,28,0.0,0.0,0.0,0.2857142857142857,0.0,42.08,['DirTrav']
http://localhost:5050/api/v2/notifications/xxe-resolve_entities_json_body,405,0,37.17,153,4.599963902086099,0.0,0,0,0,0,0,0.0,0,0,0,0,0,0,0,0,0,0,0,0,0,0,0,0,0,0,0,0,0,0,0,0,0,0,0,0,0,0,0,0,8,3,0,0,0,0,0,0,0.0,0,0,0,0,0,0,0,0,0,0,0,0,0,0,0,0,0,0,0,0,0,0,0,0,0,0,0,0,0,0,0,0,0,0,0,30,0.0,0.0,0.0,0.3333333333333333,0.0,39.55,['XXE']
http://localhost:5050/api/v2/notifications/xxe-resolve_entities_form_body,405,0,41.8,153,4.599963902086099,0.0,0,0,0,0,0,0.0,0,0,0,0,0,0,0,0,0,0,0,0,0,0,0,0,0,0,0,0,0,0,0,0,0,0,0,0,0,0,0,0,8,3,0,0,0,0,0,0,0.0,0,0,0,0,0,0,0,0,0,0,0,0,0,0,0,0,0,0,0,0,0,0,0,0,0,0,0,0,0,0,0,0,0,0,0,18,0.0,0.0,0.0,0.2777777777777778,0.0,30.0,['XXE']
http://localhost:5050/api/v2/notifications/nosqli-auth_operator_bypass,405,0,46.08,153,4.599963902086099,0.0,0,0,0,0,0,0.0,0,0,0,0,0,0,0,0,0,0,0,0,0,0,0,0,0,0,0,0,0,0,0,0,0,0,0,0,0,0,0,0,8,3,0,0,0,0,0,0,0.0,0,0,0,0,0,0,0,0,0,0,0,0,0,0,0,0,0,0,0,0,0,0,0,0,0,0,0,0,0,0,0,0,0,0,0,24,0.0,0.0,0.0,0.125,0.0,33.08,['NoSQLi']
http://localhost:5050/api/v2/notifications/nosqli-search_filter_injection,405,0,18.54,153,4.599963902086099,0.0,0,0,0,0,0,0.0,0,0,0,0,0,0,0,0,0,0,0,0,0,0,0,0,0,0,0,0,0,0,0,0,0,0,0,0,0,0,0,0,8,3,0,0,0,0,0,0,0.0,0,0,0,0,0,0,0,0,0,0,0,0,0,0,0,0,0,0,0,0,0,0,0,0,0,0,0,0,0,0,0,0,0,0,0,27,0.0,0.0,0.0,0.3333333333333333,0.0,41.63,['NoSQLi']
http://localhost:5050/api/v2/notifications/nosqli-regex_operator_injection,405,0,30.82,153,4.599963902086099,0.0,0,0,0,0,0,0.0,0,0,0,0,0,0,0,0,0,0,0,0,0,0,0,0,0,0,0,0,0,0,0,0,0,0,0,0,0,0,0,0,8,3,0,0,0,0,0,0,0.0,0,0,0,0,0,0,0,0,0,0,0,0,0,0,0,0,0,0,0,0,0,0,0,0,0,0,0,0,0,0,0,0,0,0,0,29,0.0,0.0,0.0,0.2413793103448276,0.0,41.63,['NoSQLi']
http://localhost:5050/api/v2/notifications/ldapi-login_filter_wildcard,405,0,19.13,153,4.599963902086099,0.0,0,0,0,0,0,0.0,0,0,0,0,0,0,0,0,0,0,0,0,0,0,0,0,0,0,0,0,0,0,0,0,0,0,0,0,0,0,0,0,8,3,0,0,0,0,0,0,0.0,0,0,0,0,0,0,0,0,0,0,0,0,0,0,0,0,0,0,0,0,0,0,0,0,0,0,0,0,0,0,0,0,0,0,0,24,0.0,0.0,0.0,0.375,0.0,41.63,['LDAPi']
http://localhost:5050/api/v2/notifications/ldapi-search_filter_wildcard,200,0,17.72,236,4.923550206120307,0.0,0,0,0,0,0,0.0,0,0,0,0,0,0,0,0,0,0,0,0,0,0,0,0,0,0,0,0,0,0,0,0,0,0,0,0,0,0,0,0,8,3,0,2,0,2,1,0,0.0,0,0,0,0,0,0,0,0,0,0,0,0,0,0,0,0,0,0,0,0,0,0,0,0,0,0,0,0,0,0,0,0,0,0,0,27,0.0,0.0,0.0,0.2222222222222222,0.18518518518518517,42.4,['LDAPi']
http://localhost:5050/api/v2/notifications/insecperm-role_trusted_from_header,200,0,19.2,289,4.7421083899641445,0.0,0,0,0,0,0,0.0,0,0,0,0,0,0,0,0,0,0,0,0,0,0,0,0,0,0,0,0,0,0,0,0,0,0,0,0,0,0,0,0,8,3,0,1,0,2,0,0,0.0,0,0,0,0,0,0,0,0,0,0,0,0,0,0,0,0,0,0,0,0,0,0,0,0,0,0,0,0,0,0,0,0,0,0,0,27,0.0,0.0,0.0,0.37037037037037035,0.0,41.59,['InsecPerm']
http://localhost:5050/api/v2/notifications/insecperm-world_readable_export_endpoint/<id>,200,0,19.5,295,4.750175230729388,0.0,0,0,0,0,0,0.0,0,0,0,0,0,0,0,0,0,0,0,0,0,0,0,0,0,0,0,0,0,0,0,0,0,0,0,0,0,0,0,0,8,3,0,1,0,2,0,0,0.0,0,0,0,0,0,0,0,0,0,0,0,0,0,0,0,0,0,0,0,0,0,0,0,0,0,0,0,0,0,0,0,0,0,0,0,24,0.0,0.0,0.0,0.4583333333333333,0.0,42.33,['InsecPerm']
http://localhost:5050/api/v2/notifications/insecperm-client_controlled_admin_flag,200,0,17.88,248,4.700659143508796,0.0,0,0,0,0,0,0.0,0,0,0,0,0,0,0,0,0,0,0,0,0,0,0,0,0,0,0,0,0,0,0,0,0,0,0,0,0,0,0,0,8,3,0,1,0,2,0,0,0.0,0,0,0,0,0,0,0,0,0,0,0,0,0,0,0,0,0,0,0,0,0,0,0,0,0,0,0,0,0,0,0,0,0,0,0,29,0.0,0.0,0.0,0.20689655172413793,0.0,41.72,['InsecPerm']
http://localhost:5050/api/v2/notifications/idor-path_id_direct_access/<obj_id>,200,0,14.4,417,4.907550409287747,0.0,0,0,0,0,0,0.0,0,0,0,0,0,0,0,0,0,0,0,0,0,0,0,0,0,0,0,0,0,0,0,0,0,0,0,0,0,0,0,0,8,3,0,2,0,3,0,0,0.0,0,0,0,0,0,0,0,0,0,0,0,0,0,0,0,0,0,0,0,0,0,0,0,0,0,0,0,0,0,0,0,0,0,0,0,20,0.0,0.0,0.0,0.25,0.0,41.92,['IDOR']
http://localhost:5050/api/v2/notifications/idor-query_id_direct_access,200,0,16.12,295,4.767571148414869,0.0,0,0,0,0,0,0.0,0,0,0,0,0,0,0,0,0,0,0,0,0,0,0,0,0,0,0,0,0,0,0,0,0,0,0,0,0,0,0,0,8,3,0,2,0,3,0,0,0.0,0,0,0,0,0,0,0,0,0,0,0,0,0,0,0,0,0,0,0,0,0,0,0,0,0,0,0,0,0,0,0,0,0,0,0,27,0.0,0.0,0.0,0.2222222222222222,0.0,41.93,['IDOR']
http://localhost:5050/api/v2/notifications/idor-json_body_id_direct_access,405,0,36.19,153,4.599963902086099,0.0,0,0,0,0,0,0.0,0,0,0,0,0,0,0,0,0,0,0,0,0,0,0,0,0,0,0,0,0,0,0,0,0,0,0,0,0,0,0,0,8,3,0,0,0,0,0,0,0.0,0,0,0,0,0,0,0,0,0,0,0,0,0,0,0,0,0,0,0,0,0,0,0,0,0,0,0,0,0,0,0,0,0,0,0,27,0.0,0.0,0.0,0.4444444444444444,0.0,41.63,['IDOR']
http://localhost:5050/api/v2/notifications/sessfix-sessionid_accepted_from_query,200,0,19.55,251,4.7910963120307635,0.0,0,0,0,0,0,0.0,0,0,0,0,0,0,0,0,0,0,0,0,0,0,0,0,0,0,0,0,0,0,0,0,0,0,0,0,0,0,0,0,8,3,0,1,0,2,0,0,0.0,0,0,0,0,0,0,0,0,0,0,0,0,0,0,0,0,0,0,0,0,0,0,0,0,0,0,0,0,0,0,0,0,0,0,0,29,0.0,0.0,0.0,0.3793103448275862,0.0,42.38,['SessFix']
http://localhost:5050/api/v2/notifications/sessfix-sessionid_not_regenerated_on_login,200,0,19.15,204,4.565460834987253,0.0,0,0,0,0,0,0.0,0,0,0,0,0,0,0,0,0,0,0,0,0,0,0,0,0,0,0,0,0,0,0,0,0,0,0,0,0,0,0,0,8,3,0,1,0,2,0,0,0.0,0,0,0,0,0,0,0,0,0,0,0,0,0,0,0,0,0,0,0,0,0,0,0,0,0,0,0,0,0,0,0,0,0,0,0,12,0.0,0.0,0.0,0.5,0.0,42.48,['SessFix']
http://localhost:5050/api/v2/notifications/ssrf-url_fetch_query_no_allowlist,200,0,18.43,349,4.900344885859843,0.0,0,0,0,0,0,0.0,0,0,0,0,0,0,0,0,0,0,0,0,0,0,0,0,0,0,0,0,0,0,0,0,0,0,0,0,0,0,0,0,8,3,0,2,0,2,1,0,0.0,0,0,0,0,0,0,0,0,0,0,0,0,0,0,0,0,0,0,0,0,0,0,0,0,0,0,0,0,0,0,0,0,0,0,0,26,0.0,0.0,0.0,0.07692307692307693,0.0,43.08,['SSRF']
http://localhost:5050/api/v2/notifications/ssrf-url_fetch_json_webhook,405,0,18.5,153,4.599963902086099,0.0,0,0,0,0,0,0.0,0,0,0,0,0,0,0,0,0,0,0,0,0,0,0,0,0,0,0,0,0,0,0,0,0,0,0,0,0,0,0,0,8,3,0,0,0,0,0,0,0.0,0,0,0,0,0,0,0,0,0,0,0,0,0,0,0,0,0,0,0,0,0,0,0,0,0,0,0,0,0,0,0,0,0,0,0,27,0.0,0.0,0.0,0.25925925925925924,0.0,41.63,['SSRF']
http://localhost:5050/api/v2/notifications/ssrf-url_fetch_form_image_import,405,0,19.3,153,4.599963902086099,0.0,0,0,0,0,0,0.0,0,0,0,0,0,0,0,0,0,0,0,0,0,0,0,0,0,0,0,0,0,0,0,0,0,0,0,0,0,0,0,0,8,3,0,0,0,0,0,0,0.0,0,0,0,0,0,0,0,0,0,0,0,0,0,0,0,0,0,0,0,0,0,0,0,0,0,0,0,0,0,0,0,0,0,0,0,25,0.0,0.0,0.0,0.56,0.0,41.63,['SSRF']
http://localhost:5050/api/v2/notifications/ssti-greeting_name_query,200,0,17.94,219,4.772904262997247,0.0,0,0,0,0,0,0.0,0,0,0,0,0,0,0,0,0,0,0,0,0,0,0,0,0,0,0,0,0,0,0,0,0,0,0,0,0,0,0,0,8,3,0,1,0,2,0,0,0.0,0,0,0,0,0,0,0,0,0,0,0,0,0,0,0,0,0,0,0,0,0,0,0,0,0,0,0,0,0,0,0,0,0,0,0,27,0.0,0.0,0.0,0.18518518518518517,0.18518518518518517,42.03,['SSTI']
http://localhost:5050/api/v2/notifications/ssti-custom_template_field_form,405,0,18.41,153,4.599963902086099,0.0,0,0,0,0,0,0.0,0,0,0,0,0,0,0,0,0,0,0,0,0,0,0,0,0,0,0,0,0,0,0,0,0,0,0,0,0,0,0,0,8,3,0,0,0,0,0,0,0.0,0,0,0,0,0,0,0,0,0,0,0,0,0,0,0,0,0,0,0,0,0,0,0,0,0,0,0,0,0,0,0,0,0,0,0,29,0.0,0.0,0.0,0.27586206896551724,0.0,41.63,['SSTI']
http://localhost:5050/api/v2/notifications/ssti-message_field_json,405,0,51.94,153,4.599963902086099,0.0,0,0,0,0,0,0.0,0,0,0,0,0,0,0,0,0,0,0,0,0,0,0,0,0,0,0,0,0,0,0,0,0,0,0,0,0,0,0,0,8,3,0,0,0,0,0,0,0.0,0,0,0,0,0,0,0,0,0,0,0,0,0,0,0,0,0,0,0,0,0,0,0,0,0,0,0,0,0,0,0,0,0,0,0,28,0.0,0.0,0.0,0.25,0.0,27.21,['SSTI']
http://localhost:5050/api/v2/notifications/prototype_pollution-deep_merge_settings,405,0,18.41,153,4.599963902086099,0.0,0,0,0,0,0,0.0,0,0,0,0,0,0,0,0,0,0,0,0,0,0,0,0,0,0,0,0,0,0,0,0,0,0,0,0,0,0,0,0,8,3,0,0,0,0,0,0,0.0,0,0,0,0,0,0,0,0,0,0,0,0,0,0,0,0,0,0,0,0,0,0,0,0,0,0,0,0,0,0,0,0,0,0,0,28,0.0,0.0,0.0,0.21428571428571427,0.0,41.63,['Prototype_Pollution']
http://localhost:5050/api/v2/notifications/prototype_pollution-deep_merge_preferences,405,0,37.53,153,4.599963902086099,0.0,0,0,0,0,0,0.0,0,0,0,0,0,0,0,0,0,0,0,0,0,0,0,0,0,0,0,0,0,0,0,0,0,0,0,0,0,0,0,0,8,3,0,0,0,0,0,0,0.0,0,0,0,0,0,0,0,0,0,0,0,0,0,0,0,0,0,0,0,0,0,0,0,0,0,0,0,0,0,0,0,0,0,0,0,23,0.0,0.0,0.0,0.34782608695652173,0.0,35.75,['Prototype_Pollution']
http://localhost:5050/api/v2/notifications/http_request_smuggling-cl_te_both_accepted,200,0,19.52,358,4.823548837758574,0.0,0,0,0,0,0,0.0,0,0,0,0,0,0,0,0,0,0,0,0,0,0,0,0,0,0,0,0,0,0,0,0,0,0,0,0,0,0,1,0,8,3,0,1,0,2,0,0,0.0,0,0,0,0,0,0,0,0,0,0,0,0,0,0,0,0,0,0,0,0,0,0,0,0,0,0,0,0,0,0,0,0,0,0,0,28,0.0,0.0,0.0,0.4642857142857143,0.0,41.63,['HTTP_Request_Smuggling']
http://localhost:5050/api/v2/notifications/http_request_smuggling-duplicate_content_length_accepted,200,0,16.7,322,4.785490184104602,0.0,0,0,0,0,0,0.0,0,0,0,0,0,0,0,0,0,0,0,0,0,0,0,0,0,0,0,0,0,0,0,0,0,0,0,0,0,0,1,0,8,3,0,1,0,2,0,0,0.0,0,0,0,0,0,0,0,0,0,0,0,0,0,0,0,0,0,0,0,0,0,0,0,0,0,0,0,0,0,0,0,0,0,0,0,28,0.0,0.0,0.0,0.21428571428571427,0.0,41.19,['HTTP_Request_Smuggling']
http://localhost:5050/api/v2/notifications/xpath_injection-login_xpath_concat,405,0,37.45,153,4.599963902086099,0.0,0,0,0,0,0,0.0,0,0,0,0,0,0,0,0,0,0,0,0,0,0,0,0,0,0,0,0,0,0,0,0,0,0,0,0,0,0,0,0,8,3,0,0,0,0,0,0,0.0,0,0,0,0,0,0,0,0,0,0,0,0,0,0,0,0,0,0,0,0,0,0,0,0,0,0,0,0,0,0,0,0,0,0,0,20,0.0,0.0,0.0,0.25,0.0,41.63,['XPATH_Injection']
http://localhost:5050/api/v2/notifications/xpath_injection-search_xpath_concat,200,0,18.55,312,4.861316341861233,0.0,0,0,0,0,0,0.0,0,0,0,0,0,0,0,0,0,0,0,0,0,0,0,0,0,0,0,0,0,0,0,0,0,0,0,0,0,0,0,0,8,3,0,2,0,2,2,0,0.0,0,0,0,0,0,0,0,0,0,0,0,0,0,0,0,0,0,0,0,0,0,0,0,0,0,0,0,0,0,0,0,0,0,0,0,27,0.0,0.0,0.0,0.37037037037037035,0.037037037037037035,42.33,['XPATH_Injection']
http://localhost:5050/api/v2/notifications/graphqli-introspection_left_enabled,405,0,18.45,153,4.599963902086099,0.0,0,0,0,0,0,0.0,0,0,0,0,0,0,0,0,0,0,0,0,0,0,0,0,0,0,0,0,0,0,0,0,0,0,0,0,0,0,0,0,8,3,0,0,0,0,0,0,0.0,0,0,0,0,0,0,0,0,0,0,0,0,0,0,0,0,0,0,0,0,0,0,0,0,0,0,0,0,0,0,0,0,0,0,0,29,0.0,0.0,0.0,0.27586206896551724,0.0,41.63,['GraphQLi']
http://localhost:5050/api/v2/notifications/graphqli-no_query_depth_limit,405,0,38.23,153,4.599963902086099,0.0,0,0,0,0,0,0.0,0,0,0,0,0,0,0,0,0,0,0,0,0,0,0,0,0,0,0,0,0,0,0,0,0,0,0,0,0,0,0,0,8,3,0,0,0,0,0,0,0.0,0,0,0,0,0,0,0,0,0,0,0,0,0,0,0,0,0,0,0,0,0,0,0,0,0,0,0,0,0,0,0,0,0,0,0,30,0.0,0.0,0.0,0.23333333333333334,0.0,41.63,['GraphQLi']
http://localhost:5050/api/v2/notifications/cors-reflect_origin_credentials_true,200,0,15.31,355,4.891836045965527,0.0,0,0,0,0,0,0.0,0,0,0,0,0,0,0,0,0,0,0,0,0,0,0,0,0,0,0,0,0,0,0,0,0,0,0,0,0,0,0,0,8,3,0,2,1,2,0,0,0.0,0,0,0,0,0,0,0,0,0,0,0,0,0,0,0,0,0,0,0,0,0,0,0,0,0,0,0,0,0,0,0,0,0,0,0,27,0.0,0.0,0.0,0.18518518518518517,0.0,42.07,['CORS']
http://localhost:5050/api/v2/notifications/cors-wildcard_origin_sensitive_endpoint,200,0,17.68,294,4.7232452680078545,0.0,0,0,0,0,0,0.0,0,0,0,0,0,0,0,0,0,0,0,0,0,0,0,0,0,0,0,0,0,0,0,0,0,0,0,0,0,0,0,0,8,3,0,1,0,2,0,0,0.0,0,0,0,0,0,0,0,0,0,0,0,0,0,0,0,0,0,0,0,0,0,0,0,0,0,0,0,0,0,0,0,0,0,0,0,26,0.0,0.0,0.0,0.3076923076923077,0.0,42.34,['CORS']
http://localhost:5050/api/v2/notifications/csrf-generic_state_change_no_token,405,0,36.21,153,4.599963902086099,0.0,0,0,0,0,0,0.0,0,0,0,0,0,0,0,0,0,0,0,0,0,0,0,0,0,0,0,0,0,0,0,0,0,0,0,0,0,0,0,0,8,3,0,0,0,0,0,0,0.0,0,0,0,0,0,0,0,0,0,0,0,0,0,0,0,0,0,0,0,0,0,0,0,0,0,0,0,0,0,0,0,0,0,0,0,26,0.0,0.0,0.0,0.2692307692307692,0.0,41.63,['CSRF']
http://localhost:5050/api/v2/notifications/csrf-delete_no_token,200,0,18.27,273,4.85607098958529,0.0,0,0,0,0,0,0.0,0,0,0,0,0,0,0,0,0,0,0,0,0,0,0,0,0,0,0,0,0,0,0,0,0,0,0,0,0,0,0,0,8,3,0,1,0,2,0,0,0.0,0,0,0,0,0,0,0,0,0,0,0,0,0,0,0,0,0,0,0,0,0,0,0,0,0,0,0,0,0,0,0,0,0,0,0,21,0.0,0.0,0.0,0.3333333333333333,0.14285714285714285,41.82,['CSRF']
http://localhost:5050/api/v2/notifications/csrf-sensitive_transfer_no_token,405,0,19.31,153,4.599963902086099,0.0,0,0,0,0,0,0.0,0,0,0,0,0,0,0,0,0,0,0,0,0,0,0,0,0,0,0,0,0,0,0,0,0,0,0,0,0,0,0,0,8,3,0,0,0,0,0,0,0.0,0,0,0,0,0,0,0,0,0,0,0,0,0,0,0,0,0,0,0,0,0,0,0,0,0,0,0,0,0,0,0,0,0,0,0,26,0.0,0.0,0.0,0.5384615384615384,0.0,41.63,['CSRF']
http://localhost:5050/api/v2/notifications/ratelimit-login_endpoint_no_throttle,405,0,19.27,153,4.599963902086099,0.0,0,0,0,0,0,0.0,0,0,0,0,0,0,0,0,0,0,0,0,0,0,0,0,0,0,0,0,0,0,0,0,0,0,0,0,0,0,0,0,8,3,0,0,0,0,0,0,0.0,0,0,0,0,0,0,0,0,0,0,0,0,0,0,0,0,0,0,0,0,0,0,0,0,0,0,0,0,0,0,0,0,0,0,0,25,0.0,0.0,0.0,0.52,0.0,41.63,['RateLimit']
http://localhost:5050/api/v2/notifications/ratelimit-password_reset_no_throttle,200,0,18.43,282,4.713316101595953,0.0,0,0,0,0,0,0.0,0,0,0,0,0,0,0,0,0,0,0,0,0,0,0,0,0,0,0,0,0,0,0,0,0,0,0,0,0,0,0,0,8,3,0,1,0,2,0,0,0.0,0,0,0,0,0,0,0,0,0,0,0,0,0,0,0,0,0,0,0,0,0,0,0,0,0,0,0,0,0,0,0,0,0,0,0,27,0.0,0.0,0.0,0.2222222222222222,0.0,41.76,['RateLimit']
http://localhost:5050/api/v2/notifications/infodisc-stack_trace_leak_on_error,200,0,19.11,147,4.717330763774502,0.0,0,0,0,0,0,0.0,0,0,0,0,0,0,0,0,0,0,0,0,0,0,0,0,0,0,0,0,0,0,0,0,0,0,0,0,0,0,0,0,8,3,0,1,0,2,0,0,0.0,0,0,0,0,0,0,0,0,0,0,0,0,0,0,0,0,0,0,0,0,0,0,0,0,0,0,0,0,0,0,0,0,0,0,0,26,0.0,0.0,0.0,0.34615384615384615,0.0,42.2,['InfoDisc']
http://localhost:5050/api/v2/notifications/infodisc-verbose_server_version_header,200,0,17.74,270,4.98577554281131,0.0,0,0,0,0,0,0.0,0,0,0,0,0,0,0,0,0,0,0,0,0,0,0,0,0,0,0,0,0,0,0,0,0,0,0,0,0,0,0,0,8,3,0,1,0,2,0,0,0.0,0,0,0,0,0,0,0,0,0,0,0,0,0,0,0,0,0,0,0,0,0,0,0,0,0,0,0,0,0,0,0,0,0,0,0,29,0.0,0.0,0.0,0.4827586206896552,0.0,41.9,['InfoDisc']
http://localhost:5050/api/v2/notifications/infodisc-debug_env_endpoint/<resource_name>,200,0,19.08,296,4.984506404126891,0.0,0,0,0,0,0,0.0,0,0,0,0,0,0,0,0,0,0,0,0,0,0,0,0,0,0,0,0,0,0,0,0,0,0,0,0,0,0,0,0,8,3,0,1,0,2,0,0,0.0,0,0,0,0,0,0,0,0,0,0,0,0,0,0,0,0,0,0,0,0,0,0,0,0,0,0,0,0,0,0,0,0,0,0,0,23,0.0,0.0,0.0,0.4782608695652174,0.0,42.1,['InfoDisc']
http://localhost:5050/api/v2/notifications/inseccrypto-md5_unsalted_password,405,0,19.34,153,4.599963902086099,0.0,0,0,0,0,0,0.0,0,0,0,0,0,0,0,0,0,0,0,0,0,0,0,0,0,0,0,0,0,0,0,0,0,0,0,0,0,0,0,0,8,3,0,0,0,0,0,0,0.0,0,0,0,0,0,0,0,0,0,0,0,0,0,0,0,0,0,0,0,0,0,0,0,0,0,0,0,0,0,0,0,0,0,0,0,21,0.0,0.0,0.0,0.2857142857142857,0.0,41.63,['InsecCrypto']
http://localhost:5050/api/v2/notifications/inseccrypto-xor_fixed_key_encryption,200,0,19.24,352,5.014047719740844,0.0,0,0,0,0,0,0.0,0,0,0,0,0,0,0,0,0,0,0,0,0,0,0,0,0,0,0,0,0,0,0,0,0,0,0,0,0,0,0,0,8,3,0,1,0,2,0,0,0.0,0,0,0,0,0,0,0,0,0,0,0,0,0,0,0,0,0,0,0,0,0,0,0,0,0,0,0,0,0,0,0,0,0,0,0,27,0.0,0.0,0.0,0.48148148148148145,0.0,41.95,['InsecCrypto']
http://localhost:5050/api/v2/notifications/openredirect-redirect_query_url_no_check,200,0,14.25,290,4.688689117967369,0.0,0,0,0,0,0,0.0,0,0,0,0,0,0,0,0,0,0,0,0,0,0,0,0,0,0,0,0,0,0,0,0,0,0,0,0,0,0,0,0,8,3,0,1,0,2,0,0,0.0,0,0,0,0,0,0,0,0,0,0,0,0,0,0,0,0,0,0,0,0,0,0,0,0,0,0,0,0,0,0,0,0,0,0,0,27,0.0,0.0,0.0,0.18518518518518517,0.0,42.38,['OpenRedirect']
http://localhost:5050/api/v2/notifications/openredirect-post_login_next_param,405,0,28.03,153,4.599963902086099,0.0,0,0,0,0,0,0.0,0,0,0,0,0,0,0,0,0,0,0,0,0,0,0,0,0,0,0,0,0,0,0,0,0,0,0,0,0,0,0,0,8,3,0,0,0,0,0,0,0.0,0,0,0,0,0,0,0,0,0,0,0,0,0,0,0,0,0,0,0,0,0,0,0,0,0,0,0,0,0,0,0,0,0,0,0,25,0.0,0.0,0.0,0.44,0.0,41.63,['OpenRedirect']
http://localhost:5050/api/v2/notifications/jwt-alg_none_accepted,200,0,19.5,139,4.722539383872044,0.0,0,0,0,0,0,0.0,0,0,0,0,0,0,0,0,0,0,0,0,0,0,0,0,0,0,0,0,0,0,0,0,0,0,0,0,0,0,0,0,8,3,0,1,0,2,0,0,0.0,0,0,0,0,0,0,0,0,0,0,0,0,0,0,0,0,0,0,0,0,0,0,0,0,0,0,0,0,0,0,0,0,0,0,0,25,0.0,0.0,0.0,0.4,0.0,42.04,['JWT']
http://localhost:5050/api/v2/notifications/jwt-weak_hardcoded_secret,200,0,14.39,170,4.741963477753544,0.0,0,0,0,0,0,0.0,0,0,0,0,0,0,0,0,0,0,0,0,0,0,0,0,0,0,0,0,0,0,0,0,0,0,0,0,0,0,0,0,8,3,0,1,0,2,0,0,0.0,0,0,0,0,0,0,0,0,0,0,0,0,0,0,0,0,0,0,0,0,0,0,0,0,0,0,0,0,0,0,0,0,0,0,0,29,0.0,0.0,0.0,0.3793103448275862,0.0,42.15,['JWT']
http://localhost:5050/api/v2/notifications/jwt-expiry_never_checked,200,0,17.65,142,4.791549561840013,0.0,0,0,0,0,0,0.0,0,0,0,0,0,0,0,0,0,0,0,0,0,0,0,0,0,0,0,0,0,0,0,0,0,0,0,0,0,0,0,0,8,3,0,1,0,2,0,0,0.0,0,0,0,0,0,0,0,0,0,0,0,0,0,0,0,0,0,0,0,0,0,0,0,0,0,0,0,0,0,0,0,0,0,0,0,28,0.0,0.0,0.0,0.17857142857142858,0.0,42.42,['JWT']
http://localhost:5050/api/v2/notifications/crlf_injection-location_header_crlf,200,0,19.21,310,4.782183455916115,0.0,0,0,0,0,0,0.0,0,0,0,0,0,0,0,0,0,0,0,0,0,0,0,0,0,0,0,0,0,0,0,0,0,0,0,0,0,0,0,0,8,3,0,1,0,2,0,0,0.0,0,0,0,0,0,0,0,0,0,0,0,0,0,0,0,0,0,0,0,0,0,0,0,0,0,0,0,0,0,0,0,0,0,0,0,26,0.0,0.0,0.0,0.19230769230769232,0.0,42.27,['CRLF_Injection']
http://localhost:5050/api/v2/notifications/crlf_injection-log_injection_crlf,405,0,41.75,153,4.599963902086099,0.0,0,0,0,0,0,0.0,0,0,0,0,0,0,0,0,0,0,0,0,0,0,0,0,0,0,0,0,0,0,0,0,0,0,0,0,0,0,0,0,8,3,0,0,0,0,0,0,0.0,0,0,0,0,0,0,0,0,0,0,0,0,0,0,0,0,0,0,0,0,0,0,0,0,0,0,0,0,0,0,0,0,0,0,0,17,0.0,0.0,0.0,0.17647058823529413,0.0,30.0,['CRLF_Injection']
http://localhost:5050/api/v2/notifications/racecondition-withdraw_toctou_no_lock,405,0,46.1,153,4.599963902086099,0.0,0,0,0,0,0,0.0,0,0,0,0,0,0,0,0,0,0,0,0,0,0,0,0,0,0,0,0,0,0,0,0,0,0,0,0,0,0,0,0,8,3,0,0,0,0,0,0,0.0,0,0,0,0,0,0,0,0,0,0,0,0,0,0,0,0,0,0,0,0,0,0,0,0,0,0,0,0,0,0,0,0,0,0,0,22,0.0,0.0,0.0,0.2727272727272727,0.0,36.19,['RaceCondition']
http://localhost:5050/api/v2/notifications/racecondition-coupon_redeem_toctou_no_lock,405,0,28.0,153,4.599963902086099,0.0,0,0,0,0,0,0.0,0,0,0,0,0,0,0,0,0,0,0,0,0,0,0,0,0,0,0,0,0,0,0,0,0,0,0,0,0,0,0,0,8,3,0,0,0,0,0,0,0.0,0,0,0,0,0,0,0,0,0,0,0,0,0,0,0,0,0,0,0,0,0,0,0,0,0,0,0,0,0,0,0,0,0,0,0,28,0.0,0.0,0.0,0.39285714285714285,0.0,35.78,['RaceCondition']
http://localhost:5050/api/v2/logs/sqli-where_id_concat,200,0,19.86,207,5.113333508772434,0.0,0,0,0,0,0,0.0,0,0,0,0,0,0,0,0,0,0,0,0,0,0,0,0,0,0,0,0,0,0,0,0,0,0,0,0,0,0,0,0,8,3,0,1,0,2,0,0,0.0,0,0,0,0,0,0,0,0,0,0,0,0,0,0,0,0,0,0,0,0,0,0,0,0,0,0,0,0,0,0,0,0,0,0,0,28,0.0,0.0,0.0,0.21428571428571427,0.10714285714285714,42.21,['SQLi']
http://localhost:5050/api/v2/logs/sqli-order_by_concat,200,0,18.61,244,5.07354140952095,0.0,0,0,0,0,0,0.0,0,0,0,0,0,0,0,0,0,0,0,0,0,0,0,0,0,0,0,0,0,0,0,0,0,0,0,0,0,0,0,0,8,3,0,1,0,2,0,0,0.0,0,0,0,0,0,0,0,0,0,0,0,0,0,0,0,0,0,0,0,0,0,0,0,0,0,0,0,0,0,0,0,0,0,0,0,27,0.0,0.0,0.0,0.37037037037037035,0.0,42.15,['SQLi']
http://localhost:5050/api/v2/logs/sqli-like_search_concat,405,0,27.71,153,4.599963902086099,0.0,0,0,0,0,0,0.0,0,0,0,0,0,0,0,0,0,0,0,0,0,0,0,0,0,0,0,0,0,0,0,0,0,0,0,0,0,0,0,0,8,3,0,0,0,0,0,0,0.0,0,0,0,0,0,0,0,0,0,0,0,0,0,0,0,0,0,0,0,0,0,0,0,0,0,0,0,0,0,0,0,0,0,0,0,28,0.0,0.0,0.0,0.5357142857142857,0.0,41.63,['SQLi']
http://localhost:5050/api/v2/logs/sqli-login_bypass,405,0,18.45,153,4.599963902086099,0.0,0,0,0,0,0,0.0,0,0,0,0,0,0,0,0,0,0,0,0,0,0,0,0,0,0,0,0,0,0,0,0,0,0,0,0,0,0,0,0,8,3,0,0,0,0,0,0,0.0,0,0,0,0,0,0,0,0,0,0,0,0,0,0,0,0,0,0,0,0,0,0,0,0,0,0,0,0,0,0,0,0,0,0,0,27,0.0,0.0,0.0,0.2222222222222222,0.0,41.63,['SQLi']
http://localhost:5050/api/v2/logs/sqli-union_select_id,405,0,51.43,153,4.599963902086099,0.0,0,0,0,0,0,0.0,0,0,0,0,0,0,0,0,0,0,0,0,0,0,0,0,0,0,0,0,0,0,0,0,0,0,0,0,0,0,0,0,8,3,0,0,0,0,0,0,0.0,0,0,0,0,0,0,0,0,0,0,0,0,0,0,0,0,0,0,0,0,0,0,0,0,0,0,0,0,0,0,0,0,0,0,0,30,0.0,0.0,0.0,0.3,0.0,41.63,['SQLi']
http://localhost:5050/api/v2/logs/cmdi-ping_host_shell_true,200,0,19.71,460,5.0926423714722535,0.0,0,0,0,0,0,0.0,0,0,0,0,0,0,0,0,0,0,0,0,0,0,0,0,0,0,0,0,0,0,0,0,0,0,0,0,0,0,0,0,8,3,0,2,0,3,0,0,0.0,0,0,0,0,0,0,0,0,0,0,0,0,0,0,0,0,0,0,0,0,0,0,0,0,0,0,0,0,0,0,0,0,0,0,0,28,0.0,0.0,0.0,0.25,0.0,42.52,['CMDi']
http://localhost:5050/api/v2/logs/cmdi-filename_echo_shell,405,0,37.41,153,4.599963902086099,0.0,0,0,0,0,0,0.0,0,0,0,0,0,0,0,0,0,0,0,0,0,0,0,0,0,0,0,0,0,0,0,0,0,0,0,0,0,0,0,0,8,3,0,0,0,0,0,0,0.0,0,0,0,0,0,0,0,0,0,0,0,0,0,0,0,0,0,0,0,0,0,0,0,0,0,0,0,0,0,0,0,0,0,0,0,27,0.0,0.0,0.0,0.4074074074074074,0.0,41.63,['CMDi']
http://localhost:5050/api/v2/logs/cmdi-archive_name_shell,405,0,37.51,153,4.599963902086099,0.0,0,0,0,0,0,0.0,0,0,0,0,0,0,0,0,0,0,0,0,0,0,0,0,0,0,0,0,0,0,0,0,0,0,0,0,0,0,0,0,8,3,0,0,0,0,0,0,0.0,0,0,0,0,0,0,0,0,0,0,0,0,0,0,0,0,0,0,0,0,0,0,0,0,0,0,0,0,0,0,0,0,0,0,0,25,0.0,0.0,0.0,0.28,0.0,39.39,['CMDi']
http://localhost:5050/api/v2/logs/insecdeser-pickle_b64_import,405,0,52.49,153,4.599963902086099,0.0,0,0,0,0,0,0.0,0,0,0,0,0,0,0,0,0,0,0,0,0,0,0,0,0,0,0,0,0,0,0,0,0,0,0,0,0,0,0,0,8,3,0,0,0,0,0,0,0.0,0,0,0,0,0,0,0,0,0,0,0,0,0,0,0,0,0,0,0,0,0,0,0,0,0,0,0,0,0,0,0,0,0,0,0,30,0.0,0.0,0.0,0.1,0.0,36.9,['InsecDeser']
http://localhost:5050/api/v2/logs/insecdeser-yaml_unsafe_load,405,0,43.67,153,4.599963902086099,0.0,0,0,0,0,0,0.0,0,0,0,0,0,0,0,0,0,0,0,0,0,0,0,0,0,0,0,0,0,0,0,0,0,0,0,0,0,0,0,0,8,3,0,0,0,0,0,0,0.0,0,0,0,0,0,0,0,0,0,0,0,0,0,0,0,0,0,0,0,0,0,0,0,0,0,0,0,0,0,0,0,0,0,0,0,24,0.0,0.0,0.0,0.375,0.0,40.34,['InsecDeser']
http://localhost:5050/api/v2/logs/insecupload-no_extension_whitelist,405,0,16.79,153,4.599963902086099,0.0,0,0,0,0,0,0.0,0,0,0,0,0,0,0,0,0,0,0,0,0,0,0,0,0,0,0,0,0,0,0,0,0,0,0,0,0,0,0,0,8,3,0,0,0,0,0,0,0.0,0,0,0,0,0,0,0,0,0,0,0,0,0,0,0,0,0,0,0,0,0,0,0,0,0,0,0,0,0,0,0,0,0,0,0,30,0.0,0.0,0.0,0.3,0.0,41.63,['InsecUpload']
http://localhost:5050/api/v2/logs/insecupload-no_content_type_check,0,0,72.68,0,0.0,0.0,0,0,0,0,0,0.0,0,0,0,0,0,0,0,0,0,0,0,0,0,0,0,0,0,0,0,0,0,0,0,0,0,0,0,0,0,0,0,0,1,0,0,0,0,0,0,0,0.0,0,0,0,0,0,0,0,0,0,0,0,0,0,0,0,0,0,0,0,0,0,0,0,0,0,0,0,0,0,0,0,0,0,0,0,30,0.0,0.0,0.0,0.0,0.0,10.83,['InsecUpload']
http://localhost:5050/api/v2/logs/credsexpose-debug_endpoint_left_on/<resource_name>,200,0,18.32,380,5.1237544891394675,0.0,0,0,0,0,0,0.0,0,0,0,0,0,0,0,0,0,0,0,0,0,0,0,0,0,0,0,0,0,0,0,0,0,0,0,0,0,0,0,0,8,3,0,1,0,2,0,0,0.0,0,0,0,0,0,0,0,0,0,0,0,0,0,0,0,0,0,0,0,0,0,0,0,0,0,0,0,0,0,0,0,0,0,0,0,27,0.0,0.0,0.0,0.3333333333333333,0.0,42.27,['CredsExpose']
http://localhost:5050/api/v2/logs/credsexpose-verbose_error_with_secret,200,0,18.64,297,4.908025148337522,0.0,0,0,0,0,0,0.0,0,0,0,0,0,0,0,0,0,0,0,0,0,0,0,0,0,0,0,0,0,0,0,0,0,0,0,0,0,0,0,0,8,3,0,2,1,2,0,0,0.0,0,0,0,0,0,0,0,0,0,0,0,0,0,0,0,0,0,0,0,0,0,0,0,0,0,0,0,0,0,0,0,0,0,0,0,28,0.0,0.0,0.0,0.35714285714285715,0.14285714285714285,42.38,['CredsExpose']
http://localhost:5050/api/v2/logs/credsexpose-secret_in_response_header,200,0,20.17,276,4.960325195653865,0.0,0,0,0,0,0,0.0,0,0,0,0,0,0,0,0,0,0,0,0,0,0,0,0,0,0,0,0,0,0,0,0,0,0,0,0,0,0,0,0,8,3,0,1,0,2,0,0,0.0,0,0,0,0,0,0,0,0,0,0,0,0,0,0,0,0,0,0,0,0,0,0,0,0,0,0,0,0,0,0,0,0,0,0,0,26,0.0,0.0,0.0,0.19230769230769232,0.0,42.1,['CredsExpose']
http://localhost:5050/api/v2/logs/brokenauth-no_bruteforce_protection,0,0,35.62,0,0.0,0.0,0,0,0,0,0,0.0,0,0,0,0,0,0,0,0,0,0,0,0,0,0,0,0,0,0,0,0,0,0,0,0,0,0,0,0,0,0,0,0,8,3,0,0,0,0,0,0,0.0,0,0,0,0,0,0,0,0,0,0,0,0,0,0,0,0,0,0,0,0,0,0,0,0,0,0,0,0,0,0,0,0,0,0,0,30,0.0,0.0,0.0,0.0,0.0,10.83,['BrokenAuth']
http://localhost:5050/api/v2/logs/brokenauth-predictable_session_token,405,0,16.04,153,4.599963902086099,0.0,0,0,0,0,0,0.0,0,0,0,0,0,0,0,0,0,0,0,0,0,0,0,0,0,0,0,0,0,0,0,0,0,0,0,0,0,0,0,0,8,3,0,0,0,0,0,0,0.0,0,0,0,0,0,0,0,0,0,0,0,0,0,0,0,0,0,0,0,0,0,0,0,0,0,0,0,0,0,0,0,0,0,0,0,25,0.0,0.0,0.0,0.56,0.0,41.63,['BrokenAuth']
http://localhost:5050/api/v2/logs/brokenauth-guessable_password_reset,200,0,22.44,233,4.846637427307499,0.0,0,0,0,0,0,0.0,0,0,0,0,0,0,0,0,0,0,0,0,0,0,0,0,0,0,0,0,0,0,0,0,0,0,0,0,0,0,0,0,8,3,0,1,0,2,0,0,0.0,0,0,0,0,0,0,0,0,0,0,0,0,0,0,0,0,0,0,0,0,0,0,0,0,0,0,0,0,0,0,0,0,0,0,0,26,0.0,0.0,0.0,0.2692307692307692,0.0,41.95,['BrokenAuth']
http://localhost:5050/api/v2/logs/xss-reflected_query_div,200,0,18.55,245,5.067421147472282,0.0,0,0,0,0,0,0.0,0,0,0,0,0,0,0,0,0,0,0,0,0,0,0,0,0,0,0,0,0,0,0,0,0,0,0,0,0,0,0,0,8,3,0,1,0,2,0,0,0.0,0,0,0,0,0,0,0,0,0,0,0,0,0,0,0,0,0,0,0,0,0,0,0,0,0,0,0,0,0,0,0,0,0,0,0,28,0.0,0.0,0.0,0.32142857142857145,0.14285714285714285,41.15,['XSS']
http://localhost:5050/api/v2/logs/xss-reflected_form_comment,405,0,18.28,153,4.599963902086099,0.0,0,0,0,0,0,0.0,0,0,0,0,0,0,0,0,0,0,0,0,0,0,0,0,0,0,0,0,0,0,0,0,0,0,0,0,0,0,0,0,8,3,0,0,0,0,0,0,0.0,0,0,0,0,0,0,0,0,0,0,0,0,0,0,0,0,0,0,0,0,0,0,0,0,0,0,0,0,0,0,0,0,0,0,0,27,0.0,0.0,0.0,0.4074074074074074,0.0,41.63,['XSS']
http://localhost:5050/api/v2/logs/xss-reflected_json_span,405,0,17.37,153,4.599963902086099,0.0,0,0,0,0,0,0.0,0,0,0,0,0,0,0,0,0,0,0,0,0,0,0,0,0,0,0,0,0,0,0,0,0,0,0,0,0,0,0,0,8,3,0,0,0,0,0,0,0.0,0,0,0,0,0,0,0,0,0,0,0,0,0,0,0,0,0,0,0,0,0,0,0,0,0,0,0,0,0,0,0,0,0,0,0,27,0.0,0.0,0.0,0.2962962962962963,0.0,41.63,['XSS']
http://localhost:5050/api/v2/logs/xss-reflected_header_comment,200,0,17.88,256,4.989902430586543,0.0,0,0,0,0,0,0.0,0,0,0,0,0,0,0,0,0,0,0,0,0,0,0,0,0,0,0,0,0,0,0,0,0,0,0,0,0,0,0,0,8,3,0,1,0,2,0,0,0.0,0,0,0,0,0,0,0,0,0,0,0,0,0,0,0,0,0,0,0,0,0,0,0,0,0,0,0,0,0,0,0,0,0,0,0,26,0.0,0.0,0.0,0.38461538461538464,0.0,41.32,['XSS']
http://localhost:5050/api/v2/logs/xss-reflected_attribute_breakout,200,0,18.09,275,4.916525137655817,0.0,0,0,0,0,0,0.0,0,0,0,0,0,0,0,0,0,0,0,0,0,0,0,0,0,0,0,0,0,0,0,0,0,0,0,0,0,0,0,0,8,3,0,1,0,2,0,0,0.0,0,0,0,0,0,0,0,0,0,0,0,0,0,0,0,0,0,0,0,0,0,0,0,0,0,0,0,0,0,0,0,0,0,0,0,27,0.0,0.0,0.0,0.37037037037037035,0.0,41.58,['XSS']
http://localhost:5050/api/v2/logs/dirtrav-read_file_query_param,200,0,18.75,210,4.7166904297089705,0.0,0,0,0,0,0,0.0,0,0,0,0,0,0,0,0,0,0,0,0,0,0,0,0,0,0,0,0,0,0,0,0,0,0,0,0,0,0,0,0,8,3,0,1,0,2,0,0,0.0,0,0,0,0,0,0,0,0,0,0,0,0,0,0,0,0,0,0,0,0,0,0,0,0,0,0,0,0,0,0,0,0,0,0,0,28,0.0,0.0,0.0,0.25,0.75,42.23,['DirTrav']
http://localhost:5050/api/v2/logs/dirtrav-read_file_form_param,405,0,18.22,153,4.599963902086099,0.0,0,0,0,0,0,0.0,0,0,0,0,0,0,0,0,0,0,0,0,0,0,0,0,0,0,0,0,0,0,0,0,0,0,0,0,0,0,0,0,8,3,0,0,0,0,0,0,0.0,0,0,0,0,0,0,0,0,0,0,0,0,0,0,0,0,0,0,0,0,0,0,0,0,0,0,0,0,0,0,0,0,0,0,0,24,0.0,0.0,0.0,0.375,0.0,41.63,['DirTrav']
http://localhost:5050/api/v2/logs/dirtrav-read_file_path_segment/<filename>,200,0,15.35,261,4.789222164408153,0.0,0,0,0,0,0,0.0,0,0,0,0,0,0,0,0,0,0,0,0,0,0,0,0,0,0,0,0,0,0,0,0,0,0,0,0,0,0,0,0,8,3,0,1,0,2,0,0,0.0,0,0,0,0,0,0,0,0,0,0,0,0,0,0,0,0,0,0,0,0,0,0,0,0,0,0,0,0,0,0,0,0,0,0,0,25,0.0,0.0,0.0,0.48,0.0,42.04,['DirTrav']
http://localhost:5050/api/v2/logs/xxe-resolve_entities_json_body,405,0,52.45,153,4.599963902086099,0.0,0,0,0,0,0,0.0,0,0,0,0,0,0,0,0,0,0,0,0,0,0,0,0,0,0,0,0,0,0,0,0,0,0,0,0,0,0,0,0,8,3,0,0,0,0,0,0,0.0,0,0,0,0,0,0,0,0,0,0,0,0,0,0,0,0,0,0,0,0,0,0,0,0,0,0,0,0,0,0,0,0,0,0,0,30,0.0,0.0,0.0,0.13333333333333333,0.0,37.7,['XXE']
http://localhost:5050/api/v2/logs/xxe-resolve_entities_form_body,405,0,56.4,153,4.599963902086099,0.0,0,0,0,0,0,0.0,0,0,0,0,0,0,0,0,0,0,0,0,0,0,0,0,0,0,0,0,0,0,0,0,0,0,0,0,0,0,0,0,8,3,0,0,0,0,0,0,0.0,0,0,0,0,0,0,0,0,0,0,0,0,0,0,0,0,0,0,0,0,0,0,0,0,0,0,0,0,0,0,0,0,0,0,0,27,0.0,0.0,0.0,0.25925925925925924,0.0,30.0,['XXE']
http://localhost:5050/api/v2/logs/nosqli-auth_operator_bypass,405,0,17.71,153,4.599963902086099,0.0,0,0,0,0,0,0.0,0,0,0,0,0,0,0,0,0,0,0,0,0,0,0,0,0,0,0,0,0,0,0,0,0,0,0,0,0,0,0,0,8,3,0,0,0,0,0,0,0.0,0,0,0,0,0,0,0,0,0,0,0,0,0,0,0,0,0,0,0,0,0,0,0,0,0,0,0,0,0,0,0,0,0,0,0,25,0.0,0.0,0.0,0.32,0.0,41.63,['NoSQLi']
http://localhost:5050/api/v2/logs/nosqli-search_filter_injection,405,0,18.01,153,4.599963902086099,0.0,0,0,0,0,0,0.0,0,0,0,0,0,0,0,0,0,0,0,0,0,0,0,0,0,0,0,0,0,0,0,0,0,0,0,0,0,0,0,0,8,3,0,0,0,0,0,0,0.0,0,0,0,0,0,0,0,0,0,0,0,0,0,0,0,0,0,0,0,0,0,0,0,0,0,0,0,0,0,0,0,0,0,0,0,22,0.0,0.0,0.0,0.45454545454545453,0.0,41.63,['NoSQLi']
http://localhost:5050/api/v2/logs/nosqli-regex_operator_injection,0,0,35.03,0,0.0,0.0,0,0,0,0,0,0.0,0,0,0,0,0,0,0,0,0,0,0,0,0,0,0,0,0,0,0,0,0,0,0,0,0,0,0,0,0,0,0,0,8,3,0,0,0,0,0,0,0.0,0,0,0,0,0,0,0,0,0,0,0,0,0,0,0,0,0,0,0,0,0,0,0,0,0,0,0,0,0,0,0,0,0,0,0,30,0.0,0.0,0.0,0.0,0.0,10.83,['NoSQLi']
http://localhost:5050/api/v2/logs/ldapi-login_filter_wildcard,405,0,18.27,153,4.599963902086099,0.0,0,0,0,0,0,0.0,0,0,0,0,0,0,0,0,0,0,0,0,0,0,0,0,0,0,0,0,0,0,0,0,0,0,0,0,0,0,0,0,8,3,0,0,0,0,0,0,0.0,0,0,0,0,0,0,0,0,0,0,0,0,0,0,0,0,0,0,0,0,0,0,0,0,0,0,0,0,0,0,0,0,0,0,0,26,0.0,0.0,0.0,0.3076923076923077,0.0,41.63,['LDAPi']
http://localhost:5050/api/v2/logs/ldapi-search_filter_wildcard,200,0,18.31,218,4.979361478849202,0.0,0,0,0,0,0,0.0,0,0,0,0,0,0,0,0,0,0,0,0,0,0,0,0,0,0,0,0,0,0,0,0,0,0,0,0,0,0,0,0,8,3,0,2,0,2,1,0,0.0,0,0,0,0,0,0,0,0,0,0,0,0,0,0,0,0,0,0,0,0,0,0,0,0,0,0,0,0,0,0,0,0,0,0,0,30,0.0,0.0,0.0,0.4,0.1,42.52,['LDAPi']
http://localhost:5050/api/v2/logs/insecperm-role_trusted_from_header,200,0,20.92,271,4.76401565056839,0.0,0,0,0,0,0,0.0,0,0,0,0,0,0,0,0,0,0,0,0,0,0,0,0,0,0,0,0,0,0,0,0,0,0,0,0,0,0,0,0,8,3,0,1,0,2,0,0,0.0,0,0,0,0,0,0,0,0,0,0,0,0,0,0,0,0,0,0,0,0,0,0,0,0,0,0,0,0,0,0,0,0,0,0,0,22,0.0,0.0,0.0,0.36363636363636365,0.0,41.65,['InsecPerm']
http://localhost:5050/api/v2/logs/insecperm-world_readable_export_endpoint/<id>,200,0,22.29,268,4.808979447739263,0.0,0,0,0,0,0,0.0,0,0,0,0,0,0,0,0,0,0,0,0,0,0,0,0,0,0,0,0,0,0,0,0,0,0,0,0,0,0,0,0,8,3,0,1,0,2,0,0,0.0,0,0,0,0,0,0,0,0,0,0,0,0,0,0,0,0,0,0,0,0,0,0,0,0,0,0,0,0,0,0,0,0,0,0,0,30,0.0,0.0,0.0,0.36666666666666664,0.0,42.4,['InsecPerm']
http://localhost:5050/api/v2/logs/insecperm-client_controlled_admin_flag,200,0,16.0,230,4.740329012408774,0.0,0,0,0,0,0,0.0,0,0,0,0,0,0,0,0,0,0,0,0,0,0,0,0,0,0,0,0,0,0,0,0,0,0,0,0,0,0,0,0,8,3,0,1,0,2,0,0,0.0,0,0,0,0,0,0,0,0,0,0,0,0,0,0,0,0,0,0,0,0,0,0,0,0,0,0,0,0,0,0,0,0,0,0,0,27,0.0,0.0,0.0,0.2962962962962963,0.0,41.86,['InsecPerm']
http://localhost:5050/api/v2/logs/idor-path_id_direct_access/<obj_id>,200,0,18.25,381,4.967276335451476,0.0,0,0,0,0,0,0.0,0,0,0,0,0,0,0,0,0,0,0,0,0,0,0,0,0,0,0,0,0,0,0,0,0,0,0,0,0,0,0,0,8,3,0,2,0,3,0,0,0.0,0,0,0,0,0,0,0,0,0,0,0,0,0,0,0,0,0,0,0,0,0,0,0,0,0,0,0,0,0,0,0,0,0,0,0,26,0.0,0.0,0.0,0.4230769230769231,0.0,41.9,['IDOR']
http://localhost:5050/api/v2/logs/idor-query_id_direct_access,200,0,19.56,268,4.803250106749851,0.0,0,0,0,0,0,0.0,0,0,0,0,0,0,0,0,0,0,0,0,0,0,0,0,0,0,0,0,0,0,0,0,0,0,0,0,0,0,0,0,8,3,0,2,0,3,0,0,0.0,0,0,0,0,0,0,0,0,0,0,0,0,0,0,0,0,0,0,0,0,0,0,0,0,0,0,0,0,0,0,0,0,0,0,0,29,0.0,0.0,0.0,0.3103448275862069,0.0,41.9,['IDOR']
http://localhost:5050/api/v2/logs/idor-json_body_id_direct_access,405,0,18.29,153,4.599963902086099,0.0,0,0,0,0,0,0.0,0,0,0,0,0,0,0,0,0,0,0,0,0,0,0,0,0,0,0,0,0,0,0,0,0,0,0,0,0,0,0,0,8,3,0,0,0,0,0,0,0.0,0,0,0,0,0,0,0,0,0,0,0,0,0,0,0,0,0,0,0,0,0,0,0,0,0,0,0,0,0,0,0,0,0,0,0,30,0.0,0.0,0.0,0.26666666666666666,0.0,41.63,['IDOR']
http://localhost:5050/api/v2/logs/sessfix-sessionid_accepted_from_query,200,0,20.26,242,4.804461862773958,0.0,0,0,0,0,0,0.0,0,0,0,0,0,0,0,0,0,0,0,0,0,0,0,0,0,0,0,0,0,0,0,0,0,0,0,0,0,0,0,0,8,3,0,1,0,2,0,0,0.0,0,0,0,0,0,0,0,0,0,0,0,0,0,0,0,0,0,0,0,0,0,0,0,0,0,0,0,0,0,0,0,0,0,0,0,23,0.0,0.0,0.0,0.391304347826087,0.0,42.43,['SessFix']
http://localhost:5050/api/v2/logs/sessfix-sessionid_not_regenerated_on_login,200,0,21.94,195,4.576349520858109,0.0,0,0,0,0,0,0.0,0,0,0,0,0,0,0,0,0,0,0,0,0,0,0,0,0,0,0,0,0,0,0,0,0,0,0,0,0,0,0,0,8,3,0,1,0,2,0,0,0.0,0,0,0,0,0,0,0,0,0,0,0,0,0,0,0,0,0,0,0,0,0,0,0,0,0,0,0,0,0,0,0,0,0,0,0,28,0.0,0.0,0.0,0.5,0.0,42.52,['SessFix']
http://localhost:5050/api/v2/logs/ssrf-url_fetch_query_no_allowlist,200,0,15.98,340,4.905535024377124,0.0,0,0,0,0,0,0.0,0,0,0,0,0,0,0,0,0,0,0,0,0,0,0,0,0,0,0,0,0,0,0,0,0,0,0,0,0,0,0,0,8,3,0,2,0,2,1,0,0.0,0,0,0,0,0,0,0,0,0,0,0,0,0,0,0,0,0,0,0,0,0,0,0,0,0,0,0,0,0,0,0,0,0,0,0,26,0.0,0.0,0.0,0.34615384615384615,0.0,43.1,['SSRF']
http://localhost:5050/api/v2/logs/ssrf-url_fetch_json_webhook,405,0,17.34,153,4.599963902086099,0.0,0,0,0,0,0,0.0,0,0,0,0,0,0,0,0,0,0,0,0,0,0,0,0,0,0,0,0,0,0,0,0,0,0,0,0,0,0,0,0,8,3,0,0,0,0,0,0,0.0,0,0,0,0,0,0,0,0,0,0,0,0,0,0,0,0,0,0,0,0,0,0,0,0,0,0,0,0,0,0,0,0,0,0,0,26,0.0,0.0,0.0,0.4230769230769231,0.0,41.63,['SSRF']
http://localhost:5050/api/v2/logs/ssrf-url_fetch_form_image_import,405,0,56.7,153,4.599963902086099,0.0,0,0,0,0,0,0.0,0,0,0,0,0,0,0,0,0,0,0,0,0,0,0,0,0,0,0,0,0,0,0,0,0,0,0,0,0,0,0,0,8,3,0,0,0,0,0,0,0.0,0,0,0,0,0,0,0,0,0,0,0,0,0,0,0,0,0,0,0,0,0,0,0,0,0,0,0,0,0,0,0,0,0,0,0,28,0.0,0.0,0.0,0.21428571428571427,0.0,25.22,['SSRF']
http://localhost:5050/api/v2/logs/ssti-greeting_name_query,200,0,15.92,192,4.753019955094958,0.0,0,0,0,0,0,0.0,0,0,0,0,0,0,0,0,0,0,0,0,0,0,0,0,0,0,0,0,0,0,0,0,0,0,0,0,0,0,0,0,8,3,0,1,0,2,0,0,0.0,0,0,0,0,0,0,0,0,0,0,0,0,0,0,0,0,0,0,0,0,0,0,0,0,0,0,0,0,0,0,0,0,0,0,0,29,0.0,0.0,0.0,0.3103448275862069,0.13793103448275862,42.16,['SSTI']
http://localhost:5050/api/v2/logs/ssti-custom_template_field_form,405,0,45.09,153,4.599963902086099,0.0,0,0,0,0,0,0.0,0,0,0,0,0,0,0,0,0,0,0,0,0,0,0,0,0,0,0,0,0,0,0,0,0,0,0,0,0,0,0,0,8,3,0,0,0,0,0,0,0.0,0,0,0,0,0,0,0,0,0,0,0,0,0,0,0,0,0,0,0,0,0,0,0,0,0,0,0,0,0,0,0,0,0,0,0,29,0.0,0.0,0.0,0.27586206896551724,0.0,33.84,['SSTI']
http://localhost:5050/api/v2/logs/ssti-message_field_json,405,0,54.03,153,4.599963902086099,0.0,0,0,0,0,0,0.0,0,0,0,0,0,0,0,0,0,0,0,0,0,0,0,0,0,0,0,0,0,0,0,0,0,0,0,0,0,0,0,0,8,3,0,0,0,0,0,0,0.0,0,0,0,0,0,0,0,0,0,0,0,0,0,0,0,0,0,0,0,0,0,0,0,0,0,0,0,0,0,0,0,0,0,0,0,26,0.0,0.0,0.0,0.34615384615384615,0.0,19.89,['SSTI']
http://localhost:5050/api/v2/logs/prototype_pollution-deep_merge_settings,405,0,47.12,153,4.599963902086099,0.0,0,0,0,0,0,0.0,0,0,0,0,0,0,0,0,0,0,0,0,0,0,0,0,0,0,0,0,0,0,0,0,0,0,0,0,0,0,0,0,8,3,0,0,0,0,0,0,0.0,0,0,0,0,0,0,0,0,0,0,0,0,0,0,0,0,0,0,0,0,0,0,0,0,0,0,0,0,0,0,0,0,0,0,0,18,0.0,0.0,0.0,0.4444444444444444,0.0,41.63,['Prototype_Pollution']
http://localhost:5050/api/v2/logs/prototype_pollution-deep_merge_preferences,405,0,15.97,153,4.599963902086099,0.0,0,0,0,0,0,0.0,0,0,0,0,0,0,0,0,0,0,0,0,0,0,0,0,0,0,0,0,0,0,0,0,0,0,0,0,0,0,0,0,8,3,0,0,0,0,0,0,0.0,0,0,0,0,0,0,0,0,0,0,0,0,0,0,0,0,0,0,0,0,0,0,0,0,0,0,0,0,0,0,0,0,0,0,0,29,0.0,0.0,0.0,0.3448275862068966,0.0,41.63,['Prototype_Pollution']
http://localhost:5050/api/v2/logs/http_request_smuggling-cl_te_both_accepted,200,0,17.5,340,4.829543018736351,0.0,0,0,0,0,0,0.0,0,0,0,0,0,0,0,0,0,0,0,0,0,0,0,0,0,0,0,0,0,0,0,0,0,0,0,0,0,0,1,0,8,3,0,1,0,2,0,0,0.0,0,0,0,0,0,0,0,0,0,0,0,0,0,0,0,0,0,0,0,0,0,0,0,0,0,0,0,0,0,0,0,0,0,0,0,29,0.0,0.0,0.0,0.3793103448275862,0.0,41.69,['HTTP_Request_Smuggling']
http://localhost:5050/api/v2/logs/http_request_smuggling-duplicate_content_length_accepted,200,0,17.9,304,4.792857423108455,0.0,0,0,0,0,0,0.0,0,0,0,0,0,0,0,0,0,0,0,0,0,0,0,0,0,0,0,0,0,0,0,0,0,0,0,0,0,0,1,0,8,3,0,1,0,2,0,0,0.0,0,0,0,0,0,0,0,0,0,0,0,0,0,0,0,0,0,0,0,0,0,0,0,0,0,0,0,0,0,0,0,0,0,0,0,27,0.0,0.0,0.0,0.2962962962962963,0.0,41.23,['HTTP_Request_Smuggling']
http://localhost:5050/api/v2/logs/xpath_injection-login_xpath_concat,405,0,15.74,153,4.599963902086099,0.0,0,0,0,0,0,0.0,0,0,0,0,0,0,0,0,0,0,0,0,0,0,0,0,0,0,0,0,0,0,0,0,0,0,0,0,0,0,0,0,8,3,0,0,0,0,0,0,0.0,0,0,0,0,0,0,0,0,0,0,0,0,0,0,0,0,0,0,0,0,0,0,0,0,0,0,0,0,0,0,0,0,0,0,0,22,0.0,0.0,0.0,0.5,0.0,41.63,['XPATH_Injection']
http://localhost:5050/api/v2/logs/xpath_injection-search_xpath_concat,200,0,17.52,294,4.917125408495466,0.0,0,0,0,0,0,0.0,0,0,0,0,0,0,0,0,0,0,0,0,0,0,0,0,0,0,0,0,0,0,0,0,0,0,0,0,0,0,0,0,8,3,0,2,0,2,2,0,0.0,0,0,0,0,0,0,0,0,0,0,0,0,0,0,0,0,0,0,0,0,0,0,0,0,0,0,0,0,0,0,0,0,0,0,0,27,0.0,0.0,0.0,0.37037037037037035,0.037037037037037035,42.38,['XPATH_Injection']
http://localhost:5050/api/v2/logs/graphqli-introspection_left_enabled,405,0,17.49,153,4.599963902086099,0.0,0,0,0,0,0,0.0,0,0,0,0,0,0,0,0,0,0,0,0,0,0,0,0,0,0,0,0,0,0,0,0,0,0,0,0,0,0,0,0,8,3,0,0,0,0,0,0,0.0,0,0,0,0,0,0,0,0,0,0,0,0,0,0,0,0,0,0,0,0,0,0,0,0,0,0,0,0,0,0,0,0,0,0,0,26,0.0,0.0,0.0,0.5384615384615384,0.0,41.63,['GraphQLi']
http://localhost:5050/api/v2/logs/graphqli-no_query_depth_limit,405,0,52.42,153,4.599963902086099,0.0,0,0,0,0,0,0.0,0,0,0,0,0,0,0,0,0,0,0,0,0,0,0,0,0,0,0,0,0,0,0,0,0,0,0,0,0,0,0,0,8,3,0,0,0,0,0,0,0.0,0,0,0,0,0,0,0,0,0,0,0,0,0,0,0,0,0,0,0,0,0,0,0,0,0,0,0,0,0,0,0,0,0,0,0,29,0.0,0.0,0.0,0.06896551724137931,0.0,21.59,['GraphQLi']
http://localhost:5050/api/v2/logs/cors-reflect_origin_credentials_true,200,0,22.18,337,4.913497815689388,0.0,0,0,0,0,0,0.0,0,0,0,0,0,0,0,0,0,0,0,0,0,0,0,0,0,0,0,0,0,0,0,0,0,0,0,0,0,0,0,0,8,3,0,2,1,2,0,0,0.0,0,0,0,0,0,0,0,0,0,0,0,0,0,0,0,0,0,0,0,0,0,0,0,0,0,0,0,0,0,0,0,0,0,0,0,28,0.0,0.0,0.0,0.32142857142857145,0.0,42.15,['CORS']
http://localhost:5050/api/v2/logs/cors-wildcard_origin_sensitive_endpoint,200,0,20.81,276,4.749730960026286,0.0,0,0,0,0,0,0.0,0,0,0,0,0,0,0,0,0,0,0,0,0,0,0,0,0,0,0,0,0,0,0,0,0,0,0,0,0,0,0,0,8,3,0,1,0,2,0,0,0.0,0,0,0,0,0,0,0,0,0,0,0,0,0,0,0,0,0,0,0,0,0,0,0,0,0,0,0,0,0,0,0,0,0,0,0,28,0.0,0.0,0.0,0.4642857142857143,0.0,42.45,['CORS']
http://localhost:5050/api/v2/logs/csrf-generic_state_change_no_token,405,0,15.86,153,4.599963902086099,0.0,0,0,0,0,0,0.0,0,0,0,0,0,0,0,0,0,0,0,0,0,0,0,0,0,0,0,0,0,0,0,0,0,0,0,0,0,0,0,0,8,3,0,0,0,0,0,0,0.0,0,0,0,0,0,0,0,0,0,0,0,0,0,0,0,0,0,0,0,0,0,0,0,0,0,0,0,0,0,0,0,0,0,0,0,22,0.0,0.0,0.0,0.3181818181818182,0.0,41.63,['CSRF']
http://localhost:5050/api/v2/logs/csrf-delete_no_token,200,0,22.15,246,4.8946060463949,0.0,0,0,0,0,0,0.0,0,0,0,0,0,0,0,0,0,0,0,0,0,0,0,0,0,0,0,0,0,0,0,0,0,0,0,0,0,0,0,0,8,3,0,1,0,2,0,0,0.0,0,0,0,0,0,0,0,0,0,0,0,0,0,0,0,0,0,0,0,0,0,0,0,0,0,0,0,0,0,0,0,0,0,0,0,18,0.0,0.0,0.0,0.16666666666666666,0.16666666666666666,41.85,['CSRF']
http://localhost:5050/api/v2/logs/csrf-sensitive_transfer_no_token,405,0,17.46,153,4.599963902086099,0.0,0,0,0,0,0,0.0,0,0,0,0,0,0,0,0,0,0,0,0,0,0,0,0,0,0,0,0,0,0,0,0,0,0,0,0,0,0,0,0,8,3,0,0,0,0,0,0,0.0,0,0,0,0,0,0,0,0,0,0,0,0,0,0,0,0,0,0,0,0,0,0,0,0,0,0,0,0,0,0,0,0,0,0,0,24,0.0,0.0,0.0,0.16666666666666666,0.0,41.63,['CSRF']
http://localhost:5050/api/v2/logs/ratelimit-login_endpoint_no_throttle,405,0,15.32,153,4.599963902086099,0.0,0,0,0,0,0,0.0,0,0,0,0,0,0,0,0,0,0,0,0,0,0,0,0,0,0,0,0,0,0,0,0,0,0,0,0,0,0,0,0,8,3,0,0,0,0,0,0,0.0,0,0,0,0,0,0,0,0,0,0,0,0,0,0,0,0,0,0,0,0,0,0,0,0,0,0,0,0,0,0,0,0,0,0,0,29,0.0,0.0,0.0,0.4827586206896552,0.0,41.63,['RateLimit']
http://localhost:5050/api/v2/logs/ratelimit-password_reset_no_throttle,200,0,18.13,273,4.721766735141094,0.0,0,0,0,0,0,0.0,0,0,0,0,0,0,0,0,0,0,0,0,0,0,0,0,0,0,0,0,0,0,0,0,0,0,0,0,0,0,0,0,8,3,0,1,0,2,0,0,0.0,0,0,0,0,0,0,0,0,0,0,0,0,0,0,0,0,0,0,0,0,0,0,0,0,0,0,0,0,0,0,0,0,0,0,0,26,0.0,0.0,0.0,0.38461538461538464,0.0,41.72,['RateLimit']
http://localhost:5050/api/v2/logs/infodisc-stack_trace_leak_on_error,200,0,17.33,138,4.754889652551174,0.0,0,0,0,0,0,0.0,0,0,0,0,0,0,0,0,0,0,0,0,0,0,0,0,0,0,0,0,0,0,0,0,0,0,0,0,0,0,0,0,8,3,0,1,0,2,0,0,0.0,0,0,0,0,0,0,0,0,0,0,0,0,0,0,0,0,0,0,0,0,0,0,0,0,0,0,0,0,0,0,0,0,0,0,0,26,0.0,0.0,0.0,0.3076923076923077,0.0,42.27,['InfoDisc']
http://localhost:5050/api/v2/logs/infodisc-verbose_server_version_header,200,0,15.47,261,4.993100371009723,0.0,0,0,0,0,0,0.0,0,0,0,0,0,0,0,0,0,0,0,0,0,0,0,0,0,0,0,0,0,0,0,0,0,0,0,0,0,0,0,0,8,3,0,1,0,2,0,0,0.0,0,0,0,0,0,0,0,0,0,0,0,0,0,0,0,0,0,0,0,0,0,0,0,0,0,0,0,0,0,0,0,0,0,0,0,27,0.0,0.0,0.0,0.4074074074074074,0.0,41.94,['InfoDisc']
http://localhost:5050/api/v2/logs/infodisc-debug_env_endpoint/<resource_name>,200,0,15.96,278,5.022187345083361,0.0,0,0,0,0,0,0.0,0,0,0,0,0,0,0,0,0,0,0,0,0,0,0,0,0,0,0,0,0,0,0,0,0,0,0,0,0,0,0,0,8,3,0,1,0,2,0,0,0.0,0,0,0,0,0,0,0,0,0,0,0,0,0,0,0,0,0,0,0,0,0,0,0,0,0,0,0,0,0,0,0,0,0,0,0,26,0.0,0.0,0.0,0.5384615384615384,0.0,42.25,['InfoDisc']
http://localhost:5050/api/v2/logs/inseccrypto-md5_unsalted_password,405,0,15.94,153,4.599963902086099,0.0,0,0,0,0,0,0.0,0,0,0,0,0,0,0,0,0,0,0,0,0,0,0,0,0,0,0,0,0,0,0,0,0,0,0,0,0,0,0,0,8,3,0,0,0,0,0,0,0.0,0,0,0,0,0,0,0,0,0,0,0,0,0,0,0,0,0,0,0,0,0,0,0,0,0,0,0,0,0,0,0,0,0,0,0,28,0.0,0.0,0.0,0.42857142857142855,0.0,41.63,['InsecCrypto']
http://localhost:5050/api/v2/logs/inseccrypto-xor_fixed_key_encryption,200,0,15.84,334,5.055961033206968,0.0,0,0,0,0,0,0.0,0,0,0,0,0,0,0,0,0,0,0,0,0,0,0,0,0,0,0,0,0,0,0,0,0,0,0,0,0,0,0,0,8,3,0,1,0,2,0,0,0.0,0,0,0,0,0,0,0,0,0,0,0,0,0,0,0,0,0,0,0,0,0,0,0,0,0,0,0,0,0,0,0,0,0,0,0,27,0.0,0.0,0.0,0.2222222222222222,0.0,42.03,['InsecCrypto']
http://localhost:5050/api/v2/logs/openredirect-redirect_query_url_no_check,200,0,20.59,272,4.724549410620034,0.0,0,0,0,0,0,0.0,0,0,0,0,0,0,0,0,0,0,0,0,0,0,0,0,0,0,0,0,0,0,0,0,0,0,0,0,0,0,0,0,8,3,0,1,0,2,0,0,0.0,0,0,0,0,0,0,0,0,0,0,0,0,0,0,0,0,0,0,0,0,0,0,0,0,0,0,0,0,0,0,0,0,0,0,0,28,0.0,0.0,0.0,0.2857142857142857,0.0,42.42,['OpenRedirect']
http://localhost:5050/api/v2/logs/openredirect-post_login_next_param,405,0,15.1,153,4.599963902086099,0.0,0,0,0,0,0,0.0,0,0,0,0,0,0,0,0,0,0,0,0,0,0,0,0,0,0,0,0,0,0,0,0,0,0,0,0,0,0,0,0,8,3,0,0,0,0,0,0,0.0,0,0,0,0,0,0,0,0,0,0,0,0,0,0,0,0,0,0,0,0,0,0,0,0,0,0,0,0,0,0,0,0,0,0,0,27,0.0,0.0,0.0,0.48148148148148145,0.0,41.63,['OpenRedirect']
http://localhost:5050/api/v2/logs/jwt-alg_none_accepted,200,0,20.63,130,4.692275888969461,0.0,0,0,0,0,0,0.0,0,0,0,0,0,0,0,0,0,0,0,0,0,0,0,0,0,0,0,0,0,0,0,0,0,0,0,0,0,0,0,0,8,3,0,1,0,2,0,0,0.0,0,0,0,0,0,0,0,0,0,0,0,0,0,0,0,0,0,0,0,0,0,0,0,0,0,0,0,0,0,0,0,0,0,0,0,17,0.0,0.0,0.0,0.23529411764705882,0.0,42.06,['JWT']
http://localhost:5050/api/v2/logs/jwt-weak_hardcoded_secret,200,0,18.24,161,4.733434686062822,0.0,0,0,0,0,0,0.0,0,0,0,0,0,0,0,0,0,0,0,0,0,0,0,0,0,0,0,0,0,0,0,0,0,0,0,0,0,0,0,0,8,3,0,1,0,2,0,0,0.0,0,0,0,0,0,0,0,0,0,0,0,0,0,0,0,0,0,0,0,0,0,0,0,0,0,0,0,0,0,0,0,0,0,0,0,28,0.0,0.0,0.0,0.39285714285714285,0.0,42.21,['JWT']
http://localhost:5050/api/v2/logs/jwt-expiry_never_checked,200,0,15.05,133,4.77243325737678,0.0,0,0,0,0,0,0.0,0,0,0,0,0,0,0,0,0,0,0,0,0,0,0,0,0,0,0,0,0,0,0,0,0,0,0,0,0,0,0,0,8,3,0,1,0,2,0,0,0.0,0,0,0,0,0,0,0,0,0,0,0,0,0,0,0,0,0,0,0,0,0,0,0,0,0,0,0,0,0,0,0,0,0,0,0,21,0.0,0.0,0.0,0.42857142857142855,0.0,42.42,['JWT']
http://localhost:5050/api/v2/logs/crlf_injection-location_header_crlf,200,0,15.36,292,4.838357028330366,0.0,0,0,0,0,0,0.0,0,0,0,0,0,0,0,0,0,0,0,0,0,0,0,0,0,0,0,0,0,0,0,0,0,0,0,0,0,0,0,0,8,3,0,1,0,2,0,0,0.0,0,0,0,0,0,0,0,0,0,0,0,0,0,0,0,0,0,0,0,0,0,0,0,0,0,0,0,0,0,0,0,0,0,0,0,23,0.0,0.0,0.0,0.43478260869565216,0.0,42.34,['CRLF_Injection']
http://localhost:5050/api/v2/logs/crlf_injection-log_injection_crlf,405,0,14.91,153,4.599963902086099,0.0,0,0,0,0,0,0.0,0,0,0,0,0,0,0,0,0,0,0,0,0,0,0,0,0,0,0,0,0,0,0,0,0,0,0,0,0,0,0,0,8,3,0,0,0,0,0,0,0.0,0,0,0,0,0,0,0,0,0,0,0,0,0,0,0,0,0,0,0,0,0,0,0,0,0,0,0,0,0,0,0,0,0,0,0,22,0.0,0.0,0.0,0.45454545454545453,0.0,41.63,['CRLF_Injection']
http://localhost:5050/api/v2/logs/racecondition-withdraw_toctou_no_lock,405,0,47.17,153,4.599963902086099,0.0,0,0,0,0,0,0.0,0,0,0,0,0,0,0,0,0,0,0,0,0,0,0,0,0,0,0,0,0,0,0,0,0,0,0,0,0,0,0,0,8,3,0,0,0,0,0,0,0.0,0,0,0,0,0,0,0,0,0,0,0,0,0,0,0,0,0,0,0,0,0,0,0,0,0,0,0,0,0,0,0,0,0,0,0,21,0.0,0.0,0.0,0.23809523809523808,0.0,30.0,['RaceCondition']
http://localhost:5050/api/v2/logs/racecondition-coupon_redeem_toctou_no_lock,405,0,52.0,153,4.599963902086099,0.0,0,0,0,0,0,0.0,0,0,0,0,0,0,0,0,0,0,0,0,0,0,0,0,0,0,0,0,0,0,0,0,0,0,0,0,0,0,0,0,8,3,0,0,0,0,0,0,0.0,0,0,0,0,0,0,0,0,0,0,0,0,0,0,0,0,0,0,0,0,0,0,0,0,0,0,0,0,0,0,0,0,0,0,0,27,0.0,0.0,0.0,0.14814814814814814,0.0,35.73,['RaceCondition']
http://localhost:5050/api/v2/backups/sqli-where_id_concat,200,0,20.27,216,5.162645729536491,0.0,0,0,0,0,0,0.0,0,0,0,0,0,0,0,0,0,0,0,0,0,0,0,0,0,0,0,0,0,0,0,0,0,0,0,0,0,0,0,0,8,3,0,1,0,2,0,0,0.0,0,0,0,0,0,0,0,0,0,0,0,0,0,0,0,0,0,0,0,0,0,0,0,0,0,0,0,0,0,0,0,0,0,0,0,24,0.0,0.0,0.0,0.2916666666666667,0.08333333333333333,42.38,['SQLi']
http://localhost:5050/api/v2/backups/sqli-order_by_concat,200,0,15.28,268,5.1173702424554435,0.0,0,0,0,0,0,0.0,0,0,0,0,0,0,0,0,0,0,0,0,0,0,0,0,0,0,0,0,0,0,0,0,0,0,0,0,0,0,0,0,8,3,0,1,0,2,0,0,0.0,0,0,0,0,0,0,0,0,0,0,0,0,0,0,0,0,0,0,0,0,0,0,0,0,0,0,0,0,0,0,0,0,0,0,0,18,0.0,0.0,0.0,0.16666666666666666,0.0,42.42,['SQLi']
http://localhost:5050/api/v2/backups/sqli-like_search_concat,405,0,38.66,153,4.599963902086099,0.0,0,0,0,0,0,0.0,0,0,0,0,0,0,0,0,0,0,0,0,0,0,0,0,0,0,0,0,0,0,0,0,0,0,0,0,0,0,0,0,8,3,0,0,0,0,0,0,0.0,0,0,0,0,0,0,0,0,0,0,0,0,0,0,0,0,0,0,0,0,0,0,0,0,0,0,0,0,0,0,0,0,0,0,0,30,0.0,0.0,0.0,0.16666666666666666,0.0,40.13,['SQLi']
http://localhost:5050/api/v2/backups/sqli-login_bypass,405,0,36.99,153,4.599963902086099,0.0,0,0,0,0,0,0.0,0,0,0,0,0,0,0,0,0,0,0,0,0,0,0,0,0,0,0,0,0,0,0,0,0,0,0,0,0,0,0,0,8,3,0,0,0,0,0,0,0.0,0,0,0,0,0,0,0,0,0,0,0,0,0,0,0,0,0,0,0,0,0,0,0,0,0,0,0,0,0,0,0,0,0,0,0,29,0.0,0.0,0.0,0.1724137931034483,0.0,30.0,['SQLi']
http://localhost:5050/api/v2/backups/sqli-union_select_id,405,0,44.65,153,4.599963902086099,0.0,0,0,0,0,0,0.0,0,0,0,0,0,0,0,0,0,0,0,0,0,0,0,0,0,0,0,0,0,0,0,0,0,0,0,0,0,0,0,0,8,3,0,0,0,0,0,0,0.0,0,0,0,0,0,0,0,0,0,0,0,0,0,0,0,0,0,0,0,0,0,0,0,0,0,0,0,0,0,0,0,0,0,0,0,28,0.0,0.0,0.0,0.42857142857142855,0.0,34.94,['SQLi']
http://localhost:5050/api/v2/backups/cmdi-ping_host_shell_true,200,0,17.61,463,5.147863470507819,0.0,0,0,0,0,0,0.0,0,0,0,0,0,0,0,0,0,0,0,0,0,0,0,0,0,0,0,0,0,0,0,0,0,0,0,0,0,0,0,0,8,3,0,1,0,2,0,0,0.0,0,0,0,0,0,0,0,0,0,0,0,0,0,0,0,0,0,0,0,0,0,0,0,0,0,0,0,0,0,0,0,0,0,0,0,26,0.0,0.0,0.0,0.2692307692307692,0.0,42.54,['CMDi']
http://localhost:5050/api/v2/backups/cmdi-filename_echo_shell,405,0,56.43,153,4.599963902086099,0.0,0,0,0,0,0,0.0,0,0,0,0,0,0,0,0,0,0,0,0,0,0,0,0,0,0,0,0,0,0,0,0,0,0,0,0,0,0,0,0,8,3,0,0,0,0,0,0,0.0,0,0,0,0,0,0,0,0,0,0,0,0,0,0,0,0,0,0,0,0,0,0,0,0,0,0,0,0,0,0,0,0,0,0,0,28,0.0,0.0,0.0,0.17857142857142858,0.0,19.11,['CMDi']
http://localhost:5050/api/v2/backups/cmdi-archive_name_shell,405,0,15.42,153,4.599963902086099,0.0,0,0,0,0,0,0.0,0,0,0,0,0,0,0,0,0,0,0,0,0,0,0,0,0,0,0,0,0,0,0,0,0,0,0,0,0,0,0,0,8,3,0,0,0,0,0,0,0.0,0,0,0,0,0,0,0,0,0,0,0,0,0,0,0,0,0,0,0,0,0,0,0,0,0,0,0,0,0,0,0,0,0,0,0,25,0.0,0.0,0.0,0.52,0.0,41.63,['CMDi']
http://localhost:5050/api/v2/backups/insecdeser-pickle_b64_import,405,0,52.43,153,4.599963902086099,0.0,0,0,0,0,0,0.0,0,0,0,0,0,0,0,0,0,0,0,0,0,0,0,0,0,0,0,0,0,0,0,0,0,0,0,0,0,0,0,0,8,3,0,0,0,0,0,0,0.0,0,0,0,0,0,0,0,0,0,0,0,0,0,0,0,0,0,0,0,0,0,0,0,0,0,0,0,0,0,0,0,0,0,0,0,30,0.0,0.0,0.0,0.23333333333333334,0.0,37.45,['InsecDeser']
http://localhost:5050/api/v2/backups/insecdeser-yaml_unsafe_load,405,0,15.89,153,4.599963902086099,0.0,0,0,0,0,0,0.0,0,0,0,0,0,0,0,0,0,0,0,0,0,0,0,0,0,0,0,0,0,0,0,0,0,0,0,0,0,0,0,0,8,3,0,0,0,0,0,0,0.0,0,0,0,0,0,0,0,0,0,0,0,0,0,0,0,0,0,0,0,0,0,0,0,0,0,0,0,0,0,0,0,0,0,0,0,27,0.0,0.0,0.0,0.5925925925925926,0.0,41.63,['InsecDeser']
http://localhost:5050/api/v2/backups/insecupload-no_extension_whitelist,405,0,43.63,153,4.599963902086099,0.0,0,0,0,0,0,0.0,0,0,0,0,0,0,0,0,0,0,0,0,0,0,0,0,0,0,0,0,0,0,0,0,0,0,0,0,0,0,0,0,8,3,0,0,0,0,0,0,0.0,0,0,0,0,0,0,0,0,0,0,0,0,0,0,0,0,0,0,0,0,0,0,0,0,0,0,0,0,0,0,0,0,0,0,0,28,0.0,0.0,0.0,0.17857142857142858,0.0,41.63,['InsecUpload']
http://localhost:5050/api/v2/backups/insecupload-no_content_type_check,405,0,15.65,153,4.599963902086099,0.0,0,0,0,0,0,0.0,0,0,0,0,0,0,0,0,0,0,0,0,0,0,0,0,0,0,0,0,0,0,0,0,0,0,0,0,0,0,0,0,8,3,0,0,0,0,0,0,0.0,0,0,0,0,0,0,0,0,0,0,0,0,0,0,0,0,0,0,0,0,0,0,0,0,0,0,0,0,0,0,0,0,0,0,0,19,0.0,0.0,0.0,0.2631578947368421,0.0,41.63,['InsecUpload']
http://localhost:5050/api/v2/backups/bufovr-fixed_buffer_ctypes_query,200,0,20.25,257,4.920565275638119,0.0,0,0,0,0,0,0.0,0,0,0,0,0,0,0,0,0,0,0,0,0,0,0,0,0,0,0,0,0,0,0,0,0,0,0,0,0,0,0,0,8,3,0,1,0,2,0,0,0.0,0,0,0,0,0,0,0,0,0,0,0,0,0,0,0,0,0,0,0,0,0,0,0,0,0,0,0,0,0,0,0,0,0,0,0,27,0.0,0.0,0.0,0.2222222222222222,0.0,41.78,['BufOvr']
http://localhost:5050/api/v2/backups/bufovr-fixed_buffer_ctypes_header,200,0,29.06,225,4.83395791631178,0.0,0,0,0,0,0,0.0,0,0,0,0,0,0,0,0,0,0,0,0,0,0,0,0,0,0,0,0,0,0,0,0,0,0,0,0,0,0,0,0,8,3,0,1,0,2,0,0,0.0,0,0,0,0,0,0,0,0,0,0,0,0,0,0,0,0,0,0,0,0,0,0,0,0,0,0,0,0,0,0,0,0,0,0,0,27,0.0,0.0,0.0,0.5185185185185185,0.0,41.65,['BufOvr']
http://localhost:5050/api/v2/backups/credsexpose-debug_endpoint_left_on/<resource_name>,200,0,15.4,386,5.132279795522663,0.0,0,0,0,0,0,0.0,0,0,0,0,0,0,0,0,0,0,0,0,0,0,0,0,0,0,0,0,0,0,0,0,0,0,0,0,0,0,0,0,8,3,0,1,0,2,0,0,0.0,0,0,0,0,0,0,0,0,0,0,0,0,0,0,0,0,0,0,0,0,0,0,0,0,0,0,0,0,0,0,0,0,0,0,0,20,0.0,0.0,0.0,0.1,0.0,42.43,['CredsExpose']
http://localhost:5050/api/v2/backups/credsexpose-verbose_error_with_secret,200,0,18.16,303,4.91787470351362,0.0,0,0,0,0,0,0.0,0,0,0,0,0,0,0,0,0,0,0,0,0,0,0,0,0,0,0,0,0,0,0,0,0,0,0,0,0,0,0,0,8,3,0,2,1,2,0,0,0.0,0,0,0,0,0,0,0,0,0,0,0,0,0,0,0,0,0,0,0,0,0,0,0,0,0,0,0,0,0,0,0,0,0,0,0,26,0.0,0.0,0.0,0.38461538461538464,0.038461538461538464,42.53,['CredsExpose']
http://localhost:5050/api/v2/backups/credsexpose-secret_in_response_header,200,0,21.31,279,4.977200373937882,0.0,0,0,0,0,0,0.0,0,0,0,0,0,0,0,0,0,0,0,0,0,0,0,0,0,0,0,0,0,0,0,0,0,0,0,0,0,0,0,0,8,3,0,1,0,2,0,0,0.0,0,0,0,0,0,0,0,0,0,0,0,0,0,0,0,0,0,0,0,0,0,0,0,0,0,0,0,0,0,0,0,0,0,0,0,21,0.0,0.0,0.0,0.3333333333333333,0.0,42.25,['CredsExpose']
http://localhost:5050/api/v2/backups/brokenauth-no_bruteforce_protection,405,0,52.16,153,4.599963902086099,0.0,0,0,0,0,0,0.0,0,0,0,0,0,0,0,0,0,0,0,0,0,0,0,0,0,0,0,0,0,0,0,0,0,0,0,0,0,0,0,0,8,3,0,0,0,0,0,0,0.0,0,0,0,0,0,0,0,0,0,0,0,0,0,0,0,0,0,0,0,0,0,0,0,0,0,0,0,0,0,0,0,0,0,0,0,29,0.0,0.0,0.0,0.1724137931034483,0.0,38.71,['BrokenAuth']
http://localhost:5050/api/v2/backups/brokenauth-predictable_session_token,0,0,71.81,0,0.0,0.0,0,0,0,0,0,0.0,0,0,0,0,0,0,0,0,0,0,0,0,0,0,0,0,0,0,0,0,0,0,0,0,0,0,0,0,0,0,0,0,8,3,0,0,0,0,0,0,0.0,0,0,0,0,0,0,0,0,0,0,0,0,0,0,0,0,0,0,0,0,0,0,0,0,0,0,0,0,0,0,0,0,0,0,0,30,0.0,0.0,0.0,0.0,0.0,10.83,['BrokenAuth']
http://localhost:5050/api/v2/backups/brokenauth-guessable_password_reset,200,0,11.07,236,4.854186573358373,0.0,0,0,0,0,0,0.0,0,0,0,0,0,0,0,0,0,0,0,0,0,0,0,0,0,0,0,0,0,0,0,0,0,0,0,0,0,0,0,0,8,3,0,1,0,2,0,0,0.0,0,0,0,0,0,0,0,0,0,0,0,0,0,0,0,0,0,0,0,0,0,0,0,0,0,0,0,0,0,0,0,0,0,0,0,18,0.0,0.0,0.0,0.2777777777777778,0.0,42.02,['BrokenAuth']
http://localhost:5050/api/v2/backups/xss-reflected_query_div,200,0,17.79,251,5.088023871737885,0.0,0,0,0,0,0,0.0,0,0,0,0,0,0,0,0,0,0,0,0,0,0,0,0,0,0,0,0,0,0,0,0,0,0,0,0,0,0,0,0,8,3,0,1,0,2,0,0,0.0,0,0,0,0,0,0,0,0,0,0,0,0,0,0,0,0,0,0,0,0,0,0,0,0,0,0,0,0,0,0,0,0,0,0,0,24,0.0,0.0,0.0,0.2916666666666667,0.125,41.34,['XSS']
http://localhost:5050/api/v2/backups/xss-reflected_form_comment,405,0,14.97,153,4.599963902086099,0.0,0,0,0,0,0,0.0,0,0,0,0,0,0,0,0,0,0,0,0,0,0,0,0,0,0,0,0,0,0,0,0,0,0,0,0,0,0,0,0,8,3,0,0,0,0,0,0,0.0,0,0,0,0,0,0,0,0,0,0,0,0,0,0,0,0,0,0,0,0,0,0,0,0,0,0,0,0,0,0,0,0,0,0,0,25,0.0,0.0,0.0,0.4,0.0,41.63,['XSS']
http://localhost:5050/api/v2/backups/xss-reflected_json_span,405,0,58.64,153,4.599963902086099,0.0,0,0,0,0,0,0.0,0,0,0,0,0,0,0,0,0,0,0,0,0,0,0,0,0,0,0,0,0,0,0,0,0,0,0,0,0,0,0,0,8,3,0,0,0,0,0,0,0.0,0,0,0,0,0,0,0,0,0,0,0,0,0,0,0,0,0,0,0,0,0,0,0,0,0,0,0,0,0,0,0,0,0,0,0,30,0.0,0.0,0.0,0.3,0.0,19.91,['XSS']
http://localhost:5050/api/v2/backups/xss-reflected_header_comment,200,0,17.48,262,5.02907928808171,0.0,0,0,0,0,0,0.0,0,0,0,0,0,0,0,0,0,0,0,0,0,0,0,0,0,0,0,0,0,0,0,0,0,0,0,0,0,0,0,0,8,3,0,1,0,2,0,0,0.0,0,0,0,0,0,0,0,0,0,0,0,0,0,0,0,0,0,0,0,0,0,0,0,0,0,0,0,0,0,0,0,0,0,0,0,26,0.0,0.0,0.0,0.38461538461538464,0.0,41.38,['XSS']
http://localhost:5050/api/v2/backups/xss-reflected_attribute_breakout,200,0,21.0,281,4.932552217778066,0.0,0,0,0,0,0,0.0,0,0,0,0,0,0,0,0,0,0,0,0,0,0,0,0,0,0,0,0,0,0,0,0,0,0,0,0,0,0,0,0,8,3,0,1,0,2,0,0,0.0,0,0,0,0,0,0,0,0,0,0,0,0,0,0,0,0,0,0,0,0,0,0,0,0,0,0,0,0,0,0,0,0,0,0,0,19,0.0,0.0,0.0,0.3157894736842105,0.0,41.81,['XSS']
http://localhost:5050/api/v2/backups/dirtrav-read_file_query_param,200,0,18.81,213,4.739004931327314,0.0,0,0,0,0,0,0.0,0,0,0,0,0,0,0,0,0,0,0,0,0,0,0,0,0,0,0,0,0,0,0,0,0,0,0,0,0,0,0,0,8,3,0,1,0,2,0,0,0.0,0,0,0,0,0,0,0,0,0,0,0,0,0,0,0,0,0,0,0,0,0,0,0,0,0,0,0,0,0,0,0,0,0,0,0,28,0.0,0.0,0.0,0.39285714285714285,0.6071428571428571,42.3,['DirTrav']
http://localhost:5050/api/v2/backups/dirtrav-read_file_form_param,405,0,14.98,153,4.599963902086099,0.0,0,0,0,0,0,0.0,0,0,0,0,0,0,0,0,0,0,0,0,0,0,0,0,0,0,0,0,0,0,0,0,0,0,0,0,0,0,0,0,8,3,0,0,0,0,0,0,0.0,0,0,0,0,0,0,0,0,0,0,0,0,0,0,0,0,0,0,0,0,0,0,0,0,0,0,0,0,0,0,0,0,0,0,0,28,0.0,0.0,0.0,0.39285714285714285,0.0,41.63,['DirTrav']
http://localhost:5050/api/v2/backups/dirtrav-read_file_path_segment/<filename>,200,0,20.97,264,4.828577685807916,0.0,0,0,0,0,0,0.0,0,0,0,0,0,0,0,0,0,0,0,0,0,0,0,0,0,0,0,0,0,0,0,0,0,0,0,0,0,0,0,0,8,3,0,1,0,2,0,0,0.0,0,0,0,0,0,0,0,0,0,0,0,0,0,0,0,0,0,0,0,0,0,0,0,0,0,0,0,0,0,0,0,0,0,0,0,23,0.0,0.0,0.0,0.4782608695652174,0.0,42.09,['DirTrav']
http://localhost:5050/api/v2/backups/xxe-resolve_entities_json_body,405,0,18.15,153,4.599963902086099,0.0,0,0,0,0,0,0.0,0,0,0,0,0,0,0,0,0,0,0,0,0,0,0,0,0,0,0,0,0,0,0,0,0,0,0,0,0,0,0,0,8,3,0,0,0,0,0,0,0.0,0,0,0,0,0,0,0,0,0,0,0,0,0,0,0,0,0,0,0,0,0,0,0,0,0,0,0,0,0,0,0,0,0,0,0,27,0.0,0.0,0.0,0.3333333333333333,0.0,41.63,['XXE']
http://localhost:5050/api/v2/backups/xxe-resolve_entities_form_body,405,0,79.06,153,4.599963902086099,0.0,0,0,0,0,0,0.0,0,0,0,0,0,0,0,0,0,0,0,0,0,0,0,0,0,0,0,0,0,0,0,0,0,0,0,0,0,0,0,0,8,3,0,0,0,0,0,0,0.0,0,0,0,0,0,0,0,0,0,0,0,0,0,0,0,0,0,0,0,0,0,0,0,0,0,0,0,0,0,0,0,0,0,0,0,30,0.0,0.0,0.0,0.16666666666666666,0.0,13.35,['XXE']
http://localhost:5050/api/v2/backups/nosqli-auth_operator_bypass,405,0,17.87,153,4.599963902086099,0.0,0,0,0,0,0,0.0,0,0,0,0,0,0,0,0,0,0,0,0,0,0,0,0,0,0,0,0,0,0,0,0,0,0,0,0,0,0,0,0,8,3,0,0,0,0,0,0,0.0,0,0,0,0,0,0,0,0,0,0,0,0,0,0,0,0,0,0,0,0,0,0,0,0,0,0,0,0,0,0,0,0,0,0,0,26,0.0,0.0,0.0,0.46153846153846156,0.0,41.63,['NoSQLi']
http://localhost:5050/api/v2/backups/nosqli-search_filter_injection,405,0,36.09,153,4.599963902086099,0.0,0,0,0,0,0,0.0,0,0,0,0,0,0,0,0,0,0,0,0,0,0,0,0,0,0,0,0,0,0,0,0,0,0,0,0,0,0,0,0,8,3,0,0,0,0,0,0,0.0,0,0,0,0,0,0,0,0,0,0,0,0,0,0,0,0,0,0,0,0,0,0,0,0,0,0,0,0,0,0,0,0,0,0,0,25,0.0,0.0,0.0,0.12,0.0,30.0,['NoSQLi']
http://localhost:5050/api/v2/backups/nosqli-regex_operator_injection,405,0,43.64,153,4.599963902086099,0.0,0,0,0,0,0,0.0,0,0,0,0,0,0,0,0,0,0,0,0,0,0,0,0,0,0,0,0,0,0,0,0,0,0,0,0,0,0,0,0,8,3,0,0,0,0,0,0,0.0,0,0,0,0,0,0,0,0,0,0,0,0,0,0,0,0,0,0,0,0,0,0,0,0,0,0,0,0,0,0,0,0,0,0,0,25,0.0,0.0,0.0,0.24,0.0,41.63,['NoSQLi']
http://localhost:5050/api/v2/backups/ldapi-login_filter_wildcard,405,0,18.05,153,4.599963902086099,0.0,0,0,0,0,0,0.0,0,0,0,0,0,0,0,0,0,0,0,0,0,0,0,0,0,0,0,0,0,0,0,0,0,0,0,0,0,0,0,0,8,3,0,0,0,0,0,0,0.0,0,0,0,0,0,0,0,0,0,0,0,0,0,0,0,0,0,0,0,0,0,0,0,0,0,0,0,0,0,0,0,0,0,0,0,27,0.0,0.0,0.0,0.2962962962962963,0.0,41.63,['LDAPi']
http://localhost:5050/api/v2/backups/ldapi-search_filter_wildcard,200,0,18.5,224,5.010570357817524,0.0,0,0,0,0,0,0.0,0,0,0,0,0,0,0,0,0,0,0,0,0,0,0,0,0,0,0,0,0,0,0,0,0,0,0,0,0,0,0,0,8,3,0,2,0,2,1,0,0.0,0,0,0,0,0,0,0,0,0,0,0,0,0,0,0,0,0,0,0,0,0,0,0,0,0,0,0,0,0,0,0,0,0,0,0,27,0.0,0.0,0.0,0.2962962962962963,0.18518518518518517,42.66,['LDAPi']
http://localhost:5050/api/v2/backups/insecperm-role_trusted_from_header,200,0,15.49,277,4.79800352399857,0.0,0,0,0,0,0,0.0,0,0,0,0,0,0,0,0,0,0,0,0,0,0,0,0,0,0,0,0,0,0,0,0,0,0,0,0,0,0,0,0,8,3,0,1,0,2,0,0,0.0,0,0,0,0,0,0,0,0,0,0,0,0,0,0,0,0,0,0,0,0,0,0,0,0,0,0,0,0,0,0,0,0,0,0,0,17,0.0,0.0,0.0,0.47058823529411764,0.0,41.78,['InsecPerm']
http://localhost:5050/api/v2/backups/insecperm-world_readable_export_endpoint/<id>,200,0,19.77,277,4.841520028814169,0.0,0,0,0,0,0,0.0,0,0,0,0,0,0,0,0,0,0,0,0,0,0,0,0,0,0,0,0,0,0,0,0,0,0,0,0,0,0,0,0,8,3,0,1,0,2,0,0,0.0,0,0,0,0,0,0,0,0,0,0,0,0,0,0,0,0,0,0,0,0,0,0,0,0,0,0,0,0,0,0,0,0,0,0,0,28,0.0,0.0,0.0,0.32142857142857145,0.0,42.43,['InsecPerm']
http://localhost:5050/api/v2/backups/insecperm-client_controlled_admin_flag,200,0,21.62,236,4.790488485948952,0.0,0,0,0,0,0,0.0,0,0,0,0,0,0,0,0,0,0,0,0,0,0,0,0,0,0,0,0,0,0,0,0,0,0,0,0,0,0,0,0,8,3,0,1,0,2,0,0,0.0,0,0,0,0,0,0,0,0,0,0,0,0,0,0,0,0,0,0,0,0,0,0,0,0,0,0,0,0,0,0,0,0,0,0,0,21,0.0,0.0,0.0,0.2857142857142857,0.0,41.93,['InsecPerm']
http://localhost:5050/api/v2/backups/idor-path_id_direct_access/<obj_id>,200,0,17.78,393,4.980072646892871,0.0,0,0,0,0,0,0.0,0,0,0,0,0,0,0,0,0,0,0,0,0,0,0,0,0,0,0,0,0,0,0,0,0,0,0,0,0,0,0,0,8,3,0,2,0,3,0,0,0.0,0,0,0,0,0,0,0,0,0,0,0,0,0,0,0,0,0,0,0,0,0,0,0,0,0,0,0,0,0,0,0,0,0,0,0,27,0.0,0.0,0.0,0.4074074074074074,0.0,42.13,['IDOR']
http://localhost:5050/api/v2/backups/idor-query_id_direct_access,200,0,21.95,277,4.840227514676061,0.0,0,0,0,0,0,0.0,0,0,0,0,0,0,0,0,0,0,0,0,0,0,0,0,0,0,0,0,0,0,0,0,0,0,0,0,0,0,0,0,8,3,0,2,0,3,0,0,0.0,0,0,0,0,0,0,0,0,0,0,0,0,0,0,0,0,0,0,0,0,0,0,0,0,0,0,0,0,0,0,0,0,0,0,0,27,0.0,0.0,0.0,0.4074074074074074,0.0,42.07,['IDOR']
http://localhost:5050/api/v2/backups/idor-json_body_id_direct_access,405,0,17.62,153,4.599963902086099,0.0,0,0,0,0,0,0.0,0,0,0,0,0,0,0,0,0,0,0,0,0,0,0,0,0,0,0,0,0,0,0,0,0,0,0,0,0,0,0,0,8,3,0,0,0,0,0,0,0.0,0,0,0,0,0,0,0,0,0,0,0,0,0,0,0,0,0,0,0,0,0,0,0,0,0,0,0,0,0,0,0,0,0,0,0,25,0.0,0.0,0.0,0.28,0.0,41.63,['IDOR']
http://localhost:5050/api/v2/backups/sessfix-sessionid_accepted_from_query,200,0,21.56,245,4.833982488854543,0.0,0,0,0,0,0,0.0,0,0,0,0,0,0,0,0,0,0,0,0,0,0,0,0,0,0,0,0,0,0,0,0,0,0,0,0,0,0,0,0,8,3,0,1,0,2,0,0,0.0,0,0,0,0,0,0,0,0,0,0,0,0,0,0,0,0,0,0,0,0,0,0,0,0,0,0,0,0,0,0,0,0,0,0,0,26,0.0,0.0,0.0,0.2692307692307692,0.0,42.48,['SessFix']
http://localhost:5050/api/v2/backups/sessfix-sessionid_not_regenerated_on_login,200,0,17.63,198,4.619211170194499,0.0,0,0,0,0,0,0.0,0,0,0,0,0,0,0,0,0,0,0,0,0,0,0,0,0,0,0,0,0,0,0,0,0,0,0,0,0,0,0,0,8,3,0,1,0,2,0,0,0.0,0,0,0,0,0,0,0,0,0,0,0,0,0,0,0,0,0,0,0,0,0,0,0,0,0,0,0,0,0,0,0,0,0,0,0,24,0.0,0.0,0.0,0.4166666666666667,0.0,42.54,['SessFix']
http://localhost:5050/api/v2/backups/ssrf-url_fetch_query_no_allowlist,200,0,18.18,343,4.92912155587092,0.0,0,0,0,0,0,0.0,0,0,0,0,0,0,0,0,0,0,0,0,0,0,0,0,0,0,0,0,0,0,0,0,0,0,0,0,0,0,0,0,8,3,0,2,0,2,1,0,0.0,0,0,0,0,0,0,0,0,0,0,0,0,0,0,0,0,0,0,0,0,0,0,0,0,0,0,0,0,0,0,0,0,0,0,0,24,0.0,0.0,0.0,0.2916666666666667,0.0,43.15,['SSRF']
http://localhost:5050/api/v2/backups/ssrf-url_fetch_json_webhook,405,0,56.48,153,4.599963902086099,0.0,0,0,0,0,0,0.0,0,0,0,0,0,0,0,0,0,0,0,0,0,0,0,0,0,0,0,0,0,0,0,0,0,0,0,0,0,0,0,0,8,3,0,0,0,0,0,0,0.0,0,0,0,0,0,0,0,0,0,0,0,0,0,0,0,0,0,0,0,0,0,0,0,0,0,0,0,0,0,0,0,0,0,0,0,28,0.0,0.0,0.0,0.42857142857142855,0.0,11.63,['SSRF']
http://localhost:5050/api/v2/backups/ssrf-url_fetch_form_image_import,405,0,52.5,153,4.599963902086099,0.0,0,0,0,0,0,0.0,0,0,0,0,0,0,0,0,0,0,0,0,0,0,0,0,0,0,0,0,0,0,0,0,0,0,0,0,0,0,0,0,8,3,0,0,0,0,0,0,0.0,0,0,0,0,0,0,0,0,0,0,0,0,0,0,0,0,0,0,0,0,0,0,0,0,0,0,0,0,0,0,0,0,0,0,0,26,0.0,0.0,0.0,0.23076923076923078,0.0,30.0,['SSRF']
http://localhost:5050/api/v2/backups/ssti-greeting_name_query,200,0,17.68,201,4.862172628225157,0.0,0,0,0,0,0,0.0,0,0,0,0,0,0,0,0,0,0,0,0,0,0,0,0,0,0,0,0,0,0,0,0,0,0,0,0,0,0,0,0,8,3,0,1,0,2,0,0,0.0,0,0,0,0,0,0,0,0,0,0,0,0,0,0,0,0,0,0,0,0,0,0,0,0,0,0,0,0,0,0,0,0,0,0,0,29,0.0,0.0,0.0,0.4482758620689655,0.06896551724137931,42.3,['SSTI']
http://localhost:5050/api/v2/backups/ssti-custom_template_field_form,405,0,17.83,153,4.599963902086099,0.0,0,0,0,0,0,0.0,0,0,0,0,0,0,0,0,0,0,0,0,0,0,0,0,0,0,0,0,0,0,0,0,0,0,0,0,0,0,0,0,8,3,0,0,0,0,0,0,0.0,0,0,0,0,0,0,0,0,0,0,0,0,0,0,0,0,0,0,0,0,0,0,0,0,0,0,0,0,0,0,0,0,0,0,0,26,0.0,0.0,0.0,0.19230769230769232,0.0,41.63,['SSTI']
http://localhost:5050/api/v2/backups/ssti-message_field_json,0,0,37.68,0,0.0,0.0,0,0,0,0,0,0.0,0,0,0,0,0,0,0,0,0,0,0,0,0,0,0,0,0,0,0,0,0,0,0,0,0,0,0,0,0,0,0,0,1,0,0,0,0,0,0,0,0.0,0,0,0,0,0,0,0,0,0,0,0,0,0,0,0,0,0,0,0,0,0,0,0,0,0,0,0,0,0,0,0,0,0,0,0,30,0.0,0.0,0.0,0.0,0.0,10.83,['SSTI']
http://localhost:5050/api/v2/backups/prototype_pollution-deep_merge_settings,405,0,15.44,153,4.599963902086099,0.0,0,0,0,0,0,0.0,0,0,0,0,0,0,0,0,0,0,0,0,0,0,0,0,0,0,0,0,0,0,0,0,0,0,0,0,0,0,0,0,8,3,0,0,0,0,0,0,0.0,0,0,0,0,0,0,0,0,0,0,0,0,0,0,0,0,0,0,0,0,0,0,0,0,0,0,0,0,0,0,0,0,0,0,0,26,0.0,0.0,0.0,0.5384615384615384,0.0,41.63,['Prototype_Pollution']
http://localhost:5050/api/v2/backups/prototype_pollution-deep_merge_preferences,405,0,17.42,153,4.599963902086099,0.0,0,0,0,0,0,0.0,0,0,0,0,0,0,0,0,0,0,0,0,0,0,0,0,0,0,0,0,0,0,0,0,0,0,0,0,0,0,0,0,8,3,0,0,0,0,0,0,0.0,0,0,0,0,0,0,0,0,0,0,0,0,0,0,0,0,0,0,0,0,0,0,0,0,0,0,0,0,0,0,0,0,0,0,0,29,0.0,0.0,0.0,0.3793103448275862,0.0,41.63,['Prototype_Pollution']
http://localhost:5050/api/v2/backups/http_request_smuggling-cl_te_both_accepted,200,0,15.33,346,4.863163893993862,0.0,0,0,0,0,0,0.0,0,0,0,0,0,0,0,0,0,0,0,0,0,0,0,0,0,0,0,0,0,0,0,0,0,0,0,0,0,0,1,0,8,3,0,1,0,2,0,0,0.0,0,0,0,0,0,0,0,0,0,0,0,0,0,0,0,0,0,0,0,0,0,0,0,0,0,0,0,0,0,0,0,0,0,0,0,22,0.0,0.0,0.0,0.4090909090909091,0.0,41.8,['HTTP_Request_Smuggling']
http://localhost:5050/api/v2/backups/http_request_smuggling-duplicate_content_length_accepted,200,0,17.95,310,4.847614981629443,0.0,0,0,0,0,0,0.0,0,0,0,0,0,0,0,0,0,0,0,0,0,0,0,0,0,0,0,0,0,0,0,0,0,0,0,0,0,0,1,0,8,3,0,1,0,2,0,0,0.0,0,0,0,0,0,0,0,0,0,0,0,0,0,0,0,0,0,0,0,0,0,0,0,0,0,0,0,0,0,0,0,0,0,0,0,24,0.0,0.0,0.0,0.3333333333333333,0.0,41.32,['HTTP_Request_Smuggling']
http://localhost:5050/api/v2/backups/xpath_injection-login_xpath_concat,405,0,15.39,153,4.599963902086099,0.0,0,0,0,0,0,0.0,0,0,0,0,0,0,0,0,0,0,0,0,0,0,0,0,0,0,0,0,0,0,0,0,0,0,0,0,0,0,0,0,8,3,0,0,0,0,0,0,0.0,0,0,0,0,0,0,0,0,0,0,0,0,0,0,0,0,0,0,0,0,0,0,0,0,0,0,0,0,0,0,0,0,0,0,0,20,0.0,0.0,0.0,0.5,0.0,41.63,['XPATH_Injection']
http://localhost:5050/api/v2/backups/xpath_injection-search_xpath_concat,200,0,15.06,300,4.9284978502171315,0.0,0,0,0,0,0,0.0,0,0,0,0,0,0,0,0,0,0,0,0,0,0,0,0,0,0,0,0,0,0,0,0,0,0,0,0,0,0,0,0,8,3,0,2,0,2,2,0,0.0,0,0,0,0,0,0,0,0,0,0,0,0,0,0,0,0,0,0,0,0,0,0,0,0,0,0,0,0,0,0,0,0,0,0,0,29,0.0,0.0,0.0,0.4827586206896552,0.034482758620689655,42.57,['XPATH_Injection']
http://localhost:5050/api/v2/backups/graphqli-introspection_left_enabled,0,0,74.28,0,0.0,0.0,0,0,0,0,0,0.0,0,0,0,0,0,0,0,0,0,0,0,0,0,0,0,0,0,0,0,0,0,0,0,0,0,0,0,0,0,0,0,0,1,0,0,0,0,0,0,0,0.0,0,0,0,0,0,0,0,0,0,0,0,0,0,0,0,0,0,0,0,0,0,0,0,0,0,0,0,0,0,0,0,0,0,0,0,30,0.0,0.0,0.0,0.0,0.0,10.83,['GraphQLi']
http://localhost:5050/api/v2/backups/graphqli-no_query_depth_limit,0,0,36.35,0,0.0,0.0,0,0,0,0,0,0.0,0,0,0,0,0,0,0,0,0,0,0,0,0,0,0,0,0,0,0,0,0,0,0,0,0,0,0,0,0,0,0,0,1,0,0,0,0,0,0,0,0.0,0,0,0,0,0,0,0,0,0,0,0,0,0,0,0,0,0,0,0,0,0,0,0,0,0,0,0,0,0,0,0,0,0,0,0,30,0.0,0.0,0.0,0.0,0.0,10.83,['GraphQLi']
http://localhost:5050/api/v2/backups/cors-reflect_origin_credentials_true,200,0,11.72,343,4.944031566943191,0.0,0,0,0,0,0,0.0,0,0,0,0,0,0,0,0,0,0,0,0,0,0,0,0,0,0,0,0,0,0,0,0,0,0,0,0,0,0,0,0,8,3,0,2,1,2,0,0,0.0,0,0,0,0,0,0,0,0,0,0,0,0,0,0,0,0,0,0,0,0,0,0,0,0,0,0,0,0,0,0,0,0,0,0,0,29,0.0,0.0,0.0,0.4827586206896552,0.0,42.21,['CORS']
http://localhost:5050/api/v2/backups/cors-wildcard_origin_sensitive_endpoint,200,0,20.04,282,4.7959699926826485,0.0,0,0,0,0,0,0.0,0,0,0,0,0,0,0,0,0,0,0,0,0,0,0,0,0,0,0,0,0,0,0,0,0,0,0,0,0,0,0,0,8,3,0,1,0,2,0,0,0.0,0,0,0,0,0,0,0,0,0,0,0,0,0,0,0,0,0,0,0,0,0,0,0,0,0,0,0,0,0,0,0,0,0,0,0,26,0.0,0.0,0.0,0.4230769230769231,0.0,42.48,['CORS']
http://localhost:5050/api/v2/backups/csrf-generic_state_change_no_token,405,0,43.54,153,4.599963902086099,0.0,0,0,0,0,0,0.0,0,0,0,0,0,0,0,0,0,0,0,0,0,0,0,0,0,0,0,0,0,0,0,0,0,0,0,0,0,0,0,0,8,3,0,0,0,0,0,0,0.0,0,0,0,0,0,0,0,0,0,0,0,0,0,0,0,0,0,0,0,0,0,0,0,0,0,0,0,0,0,0,0,0,0,0,0,29,0.0,0.0,0.0,0.20689655172413793,0.0,34.7,['CSRF']
http://localhost:5050/api/v2/backups/csrf-delete_no_token,200,0,11.43,255,4.90923315072025,0.0,0,0,0,0,0,0.0,0,0,0,0,0,0,0,0,0,0,0,0,0,0,0,0,0,0,0,0,0,0,0,0,0,0,0,0,0,0,0,0,8,3,0,1,0,2,0,0,0.0,0,0,0,0,0,0,0,0,0,0,0,0,0,0,0,0,0,0,0,0,0,0,0,0,0,0,0,0,0,0,0,0,0,0,0,24,0.0,0.0,0.0,0.25,0.16666666666666666,42.01,['CSRF']
http://localhost:5050/api/v2/backups/csrf-sensitive_transfer_no_token,405,0,17.96,153,4.599963902086099,0.0,0,0,0,0,0,0.0,0,0,0,0,0,0,0,0,0,0,0,0,0,0,0,0,0,0,0,0,0,0,0,0,0,0,0,0,0,0,0,0,8,3,0,0,0,0,0,0,0.0,0,0,0,0,0,0,0,0,0,0,0,0,0,0,0,0,0,0,0,0,0,0,0,0,0,0,0,0,0,0,0,0,0,0,0,25,0.0,0.0,0.0,0.44,0.0,41.63,['CSRF']
http://localhost:5050/api/v2/backups/ratelimit-login_endpoint_no_throttle,405,0,45.88,153,4.599963902086099,0.0,0,0,0,0,0,0.0,0,0,0,0,0,0,0,0,0,0,0,0,0,0,0,0,0,0,0,0,0,0,0,0,0,0,0,0,0,0,0,0,8,3,0,0,0,0,0,0,0.0,0,0,0,0,0,0,0,0,0,0,0,0,0,0,0,0,0,0,0,0,0,0,0,0,0,0,0,0,0,0,0,0,0,0,0,30,0.0,0.0,0.0,0.23333333333333334,0.0,30.0,['RateLimit']
http://localhost:5050/api/v2/backups/ratelimit-password_reset_no_throttle,200,0,21.31,275,4.745124644516922,0.0,0,0,0,0,0,0.0,0,0,0,0,0,0,0,0,0,0,0,0,0,0,0,0,0,0,0,0,0,0,0,0,0,0,0,0,0,0,0,0,8,3,0,1,0,2,0,0,0.0,0,0,0,0,0,0,0,0,0,0,0,0,0,0,0,0,0,0,0,0,0,0,0,0,0,0,0,0,0,0,0,0,0,0,0,28,0.0,0.0,0.0,0.4642857142857143,0.0,41.76,['RateLimit']
http://localhost:5050/api/v2/backups/infodisc-stack_trace_leak_on_error,200,0,19.71,141,4.782713608070345,0.0,0,0,0,0,0,0.0,0,0,0,0,0,0,0,0,0,0,0,0,0,0,0,0,0,0,0,0,0,0,0,0,0,0,0,0,0,0,0,0,8,3,0,1,0,2,0,0,0.0,0,0,0,0,0,0,0,0,0,0,0,0,0,0,0,0,0,0,0,0,0,0,0,0,0,0,0,0,0,0,0,0,0,0,0,26,0.0,0.0,0.0,0.2692307692307692,0.0,42.42,['InfoDisc']
http://localhost:5050/api/v2/backups/infodisc-verbose_server_version_header,200,0,15.29,264,5.009854615369302,0.0,0,0,0,0,0,0.0,0,0,0,0,0,0,0,0,0,0,0,0,0,0,0,0,0,0,0,0,0,0,0,0,0,0,0,0,0,0,0,0,8,3,0,1,0,2,0,0,0.0,0,0,0,0,0,0,0,0,0,0,0,0,0,0,0,0,0,0,0,0,0,0,0,0,0,0,0,0,0,0,0,0,0,0,0,24,0.0,0.0,0.0,0.4583333333333333,0.0,42.07,['InfoDisc']
http://localhost:5050/api/v2/backups/infodisc-debug_env_endpoint/<resource_name>,200,0,15.12,284,5.054766356284797,0.0,0,0,0,0,0,0.0,0,0,0,0,0,0,0,0,0,0,0,0,0,0,0,0,0,0,0,0,0,0,0,0,0,0,0,0,0,0,0,0,8,3,0,1,0,2,0,0,0.0,0,0,0,0,0,0,0,0,0,0,0,0,0,0,0,0,0,0,0,0,0,0,0,0,0,0,0,0,0,0,0,0,0,0,0,22,0.0,0.0,0.0,0.36363636363636365,0.0,42.3,['InfoDisc']
http://localhost:5050/api/v2/backups/inseccrypto-md5_unsalted_password,405,0,43.56,153,4.599963902086099,0.0,0,0,0,0,0,0.0,0,0,0,0,0,0,0,0,0,0,0,0,0,0,0,0,0,0,0,0,0,0,0,0,0,0,0,0,0,0,0,0,8,3,0,0,0,0,0,0,0.0,0,0,0,0,0,0,0,0,0,0,0,0,0,0,0,0,0,0,0,0,0,0,0,0,0,0,0,0,0,0,0,0,0,0,0,24,0.0,0.0,0.0,0.2916666666666667,0.0,38.88,['InsecCrypto']
http://localhost:5050/api/v2/backups/inseccrypto-xor_fixed_key_encryption,200,0,10.35,340,5.059687272267914,0.0,0,0,0,0,0,0.0,0,0,0,0,0,0,0,0,0,0,0,0,0,0,0,0,0,0,0,0,0,0,0,0,0,0,0,0,0,0,0,0,8,3,0,1,0,2,0,0,0.0,0,0,0,0,0,0,0,0,0,0,0,0,0,0,0,0,0,0,0,0,0,0,0,0,0,0,0,0,0,0,0,0,0,0,0,25,0.0,0.0,0.0,0.4,0.0,42.23,['InsecCrypto']
http://localhost:5050/api/v2/backups/openredirect-redirect_query_url_no_check,200,0,11.11,278,4.7427465842474215,0.0,0,0,0,0,0,0.0,0,0,0,0,0,0,0,0,0,0,0,0,0,0,0,0,0,0,0,0,0,0,0,0,0,0,0,0,0,0,0,0,8,3,0,1,0,2,0,0,0.0,0,0,0,0,0,0,0,0,0,0,0,0,0,0,0,0,0,0,0,0,0,0,0,0,0,0,0,0,0,0,0,0,0,0,0,26,0.0,0.0,0.0,0.38461538461538464,0.0,42.46,['OpenRedirect']
http://localhost:5050/api/v2/backups/openredirect-post_login_next_param,405,0,15.15,153,4.599963902086099,0.0,0,0,0,0,0,0.0,0,0,0,0,0,0,0,0,0,0,0,0,0,0,0,0,0,0,0,0,0,0,0,0,0,0,0,0,0,0,0,0,8,3,0,0,0,0,0,0,0.0,0,0,0,0,0,0,0,0,0,0,0,0,0,0,0,0,0,0,0,0,0,0,0,0,0,0,0,0,0,0,0,0,0,0,0,28,0.0,0.0,0.0,0.5,0.0,41.63,['OpenRedirect']
http://localhost:5050/api/v2/backups/jwt-alg_none_accepted,200,0,17.71,133,4.756720919638041,0.0,0,0,0,0,0,0.0,0,0,0,0,0,0,0,0,0,0,0,0,0,0,0,0,0,0,0,0,0,0,0,0,0,0,0,0,0,0,0,0,8,3,0,1,0,2,0,0,0.0,0,0,0,0,0,0,0,0,0,0,0,0,0,0,0,0,0,0,0,0,0,0,0,0,0,0,0,0,0,0,0,0,0,0,0,24,0.0,0.0,0.0,0.5,0.0,42.22,['JWT']
http://localhost:5050/api/v2/backups/jwt-weak_hardcoded_secret,200,0,17.91,164,4.762445496695799,0.0,0,0,0,0,0,0.0,0,0,0,0,0,0,0,0,0,0,0,0,0,0,0,0,0,0,0,0,0,0,0,0,0,0,0,0,0,0,0,0,8,3,0,1,0,2,0,0,0.0,0,0,0,0,0,0,0,0,0,0,0,0,0,0,0,0,0,0,0,0,0,0,0,0,0,0,0,0,0,0,0,0,0,0,0,19,0.0,0.0,0.0,0.3684210526315789,0.0,42.31,['JWT']
http://localhost:5050/api/v2/backups/jwt-expiry_never_checked,200,0,15.83,136,4.814765255111313,0.0,0,0,0,0,0,0.0,0,0,0,0,0,0,0,0,0,0,0,0,0,0,0,0,0,0,0,0,0,0,0,0,0,0,0,0,0,0,0,0,8,3,0,1,0,2,0,0,0.0,0,0,0,0,0,0,0,0,0,0,0,0,0,0,0,0,0,0,0,0,0,0,0,0,0,0,0,0,0,0,0,0,0,0,0,25,0.0,0.0,0.0,0.56,0.0,42.51,['JWT']
http://localhost:5050/api/v2/backups/crlf_injection-location_header_crlf,200,0,20.7,298,4.879287436071108,0.0,0,0,0,0,0,0.0,0,0,0,0,0,0,0,0,0,0,0,0,0,0,0,0,0,0,0,0,0,0,0,0,0,0,0,0,0,0,0,0,8,3,0,1,0,2,0,0,0.0,0,0,0,0,0,0,0,0,0,0,0,0,0,0,0,0,0,0,0,0,0,0,0,0,0,0,0,0,0,0,0,0,0,0,0,29,0.0,0.0,0.0,0.2413793103448276,0.0,42.44,['CRLF_Injection']
http://localhost:5050/api/v2/backups/crlf_injection-log_injection_crlf,405,0,18.09,153,4.599963902086099,0.0,0,0,0,0,0,0.0,0,0,0,0,0,0,0,0,0,0,0,0,0,0,0,0,0,0,0,0,0,0,0,0,0,0,0,0,0,0,0,0,8,3,0,0,0,0,0,0,0.0,0,0,0,0,0,0,0,0,0,0,0,0,0,0,0,0,0,0,0,0,0,0,0,0,0,0,0,0,0,0,0,0,0,0,0,26,0.0,0.0,0.0,0.2692307692307692,0.0,41.63,['CRLF_Injection']
http://localhost:5050/api/v2/backups/racecondition-withdraw_toctou_no_lock,405,0,54.04,153,4.599963902086099,0.0,0,0,0,0,0,0.0,0,0,0,0,0,0,0,0,0,0,0,0,0,0,0,0,0,0,0,0,0,0,0,0,0,0,0,0,0,0,0,0,8,3,0,0,0,0,0,0,0.0,0,0,0,0,0,0,0,0,0,0,0,0,0,0,0,0,0,0,0,0,0,0,0,0,0,0,0,0,0,0,0,0,0,0,0,21,0.0,0.0,0.0,0.3333333333333333,0.0,19.36,['RaceCondition']
http://localhost:5050/api/v2/backups/racecondition-coupon_redeem_toctou_no_lock,405,0,15.58,153,4.599963902086099,0.0,0,0,0,0,0,0.0,0,0,0,0,0,0,0,0,0,0,0,0,0,0,0,0,0,0,0,0,0,0,0,0,0,0,0,0,0,0,0,0,8,3,0,0,0,0,0,0,0.0,0,0,0,0,0,0,0,0,0,0,0,0,0,0,0,0,0,0,0,0,0,0,0,0,0,0,0,0,0,0,0,0,0,0,0,25,0.0,0.0,0.0,0.4,0.0,41.63,['RaceCondition']
http://localhost:5050/api/v2/exports/sqli-where_id_concat,200,0,17.65,216,5.077247765421039,0.0,0,0,0,0,0,0.0,0,0,0,0,0,0,0,0,0,0,0,0,0,0,0,0,0,0,0,0,0,0,0,0,0,0,0,0,0,0,0,0,8,3,0,1,0,2,0,0,0.0,0,0,0,0,0,0,0,0,0,0,0,0,0,0,0,0,0,0,0,0,0,0,0,0,0,0,0,0,0,0,0,0,0,0,0,21,0.0,0.0,0.0,0.38095238095238093,0.09523809523809523,42.47,['SQLi']
http://localhost:5050/api/v2/exports/sqli-order_by_concat,200,0,15.08,268,5.028526106144009,0.0,0,0,0,0,0,0.0,0,0,0,0,0,0,0,0,0,0,0,0,0,0,0,0,0,0,0,0,0,0,0,0,0,0,0,0,0,0,0,0,8,3,0,1,0,2,0,0,0.0,0,0,0,0,0,0,0,0,0,0,0,0,0,0,0,0,0,0,0,0,0,0,0,0,0,0,0,0,0,0,0,0,0,0,0,20,0.0,0.0,0.0,0.2,0.0,42.36,['SQLi']
http://localhost:5050/api/v2/exports/sqli-like_search_concat,405,0,15.23,153,4.599963902086099,0.0,0,0,0,0,0,0.0,0,0,0,0,0,0,0,0,0,0,0,0,0,0,0,0,0,0,0,0,0,0,0,0,0,0,0,0,0,0,0,0,8,3,0,0,0,0,0,0,0.0,0,0,0,0,0,0,0,0,0,0,0,0,0,0,0,0,0,0,0,0,0,0,0,0,0,0,0,0,0,0,0,0,0,0,0,21,0.0,0.0,0.0,0.38095238095238093,0.0,41.63,['SQLi']
http://localhost:5050/api/v2/exports/sqli-login_bypass,405,0,15.7,153,4.599963902086099,0.0,0,0,0,0,0,0.0,0,0,0,0,0,0,0,0,0,0,0,0,0,0,0,0,0,0,0,0,0,0,0,0,0,0,0,0,0,0,0,0,8,3,0,0,0,0,0,0,0.0,0,0,0,0,0,0,0,0,0,0,0,0,0,0,0,0,0,0,0,0,0,0,0,0,0,0,0,0,0,0,0,0,0,0,0,27,0.0,0.0,0.0,0.4074074074074074,0.0,41.63,['SQLi']
http://localhost:5050/api/v2/exports/sqli-union_select_id,405,0,17.52,153,4.599963902086099,0.0,0,0,0,0,0,0.0,0,0,0,0,0,0,0,0,0,0,0,0,0,0,0,0,0,0,0,0,0,0,0,0,0,0,0,0,0,0,0,0,8,3,0,0,0,0,0,0,0.0,0,0,0,0,0,0,0,0,0,0,0,0,0,0,0,0,0,0,0,0,0,0,0,0,0,0,0,0,0,0,0,0,0,0,0,19,0.0,0.0,0.0,0.3157894736842105,0.0,41.63,['SQLi']
http://localhost:5050/api/v2/exports/cmdi-ping_host_shell_true,200,0,17.63,463,5.1327523533869135,0.0,0,0,0,0,0,0.0,0,0,0,0,0,0,0,0,0,0,0,0,0,0,0,0,0,0,0,0,0,0,0,0,0,0,0,0,0,0,0,0,8,3,0,1,0,2,0,0,0.0,0,0,0,0,0,0,0,0,0,0,0,0,0,0,0,0,0,0,0,0,0,0,0,0,0,0,0,0,0,0,0,0,0,0,0,27,0.0,0.0,0.0,0.4444444444444444,0.0,42.62,['CMDi']
http://localhost:5050/api/v2/exports/cmdi-filename_echo_shell,405,0,15.22,153,4.599963902086099,0.0,0,0,0,0,0,0.0,0,0,0,0,0,0,0,0,0,0,0,0,0,0,0,0,0,0,0,0,0,0,0,0,0,0,0,0,0,0,0,0,8,3,0,0,0,0,0,0,0.0,0,0,0,0,0,0,0,0,0,0,0,0,0,0,0,0,0,0,0,0,0,0,0,0,0,0,0,0,0,0,0,0,0,0,0,27,0.0,0.0,0.0,0.5185185185185185,0.0,41.63,['CMDi']
http://localhost:5050/api/v2/exports/cmdi-archive_name_shell,405,0,43.63,153,4.599963902086099,0.0,0,0,0,0,0,0.0,0,0,0,0,0,0,0,0,0,0,0,0,0,0,0,0,0,0,0,0,0,0,0,0,0,0,0,0,0,0,0,0,8,3,0,0,0,0,0,0,0.0,0,0,0,0,0,0,0,0,0,0,0,0,0,0,0,0,0,0,0,0,0,0,0,0,0,0,0,0,0,0,0,0,0,0,0,21,0.0,0.0,0.0,0.2857142857142857,0.0,30.0,['CMDi']
http://localhost:5050/api/v2/exports/insecdeser-pickle_b64_import,405,0,44.82,153,4.599963902086099,0.0,0,0,0,0,0,0.0,0,0,0,0,0,0,0,0,0,0,0,0,0,0,0,0,0,0,0,0,0,0,0,0,0,0,0,0,0,0,0,0,8,3,0,0,0,0,0,0,0.0,0,0,0,0,0,0,0,0,0,0,0,0,0,0,0,0,0,0,0,0,0,0,0,0,0,0,0,0,0,0,0,0,0,0,0,22,0.0,0.0,0.0,0.2727272727272727,0.0,41.63,['InsecDeser']
http://localhost:5050/api/v2/exports/insecdeser-yaml_unsafe_load,405,0,40.55,153,4.599963902086099,0.0,0,0,0,0,0,0.0,0,0,0,0,0,0,0,0,0,0,0,0,0,0,0,0,0,0,0,0,0,0,0,0,0,0,0,0,0,0,0,0,8,3,0,0,0,0,0,0,0.0,0,0,0,0,0,0,0,0,0,0,0,0,0,0,0,0,0,0,0,0,0,0,0,0,0,0,0,0,0,0,0,0,0,0,0,27,0.0,0.0,0.0,0.3333333333333333,0.0,39.22,['InsecDeser']
http://localhost:5050/api/v2/exports/insecupload-no_extension_whitelist,405,0,15.77,153,4.599963902086099,0.0,0,0,0,0,0,0.0,0,0,0,0,0,0,0,0,0,0,0,0,0,0,0,0,0,0,0,0,0,0,0,0,0,0,0,0,0,0,0,0,8,3,0,0,0,0,0,0,0.0,0,0,0,0,0,0,0,0,0,0,0,0,0,0,0,0,0,0,0,0,0,0,0,0,0,0,0,0,0,0,0,0,0,0,0,20,0.0,0.0,0.0,0.2,0.0,41.63,['InsecUpload']
http://localhost:5050/api/v2/exports/insecupload-no_content_type_check,405,0,15.54,153,4.599963902086099,0.0,0,0,0,0,0,0.0,0,0,0,0,0,0,0,0,0,0,0,0,0,0,0,0,0,0,0,0,0,0,0,0,0,0,0,0,0,0,0,0,8,3,0,0,0,0,0,0,0.0,0,0,0,0,0,0,0,0,0,0,0,0,0,0,0,0,0,0,0,0,0,0,0,0,0,0,0,0,0,0,0,0,0,0,0,29,0.0,0.0,0.0,0.5172413793103449,0.0,41.63,['InsecUpload']
http://localhost:5050/api/v2/exports/bufovr-fixed_buffer_ctypes_query,200,0,18.55,257,4.873019165757941,0.0,0,0,0,0,0,0.0,0,0,0,0,0,0,0,0,0,0,0,0,0,0,0,0,0,0,0,0,0,0,0,0,0,0,0,0,0,0,0,0,8,3,0,1,0,2,0,0,0.0,0,0,0,0,0,0,0,0,0,0,0,0,0,0,0,0,0,0,0,0,0,0,0,0,0,0,0,0,0,0,0,0,0,0,0,26,0.0,0.0,0.0,0.3076923076923077,0.0,41.79,['BufOvr']
http://localhost:5050/api/v2/exports/bufovr-fixed_buffer_ctypes_header,200,0,33.66,225,4.807370997519682,0.0,0,0,0,0,0,0.0,0,0,0,0,0,0,0,0,0,0,0,0,0,0,0,0,0,0,0,0,0,0,0,0,0,0,0,0,0,0,0,0,8,3,0,1,0,2,0,0,0.0,0,0,0,0,0,0,0,0,0,0,0,0,0,0,0,0,0,0,0,0,0,0,0,0,0,0,0,0,0,0,0,0,0,0,0,19,0.0,0.0,0.0,0.5263157894736842,0.0,41.64,['BufOvr']
http://localhost:5050/api/v2/exports/credsexpose-debug_endpoint_left_on/<resource_name>,200,0,19.36,386,5.103977909930939,0.0,0,0,0,0,0,0.0,0,0,0,0,0,0,0,0,0,0,0,0,0,0,0,0,0,0,0,0,0,0,0,0,0,0,0,0,0,0,0,0,8,3,0,1,0,2,0,0,0.0,0,0,0,0,0,0,0,0,0,0,0,0,0,0,0,0,0,0,0,0,0,0,0,0,0,0,0,0,0,0,0,0,0,0,0,29,0.0,0.0,0.0,0.3448275862068966,0.0,42.42,['CredsExpose']
http://localhost:5050/api/v2/exports/credsexpose-verbose_error_with_secret,200,0,10.68,303,4.879819816525424,0.0,0,0,0,0,0,0.0,0,0,0,0,0,0,0,0,0,0,0,0,0,0,0,0,0,0,0,0,0,0,0,0,0,0,0,0,0,0,0,0,8,3,0,2,1,2,0,0,0.0,0,0,0,0,0,0,0,0,0,0,0,0,0,0,0,0,0,0,0,0,0,0,0,0,0,0,0,0,0,0,0,0,0,0,0,23,0.0,0.0,0.0,0.34782608695652173,0.043478260869565216,42.58,['CredsExpose']
http://localhost:5050/api/v2/exports/credsexpose-secret_in_response_header,200,0,21.51,279,4.942511058955083,0.0,0,0,0,0,0,0.0,0,0,0,0,0,0,0,0,0,0,0,0,0,0,0,0,0,0,0,0,0,0,0,0,0,0,0,0,0,0,0,0,8,3,0,1,0,2,0,0,0.0,0,0,0,0,0,0,0,0,0,0,0,0,0,0,0,0,0,0,0,0,0,0,0,0,0,0,0,0,0,0,0,0,0,0,0,28,0.0,0.0,0.0,0.14285714285714285,0.0,42.21,['CredsExpose']
http://localhost:5050/api/v2/exports/brokenauth-no_bruteforce_protection,405,0,39.46,153,4.599963902086099,0.0,0,0,0,0,0,0.0,0,0,0,0,0,0,0,0,0,0,0,0,0,0,0,0,0,0,0,0,0,0,0,0,0,0,0,0,0,0,0,0,8,3,0,0,0,0,0,0,0.0,0,0,0,0,0,0,0,0,0,0,0,0,0,0,0,0,0,0,0,0,0,0,0,0,0,0,0,0,0,0,0,0,0,0,0,29,0.0,0.0,0.0,0.3103448275862069,0.0,30.0,['BrokenAuth']
http://localhost:5050/api/v2/exports/brokenauth-predictable_session_token,0,0,34.22,0,0.0,0.0,0,0,0,0,0,0.0,0,0,0,0,0,0,0,0,0,0,0,0,0,0,0,0,0,0,0,0,0,0,0,0,0,0,0,0,0,0,0,0,1,0,0,0,0,0,0,0,0.0,0,0,0,0,0,0,0,0,0,0,0,0,0,0,0,0,0,0,0,0,0,0,0,0,0,0,0,0,0,0,0,0,0,0,0,30,0.0,0.0,0.0,0.0,0.0,10.83,['BrokenAuth']
http://localhost:5050/api/v2/exports/brokenauth-guessable_password_reset,200,0,21.43,236,4.832519969440913,0.0,0,0,0,0,0,0.0,0,0,0,0,0,0,0,0,0,0,0,0,0,0,0,0,0,0,0,0,0,0,0,0,0,0,0,0,0,0,0,0,8,3,0,1,0,2,0,0,0.0,0,0,0,0,0,0,0,0,0,0,0,0,0,0,0,0,0,0,0,0,0,0,0,0,0,0,0,0,0,0,0,0,0,0,0,22,0.0,0.0,0.0,0.18181818181818182,0.0,42.07,['BrokenAuth']
http://localhost:5050/api/v2/exports/xss-reflected_query_div,200,0,17.83,251,5.047174346559237,0.0,0,0,0,0,0,0.0,0,0,0,0,0,0,0,0,0,0,0,0,0,0,0,0,0,0,0,0,0,0,0,0,0,0,0,0,0,0,0,0,8,3,0,1,0,2,0,0,0.0,0,0,0,0,0,0,0,0,0,0,0,0,0,0,0,0,0,0,0,0,0,0,0,0,0,0,0,0,0,0,0,0,0,0,0,24,0.0,0.0,0.0,0.5,0.125,41.42,['XSS']
http://localhost:5050/api/v2/exports/xss-reflected_form_comment,405,0,17.74,153,4.599963902086099,0.0,0,0,0,0,0,0.0,0,0,0,0,0,0,0,0,0,0,0,0,0,0,0,0,0,0,0,0,0,0,0,0,0,0,0,0,0,0,0,0,8,3,0,0,0,0,0,0,0.0,0,0,0,0,0,0,0,0,0,0,0,0,0,0,0,0,0,0,0,0,0,0,0,0,0,0,0,0,0,0,0,0,0,0,0,25,0.0,0.0,0.0,0.44,0.0,41.63,['XSS']
http://localhost:5050/api/v2/exports/xss-reflected_json_span,405,0,18.08,153,4.599963902086099,0.0,0,0,0,0,0,0.0,0,0,0,0,0,0,0,0,0,0,0,0,0,0,0,0,0,0,0,0,0,0,0,0,0,0,0,0,0,0,0,0,8,3,0,0,0,0,0,0,0.0,0,0,0,0,0,0,0,0,0,0,0,0,0,0,0,0,0,0,0,0,0,0,0,0,0,0,0,0,0,0,0,0,0,0,0,28,0.0,0.0,0.0,0.4642857142857143,0.0,41.63,['XSS']
http://localhost:5050/api/v2/exports/xss-reflected_header_comment,200,0,10.91,262,4.985777986732379,0.0,0,0,0,0,0,0.0,0,0,0,0,0,0,0,0,0,0,0,0,0,0,0,0,0,0,0,0,0,0,0,0,0,0,0,0,0,0,0,0,8,3,0,1,0,2,0,0,0.0,0,0,0,0,0,0,0,0,0,0,0,0,0,0,0,0,0,0,0,0,0,0,0,0,0,0,0,0,0,0,0,0,0,0,0,24,0.0,0.0,0.0,0.3333333333333333,0.0,41.49,['XSS']
http://localhost:5050/api/v2/exports/xss-reflected_attribute_breakout,200,0,16.83,281,4.9015214771516105,0.0,0,0,0,0,0,0.0,0,0,0,0,0,0,0,0,0,0,0,0,0,0,0,0,0,0,0,0,0,0,0,0,0,0,0,0,0,0,0,0,8,3,0,1,0,2,0,0,0.0,0,0,0,0,0,0,0,0,0,0,0,0,0,0,0,0,0,0,0,0,0,0,0,0,0,0,0,0,0,0,0,0,0,0,0,28,0.0,0.0,0.0,0.32142857142857145,0.0,41.87,['XSS']
http://localhost:5050/api/v2/exports/dirtrav-read_file_query_param,200,0,18.01,213,4.700684631291809,0.0,0,0,0,0,0,0.0,0,0,0,0,0,0,0,0,0,0,0,0,0,0,0,0,0,0,0,0,0,0,0,0,0,0,0,0,0,0,0,0,8,3,0,1,0,2,0,0,0.0,0,0,0,0,0,0,0,0,0,0,0,0,0,0,0,0,0,0,0,0,0,0,0,0,0,0,0,0,0,0,0,0,0,0,0,26,0.0,0.0,0.0,0.5384615384615384,0.46153846153846156,42.4,['DirTrav']
http://localhost:5050/api/v2/exports/dirtrav-read_file_form_param,405,0,37.64,153,4.599963902086099,0.0,0,0,0,0,0,0.0,0,0,0,0,0,0,0,0,0,0,0,0,0,0,0,0,0,0,0,0,0,0,0,0,0,0,0,0,0,0,0,0,8,3,0,0,0,0,0,0,0.0,0,0,0,0,0,0,0,0,0,0,0,0,0,0,0,0,0,0,0,0,0,0,0,0,0,0,0,0,0,0,0,0,0,0,0,21,0.0,0.0,0.0,0.2857142857142857,0.0,41.63,['DirTrav']
http://localhost:5050/api/v2/exports/dirtrav-read_file_path_segment/<filename>,200,0,17.75,264,4.791581124854271,0.0,0,0,0,0,0,0.0,0,0,0,0,0,0,0,0,0,0,0,0,0,0,0,0,0,0,0,0,0,0,0,0,0,0,0,0,0,0,0,0,8,3,0,1,0,2,0,0,0.0,0,0,0,0,0,0,0,0,0,0,0,0,0,0,0,0,0,0,0,0,0,0,0,0,0,0,0,0,0,0,0,0,0,0,0,25,0.0,0.0,0.0,0.36,0.0,42.18,['DirTrav']
http://localhost:5050/api/v2/exports/xxe-resolve_entities_json_body,0,0,40.76,0,0.0,0.0,0,0,0,0,0,0.0,0,0,0,0,0,0,0,0,0,0,0,0,0,0,0,0,0,0,0,0,0,0,0,0,0,0,0,0,0,0,0,0,1,0,0,0,0,0,0,0,0.0,0,0,0,0,0,0,0,0,0,0,0,0,0,0,0,0,0,0,0,0,0,0,0,0,0,0,0,0,0,0,0,0,0,0,0,30,0.0,0.0,0.0,0.0,0.0,10.83,['XXE']
http://localhost:5050/api/v2/exports/xxe-resolve_entities_form_body,0,0,40.62,0,0.0,0.0,0,0,0,0,0,0.0,0,0,0,0,0,0,0,0,0,0,0,0,0,0,0,0,0,0,0,0,0,0,0,0,0,0,0,0,0,0,0,0,1,0,0,0,0,0,0,0,0.0,0,0,0,0,0,0,0,0,0,0,0,0,0,0,0,0,0,0,0,0,0,0,0,0,0,0,0,0,0,0,0,0,0,0,0,30,0.0,0.0,0.0,0.0,0.0,10.83,['XXE']
http://localhost:5050/api/v2/exports/nosqli-auth_operator_bypass,405,0,36.6,153,4.599963902086099,0.0,0,0,0,0,0,0.0,0,0,0,0,0,0,0,0,0,0,0,0,0,0,0,0,0,0,0,0,0,0,0,0,0,0,0,0,0,0,0,0,8,3,0,0,0,0,0,0,0.0,0,0,0,0,0,0,0,0,0,0,0,0,0,0,0,0,0,0,0,0,0,0,0,0,0,0,0,0,0,0,0,0,0,0,0,25,0.0,0.0,0.0,0.08,0.0,30.0,['NoSQLi']
http://localhost:5050/api/v2/exports/nosqli-search_filter_injection,0,0,34.93,0,0.0,0.0,0,0,0,0,0,0.0,0,0,0,0,0,0,0,0,0,0,0,0,0,0,0,0,0,0,0,0,0,0,0,0,0,0,0,0,0,0,0,0,8,3,0,0,0,0,0,0,0.0,0,0,0,0,0,0,0,0,0,0,0,0,0,0,0,0,0,0,0,0,0,0,0,0,0,0,0,0,0,0,0,0,0,0,0,26,0.0,0.0,0.0,0.0,0.0,10.83,['NoSQLi']
http://localhost:5050/api/v2/exports/nosqli-regex_operator_injection,405,0,43.56,153,4.599963902086099,0.0,0,0,0,0,0,0.0,0,0,0,0,0,0,0,0,0,0,0,0,0,0,0,0,0,0,0,0,0,0,0,0,0,0,0,0,0,0,0,0,8,3,0,0,0,0,0,0,0.0,0,0,0,0,0,0,0,0,0,0,0,0,0,0,0,0,0,0,0,0,0,0,0,0,0,0,0,0,0,0,0,0,0,0,0,28,0.0,0.0,0.0,0.35714285714285715,0.0,41.63,['NoSQLi']
http://localhost:5050/api/v2/exports/ldapi-login_filter_wildcard,405,0,17.29,153,4.599963902086099,0.0,0,0,0,0,0,0.0,0,0,0,0,0,0,0,0,0,0,0,0,0,0,0,0,0,0,0,0,0,0,0,0,0,0,0,0,0,0,0,0,8,3,0,0,0,0,0,0,0.0,0,0,0,0,0,0,0,0,0,0,0,0,0,0,0,0,0,0,0,0,0,0,0,0,0,0,0,0,0,0,0,0,0,0,0,26,0.0,0.0,0.0,0.3076923076923077,0.0,41.63,['LDAPi']
http://localhost:5050/api/v2/exports/ldapi-search_filter_wildcard,200,0,17.66,224,4.972485070821242,0.0,0,0,0,0,0,0.0,0,0,0,0,0,0,0,0,0,0,0,0,0,0,0,0,0,0,0,0,0,0,0,0,0,0,0,0,0,0,0,0,8,3,0,2,0,2,1,0,0.0,0,0,0,0,0,0,0,0,0,0,0,0,0,0,0,0,0,0,0,0,0,0,0,0,0,0,0,0,0,0,0,0,0,0,0,22,0.0,0.0,0.0,0.3181818181818182,0.22727272727272727,42.69,['LDAPi']
http://localhost:5050/api/v2/exports/insecperm-role_trusted_from_header,200,0,17.46,277,4.7707417277322435,0.0,0,0,0,0,0,0.0,0,0,0,0,0,0,0,0,0,0,0,0,0,0,0,0,0,0,0,0,0,0,0,0,0,0,0,0,0,0,0,0,8,3,0,1,0,2,0,0,0.0,0,0,0,0,0,0,0,0,0,0,0,0,0,0,0,0,0,0,0,0,0,0,0,0,0,0,0,0,0,0,0,0,0,0,0,23,0.0,0.0,0.0,0.4782608695652174,0.0,41.87,['InsecPerm']
http://localhost:5050/api/v2/exports/insecperm-world_readable_export_endpoint/<id>,200,0,15.8,277,4.764466174721741,0.0,0,0,0,0,0,0.0,0,0,0,0,0,0,0,0,0,0,0,0,0,0,0,0,0,0,0,0,0,0,0,0,0,0,0,0,0,0,0,0,8,3,0,1,0,2,0,0,0.0,0,0,0,0,0,0,0,0,0,0,0,0,0,0,0,0,0,0,0,0,0,0,0,0,0,0,0,0,0,0,0,0,0,0,0,18,0.0,0.0,0.0,0.1111111111111111,0.0,42.59,['InsecPerm']
http://localhost:5050/api/v2/exports/insecperm-client_controlled_admin_flag,200,0,15.52,236,4.743820068147909,0.0,0,0,0,0,0,0.0,0,0,0,0,0,0,0,0,0,0,0,0,0,0,0,0,0,0,0,0,0,0,0,0,0,0,0,0,0,0,0,0,8,3,0,1,0,2,0,0,0.0,0,0,0,0,0,0,0,0,0,0,0,0,0,0,0,0,0,0,0,0,0,0,0,0,0,0,0,0,0,0,0,0,0,0,0,21,0.0,0.0,0.0,0.47619047619047616,0.0,41.99,['InsecPerm']
http://localhost:5050/api/v2/exports/idor-path_id_direct_access/<obj_id>,200,0,21.75,393,4.934959059831592,0.0,0,0,0,0,0,0.0,0,0,0,0,0,0,0,0,0,0,0,0,0,0,0,0,0,0,0,0,0,0,0,0,0,0,0,0,0,0,0,0,8,3,0,2,0,3,0,0,0.0,0,0,0,0,0,0,0,0,0,0,0,0,0,0,0,0,0,0,0,0,0,0,0,0,0,0,0,0,0,0,0,0,0,0,0,27,0.0,0.0,0.0,0.25925925925925924,0.0,42.13,['IDOR']
http://localhost:5050/api/v2/exports/idor-query_id_direct_access,200,0,21.44,277,4.776789225533036,0.0,0,0,0,0,0,0.0,0,0,0,0,0,0,0,0,0,0,0,0,0,0,0,0,0,0,0,0,0,0,0,0,0,0,0,0,0,0,0,0,8,3,0,2,0,3,0,0,0.0,0,0,0,0,0,0,0,0,0,0,0,0,0,0,0,0,0,0,0,0,0,0,0,0,0,0,0,0,0,0,0,0,0,0,0,15,0.0,0.0,0.0,0.4,0.0,42.17,['IDOR']
http://localhost:5050/api/v2/exports/idor-json_body_id_direct_access,405,0,15.63,153,4.599963902086099,0.0,0,0,0,0,0,0.0,0,0,0,0,0,0,0,0,0,0,0,0,0,0,0,0,0,0,0,0,0,0,0,0,0,0,0,0,0,0,0,0,8,3,0,0,0,0,0,0,0.0,0,0,0,0,0,0,0,0,0,0,0,0,0,0,0,0,0,0,0,0,0,0,0,0,0,0,0,0,0,0,0,0,0,0,0,27,0.0,0.0,0.0,0.48148148148148145,0.0,41.63,['IDOR']
http://localhost:5050/api/v2/exports/sessfix-sessionid_accepted_from_query,200,0,18.18,245,4.792186717320365,0.0,0,0,0,0,0,0.0,0,0,0,0,0,0,0,0,0,0,0,0,0,0,0,0,0,0,0,0,0,0,0,0,0,0,0,0,0,0,0,0,8,3,0,1,0,2,0,0,0.0,0,0,0,0,0,0,0,0,0,0,0,0,0,0,0,0,0,0,0,0,0,0,0,0,0,0,0,0,0,0,0,0,0,0,0,27,0.0,0.0,0.0,0.37037037037037035,0.0,42.57,['SessFix']
http://localhost:5050/api/v2/exports/sessfix-sessionid_not_regenerated_on_login,200,0,16.72,198,4.570496682772755,0.0,0,0,0,0,0,0.0,0,0,0,0,0,0,0,0,0,0,0,0,0,0,0,0,0,0,0,0,0,0,0,0,0,0,0,0,0,0,0,0,8,3,0,1,0,2,0,0,0.0,0,0,0,0,0,0,0,0,0,0,0,0,0,0,0,0,0,0,0,0,0,0,0,0,0,0,0,0,0,0,0,0,0,0,0,27,0.0,0.0,0.0,0.2962962962962963,0.0,42.64,['SessFix']
http://localhost:5050/api/v2/exports/ssrf-url_fetch_query_no_allowlist,200,0,15.18,343,4.901098737393543,0.0,0,0,0,0,0,0.0,0,0,0,0,0,0,0,0,0,0,0,0,0,0,0,0,0,0,0,0,0,0,0,0,0,0,0,0,0,0,0,0,8,3,0,2,0,2,1,0,0.0,0,0,0,0,0,0,0,0,0,0,0,0,0,0,0,0,0,0,0,0,0,0,0,0,0,0,0,0,0,0,0,0,0,0,0,20,0.0,0.0,0.0,0.3,0.0,43.21,['SSRF']
http://localhost:5050/api/v2/exports/ssrf-url_fetch_json_webhook,405,0,15.76,153,4.599963902086099,0.0,0,0,0,0,0,0.0,0,0,0,0,0,0,0,0,0,0,0,0,0,0,0,0,0,0,0,0,0,0,0,0,0,0,0,0,0,0,0,0,8,3,0,0,0,0,0,0,0.0,0,0,0,0,0,0,0,0,0,0,0,0,0,0,0,0,0,0,0,0,0,0,0,0,0,0,0,0,0,0,0,0,0,0,0,26,0.0,0.0,0.0,0.38461538461538464,0.0,41.63,['SSRF']
http://localhost:5050/api/v2/exports/ssrf-url_fetch_form_image_import,405,0,52.48,153,4.599963902086099,0.0,0,0,0,0,0,0.0,0,0,0,0,0,0,0,0,0,0,0,0,0,0,0,0,0,0,0,0,0,0,0,0,0,0,0,0,0,0,0,0,8,3,0,0,0,0,0,0,0.0,0,0,0,0,0,0,0,0,0,0,0,0,0,0,0,0,0,0,0,0,0,0,0,0,0,0,0,0,0,0,0,0,0,0,0,30,0.0,0.0,0.0,0.13333333333333333,0.0,38.43,['SSRF']
http://localhost:5050/api/v2/exports/ssti-greeting_name_query,200,0,19.33,201,4.746227419735882,0.0,0,0,0,0,0,0.0,0,0,0,0,0,0,0,0,0,0,0,0,0,0,0,0,0,0,0,0,0,0,0,0,0,0,0,0,0,0,0,0,8,3,0,1,0,2,0,0,0.0,0,0,0,0,0,0,0,0,0,0,0,0,0,0,0,0,0,0,0,0,0,0,0,0,0,0,0,0,0,0,0,0,0,0,0,28,0.0,0.0,0.0,0.35714285714285715,0.07142857142857142,42.27,['SSTI']
http://localhost:5050/api/v2/exports/ssti-custom_template_field_form,405,0,38.14,153,4.599963902086099,0.0,0,0,0,0,0,0.0,0,0,0,0,0,0,0,0,0,0,0,0,0,0,0,0,0,0,0,0,0,0,0,0,0,0,0,0,0,0,0,0,8,3,0,0,0,0,0,0,0.0,0,0,0,0,0,0,0,0,0,0,0,0,0,0,0,0,0,0,0,0,0,0,0,0,0,0,0,0,0,0,0,0,0,0,0,27,0.0,0.0,0.0,0.3333333333333333,0.0,41.63,['SSTI']
http://localhost:5050/api/v2/exports/ssti-message_field_json,405,0,36.4,153,4.599963902086099,0.0,0,0,0,0,0,0.0,0,0,0,0,0,0,0,0,0,0,0,0,0,0,0,0,0,0,0,0,0,0,0,0,0,0,0,0,0,0,0,0,8,3,0,0,0,0,0,0,0.0,0,0,0,0,0,0,0,0,0,0,0,0,0,0,0,0,0,0,0,0,0,0,0,0,0,0,0,0,0,0,0,0,0,0,0,29,0.0,0.0,0.0,0.2413793103448276,0.0,36.38,['SSTI']
http://localhost:5050/api/v2/exports/prototype_pollution-deep_merge_settings,405,0,37.63,153,4.599963902086099,0.0,0,0,0,0,0,0.0,0,0,0,0,0,0,0,0,0,0,0,0,0,0,0,0,0,0,0,0,0,0,0,0,0,0,0,0,0,0,0,0,8,3,0,0,0,0,0,0,0.0,0,0,0,0,0,0,0,0,0,0,0,0,0,0,0,0,0,0,0,0,0,0,0,0,0,0,0,0,0,0,0,0,0,0,0,29,0.0,0.0,0.0,0.27586206896551724,0.0,33.54,['Prototype_Pollution']
http://localhost:5050/api/v2/exports/ratelimit-login_endpoint_no_throttle,405,0,65.54,153,4.599963902086099,0.0,0,0,0,0,0,0.0,0,0,0,0,0,0,0,0,0,0,0,0,0,0,0,0,0,0,0,0,0,0,0,0,0,0,0,0,0,0,0,0,8,3,0,0,0,0,0,0,0.0,0,0,0,0,0,0,0,0,0,0,0,0,0,0,0,0,0,0,0,0,0,0,0,0,0,0,0,0,0,0,0,0,0,0,0,30,0.0,0.0,0.0,0.2,0.0,28.4,['RateLimit']
http://localhost:5050/api/v2/exports/inseccrypto-xor_fixed_key_encryption,200,0,10.58,340,5.032091994600445,0.0,0,0,0,0,0,0.0,0,0,0,0,0,0,0,0,0,0,0,0,0,0,0,0,0,0,0,0,0,0,0,0,0,0,0,0,0,0,0,0,8,3,0,1,0,2,0,0,0.0,0,0,0,0,0,0,0,0,0,0,0,0,0,0,0,0,0,0,0,0,0,0,0,0,0,0,0,0,0,0,0,0,0,0,0,24,0.0,0.0,0.0,0.5,0.0,42.21,['InsecCrypto']
http://localhost:5050/api/v2/exports/jwt-alg_none_accepted,200,0,15.26,133,4.7012897975374095,0.0,0,0,0,0,0,0.0,0,0,0,0,0,0,0,0,0,0,0,0,0,0,0,0,0,0,0,0,0,0,0,0,0,0,0,0,0,0,0,0,8,3,0,1,0,2,0,0,0.0,0,0,0,0,0,0,0,0,0,0,0,0,0,0,0,0,0,0,0,0,0,0,0,0,0,0,0,0,0,0,0,0,0,0,0,25,0.0,0.0,0.0,0.6,0.0,42.21,['JWT']
http://localhost:5050/api/v2/exports/crlf_injection-location_header_crlf,200,0,17.12,298,4.837143222852769,0.0,0,0,0,0,0,0.0,0,0,0,0,0,0,0,0,0,0,0,0,0,0,0,0,0,0,0,0,0,0,0,0,0,0,0,0,0,0,0,0,8,3,0,1,0,2,0,0,0.0,0,0,0,0,0,0,0,0,0,0,0,0,0,0,0,0,0,0,0,0,0,0,0,0,0,0,0,0,0,0,0,0,0,0,0,26,0.0,0.0,0.0,0.23076923076923078,0.0,42.49,['CRLF_Injection']
http://localhost:5050/api/v2/exports/racecondition-withdraw_toctou_no_lock,405,0,15.61,153,4.599963902086099,0.0,0,0,0,0,0,0.0,0,0,0,0,0,0,0,0,0,0,0,0,0,0,0,0,0,0,0,0,0,0,0,0,0,0,0,0,0,0,0,0,8,3,0,0,0,0,0,0,0.0,0,0,0,0,0,0,0,0,0,0,0,0,0,0,0,0,0,0,0,0,0,0,0,0,0,0,0,0,0,0,0,0,0,0,0,30,0.0,0.0,0.0,0.3333333333333333,0.0,41.63,['RaceCondition']
http://localhost:5050/api/v2/imports/sqli-where_id_concat,200,0,12.7,216,5.076674413102944,0.0,0,0,0,0,0,0.0,0,0,0,0,0,0,0,0,0,0,0,0,0,0,0,0,0,0,0,0,0,0,0,0,0,0,0,0,0,0,0,0,8,3,0,1,0,2,0,0,0.0,0,0,0,0,0,0,0,0,0,0,0,0,0,0,0,0,0,0,0,0,0,0,0,0,0,0,0,0,0,0,0,0,0,0,0,29,0.0,0.0,0.0,0.2413793103448276,0.1724137931034483,42.48,['SQLi']
http://localhost:5050/api/v2/imports/sqli-order_by_concat,200,0,19.34,268,5.02582700122887,0.0,0,0,0,0,0,0.0,0,0,0,0,0,0,0,0,0,0,0,0,0,0,0,0,0,0,0,0,0,0,0,0,0,0,0,0,0,0,0,0,8,3,0,1,0,2,0,0,0.0,0,0,0,0,0,0,0,0,0,0,0,0,0,0,0,0,0,0,0,0,0,0,0,0,0,0,0,0,0,0,0,0,0,0,0,25,0.0,0.0,0.0,0.36,0.0,42.42,['SQLi']
http://localhost:5050/api/v2/imports/sqli-like_search_concat,405,0,12.3,153,4.599963902086099,0.0,0,0,0,0,0,0.0,0,0,0,0,0,0,0,0,0,0,0,0,0,0,0,0,0,0,0,0,0,0,0,0,0,0,0,0,0,0,0,0,8,3,0,0,0,0,0,0,0.0,0,0,0,0,0,0,0,0,0,0,0,0,0,0,0,0,0,0,0,0,0,0,0,0,0,0,0,0,0,0,0,0,0,0,0,20,0.0,0.0,0.0,0.25,0.0,41.63,['SQLi']
http://localhost:5050/api/v2/imports/sqli-login_bypass,405,0,43.13,153,4.599963902086099,0.0,0,0,0,0,0,0.0,0,0,0,0,0,0,0,0,0,0,0,0,0,0,0,0,0,0,0,0,0,0,0,0,0,0,0,0,0,0,0,0,8,3,0,0,0,0,0,0,0.0,0,0,0,0,0,0,0,0,0,0,0,0,0,0,0,0,0,0,0,0,0,0,0,0,0,0,0,0,0,0,0,0,0,0,0,30,0.0,0.0,0.0,0.16666666666666666,0.0,30.0,['SQLi']
http://localhost:5050/api/v2/imports/sqli-union_select_id,405,0,12.29,153,4.599963902086099,0.0,0,0,0,0,0,0.0,0,0,0,0,0,0,0,0,0,0,0,0,0,0,0,0,0,0,0,0,0,0,0,0,0,0,0,0,0,0,0,0,8,3,0,0,0,0,0,0,0.0,0,0,0,0,0,0,0,0,0,0,0,0,0,0,0,0,0,0,0,0,0,0,0,0,0,0,0,0,0,0,0,0,0,0,0,19,0.0,0.0,0.0,0.2631578947368421,0.0,41.63,['SQLi']
http://localhost:5050/api/v2/imports/cmdi-ping_host_shell_true,200,0,11.73,463,5.122137485899585,0.0,0,0,0,0,0,0.0,0,0,0,0,0,0,0,0,0,0,0,0,0,0,0,0,0,0,0,0,0,0,0,0,0,0,0,0,0,0,0,0,8,3,0,1,0,2,0,0,0.0,0,0,0,0,0,0,0,0,0,0,0,0,0,0,0,0,0,0,0,0,0,0,0,0,0,0,0,0,0,0,0,0,0,0,0,27,0.0,0.0,0.0,0.4074074074074074,0.0,42.51,['CMDi']
http://localhost:5050/api/v2/imports/cmdi-filename_echo_shell,405,0,58.0,153,4.599963902086099,0.0,0,0,0,0,0,0.0,0,0,0,0,0,0,0,0,0,0,0,0,0,0,0,0,0,0,0,0,0,0,0,0,0,0,0,0,0,0,0,0,8,3,0,0,0,0,0,0,0.0,0,0,0,0,0,0,0,0,0,0,0,0,0,0,0,0,0,0,0,0,0,0,0,0,0,0,0,0,0,0,0,0,0,0,0,29,0.0,0.0,0.0,0.2413793103448276,0.0,22.85,['CMDi']
http://localhost:5050/api/v2/imports/cmdi-archive_name_shell,405,0,27.26,153,4.599963902086099,0.0,0,0,0,0,0,0.0,0,0,0,0,0,0,0,0,0,0,0,0,0,0,0,0,0,0,0,0,0,0,0,0,0,0,0,0,0,0,0,0,8,3,0,0,0,0,0,0,0.0,0,0,0,0,0,0,0,0,0,0,0,0,0,0,0,0,0,0,0,0,0,0,0,0,0,0,0,0,0,0,0,0,0,0,0,27,0.0,0.0,0.0,0.4444444444444444,0.0,41.63,['CMDi']
http://localhost:5050/api/v2/imports/insecdeser-pickle_b64_import,0,0,35.32,0,0.0,0.0,0,0,0,0,0,0.0,0,0,0,0,0,0,0,0,0,0,0,0,0,0,0,0,0,0,0,0,0,0,0,0,0,0,0,0,0,0,0,0,8,3,0,0,0,0,0,0,0.0,0,0,0,0,0,0,0,0,0,0,0,0,0,0,0,0,0,0,0,0,0,0,0,0,0,0,0,0,0,0,0,0,0,0,0,30,0.0,0.0,0.0,0.0,0.0,10.83,['InsecDeser']
http://localhost:5050/api/v2/imports/insecdeser-yaml_unsafe_load,405,0,35.23,153,4.599963902086099,0.0,0,0,0,0,0,0.0,0,0,0,0,0,0,0,0,0,0,0,0,0,0,0,0,0,0,0,0,0,0,0,0,0,0,0,0,0,0,0,0,8,3,0,0,0,0,0,0,0.0,0,0,0,0,0,0,0,0,0,0,0,0,0,0,0,0,0,0,0,0,0,0,0,0,0,0,0,0,0,0,0,0,0,0,0,24,0.0,0.0,0.0,0.2916666666666667,0.0,34.93,['InsecDeser']
http://localhost:5050/api/v2/imports/insecupload-no_extension_whitelist,405,0,27.24,153,4.599963902086099,0.0,0,0,0,0,0,0.0,0,0,0,0,0,0,0,0,0,0,0,0,0,0,0,0,0,0,0,0,0,0,0,0,0,0,0,0,0,0,0,0,8,3,0,0,0,0,0,0,0.0,0,0,0,0,0,0,0,0,0,0,0,0,0,0,0,0,0,0,0,0,0,0,0,0,0,0,0,0,0,0,0,0,0,0,0,24,0.0,0.0,0.0,0.3333333333333333,0.0,41.63,['InsecUpload']
http://localhost:5050/api/v2/imports/insecupload-no_content_type_check,405,0,12.26,153,4.599963902086099,0.0,0,0,0,0,0,0.0,0,0,0,0,0,0,0,0,0,0,0,0,0,0,0,0,0,0,0,0,0,0,0,0,0,0,0,0,0,0,0,0,8,3,0,0,0,0,0,0,0.0,0,0,0,0,0,0,0,0,0,0,0,0,0,0,0,0,0,0,0,0,0,0,0,0,0,0,0,0,0,0,0,0,0,0,0,27,0.0,0.0,0.0,0.5555555555555556,0.0,41.63,['InsecUpload']
http://localhost:5050/api/v2/imports/credsexpose-debug_endpoint_left_on/<resource_name>,200,0,11.76,386,5.111513674273532,0.0,0,0,0,0,0,0.0,0,0,0,0,0,0,0,0,0,0,0,0,0,0,0,0,0,0,0,0,0,0,0,0,0,0,0,0,0,0,0,0,8,3,0,1,0,2,0,0,0.0,0,0,0,0,0,0,0,0,0,0,0,0,0,0,0,0,0,0,0,0,0,0,0,0,0,0,0,0,0,0,0,0,0,0,0,19,0.0,0.0,0.0,0.2631578947368421,0.0,42.39,['CredsExpose']
http://localhost:5050/api/v2/imports/credsexpose-verbose_error_with_secret,200,0,12.25,303,4.8919176362216685,0.0,0,0,0,0,0,0.0,0,0,0,0,0,0,0,0,0,0,0,0,0,0,0,0,0,0,0,0,0,0,0,0,0,0,0,0,0,0,0,0,8,3,0,2,1,2,0,0,0.0,0,0,0,0,0,0,0,0,0,0,0,0,0,0,0,0,0,0,0,0,0,0,0,0,0,0,0,0,0,0,0,0,0,0,0,28,0.0,0.0,0.0,0.4642857142857143,0.10714285714285714,42.6,['CredsExpose']
http://localhost:5050/api/v2/imports/credsexpose-secret_in_response_header,200,0,16.3,279,4.954811250753645,0.0,0,0,0,0,0,0.0,0,0,0,0,0,0,0,0,0,0,0,0,0,0,0,0,0,0,0,0,0,0,0,0,0,0,0,0,0,0,0,0,8,3,0,1,0,2,0,0,0.0,0,0,0,0,0,0,0,0,0,0,0,0,0,0,0,0,0,0,0,0,0,0,0,0,0,0,0,0,0,0,0,0,0,0,0,27,0.0,0.0,0.0,0.25925925925925924,0.0,42.21,['CredsExpose']
http://localhost:5050/api/v2/imports/brokenauth-no_bruteforce_protection,405,0,52.06,153,4.599963902086099,0.0,0,0,0,0,0,0.0,0,0,0,0,0,0,0,0,0,0,0,0,0,0,0,0,0,0,0,0,0,0,0,0,0,0,0,0,0,0,0,0,8,3,0,0,0,0,0,0,0.0,0,0,0,0,0,0,0,0,0,0,0,0,0,0,0,0,0,0,0,0,0,0,0,0,0,0,0,0,0,0,0,0,0,0,0,27,0.0,0.0,0.0,0.14814814814814814,0.0,37.68,['BrokenAuth']
http://localhost:5050/api/v2/imports/brokenauth-predictable_session_token,0,0,70.57,0,0.0,0.0,0,0,0,0,0,0.0,0,0,0,0,0,0,0,0,0,0,0,0,0,0,0,0,0,0,0,0,0,0,0,0,0,0,0,0,0,0,0,0,8,3,0,0,0,0,0,0,0.0,0,0,0,0,0,0,0,0,0,0,0,0,0,0,0,0,0,0,0,0,0,0,0,0,0,0,0,0,0,0,0,0,0,0,0,30,0.0,0.0,0.0,0.0,0.0,10.83,['BrokenAuth']
http://localhost:5050/api/v2/imports/brokenauth-guessable_password_reset,200,0,12.23,236,4.83718343586361,0.0,0,0,0,0,0,0.0,0,0,0,0,0,0,0,0,0,0,0,0,0,0,0,0,0,0,0,0,0,0,0,0,0,0,0,0,0,0,0,0,8,3,0,1,0,2,0,0,0.0,0,0,0,0,0,0,0,0,0,0,0,0,0,0,0,0,0,0,0,0,0,0,0,0,0,0,0,0,0,0,0,0,0,0,0,26,0.0,0.0,0.0,0.5,0.0,42.09,['BrokenAuth']
http://localhost:5050/api/v2/imports/xss-reflected_query_div,200,0,18.27,251,5.0467430805783495,0.0,0,0,0,0,0,0.0,0,0,0,0,0,0,0,0,0,0,0,0,0,0,0,0,0,0,0,0,0,0,0,0,0,0,0,0,0,0,0,0,8,3,0,1,0,2,0,0,0.0,0,0,0,0,0,0,0,0,0,0,0,0,0,0,0,0,0,0,0,0,0,0,0,0,0,0,0,0,0,0,0,0,0,0,0,25,0.0,0.0,0.0,0.44,0.12,41.36,['XSS']
http://localhost:5050/api/v2/imports/xss-reflected_form_comment,405,0,27.21,153,4.599963902086099,0.0,0,0,0,0,0,0.0,0,0,0,0,0,0,0,0,0,0,0,0,0,0,0,0,0,0,0,0,0,0,0,0,0,0,0,0,0,0,0,0,8,3,0,0,0,0,0,0,0.0,0,0,0,0,0,0,0,0,0,0,0,0,0,0,0,0,0,0,0,0,0,0,0,0,0,0,0,0,0,0,0,0,0,0,0,26,0.0,0.0,0.0,0.3076923076923077,0.0,41.63,['XSS']
http://localhost:5050/api/v2/imports/xss-reflected_json_span,0,0,64.06,0,0.0,0.0,0,0,0,0,0,0.0,0,0,0,0,0,0,0,0,0,0,0,0,0,0,0,0,0,0,0,0,0,0,0,0,0,0,0,0,0,0,0,0,8,3,0,0,0,0,0,0,0.0,0,0,0,0,0,0,0,0,0,0,0,0,0,0,0,0,0,0,0,0,0,0,0,0,0,0,0,0,0,0,0,0,0,0,0,30,0.0,0.0,0.0,0.0,0.0,10.83,['XSS']
http://localhost:5050/api/v2/imports/xss-reflected_header_comment,200,0,16.28,262,4.981312714400596,0.0,0,0,0,0,0,0.0,0,0,0,0,0,0,0,0,0,0,0,0,0,0,0,0,0,0,0,0,0,0,0,0,0,0,0,0,0,0,0,0,8,3,0,1,0,2,0,0,0.0,0,0,0,0,0,0,0,0,0,0,0,0,0,0,0,0,0,0,0,0,0,0,0,0,0,0,0,0,0,0,0,0,0,0,0,28,0.0,0.0,0.0,0.25,0.0,41.59,['XSS']
http://localhost:5050/api/v2/imports/xss-reflected_attribute_breakout,200,0,11.71,281,4.903794872271857,0.0,0,0,0,0,0,0.0,0,0,0,0,0,0,0,0,0,0,0,0,0,0,0,0,0,0,0,0,0,0,0,0,0,0,0,0,0,0,0,0,8,3,0,1,0,2,0,0,0.0,0,0,0,0,0,0,0,0,0,0,0,0,0,0,0,0,0,0,0,0,0,0,0,0,0,0,0,0,0,0,0,0,0,0,0,28,0.0,0.0,0.0,0.5,0.0,41.83,['XSS']
http://localhost:5050/api/v2/imports/dirtrav-read_file_query_param,200,0,18.55,213,4.696297319529273,0.0,0,0,0,0,0,0.0,0,0,0,0,0,0,0,0,0,0,0,0,0,0,0,0,0,0,0,0,0,0,0,0,0,0,0,0,0,0,0,0,8,3,0,1,0,2,0,0,0.0,0,0,0,0,0,0,0,0,0,0,0,0,0,0,0,0,0,0,0,0,0,0,0,0,0,0,0,0,0,0,0,0,0,0,0,28,0.0,0.0,0.0,0.32142857142857145,0.6785714285714286,42.39,['DirTrav']
http://localhost:5050/api/v2/imports/dirtrav-read_file_form_param,405,0,27.25,153,4.599963902086099,0.0,0,0,0,0,0,0.0,0,0,0,0,0,0,0,0,0,0,0,0,0,0,0,0,0,0,0,0,0,0,0,0,0,0,0,0,0,0,0,0,8,3,0,0,0,0,0,0,0.0,0,0,0,0,0,0,0,0,0,0,0,0,0,0,0,0,0,0,0,0,0,0,0,0,0,0,0,0,0,0,0,0,0,0,0,24,0.0,0.0,0.0,0.25,0.0,41.63,['DirTrav']
http://localhost:5050/api/v2/imports/dirtrav-read_file_path_segment/<filename>,200,0,11.82,264,4.778321793744949,0.0,0,0,0,0,0,0.0,0,0,0,0,0,0,0,0,0,0,0,0,0,0,0,0,0,0,0,0,0,0,0,0,0,0,0,0,0,0,0,0,8,3,0,1,0,2,0,0,0.0,0,0,0,0,0,0,0,0,0,0,0,0,0,0,0,0,0,0,0,0,0,0,0,0,0,0,0,0,0,0,0,0,0,0,0,22,0.0,0.0,0.0,0.36363636363636365,0.0,42.16,['DirTrav']
http://localhost:5050/api/v2/imports/xxe-resolve_entities_json_body,405,0,37.57,153,4.599963902086099,0.0,0,0,0,0,0,0.0,0,0,0,0,0,0,0,0,0,0,0,0,0,0,0,0,0,0,0,0,0,0,0,0,0,0,0,0,0,0,0,0,8,3,0,0,0,0,0,0,0.0,0,0,0,0,0,0,0,0,0,0,0,0,0,0,0,0,0,0,0,0,0,0,0,0,0,0,0,0,0,0,0,0,0,0,0,22,0.0,0.0,0.0,0.5,0.0,41.63,['XXE']
http://localhost:5050/api/v2/imports/xxe-resolve_entities_form_body,0,0,74.46,0,0.0,0.0,0,0,0,0,0,0.0,0,0,0,0,0,0,0,0,0,0,0,0,0,0,0,0,0,0,0,0,0,0,0,0,0,0,0,0,0,0,0,0,8,3,0,0,0,0,0,0,0.0,0,0,0,0,0,0,0,0,0,0,0,0,0,0,0,0,0,0,0,0,0,0,0,0,0,0,0,0,0,0,0,0,0,0,0,30,0.0,0.0,0.0,0.0,0.0,10.83,['XXE']
http://localhost:5050/api/v2/imports/nosqli-auth_operator_bypass,405,0,45.97,153,4.599963902086099,0.0,0,0,0,0,0,0.0,0,0,0,0,0,0,0,0,0,0,0,0,0,0,0,0,0,0,0,0,0,0,0,0,0,0,0,0,0,0,0,0,8,3,0,0,0,0,0,0,0.0,0,0,0,0,0,0,0,0,0,0,0,0,0,0,0,0,0,0,0,0,0,0,0,0,0,0,0,0,0,0,0,0,0,0,0,21,0.0,0.0,0.0,0.09523809523809523,0.0,30.0,['NoSQLi']
http://localhost:5050/api/v2/imports/nosqli-search_filter_injection,0,0,72.53,0,0.0,0.0,0,0,0,0,0,0.0,0,0,0,0,0,0,0,0,0,0,0,0,0,0,0,0,0,0,0,0,0,0,0,0,0,0,0,0,0,0,0,0,8,3,0,0,0,0,0,0,0.0,0,0,0,0,0,0,0,0,0,0,0,0,0,0,0,0,0,0,0,0,0,0,0,0,0,0,0,0,0,0,0,0,0,0,0,30,0.0,0.0,0.0,0.0,0.0,10.83,['NoSQLi']
http://localhost:5050/api/v2/imports/nosqli-regex_operator_injection,405,0,35.12,153,4.599963902086099,0.0,0,0,0,0,0,0.0,0,0,0,0,0,0,0,0,0,0,0,0,0,0,0,0,0,0,0,0,0,0,0,0,0,0,0,0,0,0,0,0,8,3,0,0,0,0,0,0,0.0,0,0,0,0,0,0,0,0,0,0,0,0,0,0,0,0,0,0,0,0,0,0,0,0,0,0,0,0,0,0,0,0,0,0,0,21,0.0,0.0,0.0,0.14285714285714285,0.0,30.0,['NoSQLi']
http://localhost:5050/api/v2/imports/ldapi-login_filter_wildcard,405,0,41.82,153,4.599963902086099,0.0,0,0,0,0,0,0.0,0,0,0,0,0,0,0,0,0,0,0,0,0,0,0,0,0,0,0,0,0,0,0,0,0,0,0,0,0,0,0,0,8,3,0,0,0,0,0,0,0.0,0,0,0,0,0,0,0,0,0,0,0,0,0,0,0,0,0,0,0,0,0,0,0,0,0,0,0,0,0,0,0,0,0,0,0,30,0.0,0.0,0.0,0.2,0.0,41.63,['LDAPi']
http://localhost:5050/api/v2/imports/ldapi-search_filter_wildcard,200,0,12.24,224,4.961477156687011,0.0,0,0,0,0,0,0.0,0,0,0,0,0,0,0,0,0,0,0,0,0,0,0,0,0,0,0,0,0,0,0,0,0,0,0,0,0,0,0,0,8,3,0,2,0,2,1,0,0.0,0,0,0,0,0,0,0,0,0,0,0,0,0,0,0,0,0,0,0,0,0,0,0,0,0,0,0,0,0,0,0,0,0,0,0,19,0.0,0.0,0.0,0.3157894736842105,0.10526315789473684,42.75,['LDAPi']
http://localhost:5050/api/v2/imports/insecperm-role_trusted_from_header,200,0,18.22,277,4.754041167845904,0.0,0,0,0,0,0,0.0,0,0,0,0,0,0,0,0,0,0,0,0,0,0,0,0,0,0,0,0,0,0,0,0,0,0,0,0,0,0,0,0,8,3,0,1,0,2,0,0,0.0,0,0,0,0,0,0,0,0,0,0,0,0,0,0,0,0,0,0,0,0,0,0,0,0,0,0,0,0,0,0,0,0,0,0,0,26,0.0,0.0,0.0,0.34615384615384615,0.0,41.86,['InsecPerm']
http://localhost:5050/api/v2/imports/insecperm-world_readable_export_endpoint/<id>,200,0,18.3,277,4.7737450713593965,0.0,0,0,0,0,0,0.0,0,0,0,0,0,0,0,0,0,0,0,0,0,0,0,0,0,0,0,0,0,0,0,0,0,0,0,0,0,0,0,0,8,3,0,1,0,2,0,0,0.0,0,0,0,0,0,0,0,0,0,0,0,0,0,0,0,0,0,0,0,0,0,0,0,0,0,0,0,0,0,0,0,0,0,0,0,19,0.0,0.0,0.0,0.3684210526315789,0.0,42.65,['InsecPerm']
http://localhost:5050/api/v2/imports/insecperm-client_controlled_admin_flag,200,0,27.23,236,4.719854991285466,0.0,0,0,0,0,0,0.0,0,0,0,0,0,0,0,0,0,0,0,0,0,0,0,0,0,0,0,0,0,0,0,0,0,0,0,0,0,0,0,0,8,3,0,1,0,2,0,0,0.0,0,0,0,0,0,0,0,0,0,0,0,0,0,0,0,0,0,0,0,0,0,0,0,0,0,0,0,0,0,0,0,0,0,0,0,24,0.0,0.0,0.0,0.5,0.0,42.03,['InsecPerm']
http://localhost:5050/api/v2/imports/idor-path_id_direct_access/<obj_id>,200,0,11.74,393,4.931658114207317,0.0,0,0,0,0,0,0.0,0,0,0,0,0,0,0,0,0,0,0,0,0,0,0,0,0,0,0,0,0,0,0,0,0,0,0,0,0,0,0,0,8,3,0,2,0,3,0,0,0.0,0,0,0,0,0,0,0,0,0,0,0,0,0,0,0,0,0,0,0,0,0,0,0,0,0,0,0,0,0,0,0,0,0,0,0,26,0.0,0.0,0.0,0.38461538461538464,0.0,42.1,['IDOR']
http://localhost:5050/api/v2/imports/idor-query_id_direct_access,200,0,20.29,277,4.774316230246087,0.0,0,0,0,0,0,0.0,0,0,0,0,0,0,0,0,0,0,0,0,0,0,0,0,0,0,0,0,0,0,0,0,0,0,0,0,0,0,0,0,8,3,0,2,0,3,0,0,0.0,0,0,0,0,0,0,0,0,0,0,0,0,0,0,0,0,0,0,0,0,0,0,0,0,0,0,0,0,0,0,0,0,0,0,0,24,0.0,0.0,0.0,0.3333333333333333,0.0,42.15,['IDOR']
http://localhost:5050/api/v2/imports/idor-json_body_id_direct_access,405,0,35.97,153,4.599963902086099,0.0,0,0,0,0,0,0.0,0,0,0,0,0,0,0,0,0,0,0,0,0,0,0,0,0,0,0,0,0,0,0,0,0,0,0,0,0,0,0,0,8,3,0,0,0,0,0,0,0.0,0,0,0,0,0,0,0,0,0,0,0,0,0,0,0,0,0,0,0,0,0,0,0,0,0,0,0,0,0,0,0,0,0,0,0,26,0.0,0.0,0.0,0.34615384615384615,0.0,41.63,['IDOR']
http://localhost:5050/api/v2/imports/sessfix-sessionid_accepted_from_query,200,0,19.4,245,4.7966418296608415,0.0,0,0,0,0,0,0.0,0,0,0,0,0,0,0,0,0,0,0,0,0,0,0,0,0,0,0,0,0,0,0,0,0,0,0,0,0,0,0,0,8,3,0,1,0,2,0,0,0.0,0,0,0,0,0,0,0,0,0,0,0,0,0,0,0,0,0,0,0,0,0,0,0,0,0,0,0,0,0,0,0,0,0,0,0,25,0.0,0.0,0.0,0.28,0.0,42.58,['SessFix']
http://localhost:5050/api/v2/imports/sessfix-sessionid_not_regenerated_on_login,200,0,18.18,198,4.577186211927484,0.0,0,0,0,0,0,0.0,0,0,0,0,0,0,0,0,0,0,0,0,0,0,0,0,0,0,0,0,0,0,0,0,0,0,0,0,0,0,0,0,8,3,0,1,0,2,0,0,0.0,0,0,0,0,0,0,0,0,0,0,0,0,0,0,0,0,0,0,0,0,0,0,0,0,0,0,0,0,0,0,0,0,0,0,0,17,0.0,0.0,0.0,0.29411764705882354,0.0,42.68,['SessFix']
http://localhost:5050/api/v2/imports/ssrf-url_fetch_query_no_allowlist,200,0,27.22,343,4.902651231548551,0.0,0,0,0,0,0,0.0,0,0,0,0,0,0,0,0,0,0,0,0,0,0,0,0,0,0,0,0,0,0,0,0,0,0,0,0,0,0,0,0,8,3,0,2,0,2,1,0,0.0,0,0,0,0,0,0,0,0,0,0,0,0,0,0,0,0,0,0,0,0,0,0,0,0,0,0,0,0,0,0,0,0,0,0,0,24,0.0,0.0,0.0,0.3333333333333333,0.0,43.2,['SSRF']
http://localhost:5050/subscriptions/multi-http_request_smuggling-credsexpose/<resource_name>,200,0,21.61,590,5.121066869605395,0.0,0,0,0,0,0,0.0,0,0,0,0,0,0,0,0,0,0,0,0,0,0,0,0,0,0,0,0,0,0,0,0,0,0,0,0,0,0,1,0,8,3,0,0,0,0,0,0,0.0,0,0,0,0,0,0,0,0,0,0,0,0,0,0,0,0,0,0,0,0,0,0,0,0,0,0,0,0,0,0,0,0,0,0,0,26,0.0,0.0,0.0,0.4230769230769231,0.0,41.66,"['HTTP_Request_Smuggling', 'CredsExpose']"
http://localhost:5050/notifications/multi-http_request_smuggling-credsexpose/<resource_name>,200,0,22.05,590,5.122167604772406,0.0,0,0,0,0,0,0.0,0,0,0,0,0,0,0,0,0,0,0,0,0,0,0,0,0,0,0,0,0,0,0,0,0,0,0,0,0,0,1,0,8,3,0,0,0,0,0,0,0.0,0,0,0,0,0,0,0,0,0,0,0,0,0,0,0,0,0,0,0,0,0,0,0,0,0,0,0,0,0,0,0,0,0,0,0,27,0.0,0.0,0.0,0.2962962962962963,0.0,41.71,"['HTTP_Request_Smuggling', 'CredsExpose']"
http://localhost:5050/logs/multi-http_request_smuggling-credsexpose/<resource_name>,200,0,19.88,563,5.133050639173668,0.0,0,0,0,0,0,0.0,0,0,0,0,0,0,0,0,0,0,0,0,0,0,0,0,0,0,0,0,0,0,0,0,0,0,0,0,0,0,1,0,8,3,0,0,0,0,0,0,0.0,0,0,0,0,0,0,0,0,0,0,0,0,0,0,0,0,0,0,0,0,0,0,0,0,0,0,0,0,0,0,0,0,0,0,0,27,0.0,0.0,0.0,0.3333333333333333,0.0,41.78,"['HTTP_Request_Smuggling', 'CredsExpose']"
http://localhost:5050/backups/multi-http_request_smuggling-credsexpose/<resource_name>,200,0,7.86,572,5.15454754518935,0.0,0,0,0,0,0,0.0,0,0,0,0,0,0,0,0,0,0,0,0,0,0,0,0,0,0,0,0,0,0,0,0,0,0,0,0,0,0,1,0,8,3,0,0,0,0,0,0,0.0,0,0,0,0,0,0,0,0,0,0,0,0,0,0,0,0,0,0,0,0,0,0,0,0,0,0,0,0,0,0,0,0,0,0,0,29,0.0,0.0,0.0,0.4827586206896552,0.0,41.86,"['HTTP_Request_Smuggling', 'CredsExpose']"
http://localhost:5050/exports/multi-http_request_smuggling-credsexpose/<resource_name>,200,0,7.07,572,5.125202443698977,0.0,0,0,0,0,0,0.0,0,0,0,0,0,0,0,0,0,0,0,0,0,0,0,0,0,0,0,0,0,0,0,0,0,0,0,0,0,0,1,0,8,3,0,0,0,0,0,0,0.0,0,0,0,0,0,0,0,0,0,0,0,0,0,0,0,0,0,0,0,0,0,0,0,0,0,0,0,0,0,0,0,0,0,0,0,27,0.0,0.0,0.0,0.37037037037037035,0.0,41.95,"['HTTP_Request_Smuggling', 'CredsExpose']"
http://localhost:5050/imports/multi-http_request_smuggling-credsexpose/<resource_name>,200,0,21.57,572,5.128703266051601,0.0,0,0,0,0,0,0.0,0,0,0,0,0,0,0,0,0,0,0,0,0,0,0,0,0,0,0,0,0,0,0,0,0,0,0,0,0,0,1,0,8,3,0,0,0,0,0,0,0.0,0,0,0,0,0,0,0,0,0,0,0,0,0,0,0,0,0,0,0,0,0,0,0,0,0,0,0,0,0,0,0,0,0,0,0,29,0.0,0.0,0.0,0.3448275862068966,0.0,41.92,"['HTTP_Request_Smuggling', 'CredsExpose']"
http://localhost:5050/profiles/multi-http_request_smuggling-credsexpose/<resource_name>,200,0,19.96,575,5.133117564523949,0.0,0,0,0,0,0,0.0,0,0,0,0,0,0,0,0,0,0,0,0,0,0,0,0,0,0,0,0,0,0,0,0,0,0,0,0,0,0,1,0,8,3,0,0,0,0,0,0,0.0,0,0,0,0,0,0,0,0,0,0,0,0,0,0,0,0,0,0,0,0,0,0,0,0,0,0,0,0,0,0,0,0,0,0,0,27,0.0,0.0,0.0,0.2222222222222222,0.0,41.81,"['HTTP_Request_Smuggling', 'CredsExpose']"
http://localhost:5050/settings/multi-http_request_smuggling-credsexpose/<resource_name>,200,0,6.71,575,5.102302484700623,0.0,0,0,0,0,0,0.0,0,0,0,0,0,0,0,0,0,0,0,0,0,0,0,0,0,0,0,0,0,0,0,0,0,0,0,0,0,0,1,0,8,3,0,0,0,0,0,0,0.0,0,0,0,0,0,0,0,0,0,0,0,0,0,0,0,0,0,0,0,0,0,0,0,0,0,0,0,0,0,0,0,0,0,0,0,30,0.0,0.0,0.0,0.26666666666666666,0.0,41.88,"['HTTP_Request_Smuggling', 'CredsExpose']"
http://localhost:5050/teams/multi-http_request_smuggling-credsexpose/<resource_name>,200,0,7.51,566,5.121510628495687,0.0,0,0,0,0,0,0.0,0,0,0,0,0,0,0,0,0,0,0,0,0,0,0,0,0,0,0,0,0,0,0,0,0,0,0,0,0,0,1,0,8,3,0,0,0,0,0,0,0.0,0,0,0,0,0,0,0,0,0,0,0,0,0,0,0,0,0,0,0,0,0,0,0,0,0,0,0,0,0,0,0,0,0,0,0,29,0.0,0.0,0.0,0.3793103448275862,0.0,41.66,"['HTTP_Request_Smuggling', 'CredsExpose']"
http://localhost:5050/organizations/multi-http_request_smuggling-credsexpose/<resource_name>,200,0,21.2,590,5.138328057987937,0.0,0,0,0,0,0,0.0,0,0,0,0,0,0,0,0,0,0,0,0,0,0,0,0,0,0,0,0,0,0,0,0,0,0,0,0,0,0,1,0,8,3,0,0,0,0,0,0,0.0,0,0,0,0,0,0,0,0,0,0,0,0,0,0,0,0,0,0,0,0,0,0,0,0,0,0,0,0,0,0,0,0,0,0,0,30,0.0,0.0,0.0,0.36666666666666664,0.0,41.86,"['HTTP_Request_Smuggling', 'CredsExpose']"
http://localhost:5050/api/v1/products/multi-http_request_smuggling-credsexpose/<resource_name>,200,0,6.71,582,5.141473940601163,0.0,0,0,0,0,0,0.0,0,0,0,0,0,0,0,0,0,0,0,0,0,0,0,0,0,0,0,0,0,0,0,0,0,0,0,0,0,0,1,0,8,3,0,2,0,3,0,0,0.0,0,0,0,0,0,0,0,0,0,0,0,0,0,0,0,0,0,0,0,0,0,0,0,0,0,0,0,0,0,0,0,0,0,0,0,30,0.0,0.0,0.0,0.06666666666666667,0.0,41.84,"['HTTP_Request_Smuggling', 'CredsExpose']"
http://localhost:5050/api/v1/users/multi-http_request_smuggling-credsexpose/<resource_name>,200,0,21.27,573,5.132474747362989,0.0,0,0,0,0,0,0.0,0,0,0,0,0,0,0,0,0,0,0,0,0,0,0,0,0,0,0,0,0,0,0,0,0,0,0,0,0,0,1,0,8,3,0,3,0,3,1,0,0.0,0,0,0,0,0,0,0,0,0,0,0,0,0,0,0,0,0,0,0,0,0,0,0,0,0,0,0,0,0,0,0,0,0,0,0,29,0.0,0.0,0.0,0.20689655172413793,0.0,41.85,"['HTTP_Request_Smuggling', 'CredsExpose']"
http://localhost:5050/api/v1/orders/multi-http_request_smuggling-credsexpose/<resource_name>,200,0,7.52,576,5.138068623300042,0.0,0,0,0,0,0,0.0,0,0,0,0,0,0,0,0,0,0,0,0,0,0,0,0,0,0,0,0,0,0,0,0,0,0,0,0,0,0,1,0,8,3,0,2,0,3,0,0,0.0,0,0,0,0,0,0,0,0,0,0,0,0,0,0,0,0,0,0,0,0,0,0,0,0,0,0,0,0,0,0,0,0,0,0,0,29,0.0,0.0,0.0,0.3448275862068966,0.0,41.79,"['HTTP_Request_Smuggling', 'CredsExpose']"
http://localhost:5050/api/v1/invoices/multi-http_request_smuggling-credsexpose/<resource_name>,200,0,6.71,582,5.150223613767689,0.0,0,0,0,0,0,0.0,0,0,0,0,0,0,0,0,0,0,0,0,0,0,0,0,0,0,0,0,0,0,0,0,0,0,0,0,0,0,1,0,8,3,0,2,0,3,0,0,0.0,0,0,0,0,0,0,0,0,0,0,0,0,0,0,0,0,0,0,0,0,0,0,0,0,0,0,0,0,0,0,0,0,0,0,0,28,0.0,0.0,0.0,0.2857142857142857,0.0,41.82,"['HTTP_Request_Smuggling', 'CredsExpose']"
http://localhost:5050/api/v1/comments/multi-http_request_smuggling-credsexpose/<resource_name>,200,0,19.59,582,5.1378092832255025,0.0,0,0,0,0,0,0.0,0,0,0,0,0,0,0,0,0,0,0,0,0,0,0,0,0,0,0,0,0,0,0,0,0,0,0,0,0,0,1,0,8,3,0,2,0,3,0,0,0.0,0,0,0,0,0,0,0,0,0,0,0,0,0,0,0,0,0,0,0,0,0,0,0,0,0,0,0,0,0,0,0,0,0,0,0,30,0.0,0.0,0.0,0.5,0.0,41.78,"['HTTP_Request_Smuggling', 'CredsExpose']"
http://localhost:5050/api/v1/files/multi-http_request_smuggling-credsexpose/<resource_name>,200,0,7.52,573,5.152121309433028,0.0,0,0,0,0,0,0.0,0,0,0,0,0,0,0,0,0,0,0,0,0,0,0,0,0,0,0,0,0,0,0,0,0,0,0,0,0,0,1,0,8,3,0,2,0,3,0,0,0.0,0,0,0,0,0,0,0,0,0,0,0,0,0,0,0,0,0,0,0,0,0,0,0,0,0,0,0,0,0,0,0,0,0,0,0,27,0.0,0.0,0.0,0.37037037037037035,0.0,41.98,"['HTTP_Request_Smuggling', 'CredsExpose']"
http://localhost:5050/api/v1/images/multi-http_request_smuggling-credsexpose/<resource_name>,200,0,6.7,576,5.145456991569356,0.0,0,0,0,0,0,0.0,0,0,0,0,0,0,0,0,0,0,0,0,0,0,0,0,0,0,0,0,0,0,0,0,0,0,0,0,0,0,1,0,8,3,0,2,0,3,0,0,0.0,0,0,0,0,0,0,0,0,0,0,0,0,0,0,0,0,0,0,0,0,0,0,0,0,0,0,0,0,0,0,0,0,0,0,0,30,0.0,0.0,0.0,0.13333333333333333,0.0,41.74,"['HTTP_Request_Smuggling', 'CredsExpose']"
http://localhost:5050/api/v1/reports/multi-http_request_smuggling-credsexpose/<resource_name>,200,0,21.18,579,5.1312796298291365,0.0,0,0,0,0,0,0.0,0,0,0,0,0,0,0,0,0,0,0,0,0,0,0,0,0,0,0,0,0,0,0,0,0,0,0,0,0,0,1,0,8,3,0,2,0,3,0,0,0.0,0,0,0,0,0,0,0,0,0,0,0,0,0,0,0,0,0,0,0,0,0,0,0,0,0,0,0,0,0,0,0,0,0,0,0,29,0.0,0.0,0.0,0.20689655172413793,0.0,39.64,"['HTTP_Request_Smuggling', 'CredsExpose']"
http://localhost:5050/api/v1/tickets/multi-http_request_smuggling-credsexpose/<resource_name>,200,0,7.52,579,5.140503501532446,0.0,0,0,0,0,0,0.0,0,0,0,0,0,0,0,0,0,0,0,0,0,0,0,0,0,0,0,0,0,0,0,0,0,0,0,0,0,0,1,0,8,3,0,2,0,3,0,0,0.0,0,0,0,0,0,0,0,0,0,0,0,0,0,0,0,0,0,0,0,0,0,0,0,0,0,0,0,0,0,0,0,0,0,0,0,29,0.0,0.0,0.0,0.3793103448275862,0.0,41.66,"['HTTP_Request_Smuggling', 'CredsExpose']"
http://localhost:5050/api/v1/messages/multi-http_request_smuggling-credsexpose/<resource_name>,200,0,7.52,582,5.1220446139036735,0.0,0,0,0,0,0,0.0,0,0,0,0,0,0,0,0,0,0,0,0,0,0,0,0,0,0,0,0,0,0,0,0,0,0,0,0,0,0,1,0,8,3,0,2,0,3,0,0,0.0,0,0,0,0,0,0,0,0,0,0,0,0,0,0,0,0,0,0,0,0,0,0,0,0,0,0,0,0,0,0,0,0,0,0,0,30,0.0,0.0,0.0,0.43333333333333335,0.0,41.83,"['HTTP_Request_Smuggling', 'CredsExpose']"
http://localhost:5050/api/v1/projects/multi-http_request_smuggling-credsexpose/<resource_name>,200,0,19.59,582,5.149163638310174,0.0,0,0,0,0,0,0.0,0,0,0,0,0,0,0,0,0,0,0,0,0,0,0,0,0,0,0,0,0,0,0,0,0,0,0,0,0,0,1,0,8,3,0,2,0,3,0,0,0.0,0,0,0,0,0,0,0,0,0,0,0,0,0,0,0,0,0,0,0,0,0,0,0,0,0,0,0,0,0,0,0,0,0,0,0,28,0.0,0.0,0.0,0.39285714285714285,0.0,41.88,"['HTTP_Request_Smuggling', 'CredsExpose']"
http://localhost:5050/api/v1/tasks/multi-http_request_smuggling-credsexpose/<resource_name>,200,0,6.7,573,5.147569212768586,0.0,0,0,0,0,0,0.0,0,0,0,0,0,0,0,0,0,0,0,0,0,0,0,0,0,0,0,0,0,0,0,0,0,0,0,0,0,0,1,0,8,3,0,2,0,3,0,0,0.0,0,0,0,0,0,0,0,0,0,0,0,0,0,0,0,0,0,0,0,0,0,0,0,0,0,0,0,0,0,0,0,0,0,0,0,27,0.0,0.0,0.0,0.5185185185185185,0.0,41.96,"['HTTP_Request_Smuggling', 'CredsExpose']"
http://localhost:5050/api/v1/payments/multi-http_request_smuggling-credsexpose/<resource_name>,200,0,21.19,582,5.1460758947486696,0.0,0,0,0,0,0,0.0,0,0,0,0,0,0,0,0,0,0,0,0,0,0,0,0,0,0,0,0,0,0,0,0,0,0,0,0,0,0,1,0,8,3,0,2,0,3,0,0,0.0,0,0,0,0,0,0,0,0,0,0,0,0,0,0,0,0,0,0,0,0,0,0,0,0,0,0,0,0,0,0,0,0,0,0,0,30,0.0,0.0,0.0,0.5,0.0,41.72,"['HTTP_Request_Smuggling', 'CredsExpose']"
http://localhost:5050/api/v1/accounts/multi-http_request_smuggling-credsexpose/<resource_name>,200,0,7.51,582,5.141145114539992,0.0,0,0,0,0,0,0.0,0,0,0,0,0,0,0,0,0,0,0,0,0,0,0,0,0,0,0,0,0,0,0,0,0,0,0,0,0,0,1,0,8,3,0,2,0,3,0,0,0.0,0,0,0,0,0,0,0,0,0,0,0,0,0,0,0,0,0,0,0,0,0,0,0,0,0,0,0,0,0,0,0,0,0,0,0,30,0.0,0.0,0.0,0.3333333333333333,0.0,41.82,"['HTTP_Request_Smuggling', 'CredsExpose']"
http://localhost:5050/api/v1/sessions/multi-http_request_smuggling-credsexpose/<resource_name>,200,0,6.7,582,5.116144790153826,0.0,0,0,0,0,0,0.0,0,0,0,0,0,0,0,0,0,0,0,0,0,0,0,0,0,0,0,0,0,0,0,0,0,0,0,0,0,0,1,0,8,3,0,2,0,3,0,0,0.0,0,0,0,0,0,0,0,0,0,0,0,0,0,0,0,0,0,0,0,0,0,0,0,0,0,0,0,0,0,0,0,0,0,0,0,29,0.0,0.0,0.0,0.1724137931034483,0.0,41.91,"['HTTP_Request_Smuggling', 'CredsExpose']"
http://localhost:5050/api/v1/documents/multi-http_request_smuggling-credsexpose/<resource_name>,200,0,19.51,585,5.1343165180264485,0.0,0,0,0,0,0,0.0,0,0,0,0,0,0,0,0,0,0,0,0,0,0,0,0,0,0,0,0,0,0,0,0,0,0,0,0,0,0,1,0,8,3,0,2,0,3,0,0,0.0,0,0,0,0,0,0,0,0,0,0,0,0,0,0,0,0,0,0,0,0,0,0,0,0,0,0,0,0,0,0,0,0,0,0,0,29,0.0,0.0,0.0,0.20689655172413793,0.0,41.89,"['HTTP_Request_Smuggling', 'CredsExpose']"
http://localhost:5050/api/v1/reviews/multi-http_request_smuggling-credsexpose/<resource_name>,200,0,19.52,579,5.150554416615814,0.0,0,0,0,0,0,0.0,0,0,0,0,0,0,0,0,0,0,0,0,0,0,0,0,0,0,0,0,0,0,0,0,0,0,0,0,0,0,1,0,8,3,0,2,0,3,0,0,0.0,0,0,0,0,0,0,0,0,0,0,0,0,0,0,0,0,0,0,0,0,0,0,0,0,0,0,0,0,0,0,0,0,0,0,0,28,0.0,0.0,0.0,0.42857142857142855,0.0,41.83,"['HTTP_Request_Smuggling', 'CredsExpose']"
http://localhost:5050/api/v1/articles/multi-http_request_smuggling-credsexpose/<resource_name>,200,0,6.7,582,5.138630351368282,0.0,0,0,0,0,0,0.0,0,0,0,0,0,0,0,0,0,0,0,0,0,0,0,0,0,0,0,0,0,0,0,0,0,0,0,0,0,0,1,0,8,3,0,2,0,3,0,0,0.0,0,0,0,0,0,0,0,0,0,0,0,0,0,0,0,0,0,0,0,0,0,0,0,0,0,0,0,0,0,0,0,0,0,0,0,29,0.0,0.0,0.0,0.20689655172413793,0.0,41.86,"['HTTP_Request_Smuggling', 'CredsExpose']"
http://localhost:5050/api/v1/events/multi-http_request_smuggling-credsexpose/<resource_name>,200,0,7.52,576,5.1341763853563736,0.0,0,0,0,0,0,0.0,0,0,0,0,0,0,0,0,0,0,0,0,0,0,0,0,0,0,0,0,0,0,0,0,0,0,0,0,0,0,1,0,8,3,0,2,0,3,0,0,0.0,0,0,0,0,0,0,0,0,0,0,0,0,0,0,0,0,0,0,0,0,0,0,0,0,0,0,0,0,0,0,0,0,0,0,0,28,0.0,0.0,0.0,0.42857142857142855,0.0,41.84,"['HTTP_Request_Smuggling', 'CredsExpose']"
http://localhost:5050/api/v1/bookings/multi-http_request_smuggling-credsexpose/<resource_name>,200,0,21.13,582,5.1661872843131995,0.0,0,0,0,0,0,0.0,0,0,0,0,0,0,0,0,0,0,0,0,0,0,0,0,0,0,0,0,0,0,0,0,0,0,0,0,0,0,1,0,8,3,0,2,0,3,0,0,0.0,0,0,0,0,0,0,0,0,0,0,0,0,0,0,0,0,0,0,0,0,0,0,0,0,0,0,0,0,0,0,0,0,0,0,0,29,0.0,0.0,0.0,0.3103448275862069,0.0,38.24,"['HTTP_Request_Smuggling', 'CredsExpose']"
http://localhost:5050/api/v1/subscriptions/multi-http_request_smuggling-credsexpose/<resource_name>,200,0,19.52,597,5.137403737274461,0.0,0,0,0,0,0,0.0,0,0,0,0,0,0,0,0,0,0,0,0,0,0,0,0,0,0,0,0,0,0,0,0,0,0,0,0,0,0,1,0,8,3,0,2,0,3,0,0,0.0,0,0,0,0,0,0,0,0,0,0,0,0,0,0,0,0,0,0,0,0,0,0,0,0,0,0,0,0,0,0,0,0,0,0,0,27,0.0,0.0,0.0,0.2222222222222222,0.0,41.78,"['HTTP_Request_Smuggling', 'CredsExpose']"
http://localhost:5050/api/v1/notifications/multi-http_request_smuggling-credsexpose/<resource_name>,200,0,6.72,597,5.1380430170720865,0.0,0,0,0,0,0,0.0,0,0,0,0,0,0,0,0,0,0,0,0,0,0,0,0,0,0,0,0,0,0,0,0,0,0,0,0,0,0,1,0,8,3,0,2,0,3,0,0,0.0,0,0,0,0,0,0,0,0,0,0,0,0,0,0,0,0,0,0,0,0,0,0,0,0,0,0,0,0,0,0,0,0,0,0,0,29,0.0,0.0,0.0,0.41379310344827586,0.0,41.85,"['HTTP_Request_Smuggling', 'CredsExpose']"
http://localhost:5050/api/v1/logs/multi-http_request_smuggling-credsexpose/<resource_name>,200,0,7.52,570,5.150520853572221,0.0,0,0,0,0,0,0.0,0,0,0,0,0,0,0,0,0,0,0,0,0,0,0,0,0,0,0,0,0,0,0,0,0,0,0,0,0,0,1,0,8,3,0,2,0,3,0,0,0.0,0,0,0,0,0,0,0,0,0,0,0,0,0,0,0,0,0,0,0,0,0,0,0,0,0,0,0,0,0,0,0,0,0,0,0,29,0.0,0.0,0.0,0.3448275862068966,0.0,41.83,"['HTTP_Request_Smuggling', 'CredsExpose']"
http://localhost:5050/api/v1/backups/multi-http_request_smuggling-credsexpose/<resource_name>,200,0,6.72,579,5.170866694897251,0.0,0,0,0,0,0,0.0,0,0,0,0,0,0,0,0,0,0,0,0,0,0,0,0,0,0,0,0,0,0,0,0,0,0,0,0,0,0,1,0,8,3,0,2,0,3,0,0,0.0,0,0,0,0,0,0,0,0,0,0,0,0,0,0,0,0,0,0,0,0,0,0,0,0,0,0,0,0,0,0,0,0,0,0,0,30,0.0,0.0,0.0,0.43333333333333335,0.0,42.01,"['HTTP_Request_Smuggling', 'CredsExpose']"
http://localhost:5050/api/v1/exports/multi-http_request_smuggling-credsexpose/<resource_name>,200,0,7.52,579,5.1423765699849735,0.0,0,0,0,0,0,0.0,0,0,0,0,0,0,0,0,0,0,0,0,0,0,0,0,0,0,0,0,0,0,0,0,0,0,0,0,0,0,1,0,8,3,0,2,0,3,0,0,0.0,0,0,0,0,0,0,0,0,0,0,0,0,0,0,0,0,0,0,0,0,0,0,0,0,0,0,0,0,0,0,0,0,0,0,0,30,0.0,0.0,0.0,0.43333333333333335,0.0,41.99,"['HTTP_Request_Smuggling', 'CredsExpose']"
http://localhost:5050/api/v1/imports/multi-http_request_smuggling-credsexpose/<resource_name>,200,0,21.13,579,5.145334868184311,0.0,0,0,0,0,0,0.0,0,0,0,0,0,0,0,0,0,0,0,0,0,0,0,0,0,0,0,0,0,0,0,0,0,0,0,0,0,0,1,0,8,3,0,2,0,3,0,0,0.0,0,0,0,0,0,0,0,0,0,0,0,0,0,0,0,0,0,0,0,0,0,0,0,0,0,0,0,0,0,0,0,0,0,0,0,28,0.0,0.0,0.0,0.35714285714285715,0.0,41.97,"['HTTP_Request_Smuggling', 'CredsExpose']"
http://localhost:5050/api/v1/profiles/multi-http_request_smuggling-credsexpose/<resource_name>,200,0,19.48,582,5.149700563503988,0.0,0,0,0,0,0,0.0,0,0,0,0,0,0,0,0,0,0,0,0,0,0,0,0,0,0,0,0,0,0,0,0,0,0,0,0,0,0,1,0,8,3,0,2,0,3,0,0,0.0,0,0,0,0,0,0,0,0,0,0,0,0,0,0,0,0,0,0,0,0,0,0,0,0,0,0,0,0,0,0,0,0,0,0,0,28,0.0,0.0,0.0,0.21428571428571427,0.0,41.86,"['HTTP_Request_Smuggling', 'CredsExpose']"
http://localhost:5050/api/v1/settings/multi-http_request_smuggling-credsexpose/<resource_name>,200,0,6.72,582,5.119648418070118,0.0,0,0,0,0,0,0.0,0,0,0,0,0,0,0,0,0,0,0,0,0,0,0,0,0,0,0,0,0,0,0,0,0,0,0,0,0,0,1,0,8,3,0,2,0,3,0,0,0.0,0,0,0,0,0,0,0,0,0,0,0,0,0,0,0,0,0,0,0,0,0,0,0,0,0,0,0,0,0,0,0,0,0,0,0,27,0.0,0.0,0.0,0.25925925925925924,0.0,41.95,"['HTTP_Request_Smuggling', 'CredsExpose']"
http://localhost:5050/api/v1/teams/multi-http_request_smuggling-credsexpose/<resource_name>,200,0,7.52,573,5.138618004464221,0.0,0,0,0,0,0,0.0,0,0,0,0,0,0,0,0,0,0,0,0,0,0,0,0,0,0,0,0,0,0,0,0,0,0,0,0,0,0,1,0,8,3,0,2,0,3,0,0,0.0,0,0,0,0,0,0,0,0,0,0,0,0,0,0,0,0,0,0,0,0,0,0,0,0,0,0,0,0,0,0,0,0,0,0,0,28,0.0,0.0,0.0,0.32142857142857145,0.0,41.7,"['HTTP_Request_Smuggling', 'CredsExpose']"
http://localhost:5050/api/v1/organizations/multi-http_request_smuggling-credsexpose/<resource_name>,200,0,19.45,597,5.1539560602765615,0.0,0,0,0,0,0,0.0,0,0,0,0,0,0,0,0,0,0,0,0,0,0,0,0,0,0,0,0,0,0,0,0,0,0,0,0,0,0,1,0,8,3,0,2,0,3,0,0,0.0,0,0,0,0,0,0,0,0,0,0,0,0,0,0,0,0,0,0,0,0,0,0,0,0,0,0,0,0,0,0,0,0,0,0,0,30,0.0,0.0,0.0,0.3,0.0,41.89,"['HTTP_Request_Smuggling', 'CredsExpose']"
http://localhost:5050/api/v2/products/multi-http_request_smuggling-credsexpose/<resource_name>,200,0,7.51,582,5.141473940601162,0.0,0,0,0,0,0,0.0,0,0,0,0,0,0,0,0,0,0,0,0,0,0,0,0,0,0,0,0,0,0,0,0,0,0,0,0,0,0,1,0,8,3,0,1,0,2,0,0,0.0,0,0,0,0,0,0,0,0,0,0,0,0,0,0,0,0,0,0,0,0,0,0,0,0,0,0,0,0,0,0,0,0,0,0,0,28,0.0,0.0,0.0,0.32142857142857145,0.0,41.86,"['HTTP_Request_Smuggling', 'CredsExpose']"
http://localhost:5050/api/v2/users/multi-http_request_smuggling-credsexpose/<resource_name>,200,0,6.72,573,5.132474747362989,0.0,0,0,0,0,0,0.0,0,0,0,0,0,0,0,0,0,0,0,0,0,0,0,0,0,0,0,0,0,0,0,0,0,0,0,0,0,0,1,0,8,3,0,2,0,2,1,0,0.0,0,0,0,0,0,0,0,0,0,0,0,0,0,0,0,0,0,0,0,0,0,0,0,0,0,0,0,0,0,0,0,0,0,0,0,26,0.0,0.0,0.0,0.3076923076923077,0.0,41.86,"['HTTP_Request_Smuggling', 'CredsExpose']"
http://localhost:5050/api/v2/orders/multi-http_request_smuggling-credsexpose/<resource_name>,200,0,7.51,576,5.138068623300042,0.0,0,0,0,0,0,0.0,0,0,0,0,0,0,0,0,0,0,0,0,0,0,0,0,0,0,0,0,0,0,0,0,0,0,0,0,0,0,1,0,8,3,0,1,0,2,0,0,0.0,0,0,0,0,0,0,0,0,0,0,0,0,0,0,0,0,0,0,0,0,0,0,0,0,0,0,0,0,0,0,0,0,0,0,0,26,0.0,0.0,0.0,0.4230769230769231,0.0,41.81,"['HTTP_Request_Smuggling', 'CredsExpose']"
http://localhost:5050/api/v2/invoices/multi-http_request_smuggling-credsexpose/<resource_name>,200,0,6.69,582,5.150223613767689,0.0,0,0,0,0,0,0.0,0,0,0,0,0,0,0,0,0,0,0,0,0,0,0,0,0,0,0,0,0,0,0,0,0,0,0,0,0,0,1,0,8,3,0,1,0,2,0,0,0.0,0,0,0,0,0,0,0,0,0,0,0,0,0,0,0,0,0,0,0,0,0,0,0,0,0,0,0,0,0,0,0,0,0,0,0,28,0.0,0.0,0.0,0.4642857142857143,0.0,41.84,"['HTTP_Request_Smuggling', 'CredsExpose']"
http://localhost:5050/api/v2/comments/multi-http_request_smuggling-credsexpose/<resource_name>,200,0,6.71,582,5.1378092832255025,0.0,0,0,0,0,0,0.0,0,0,0,0,0,0,0,0,0,0,0,0,0,0,0,0,0,0,0,0,0,0,0,0,0,0,0,0,0,0,1,0,8,3,0,1,0,2,0,0,0.0,0,0,0,0,0,0,0,0,0,0,0,0,0,0,0,0,0,0,0,0,0,0,0,0,0,0,0,0,0,0,0,0,0,0,0,28,0.0,0.0,0.0,0.42857142857142855,0.0,41.78,"['HTTP_Request_Smuggling', 'CredsExpose']"
http://localhost:5050/api/v2/files/multi-http_request_smuggling-credsexpose/<resource_name>,200,0,21.13,573,5.152121309433028,0.0,0,0,0,0,0,0.0,0,0,0,0,0,0,0,0,0,0,0,0,0,0,0,0,0,0,0,0,0,0,0,0,0,0,0,0,0,0,1,0,8,3,0,1,0,2,0,0,0.0,0,0,0,0,0,0,0,0,0,0,0,0,0,0,0,0,0,0,0,0,0,0,0,0,0,0,0,0,0,0,0,0,0,0,0,30,0.0,0.0,0.0,0.36666666666666664,0.0,41.99,"['HTTP_Request_Smuggling', 'CredsExpose']"
http://localhost:5050/api/v2/images/multi-http_request_smuggling-credsexpose/<resource_name>,200,0,21.09,576,5.145456991569356,0.0,0,0,0,0,0,0.0,0,0,0,0,0,0,0,0,0,0,0,0,0,0,0,0,0,0,0,0,0,0,0,0,0,0,0,0,0,0,1,0,8,3,0,1,0,2,0,0,0.0,0,0,0,0,0,0,0,0,0,0,0,0,0,0,0,0,0,0,0,0,0,0,0,0,0,0,0,0,0,0,0,0,0,0,0,28,0.0,0.0,0.0,0.42857142857142855,0.0,41.75,"['HTTP_Request_Smuggling', 'CredsExpose']"
http://localhost:5050/api/v2/reports/multi-http_request_smuggling-credsexpose/<resource_name>,200,0,7.51,579,5.131279629829137,0.0,0,0,0,0,0,0.0,0,0,0,0,0,0,0,0,0,0,0,0,0,0,0,0,0,0,0,0,0,0,0,0,0,0,0,0,0,0,1,0,8,3,0,1,0,2,0,0,0.0,0,0,0,0,0,0,0,0,0,0,0,0,0,0,0,0,0,0,0,0,0,0,0,0,0,0,0,0,0,0,0,0,0,0,0,27,0.0,0.0,0.0,0.2962962962962963,0.0,41.92,"['HTTP_Request_Smuggling', 'CredsExpose']"
http://localhost:5050/api/v2/tickets/multi-http_request_smuggling-credsexpose/<resource_name>,200,0,6.71,579,5.1405035015324465,0.0,0,0,0,0,0,0.0,0,0,0,0,0,0,0,0,0,0,0,0,0,0,0,0,0,0,0,0,0,0,0,0,0,0,0,0,0,0,1,0,8,3,0,1,0,2,0,0,0.0,0,0,0,0,0,0,0,0,0,0,0,0,0,0,0,0,0,0,0,0,0,0,0,0,0,0,0,0,0,0,0,0,0,0,0,27,0.0,0.0,0.0,0.25925925925925924,0.0,41.68,"['HTTP_Request_Smuggling', 'CredsExpose']"
http://localhost:5050/api/v2/messages/multi-http_request_smuggling-credsexpose/<resource_name>,200,0,6.71,582,5.1220446139036735,0.0,0,0,0,0,0,0.0,0,0,0,0,0,0,0,0,0,0,0,0,0,0,0,0,0,0,0,0,0,0,0,0,0,0,0,0,0,0,1,0,8,3,0,1,0,2,0,0,0.0,0,0,0,0,0,0,0,0,0,0,0,0,0,0,0,0,0,0,0,0,0,0,0,0,0,0,0,0,0,0,0,0,0,0,0,26,0.0,0.0,0.0,0.23076923076923078,0.0,41.85,"['HTTP_Request_Smuggling', 'CredsExpose']"
http://localhost:5050/api/v2/projects/multi-http_request_smuggling-credsexpose/<resource_name>,200,0,21.0,582,5.149163638310173,0.0,0,0,0,0,0,0.0,0,0,0,0,0,0,0,0,0,0,0,0,0,0,0,0,0,0,0,0,0,0,0,0,0,0,0,0,0,0,1,0,8,3,0,1,0,2,0,0,0.0,0,0,0,0,0,0,0,0,0,0,0,0,0,0,0,0,0,0,0,0,0,0,0,0,0,0,0,0,0,0,0,0,0,0,0,30,0.0,0.0,0.0,0.4666666666666667,0.0,41.9,"['HTTP_Request_Smuggling', 'CredsExpose']"
http://localhost:5050/api/v2/tasks/multi-http_request_smuggling-credsexpose/<resource_name>,200,0,21.05,573,5.147569212768586,0.0,0,0,0,0,0,0.0,0,0,0,0,0,0,0,0,0,0,0,0,0,0,0,0,0,0,0,0,0,0,0,0,0,0,0,0,0,0,1,0,8,3,0,1,0,2,0,0,0.0,0,0,0,0,0,0,0,0,0,0,0,0,0,0,0,0,0,0,0,0,0,0,0,0,0,0,0,0,0,0,0,0,0,0,0,30,0.0,0.0,0.0,0.26666666666666666,0.0,41.98,"['HTTP_Request_Smuggling', 'CredsExpose']"
http://localhost:5050/api/v2/payments/multi-http_request_smuggling-credsexpose/<resource_name>,200,0,6.71,582,5.1460758947486696,0.0,0,0,0,0,0,0.0,0,0,0,0,0,0,0,0,0,0,0,0,0,0,0,0,0,0,0,0,0,0,0,0,0,0,0,0,0,0,1,0,8,3,0,1,0,2,0,0,0.0,0,0,0,0,0,0,0,0,0,0,0,0,0,0,0,0,0,0,0,0,0,0,0,0,0,0,0,0,0,0,0,0,0,0,0,27,0.0,0.0,0.0,0.2962962962962963,0.0,41.73,"['HTTP_Request_Smuggling', 'CredsExpose']"
http://localhost:5050/api/v2/accounts/multi-http_request_smuggling-credsexpose/<resource_name>,200,0,6.71,582,5.141145114539991,0.0,0,0,0,0,0,0.0,0,0,0,0,0,0,0,0,0,0,0,0,0,0,0,0,0,0,0,0,0,0,0,0,0,0,0,0,0,0,1,0,8,3,0,1,0,2,0,0,0.0,0,0,0,0,0,0,0,0,0,0,0,0,0,0,0,0,0,0,0,0,0,0,0,0,0,0,0,0,0,0,0,0,0,0,0,29,0.0,0.0,0.0,0.3793103448275862,0.0,41.83,"['HTTP_Request_Smuggling', 'CredsExpose']"
http://localhost:5050/api/v2/sessions/multi-http_request_smuggling-credsexpose/<resource_name>,200,0,19.39,582,5.116144790153826,0.0,0,0,0,0,0,0.0,0,0,0,0,0,0,0,0,0,0,0,0,0,0,0,0,0,0,0,0,0,0,0,0,0,0,0,0,0,0,1,0,8,3,0,1,0,2,0,0,0.0,0,0,0,0,0,0,0,0,0,0,0,0,0,0,0,0,0,0,0,0,0,0,0,0,0,0,0,0,0,0,0,0,0,0,0,28,0.0,0.0,0.0,0.2857142857142857,0.0,41.92,"['HTTP_Request_Smuggling', 'CredsExpose']"
http://localhost:5050/api/v2/documents/multi-http_request_smuggling-credsexpose/<resource_name>,200,0,7.51,585,5.13431651802645,0.0,0,0,0,0,0,0.0,0,0,0,0,0,0,0,0,0,0,0,0,0,0,0,0,0,0,0,0,0,0,0,0,0,0,0,0,0,0,1,0,8,3,0,1,0,2,0,0,0.0,0,0,0,0,0,0,0,0,0,0,0,0,0,0,0,0,0,0,0,0,0,0,0,0,0,0,0,0,0,0,0,0,0,0,0,28,0.0,0.0,0.0,0.35714285714285715,0.0,41.91,"['HTTP_Request_Smuggling', 'CredsExpose']"
http://localhost:5050/api/v2/reviews/multi-http_request_smuggling-credsexpose/<resource_name>,200,0,19.35,579,5.150554416615815,0.0,0,0,0,0,0,0.0,0,0,0,0,0,0,0,0,0,0,0,0,0,0,0,0,0,0,0,0,0,0,0,0,0,0,0,0,0,0,1,0,8,3,0,1,0,2,0,0,0.0,0,0,0,0,0,0,0,0,0,0,0,0,0,0,0,0,0,0,0,0,0,0,0,0,0,0,0,0,0,0,0,0,0,0,0,29,0.0,0.0,0.0,0.3448275862068966,0.0,41.84,"['HTTP_Request_Smuggling', 'CredsExpose']"
http://localhost:5050/api/v2/articles/multi-http_request_smuggling-credsexpose/<resource_name>,200,0,7.5,582,5.138630351368282,0.0,0,0,0,0,0,0.0,0,0,0,0,0,0,0,0,0,0,0,0,0,0,0,0,0,0,0,0,0,0,0,0,0,0,0,0,0,0,1,0,8,3,0,1,0,2,0,0,0.0,0,0,0,0,0,0,0,0,0,0,0,0,0,0,0,0,0,0,0,0,0,0,0,0,0,0,0,0,0,0,0,0,0,0,0,27,0.0,0.0,0.0,0.25925925925925924,0.0,41.87,"['HTTP_Request_Smuggling', 'CredsExpose']"
http://localhost:5050/api/v2/events/multi-http_request_smuggling-credsexpose/<resource_name>,200,0,6.71,576,5.1341763853563736,0.0,0,0,0,0,0,0.0,0,0,0,0,0,0,0,0,0,0,0,0,0,0,0,0,0,0,0,0,0,0,0,0,0,0,0,0,0,0,1,0,8,3,0,1,0,2,0,0,0.0,0,0,0,0,0,0,0,0,0,0,0,0,0,0,0,0,0,0,0,0,0,0,0,0,0,0,0,0,0,0,0,0,0,0,0,28,0.0,0.0,0.0,0.35714285714285715,0.0,41.85,"['HTTP_Request_Smuggling', 'CredsExpose']"
http://localhost:5050/api/v2/bookings/multi-http_request_smuggling-credsexpose/<resource_name>,200,0,19.34,582,5.1661872843131995,0.0,0,0,0,0,0,0.0,0,0,0,0,0,0,0,0,0,0,0,0,0,0,0,0,0,0,0,0,0,0,0,0,0,0,0,0,0,0,1,0,8,3,0,1,0,2,0,0,0.0,0,0,0,0,0,0,0,0,0,0,0,0,0,0,0,0,0,0,0,0,0,0,0,0,0,0,0,0,0,0,0,0,0,0,0,30,0.0,0.0,0.0,0.43333333333333335,0.0,41.72,"['HTTP_Request_Smuggling', 'CredsExpose']"
http://localhost:5050/api/v2/subscriptions/multi-http_request_smuggling-credsexpose/<resource_name>,200,0,7.49,597,5.13740373727446,0.0,0,0,0,0,0,0.0,0,0,0,0,0,0,0,0,0,0,0,0,0,0,0,0,0,0,0,0,0,0,0,0,0,0,0,0,0,0,1,0,8,3,0,1,0,2,0,0,0.0,0,0,0,0,0,0,0,0,0,0,0,0,0,0,0,0,0,0,0,0,0,0,0,0,0,0,0,0,0,0,0,0,0,0,0,27,0.0,0.0,0.0,0.4444444444444444,0.0,41.81,"['HTTP_Request_Smuggling', 'CredsExpose']"
http://localhost:5050/api/v2/notifications/multi-http_request_smuggling-credsexpose/<resource_name>,200,0,19.38,597,5.1380430170720865,0.0,0,0,0,0,0,0.0,0,0,0,0,0,0,0,0,0,0,0,0,0,0,0,0,0,0,0,0,0,0,0,0,0,0,0,0,0,0,1,0,8,3,0,1,0,2,0,0,0.0,0,0,0,0,0,0,0,0,0,0,0,0,0,0,0,0,0,0,0,0,0,0,0,0,0,0,0,0,0,0,0,0,0,0,0,27,0.0,0.0,0.0,0.25925925925925924,0.0,41.87,"['HTTP_Request_Smuggling', 'CredsExpose']"
http://localhost:5050/api/v2/logs/multi-http_request_smuggling-credsexpose/<resource_name>,200,0,7.5,570,5.150520853572222,0.0,0,0,0,0,0,0.0,0,0,0,0,0,0,0,0,0,0,0,0,0,0,0,0,0,0,0,0,0,0,0,0,0,0,0,0,0,0,1,0,8,3,0,1,0,2,0,0,0.0,0,0,0,0,0,0,0,0,0,0,0,0,0,0,0,0,0,0,0,0,0,0,0,0,0,0,0,0,0,0,0,0,0,0,0,28,0.0,0.0,0.0,0.32142857142857145,0.0,41.85,"['HTTP_Request_Smuggling', 'CredsExpose']"
http://localhost:5050/api/v2/backups/multi-http_request_smuggling-credsexpose/<resource_name>,200,0,6.71,579,5.170866694897252,0.0,0,0,0,0,0,0.0,0,0,0,0,0,0,0,0,0,0,0,0,0,0,0,0,0,0,0,0,0,0,0,0,0,0,0,0,0,0,1,0,8,3,0,1,0,2,0,0,0.0,0,0,0,0,0,0,0,0,0,0,0,0,0,0,0,0,0,0,0,0,0,0,0,0,0,0,0,0,0,0,0,0,0,0,0,28,0.0,0.0,0.0,0.2857142857142857,0.0,42.03,"['HTTP_Request_Smuggling', 'CredsExpose']"
http://localhost:5050/api/v2/exports/multi-http_request_smuggling-credsexpose/<resource_name>,200,0,21.03,579,5.1423765699849735,0.0,0,0,0,0,0,0.0,0,0,0,0,0,0,0,0,0,0,0,0,0,0,0,0,0,0,0,0,0,0,0,0,0,0,0,0,0,0,1,0,8,3,0,1,0,2,0,0,0.0,0,0,0,0,0,0,0,0,0,0,0,0,0,0,0,0,0,0,0,0,0,0,0,0,0,0,0,0,0,0,0,0,0,0,0,27,0.0,0.0,0.0,0.2962962962962963,0.0,42.01,"['HTTP_Request_Smuggling', 'CredsExpose']"
http://localhost:5050/api/v2/imports/multi-http_request_smuggling-credsexpose/<resource_name>,200,0,7.47,579,5.145334868184312,0.0,0,0,0,0,0,0.0,0,0,0,0,0,0,0,0,0,0,0,0,0,0,0,0,0,0,0,0,0,0,0,0,0,0,0,0,0,0,1,0,8,3,0,1,0,2,0,0,0.0,0,0,0,0,0,0,0,0,0,0,0,0,0,0,0,0,0,0,0,0,0,0,0,0,0,0,0,0,0,0,0,0,0,0,0,30,0.0,0.0,0.0,0.26666666666666666,0.0,41.99,"['HTTP_Request_Smuggling', 'CredsExpose']"
http://localhost:5050/api/v2/profiles/multi-http_request_smuggling-credsexpose/<resource_name>,200,0,6.71,582,5.149700563503988,0.0,0,0,0,0,0,0.0,0,0,0,0,0,0,0,0,0,0,0,0,0,0,0,0,0,0,0,0,0,0,0,0,0,0,0,0,0,0,1,0,8,3,0,1,0,2,0,0,0.0,0,0,0,0,0,0,0,0,0,0,0,0,0,0,0,0,0,0,0,0,0,0,0,0,0,0,0,0,0,0,0,0,0,0,0,26,0.0,0.0,0.0,0.34615384615384615,0.0,41.88,"['HTTP_Request_Smuggling', 'CredsExpose']"
http://localhost:5050/api/v2/settings/multi-http_request_smuggling-credsexpose/<resource_name>,200,0,21.04,582,5.119648418070118,0.0,0,0,0,0,0,0.0,0,0,0,0,0,0,0,0,0,0,0,0,0,0,0,0,0,0,0,0,0,0,0,0,0,0,0,0,0,0,1,0,8,3,0,1,0,2,0,0,0.0,0,0,0,0,0,0,0,0,0,0,0,0,0,0,0,0,0,0,0,0,0,0,0,0,0,0,0,0,0,0,0,0,0,0,0,27,0.0,0.0,0.0,0.5555555555555556,0.0,41.97,"['HTTP_Request_Smuggling', 'CredsExpose']"
http://localhost:5050/api/v2/teams/multi-http_request_smuggling-credsexpose/<resource_name>,200,0,7.52,573,5.138618004464221,0.0,0,0,0,0,0,0.0,0,0,0,0,0,0,0,0,0,0,0,0,0,0,0,0,0,0,0,0,0,0,0,0,0,0,0,0,0,0,1,0,8,3,0,1,0,2,0,0,0.0,0,0,0,0,0,0,0,0,0,0,0,0,0,0,0,0,0,0,0,0,0,0,0,0,0,0,0,0,0,0,0,0,0,0,0,28,0.0,0.0,0.0,0.39285714285714285,0.0,41.71,"['HTTP_Request_Smuggling', 'CredsExpose']"
http://localhost:5050/api/v2/organizations/multi-http_request_smuggling-credsexpose/<resource_name>,200,0,21.04,597,5.1539560602765615,0.0,0,0,0,0,0,0.0,0,0,0,0,0,0,0,0,0,0,0,0,0,0,0,0,0,0,0,0,0,0,0,0,0,0,0,0,0,0,1,0,8,3,0,1,0,2,0,0,0.0,0,0,0,0,0,0,0,0,0,0,0,0,0,0,0,0,0,0,0,0,0,0,0,0,0,0,0,0,0,0,0,0,0,0,0,28,0.0,0.0,0.0,0.14285714285714285,0.0,41.91,"['HTTP_Request_Smuggling', 'CredsExpose']"
http://localhost:5050/products/multi-crlf_injection-openredirect,200,0,7.53,463,4.771394356600816,0.0,0,0,0,0,0,0.0,0,0,0,0,0,0,0,0,0,0,0,0,0,0,0,0,0,0,0,0,0,0,0,0,0,0,0,0,0,0,0,0,8,3,0,0,0,0,0,0,0.0,0,0,0,0,0,0,0,0,0,0,0,0,0,0,0,0,0,0,0,0,0,0,0,0,0,0,0,0,0,0,0,0,0,0,0,28,0.0,0.0,0.0,0.25,0.75,42.24,"['CRLF_Injection', 'OpenRedirect']"
http://localhost:5050/users/multi-crlf_injection-openredirect,200,0,19.39,454,4.76754929074932,0.0,0,0,0,0,0,0.0,0,0,0,0,0,0,0,0,0,0,0,0,0,0,0,0,0,0,0,0,0,0,0,0,0,0,0,0,0,0,0,0,8,3,0,0,0,0,0,0,0.0,0,0,0,0,0,0,0,0,0,0,0,0,0,0,0,0,0,0,0,0,0,0,0,0,0,0,0,0,0,0,0,0,0,0,0,30,0.0,0.0,0.0,0.26666666666666666,0.7333333333333333,42.31,"['CRLF_Injection', 'OpenRedirect']"
http://localhost:5050/orders/multi-crlf_injection-openredirect,200,0,6.71,457,4.757986649393813,0.0,0,0,0,0,0,0.0,0,0,0,0,0,0,0,0,0,0,0,0,0,0,0,0,0,0,0,0,0,0,0,0,0,0,0,0,0,0,0,0,8,3,0,0,0,0,0,0,0.0,0,0,0,0,0,0,0,0,0,0,0,0,0,0,0,0,0,0,0,0,0,0,0,0,0,0,0,0,0,0,0,0,0,0,0,28,0.0,0.0,0.0,0.4642857142857143,0.5357142857142857,42.26,"['CRLF_Injection', 'OpenRedirect']"
http://localhost:5050/files/multi-crlf_injection-openredirect,200,0,6.24,454,4.772111032586199,0.0,0,0,0,0,0,0.0,0,0,0,0,0,0,0,0,0,0,0,0,0,0,0,0,0,0,0,0,0,0,0,0,0,0,0,0,0,0,0,0,8,3,0,0,0,0,0,0,0.0,0,0,0,0,0,0,0,0,0,0,0,0,0,0,0,0,0,0,0,0,0,0,0,0,0,0,0,0,0,0,0,0,0,0,0,30,0.0,0.0,0.0,0.3333333333333333,0.6666666666666666,42.49,"['CRLF_Injection', 'OpenRedirect']"
http://localhost:5050/images/multi-crlf_injection-openredirect,200,0,18.09,457,4.787844567272083,0.0,0,0,0,0,0,0.0,0,0,0,0,0,0,0,0,0,0,0,0,0,0,0,0,0,0,0,0,0,0,0,0,0,0,0,0,0,0,0,0,8,3,0,0,0,0,0,0,0.0,0,0,0,0,0,0,0,0,0,0,0,0,0,0,0,0,0,0,0,0,0,0,0,0,0,0,0,0,0,0,0,0,0,0,0,26,0.0,0.0,0.0,0.19230769230769232,0.8076923076923077,42.13,"['CRLF_Injection', 'OpenRedirect']"
http://localhost:5050/reports/multi-crlf_injection-openredirect,200,0,5.75,460,4.758656167490524,0.0,0,0,0,0,0,0.0,0,0,0,0,0,0,0,0,0,0,0,0,0,0,0,0,0,0,0,0,0,0,0,0,0,0,0,0,0,0,0,0,8,3,0,0,0,0,0,0,0.0,0,0,0,0,0,0,0,0,0,0,0,0,0,0,0,0,0,0,0,0,0,0,0,0,0,0,0,0,0,0,0,0,0,0,0,29,0.0,0.0,0.0,0.3103448275862069,0.6896551724137931,42.44,"['CRLF_Injection', 'OpenRedirect']"
http://localhost:5050/tickets/multi-crlf_injection-openredirect,200,0,6.24,460,4.770311343692914,0.0,0,0,0,0,0,0.0,0,0,0,0,0,0,0,0,0,0,0,0,0,0,0,0,0,0,0,0,0,0,0,0,0,0,0,0,0,0,0,0,8,3,0,0,0,0,0,0,0.0,0,0,0,0,0,0,0,0,0,0,0,0,0,0,0,0,0,0,0,0,0,0,0,0,0,0,0,0,0,0,0,0,0,0,0,30,0.0,0.0,0.0,0.36666666666666664,0.6333333333333333,42.07,"['CRLF_Injection', 'OpenRedirect']"
http://localhost:5050/messages/multi-crlf_injection-openredirect,200,0,19.8,463,4.782857776844522,0.0,0,0,0,0,0,0.0,0,0,0,0,0,0,0,0,0,0,0,0,0,0,0,0,0,0,0,0,0,0,0,0,0,0,0,0,0,0,0,0,8,3,0,0,0,0,0,0,0.0,0,0,0,0,0,0,0,0,0,0,0,0,0,0,0,0,0,0,0,0,0,0,0,0,0,0,0,0,0,0,0,0,0,0,0,27,0.0,0.0,0.0,0.25925925925925924,0.7407407407407407,42.31,"['CRLF_Injection', 'OpenRedirect']"
http://localhost:5050/projects/multi-crlf_injection-openredirect,200,0,19.83,463,4.773423497599389,0.0,0,0,0,0,0,0.0,0,0,0,0,0,0,0,0,0,0,0,0,0,0,0,0,0,0,0,0,0,0,0,0,0,0,0,0,0,0,0,0,8,3,0,0,0,0,0,0,0.0,0,0,0,0,0,0,0,0,0,0,0,0,0,0,0,0,0,0,0,0,0,0,0,0,0,0,0,0,0,0,0,0,0,0,0,28,0.0,0.0,0.0,0.2857142857142857,0.7142857142857143,42.39,"['CRLF_Injection', 'OpenRedirect']"
http://localhost:5050/tasks/multi-crlf_injection-openredirect,200,0,6.22,454,4.791040885776126,0.0,0,0,0,0,0,0.0,0,0,0,0,0,0,0,0,0,0,0,0,0,0,0,0,0,0,0,0,0,0,0,0,0,0,0,0,0,0,0,0,8,3,0,0,0,0,0,0,0.0,0,0,0,0,0,0,0,0,0,0,0,0,0,0,0,0,0,0,0,0,0,0,0,0,0,0,0,0,0,0,0,0,0,0,0,29,0.0,0.0,0.0,0.20689655172413793,0.7931034482758621,42.43,"['CRLF_Injection', 'OpenRedirect']"
http://localhost:5050/payments/multi-crlf_injection-openredirect,200,0,18.05,463,4.78776464406621,0.0,0,0,0,0,0,0.0,0,0,0,0,0,0,0,0,0,0,0,0,0,0,0,0,0,0,0,0,0,0,0,0,0,0,0,0,0,0,0,0,8,3,0,0,0,0,0,0,0.0,0,0,0,0,0,0,0,0,0,0,0,0,0,0,0,0,0,0,0,0,0,0,0,0,0,0,0,0,0,0,0,0,0,0,0,27,0.0,0.0,0.0,0.18518518518518517,0.8148148148148148,42.15,"['CRLF_Injection', 'OpenRedirect']"
http://localhost:5050/accounts/multi-crlf_injection-openredirect,200,0,18.05,463,4.758630511428074,0.0,0,0,0,0,0,0.0,0,0,0,0,0,0,0,0,0,0,0,0,0,0,0,0,0,0,0,0,0,0,0,0,0,0,0,0,0,0,0,0,8,3,0,0,0,0,0,0,0.0,0,0,0,0,0,0,0,0,0,0,0,0,0,0,0,0,0,0,0,0,0,0,0,0,0,0,0,0,0,0,0,0,0,0,0,28,0.0,0.0,0.0,0.35714285714285715,0.6428571428571429,42.32,"['CRLF_Injection', 'OpenRedirect']"
http://localhost:5050/sessions/multi-crlf_injection-openredirect,200,0,6.22,463,4.753825145074311,0.0,0,0,0,0,0,0.0,0,0,0,0,0,0,0,0,0,0,0,0,0,0,0,0,0,0,0,0,0,0,0,0,0,0,0,0,0,0,0,0,8,3,0,0,0,0,0,0,0.0,0,0,0,0,0,0,0,0,0,0,0,0,0,0,0,0,0,0,0,0,0,0,0,0,0,0,0,0,0,0,0,0,0,0,0,28,0.0,0.0,0.0,0.39285714285714285,0.6071428571428571,42.45,"['CRLF_Injection', 'OpenRedirect']"
http://localhost:5050/documents/multi-crlf_injection-openredirect,200,0,18.14,466,4.7616529269182,0.0,0,0,0,0,0,0.0,0,0,0,0,0,0,0,0,0,0,0,0,0,0,0,0,0,0,0,0,0,0,0,0,0,0,0,0,0,0,0,0,8,3,0,0,0,0,0,0,0.0,0,0,0,0,0,0,0,0,0,0,0,0,0,0,0,0,0,0,0,0,0,0,0,0,0,0,0,0,0,0,0,0,0,0,0,29,0.0,0.0,0.0,0.3448275862068966,0.6551724137931034,42.37,"['CRLF_Injection', 'OpenRedirect']"
http://localhost:5050/reviews/multi-crlf_injection-openredirect,200,0,5.7,460,4.776050371255745,0.0,0,0,0,0,0,0.0,0,0,0,0,0,0,0,0,0,0,0,0,0,0,0,0,0,0,0,0,0,0,0,0,0,0,0,0,0,0,0,0,8,3,0,0,0,0,0,0,0.0,0,0,0,0,0,0,0,0,0,0,0,0,0,0,0,0,0,0,0,0,0,0,0,0,0,0,0,0,0,0,0,0,0,0,0,27,0.0,0.0,0.0,0.4074074074074074,0.5925925925925926,42.22,"['CRLF_Injection', 'OpenRedirect']"
http://localhost:5050/articles/multi-crlf_injection-openredirect,200,0,19.72,463,4.752979586508708,0.0,0,0,0,0,0,0.0,0,0,0,0,0,0,0,0,0,0,0,0,0,0,0,0,0,0,0,0,0,0,0,0,0,0,0,0,0,0,0,0,8,3,0,0,0,0,0,0,0.0,0,0,0,0,0,0,0,0,0,0,0,0,0,0,0,0,0,0,0,0,0,0,0,0,0,0,0,0,0,0,0,0,0,0,0,29,0.0,0.0,0.0,0.27586206896551724,0.7241379310344828,42.32,"['CRLF_Injection', 'OpenRedirect']"
http://localhost:5050/events/multi-crlf_injection-openredirect,200,0,5.68,457,4.760406502789641,0.0,0,0,0,0,0,0.0,0,0,0,0,0,0,0,0,0,0,0,0,0,0,0,0,0,0,0,0,0,0,0,0,0,0,0,0,0,0,0,0,8,3,0,0,0,0,0,0,0.0,0,0,0,0,0,0,0,0,0,0,0,0,0,0,0,0,0,0,0,0,0,0,0,0,0,0,0,0,0,0,0,0,0,0,0,27,0.0,0.0,0.0,0.4444444444444444,0.5555555555555556,42.3,"['CRLF_Injection', 'OpenRedirect']"
http://localhost:5050/bookings/multi-crlf_injection-openredirect,200,0,5.74,463,4.814563448884516,0.0,0,0,0,0,0,0.0,0,0,0,0,0,0,0,0,0,0,0,0,0,0,0,0,0,0,0,0,0,0,0,0,0,0,0,0,0,0,0,0,8,3,0,0,0,0,0,0,0.0,0,0,0,0,0,0,0,0,0,0,0,0,0,0,0,0,0,0,0,0,0,0,0,0,0,0,0,0,0,0,0,0,0,0,0,27,0.0,0.0,0.0,0.37037037037037035,0.6296296296296297,42.11,"['CRLF_Injection', 'OpenRedirect']"
http://localhost:5050/subscriptions/multi-crlf_injection-openredirect,200,0,6.18,478,4.7772129881930105,0.0,0,0,0,0,0,0.0,0,0,0,0,0,0,0,0,0,0,0,0,0,0,0,0,0,0,0,0,0,0,0,0,0,0,0,0,0,0,0,0,8,3,0,0,0,0,0,0,0.0,0,0,0,0,0,0,0,0,0,0,0,0,0,0,0,0,0,0,0,0,0,0,0,0,0,0,0,0,0,0,0,0,0,0,0,29,0.0,0.0,0.0,0.3793103448275862,0.6206896551724138,42.13,"['CRLF_Injection', 'OpenRedirect']"
http://localhost:5050/notifications/multi-crlf_injection-openredirect,200,0,18.08,478,4.739688801637003,0.0,0,0,0,0,0,0.0,0,0,0,0,0,0,0,0,0,0,0,0,0,0,0,0,0,0,0,0,0,0,0,0,0,0,0,0,0,0,0,0,8,3,0,0,0,0,0,0,0.0,0,0,0,0,0,0,0,0,0,0,0,0,0,0,0,0,0,0,0,0,0,0,0,0,0,0,0,0,0,0,0,0,0,0,0,29,0.0,0.0,0.0,0.41379310344827586,0.5862068965517241,42.27,"['CRLF_Injection', 'OpenRedirect']"
http://localhost:5050/logs/multi-crlf_injection-openredirect,200,0,18.07,451,4.792121619533738,0.0,0,0,0,0,0,0.0,0,0,0,0,0,0,0,0,0,0,0,0,0,0,0,0,0,0,0,0,0,0,0,0,0,0,0,0,0,0,0,0,8,3,0,0,0,0,0,0,0.0,0,0,0,0,0,0,0,0,0,0,0,0,0,0,0,0,0,0,0,0,0,0,0,0,0,0,0,0,0,0,0,0,0,0,0,29,0.0,0.0,0.0,0.20689655172413793,0.7931034482758621,42.3,"['CRLF_Injection', 'OpenRedirect']"
http://localhost:5050/backups/multi-crlf_injection-openredirect,200,0,19.8,460,4.817286106843577,0.0,0,0,0,0,0,0.0,0,0,0,0,0,0,0,0,0,0,0,0,0,0,0,0,0,0,0,0,0,0,0,0,0,0,0,0,0,0,0,0,8,3,0,0,0,0,0,0,0.0,0,0,0,0,0,0,0,0,0,0,0,0,0,0,0,0,0,0,0,0,0,0,0,0,0,0,0,0,0,0,0,0,0,0,0,30,0.0,0.0,0.0,0.3,0.7,42.4,"['CRLF_Injection', 'OpenRedirect']"
http://localhost:5050/exports/multi-crlf_injection-openredirect,200,0,19.78,460,4.787818385273553,0.0,0,0,0,0,0,0.0,0,0,0,0,0,0,0,0,0,0,0,0,0,0,0,0,0,0,0,0,0,0,0,0,0,0,0,0,0,0,0,0,8,3,0,0,0,0,0,0,0.0,0,0,0,0,0,0,0,0,0,0,0,0,0,0,0,0,0,0,0,0,0,0,0,0,0,0,0,0,0,0,0,0,0,0,0,29,0.0,0.0,0.0,0.20689655172413793,0.7931034482758621,42.44,"['CRLF_Injection', 'OpenRedirect']"
http://localhost:5050/imports/multi-crlf_injection-openredirect,200,0,5.7,460,4.775145809447564,0.0,0,0,0,0,0,0.0,0,0,0,0,0,0,0,0,0,0,0,0,0,0,0,0,0,0,0,0,0,0,0,0,0,0,0,0,0,0,0,0,8,3,0,0,0,0,0,0,0.0,0,0,0,0,0,0,0,0,0,0,0,0,0,0,0,0,0,0,0,0,0,0,0,0,0,0,0,0,0,0,0,0,0,0,0,28,0.0,0.0,0.0,0.25,0.75,42.44,"['CRLF_Injection', 'OpenRedirect']"
http://localhost:5050/profiles/multi-crlf_injection-openredirect,200,0,6.23,463,4.771251584397124,0.0,0,0,0,0,0,0.0,0,0,0,0,0,0,0,0,0,0,0,0,0,0,0,0,0,0,0,0,0,0,0,0,0,0,0,0,0,0,0,0,8,3,0,0,0,0,0,0,0.0,0,0,0,0,0,0,0,0,0,0,0,0,0,0,0,0,0,0,0,0,0,0,0,0,0,0,0,0,0,0,0,0,0,0,0,30,0.0,0.0,0.0,0.36666666666666664,0.6333333333333333,42.33,"['CRLF_Injection', 'OpenRedirect']"
http://localhost:5050/settings/multi-crlf_injection-openredirect,200,0,18.08,463,4.7682134621861785,0.0,0,0,0,0,0,0.0,0,0,0,0,0,0,0,0,0,0,0,0,0,0,0,0,0,0,0,0,0,0,0,0,0,0,0,0,0,0,0,0,8,3,0,0,0,0,0,0,0.0,0,0,0,0,0,0,0,0,0,0,0,0,0,0,0,0,0,0,0,0,0,0,0,0,0,0,0,0,0,0,0,0,0,0,0,27,0.0,0.0,0.0,0.37037037037037035,0.6296296296296297,42.45,"['CRLF_Injection', 'OpenRedirect']"
http://localhost:5050/teams/multi-crlf_injection-openredirect,200,0,5.74,454,4.768860099335006,0.0,0,0,0,0,0,0.0,0,0,0,0,0,0,0,0,0,0,0,0,0,0,0,0,0,0,0,0,0,0,0,0,0,0,0,0,0,0,0,0,8,3,0,0,0,0,0,0,0.0,0,0,0,0,0,0,0,0,0,0,0,0,0,0,0,0,0,0,0,0,0,0,0,0,0,0,0,0,0,0,0,0,0,0,0,28,0.0,0.0,0.0,0.39285714285714285,0.6071428571428571,42.06,"['CRLF_Injection', 'OpenRedirect']"
http://localhost:5050/organizations/multi-crlf_injection-openredirect,200,0,5.7,478,4.780976286515035,0.0,0,0,0,0,0,0.0,0,0,0,0,0,0,0,0,0,0,0,0,0,0,0,0,0,0,0,0,0,0,0,0,0,0,0,0,0,0,0,0,8,3,0,0,0,0,0,0,0.0,0,0,0,0,0,0,0,0,0,0,0,0,0,0,0,0,0,0,0,0,0,0,0,0,0,0,0,0,0,0,0,0,0,0,0,29,0.0,0.0,0.0,0.3448275862068966,0.6551724137931034,42.38,"['CRLF_Injection', 'OpenRedirect']"
http://localhost:5050/api/v1/products/multi-crlf_injection-openredirect,200,0,19.77,470,4.795214539929386,0.0,0,0,0,0,0,0.0,0,0,0,0,0,0,0,0,0,0,0,0,0,0,0,0,0,0,0,0,0,0,0,0,0,0,0,0,0,0,0,0,8,3,0,2,0,3,0,0,0.0,0,0,0,0,0,0,0,0,0,0,0,0,0,0,0,0,0,0,0,0,0,0,0,0,0,0,0,0,0,0,0,0,0,0,0,28,0.0,0.0,0.0,0.42857142857142855,0.5714285714285714,42.37,"['CRLF_Injection', 'OpenRedirect']"
http://localhost:5050/api/v1/users/multi-crlf_injection-openredirect,200,0,18.05,461,4.792412929985418,0.0,0,0,0,0,0,0.0,0,0,0,0,0,0,0,0,0,0,0,0,0,0,0,0,0,0,0,0,0,0,0,0,0,0,0,0,0,0,0,0,8,3,0,3,0,3,1,0,0.0,0,0,0,0,0,0,0,0,0,0,0,0,0,0,0,0,0,0,0,0,0,0,0,0,0,0,0,0,0,0,0,0,0,0,0,28,0.0,0.0,0.0,0.5357142857142857,0.4642857142857143,42.43,"['CRLF_Injection', 'OpenRedirect']"
http://localhost:5050/api/v1/orders/multi-crlf_injection-openredirect,200,0,5.75,464,4.782976053159192,0.0,0,0,0,0,0,0.0,0,0,0,0,0,0,0,0,0,0,0,0,0,0,0,0,0,0,0,0,0,0,0,0,0,0,0,0,0,0,0,0,8,3,0,2,0,3,0,0,0.0,0,0,0,0,0,0,0,0,0,0,0,0,0,0,0,0,0,0,0,0,0,0,0,0,0,0,0,0,0,0,0,0,0,0,0,27,0.0,0.0,0.0,0.2222222222222222,0.7777777777777778,42.37,"['CRLF_Injection', 'OpenRedirect']"
http://localhost:5050/api/v1/invoices/multi-crlf_injection-openredirect,200,0,18.08,470,4.7828595973042685,0.0,0,0,0,0,0,0.0,0,0,0,0,0,0,0,0,0,0,0,0,0,0,0,0,0,0,0,0,0,0,0,0,0,0,0,0,0,0,0,0,8,3,0,2,0,3,0,0,0.0,0,0,0,0,0,0,0,0,0,0,0,0,0,0,0,0,0,0,0,0,0,0,0,0,0,0,0,0,0,0,0,0,0,0,0,28,0.0,0.0,0.0,0.17857142857142858,0.8214285714285714,42.34,"['CRLF_Injection', 'OpenRedirect']"
http://localhost:5050/api/v1/comments/multi-crlf_injection-openredirect,200,0,6.18,470,4.7897963219667705,0.0,0,0,0,0,0,0.0,0,0,0,0,0,0,0,0,0,0,0,0,0,0,0,0,0,0,0,0,0,0,0,0,0,0,0,0,0,0,0,0,8,3,0,2,0,3,0,0,0.0,0,0,0,0,0,0,0,0,0,0,0,0,0,0,0,0,0,0,0,0,0,0,0,0,0,0,0,0,0,0,0,0,0,0,0,30,0.0,0.0,0.0,0.43333333333333335,0.5666666666666667,42.36,"['CRLF_Injection', 'OpenRedirect']"
http://localhost:5050/api/v1/files/multi-crlf_injection-openredirect,200,0,6.17,461,4.796557285039987,0.0,0,0,0,0,0,0.0,0,0,0,0,0,0,0,0,0,0,0,0,0,0,0,0,0,0,0,0,0,0,0,0,0,0,0,0,0,0,0,0,8,3,0,2,0,3,0,0,0.0,0,0,0,0,0,0,0,0,0,0,0,0,0,0,0,0,0,0,0,0,0,0,0,0,0,0,0,0,0,0,0,0,0,0,0,29,0.0,0.0,0.0,0.13793103448275862,0.8620689655172413,42.63,"['CRLF_Injection', 'OpenRedirect']"
http://localhost:5050/api/v1/images/multi-crlf_injection-openredirect,200,0,19.75,464,4.811592637468699,0.0,0,0,0,0,0,0.0,0,0,0,0,0,0,0,0,0,0,0,0,0,0,0,0,0,0,0,0,0,0,0,0,0,0,0,0,0,0,0,0,8,3,0,2,0,3,0,0,0.0,0,0,0,0,0,0,0,0,0,0,0,0,0,0,0,0,0,0,0,0,0,0,0,0,0,0,0,0,0,0,0,0,0,0,0,27,0.0,0.0,0.0,0.25925925925925924,0.7407407407407407,42.24,"['CRLF_Injection', 'OpenRedirect']"
http://localhost:5050/api/v1/reports/multi-crlf_injection-openredirect,200,0,18.1,467,4.782680788608594,0.0,0,0,0,0,0,0.0,0,0,0,0,0,0,0,0,0,0,0,0,0,0,0,0,0,0,0,0,0,0,0,0,0,0,0,0,0,0,0,0,8,3,0,2,0,3,0,0,0.0,0,0,0,0,0,0,0,0,0,0,0,0,0,0,0,0,0,0,0,0,0,0,0,0,0,0,0,0,0,0,0,0,0,0,0,29,0.0,0.0,0.0,0.3448275862068966,0.6551724137931034,42.59,"['CRLF_Injection', 'OpenRedirect']"
http://localhost:5050/api/v1/tickets/multi-crlf_injection-openredirect,200,0,6.22,467,4.794752255696337,0.0,0,0,0,0,0,0.0,0,0,0,0,0,0,0,0,0,0,0,0,0,0,0,0,0,0,0,0,0,0,0,0,0,0,0,0,0,0,0,0,8,3,0,2,0,3,0,0,0.0,0,0,0,0,0,0,0,0,0,0,0,0,0,0,0,0,0,0,0,0,0,0,0,0,0,0,0,0,0,0,0,0,0,0,0,30,0.0,0.0,0.0,0.3,0.7,42.19,"['CRLF_Injection', 'OpenRedirect']"
http://localhost:5050/api/v1/messages/multi-crlf_injection-openredirect,200,0,5.71,470,4.806996562326252,0.0,0,0,0,0,0,0.0,0,0,0,0,0,0,0,0,0,0,0,0,0,0,0,0,0,0,0,0,0,0,0,0,0,0,0,0,0,0,0,0,8,3,0,2,0,3,0,0,0.0,0,0,0,0,0,0,0,0,0,0,0,0,0,0,0,0,0,0,0,0,0,0,0,0,0,0,0,0,0,0,0,0,0,0,0,29,0.0,0.0,0.0,0.41379310344827586,0.5862068965517241,42.45,"['CRLF_Injection', 'OpenRedirect']"
http://localhost:5050/api/v1/projects/multi-crlf_injection-openredirect,200,0,19.77,470,4.797213459679044,0.0,0,0,0,0,0,0.0,0,0,0,0,0,0,0,0,0,0,0,0,0,0,0,0,0,0,0,0,0,0,0,0,0,0,0,0,0,0,0,0,8,3,0,2,0,3,0,0,0.0,0,0,0,0,0,0,0,0,0,0,0,0,0,0,0,0,0,0,0,0,0,0,0,0,0,0,0,0,0,0,0,0,0,0,0,26,0.0,0.0,0.0,0.23076923076923078,0.7692307692307693,42.52,"['CRLF_Injection', 'OpenRedirect']"
http://localhost:5050/api/v1/tasks/multi-crlf_injection-openredirect,200,0,18.08,461,4.815099901580207,0.0,0,0,0,0,0,0.0,0,0,0,0,0,0,0,0,0,0,0,0,0,0,0,0,0,0,0,0,0,0,0,0,0,0,0,0,0,0,0,0,8,3,0,2,0,3,0,0,0.0,0,0,0,0,0,0,0,0,0,0,0,0,0,0,0,0,0,0,0,0,0,0,0,0,0,0,0,0,0,0,0,0,0,0,0,28,0.0,0.0,0.0,0.21428571428571427,0.7857142857142857,42.58,"['CRLF_Injection', 'OpenRedirect']"
http://localhost:5050/api/v1/payments/multi-crlf_injection-openredirect,200,0,5.74,470,4.810901673673015,0.0,0,0,0,0,0,0.0,0,0,0,0,0,0,0,0,0,0,0,0,0,0,0,0,0,0,0,0,0,0,0,0,0,0,0,0,0,0,0,0,8,3,0,2,0,3,0,0,0.0,0,0,0,0,0,0,0,0,0,0,0,0,0,0,0,0,0,0,0,0,0,0,0,0,0,0,0,0,0,0,0,0,0,0,0,29,0.0,0.0,0.0,0.2413793103448276,0.7586206896551724,42.25,"['CRLF_Injection', 'OpenRedirect']"
http://localhost:5050/api/v1/accounts/multi-crlf_injection-openredirect,200,0,5.76,470,4.783130128522388,0.0,0,0,0,0,0,0.0,0,0,0,0,0,0,0,0,0,0,0,0,0,0,0,0,0,0,0,0,0,0,0,0,0,0,0,0,0,0,0,0,8,3,0,2,0,3,0,0,0.0,0,0,0,0,0,0,0,0,0,0,0,0,0,0,0,0,0,0,0,0,0,0,0,0,0,0,0,0,0,0,0,0,0,0,0,28,0.0,0.0,0.0,0.4642857142857143,0.5357142857142857,42.45,"['CRLF_Injection', 'OpenRedirect']"
http://localhost:5050/api/v1/sessions/multi-crlf_injection-openredirect,200,0,5.7,470,4.778494218950884,0.0,0,0,0,0,0,0.0,0,0,0,0,0,0,0,0,0,0,0,0,0,0,0,0,0,0,0,0,0,0,0,0,0,0,0,0,0,0,0,0,8,3,0,2,0,3,0,0,0.0,0,0,0,0,0,0,0,0,0,0,0,0,0,0,0,0,0,0,0,0,0,0,0,0,0,0,0,0,0,0,0,0,0,0,0,29,0.0,0.0,0.0,0.3103448275862069,0.6896551724137931,42.58,"['CRLF_Injection', 'OpenRedirect']"
http://localhost:5050/api/v1/documents/multi-crlf_injection-openredirect,200,0,19.79,473,4.786525846807097,0.0,0,0,0,0,0,0.0,0,0,0,0,0,0,0,0,0,0,0,0,0,0,0,0,0,0,0,0,0,0,0,0,0,0,0,0,0,0,0,0,8,3,0,2,0,3,0,0,0.0,0,0,0,0,0,0,0,0,0,0,0,0,0,0,0,0,0,0,0,0,0,0,0,0,0,0,0,0,0,0,0,0,0,0,0,28,0.0,0.0,0.0,0.25,0.75,42.5,"['CRLF_Injection', 'OpenRedirect']"
http://localhost:5050/api/v1/reviews/multi-crlf_injection-openredirect,200,0,19.76,467,4.798485351470775,0.0,0,0,0,0,0,0.0,0,0,0,0,0,0,0,0,0,0,0,0,0,0,0,0,0,0,0,0,0,0,0,0,0,0,0,0,0,0,0,0,8,3,0,2,0,3,0,0,0.0,0,0,0,0,0,0,0,0,0,0,0,0,0,0,0,0,0,0,0,0,0,0,0,0,0,0,0,0,0,0,0,0,0,0,0,26,0.0,0.0,0.0,0.23076923076923078,0.7692307692307693,42.34,"['CRLF_Injection', 'OpenRedirect']"
http://localhost:5050/api/v1/articles/multi-crlf_injection-openredirect,200,0,6.18,470,4.777221912880999,0.0,0,0,0,0,0,0.0,0,0,0,0,0,0,0,0,0,0,0,0,0,0,0,0,0,0,0,0,0,0,0,0,0,0,0,0,0,0,0,0,8,3,0,2,0,3,0,0,0.0,0,0,0,0,0,0,0,0,0,0,0,0,0,0,0,0,0,0,0,0,0,0,0,0,0,0,0,0,0,0,0,0,0,0,0,29,0.0,0.0,0.0,0.20689655172413793,0.7931034482758621,42.44,"['CRLF_Injection', 'OpenRedirect']"
http://localhost:5050/api/v1/events/multi-crlf_injection-openredirect,200,0,18.02,464,4.783427079128274,0.0,0,0,0,0,0,0.0,0,0,0,0,0,0,0,0,0,0,0,0,0,0,0,0,0,0,0,0,0,0,0,0,0,0,0,0,0,0,0,0,8,3,0,2,0,3,0,0,0.0,0,0,0,0,0,0,0,0,0,0,0,0,0,0,0,0,0,0,0,0,0,0,0,0,0,0,0,0,0,0,0,0,0,0,0,28,0.0,0.0,0.0,0.2857142857142857,0.7142857142857143,42.43,"['CRLF_Injection', 'OpenRedirect']"
http://localhost:5050/api/v1/bookings/multi-crlf_injection-openredirect,200,0,18.02,470,4.838327909725618,0.0,0,0,0,0,0,0.0,0,0,0,0,0,0,0,0,0,0,0,0,0,0,0,0,0,0,0,0,0,0,0,0,0,0,0,0,0,0,0,0,8,3,0,2,0,3,0,0,0.0,0,0,0,0,0,0,0,0,0,0,0,0,0,0,0,0,0,0,0,0,0,0,0,0,0,0,0,0,0,0,0,0,0,0,0,29,0.0,0.0,0.0,0.1724137931034483,0.8275862068965517,42.22,"['CRLF_Injection', 'OpenRedirect']"
http://localhost:5050/api/v1/subscriptions/multi-crlf_injection-openredirect,200,0,19.71,485,4.8002428564875395,0.0,0,0,0,0,0,0.0,0,0,0,0,0,0,0,0,0,0,0,0,0,0,0,0,0,0,0,0,0,0,0,0,0,0,0,0,0,0,0,0,8,3,0,2,0,3,0,0,0.0,0,0,0,0,0,0,0,0,0,0,0,0,0,0,0,0,0,0,0,0,0,0,0,0,0,0,0,0,0,0,0,0,0,0,0,27,0.0,0.0,0.0,0.3333333333333333,0.6666666666666666,42.24,"['CRLF_Injection', 'OpenRedirect']"
http://localhost:5050/api/v1/notifications/multi-crlf_injection-openredirect,200,0,5.7,485,4.763463827966641,0.0,0,0,0,0,0,0.0,0,0,0,0,0,0,0,0,0,0,0,0,0,0,0,0,0,0,0,0,0,0,0,0,0,0,0,0,0,0,0,0,8,3,0,2,0,3,0,0,0.0,0,0,0,0,0,0,0,0,0,0,0,0,0,0,0,0,0,0,0,0,0,0,0,0,0,0,0,0,0,0,0,0,0,0,0,25,0.0,0.0,0.0,0.28,0.72,42.39,"['CRLF_Injection', 'OpenRedirect']"
http://localhost:5050/api/v1/logs/multi-crlf_injection-openredirect,200,0,6.17,458,4.816627492762397,0.0,0,0,0,0,0,0.0,0,0,0,0,0,0,0,0,0,0,0,0,0,0,0,0,0,0,0,0,0,0,0,0,0,0,0,0,0,0,0,0,8,3,0,2,0,3,0,0,0.0,0,0,0,0,0,0,0,0,0,0,0,0,0,0,0,0,0,0,0,0,0,0,0,0,0,0,0,0,0,0,0,0,0,0,0,30,0.0,0.0,0.0,0.26666666666666666,0.7333333333333333,42.43,"['CRLF_Injection', 'OpenRedirect']"
http://localhost:5050/api/v1/backups/multi-crlf_injection-openredirect,200,0,6.18,467,4.839989743352559,0.0,0,0,0,0,0,0.0,0,0,0,0,0,0,0,0,0,0,0,0,0,0,0,0,0,0,0,0,0,0,0,0,0,0,0,0,0,0,0,0,8,3,0,2,0,3,0,0,0.0,0,0,0,0,0,0,0,0,0,0,0,0,0,0,0,0,0,0,0,0,0,0,0,0,0,0,0,0,0,0,0,0,0,0,0,27,0.0,0.0,0.0,0.4444444444444444,0.5555555555555556,42.51,"['CRLF_Injection', 'OpenRedirect']"
http://localhost:5050/api/v1/exports/multi-crlf_injection-openredirect,200,0,5.69,467,4.811405885354191,0.0,0,0,0,0,0,0.0,0,0,0,0,0,0,0,0,0,0,0,0,0,0,0,0,0,0,0,0,0,0,0,0,0,0,0,0,0,0,0,0,8,3,0,2,0,3,0,0,0.0,0,0,0,0,0,0,0,0,0,0,0,0,0,0,0,0,0,0,0,0,0,0,0,0,0,0,0,0,0,0,0,0,0,0,0,27,0.0,0.0,0.0,0.18518518518518517,0.8148148148148148,42.58,"['CRLF_Injection', 'OpenRedirect']"
http://localhost:5050/api/v1/imports/multi-crlf_injection-openredirect,200,0,6.18,467,4.798579615560311,0.0,0,0,0,0,0,0.0,0,0,0,0,0,0,0,0,0,0,0,0,0,0,0,0,0,0,0,0,0,0,0,0,0,0,0,0,0,0,0,0,8,3,0,2,0,3,0,0,0.0,0,0,0,0,0,0,0,0,0,0,0,0,0,0,0,0,0,0,0,0,0,0,0,0,0,0,0,0,0,0,0,0,0,0,0,30,0.0,0.0,0.0,0.23333333333333334,0.7666666666666667,42.57,"['CRLF_Injection', 'OpenRedirect']"
http://localhost:5050/api/v1/profiles/multi-crlf_injection-openredirect,200,0,18.16,470,4.794732440686628,0.0,0,0,0,0,0,0.0,0,0,0,0,0,0,0,0,0,0,0,0,0,0,0,0,0,0,0,0,0,0,0,0,0,0,0,0,0,0,0,0,8,3,0,2,0,3,0,0,0.0,0,0,0,0,0,0,0,0,0,0,0,0,0,0,0,0,0,0,0,0,0,0,0,0,0,0,0,0,0,0,0,0,0,0,0,29,0.0,0.0,0.0,0.27586206896551724,0.7241379310344828,42.47,"['CRLF_Injection', 'OpenRedirect']"
http://localhost:5050/api/v1/settings/multi-crlf_injection-openredirect,200,0,19.77,470,4.792668241978108,0.0,0,0,0,0,0,0.0,0,0,0,0,0,0,0,0,0,0,0,0,0,0,0,0,0,0,0,0,0,0,0,0,0,0,0,0,0,0,0,0,8,3,0,2,0,3,0,0,0.0,0,0,0,0,0,0,0,0,0,0,0,0,0,0,0,0,0,0,0,0,0,0,0,0,0,0,0,0,0,0,0,0,0,0,0,29,0.0,0.0,0.0,0.41379310344827586,0.5862068965517241,42.6,"['CRLF_Injection', 'OpenRedirect']"
http://localhost:5050/api/v1/teams/multi-crlf_injection-openredirect,200,0,6.17,461,4.793255916668562,0.0,0,0,0,0,0,0.0,0,0,0,0,0,0,0,0,0,0,0,0,0,0,0,0,0,0,0,0,0,0,0,0,0,0,0,0,0,0,0,0,8,3,0,2,0,3,0,0,0.0,0,0,0,0,0,0,0,0,0,0,0,0,0,0,0,0,0,0,0,0,0,0,0,0,0,0,0,0,0,0,0,0,0,0,0,29,0.0,0.0,0.0,0.3103448275862069,0.6896551724137931,42.16,"['CRLF_Injection', 'OpenRedirect']"
http://localhost:5050/api/v1/organizations/multi-crlf_injection-openredirect,200,0,5.69,485,4.804053670927971,0.0,0,0,0,0,0,0.0,0,0,0,0,0,0,0,0,0,0,0,0,0,0,0,0,0,0,0,0,0,0,0,0,0,0,0,0,0,0,0,0,8,3,0,2,0,3,0,0,0.0,0,0,0,0,0,0,0,0,0,0,0,0,0,0,0,0,0,0,0,0,0,0,0,0,0,0,0,0,0,0,0,0,0,0,0,26,0.0,0.0,0.0,0.15384615384615385,0.8461538461538461,42.5,"['CRLF_Injection', 'OpenRedirect']"
http://localhost:5050/api/v2/products/multi-crlf_injection-openredirect,200,0,19.83,470,4.795214539929386,0.0,0,0,0,0,0,0.0,0,0,0,0,0,0,0,0,0,0,0,0,0,0,0,0,0,0,0,0,0,0,0,0,0,0,0,0,0,0,0,0,8,3,0,1,0,2,0,0,0.0,0,0,0,0,0,0,0,0,0,0,0,0,0,0,0,0,0,0,0,0,0,0,0,0,0,0,0,0,0,0,0,0,0,0,0,29,0.0,0.0,0.0,0.3793103448275862,0.6206896551724138,42.38,"['CRLF_Injection', 'OpenRedirect']"
http://localhost:5050/api/v2/users/multi-crlf_injection-openredirect,200,0,5.7,461,4.792412929985418,0.0,0,0,0,0,0,0.0,0,0,0,0,0,0,0,0,0,0,0,0,0,0,0,0,0,0,0,0,0,0,0,0,0,0,0,0,0,0,0,0,8,3,0,2,0,2,1,0,0.0,0,0,0,0,0,0,0,0,0,0,0,0,0,0,0,0,0,0,0,0,0,0,0,0,0,0,0,0,0,0,0,0,0,0,0,28,0.0,0.0,0.0,0.39285714285714285,0.6071428571428571,42.44,"['CRLF_Injection', 'OpenRedirect']"
http://localhost:5050/api/v2/orders/multi-crlf_injection-openredirect,200,0,6.17,464,4.782976053159192,0.0,0,0,0,0,0,0.0,0,0,0,0,0,0,0,0,0,0,0,0,0,0,0,0,0,0,0,0,0,0,0,0,0,0,0,0,0,0,0,0,8,3,0,1,0,2,0,0,0.0,0,0,0,0,0,0,0,0,0,0,0,0,0,0,0,0,0,0,0,0,0,0,0,0,0,0,0,0,0,0,0,0,0,0,0,29,0.0,0.0,0.0,0.3103448275862069,0.6896551724137931,42.38,"['CRLF_Injection', 'OpenRedirect']"
http://localhost:5050/api/v2/invoices/multi-crlf_injection-openredirect,200,0,19.82,470,4.7828595973042685,0.0,0,0,0,0,0,0.0,0,0,0,0,0,0,0,0,0,0,0,0,0,0,0,0,0,0,0,0,0,0,0,0,0,0,0,0,0,0,0,0,8,3,0,1,0,2,0,0,0.0,0,0,0,0,0,0,0,0,0,0,0,0,0,0,0,0,0,0,0,0,0,0,0,0,0,0,0,0,0,0,0,0,0,0,0,29,0.0,0.0,0.0,0.3103448275862069,0.6896551724137931,42.34,"['CRLF_Injection', 'OpenRedirect']"
http://localhost:5050/api/v2/comments/multi-crlf_injection-openredirect,200,0,5.7,470,4.7897963219667705,0.0,0,0,0,0,0,0.0,0,0,0,0,0,0,0,0,0,0,0,0,0,0,0,0,0,0,0,0,0,0,0,0,0,0,0,0,0,0,0,0,8,3,0,1,0,2,0,0,0.0,0,0,0,0,0,0,0,0,0,0,0,0,0,0,0,0,0,0,0,0,0,0,0,0,0,0,0,0,0,0,0,0,0,0,0,30,0.0,0.0,0.0,0.26666666666666666,0.7333333333333333,42.36,"['CRLF_Injection', 'OpenRedirect']"
http://localhost:5050/api/v2/files/multi-crlf_injection-openredirect,200,0,18.05,461,4.796557285039987,0.0,0,0,0,0,0,0.0,0,0,0,0,0,0,0,0,0,0,0,0,0,0,0,0,0,0,0,0,0,0,0,0,0,0,0,0,0,0,0,0,8,3,0,1,0,2,0,0,0.0,0,0,0,0,0,0,0,0,0,0,0,0,0,0,0,0,0,0,0,0,0,0,0,0,0,0,0,0,0,0,0,0,0,0,0,29,0.0,0.0,0.0,0.4482758620689655,0.5517241379310345,42.64,"['CRLF_Injection', 'OpenRedirect']"
http://localhost:5050/api/v2/images/multi-crlf_injection-openredirect,200,0,5.7,464,4.811592637468699,0.0,0,0,0,0,0,0.0,0,0,0,0,0,0,0,0,0,0,0,0,0,0,0,0,0,0,0,0,0,0,0,0,0,0,0,0,0,0,0,0,8,3,0,1,0,2,0,0,0.0,0,0,0,0,0,0,0,0,0,0,0,0,0,0,0,0,0,0,0,0,0,0,0,0,0,0,0,0,0,0,0,0,0,0,0,30,0.0,0.0,0.0,0.26666666666666666,0.7333333333333333,42.24,"['CRLF_Injection', 'OpenRedirect']"
http://localhost:5050/api/v2/reports/multi-crlf_injection-openredirect,200,0,6.19,467,4.782680788608594,0.0,0,0,0,0,0,0.0,0,0,0,0,0,0,0,0,0,0,0,0,0,0,0,0,0,0,0,0,0,0,0,0,0,0,0,0,0,0,0,0,8,3,0,1,0,2,0,0,0.0,0,0,0,0,0,0,0,0,0,0,0,0,0,0,0,0,0,0,0,0,0,0,0,0,0,0,0,0,0,0,0,0,0,0,0,27,0.0,0.0,0.0,0.2222222222222222,0.7777777777777778,42.6,"['CRLF_Injection', 'OpenRedirect']"
http://localhost:5050/api/v2/tickets/multi-crlf_injection-openredirect,200,0,18.14,467,4.794752255696337,0.0,0,0,0,0,0,0.0,0,0,0,0,0,0,0,0,0,0,0,0,0,0,0,0,0,0,0,0,0,0,0,0,0,0,0,0,0,0,0,0,8,3,0,1,0,2,0,0,0.0,0,0,0,0,0,0,0,0,0,0,0,0,0,0,0,0,0,0,0,0,0,0,0,0,0,0,0,0,0,0,0,0,0,0,0,28,0.0,0.0,0.0,0.42857142857142855,0.5714285714285714,42.2,"['CRLF_Injection', 'OpenRedirect']"
http://localhost:5050/api/v2/messages/multi-crlf_injection-openredirect,200,0,19.85,470,4.806996562326252,0.0,0,0,0,0,0,0.0,0,0,0,0,0,0,0,0,0,0,0,0,0,0,0,0,0,0,0,0,0,0,0,0,0,0,0,0,0,0,0,0,8,3,0,1,0,2,0,0,0.0,0,0,0,0,0,0,0,0,0,0,0,0,0,0,0,0,0,0,0,0,0,0,0,0,0,0,0,0,0,0,0,0,0,0,0,30,0.0,0.0,0.0,0.43333333333333335,0.5666666666666667,42.46,"['CRLF_Injection', 'OpenRedirect']"
http://localhost:5050/api/v2/projects/multi-crlf_injection-openredirect,200,0,6.19,470,4.797213459679044,0.0,0,0,0,0,0,0.0,0,0,0,0,0,0,0,0,0,0,0,0,0,0,0,0,0,0,0,0,0,0,0,0,0,0,0,0,0,0,0,0,8,3,0,1,0,2,0,0,0.0,0,0,0,0,0,0,0,0,0,0,0,0,0,0,0,0,0,0,0,0,0,0,0,0,0,0,0,0,0,0,0,0,0,0,0,30,0.0,0.0,0.0,0.23333333333333334,0.7666666666666667,42.53,"['CRLF_Injection', 'OpenRedirect']"
http://localhost:5050/api/v2/tasks/multi-crlf_injection-openredirect,200,0,6.17,461,4.815099901580207,0.0,0,0,0,0,0,0.0,0,0,0,0,0,0,0,0,0,0,0,0,0,0,0,0,0,0,0,0,0,0,0,0,0,0,0,0,0,0,0,0,8,3,0,1,0,2,0,0,0.0,0,0,0,0,0,0,0,0,0,0,0,0,0,0,0,0,0,0,0,0,0,0,0,0,0,0,0,0,0,0,0,0,0,0,0,28,0.0,0.0,0.0,0.39285714285714285,0.6071428571428571,42.59,"['CRLF_Injection', 'OpenRedirect']"
http://localhost:5050/api/v2/payments/multi-crlf_injection-openredirect,200,0,6.17,470,4.810901673673015,0.0,0,0,0,0,0,0.0,0,0,0,0,0,0,0,0,0,0,0,0,0,0,0,0,0,0,0,0,0,0,0,0,0,0,0,0,0,0,0,0,8,3,0,1,0,2,0,0,0.0,0,0,0,0,0,0,0,0,0,0,0,0,0,0,0,0,0,0,0,0,0,0,0,0,0,0,0,0,0,0,0,0,0,0,0,28,0.0,0.0,0.0,0.35714285714285715,0.6428571428571429,42.27,"['CRLF_Injection', 'OpenRedirect']"
http://localhost:5050/api/v2/accounts/multi-crlf_injection-openredirect,200,0,18.31,470,4.783130128522388,0.0,0,0,0,0,0,0.0,0,0,0,0,0,0,0,0,0,0,0,0,0,0,0,0,0,0,0,0,0,0,0,0,0,0,0,0,0,0,0,0,8,3,0,1,0,2,0,0,0.0,0,0,0,0,0,0,0,0,0,0,0,0,0,0,0,0,0,0,0,0,0,0,0,0,0,0,0,0,0,0,0,0,0,0,0,29,0.0,0.0,0.0,0.27586206896551724,0.7241379310344828,42.46,"['CRLF_Injection', 'OpenRedirect']"
http://localhost:5050/api/v2/sessions/multi-crlf_injection-openredirect,200,0,6.76,470,4.778494218950884,0.0,0,0,0,0,0,0.0,0,0,0,0,0,0,0,0,0,0,0,0,0,0,0,0,0,0,0,0,0,0,0,0,0,0,0,0,0,0,0,0,8,3,0,1,0,2,0,0,0.0,0,0,0,0,0,0,0,0,0,0,0,0,0,0,0,0,0,0,0,0,0,0,0,0,0,0,0,0,0,0,0,0,0,0,0,29,0.0,0.0,0.0,0.1724137931034483,0.8275862068965517,42.59,"['CRLF_Injection', 'OpenRedirect']"
http://localhost:5050/api/v2/documents/multi-crlf_injection-openredirect,200,0,5.47,473,4.786525846807097,0.0,0,0,0,0,0,0.0,0,0,0,0,0,0,0,0,0,0,0,0,0,0,0,0,0,0,0,0,0,0,0,0,0,0,0,0,0,0,0,0,8,3,0,1,0,2,0,0,0.0,0,0,0,0,0,0,0,0,0,0,0,0,0,0,0,0,0,0,0,0,0,0,0,0,0,0,0,0,0,0,0,0,0,0,0,29,0.0,0.0,0.0,0.4827586206896552,0.5172413793103449,42.51,"['CRLF_Injection', 'OpenRedirect']"
http://localhost:5050/api/v2/reviews/multi-crlf_injection-openredirect,200,0,5.47,467,4.798485351470775,0.0,0,0,0,0,0,0.0,0,0,0,0,0,0,0,0,0,0,0,0,0,0,0,0,0,0,0,0,0,0,0,0,0,0,0,0,0,0,0,0,8,3,0,1,0,2,0,0,0.0,0,0,0,0,0,0,0,0,0,0,0,0,0,0,0,0,0,0,0,0,0,0,0,0,0,0,0,0,0,0,0,0,0,0,0,26,0.0,0.0,0.0,0.3076923076923077,0.6923076923076923,42.35,"['CRLF_Injection', 'OpenRedirect']"
http://localhost:5050/api/v2/articles/multi-crlf_injection-openredirect,200,0,17.5,470,4.777221912880999,0.0,0,0,0,0,0,0.0,0,0,0,0,0,0,0,0,0,0,0,0,0,0,0,0,0,0,0,0,0,0,0,0,0,0,0,0,0,0,0,0,8,3,0,1,0,2,0,0,0.0,0,0,0,0,0,0,0,0,0,0,0,0,0,0,0,0,0,0,0,0,0,0,0,0,0,0,0,0,0,0,0,0,0,0,0,30,0.0,0.0,0.0,0.2,0.8,42.45,"['CRLF_Injection', 'OpenRedirect']"
http://localhost:5050/api/v2/events/multi-crlf_injection-openredirect,200,0,6.76,464,4.783427079128274,0.0,0,0,0,0,0,0.0,0,0,0,0,0,0,0,0,0,0,0,0,0,0,0,0,0,0,0,0,0,0,0,0,0,0,0,0,0,0,0,0,8,3,0,1,0,2,0,0,0.0,0,0,0,0,0,0,0,0,0,0,0,0,0,0,0,0,0,0,0,0,0,0,0,0,0,0,0,0,0,0,0,0,0,0,0,26,0.0,0.0,0.0,0.15384615384615385,0.8461538461538461,42.44,"['CRLF_Injection', 'OpenRedirect']"
http://localhost:5050/api/v2/bookings/multi-crlf_injection-openredirect,200,0,18.38,470,4.838327909725618,0.0,0,0,0,0,0,0.0,0,0,0,0,0,0,0,0,0,0,0,0,0,0,0,0,0,0,0,0,0,0,0,0,0,0,0,0,0,0,0,0,8,3,0,1,0,2,0,0,0.0,0,0,0,0,0,0,0,0,0,0,0,0,0,0,0,0,0,0,0,0,0,0,0,0,0,0,0,0,0,0,0,0,0,0,0,29,0.0,0.0,0.0,0.3103448275862069,0.6896551724137931,42.23,"['CRLF_Injection', 'OpenRedirect']"
http://localhost:5050/api/v2/subscriptions/multi-crlf_injection-openredirect,200,0,5.46,485,4.8002428564875395,0.0,0,0,0,0,0,0.0,0,0,0,0,0,0,0,0,0,0,0,0,0,0,0,0,0,0,0,0,0,0,0,0,0,0,0,0,0,0,0,0,8,3,0,1,0,2,0,0,0.0,0,0,0,0,0,0,0,0,0,0,0,0,0,0,0,0,0,0,0,0,0,0,0,0,0,0,0,0,0,0,0,0,0,0,0,27,0.0,0.0,0.0,0.4444444444444444,0.5555555555555556,42.25,"['CRLF_Injection', 'OpenRedirect']"
http://localhost:5050/api/v2/notifications/multi-crlf_injection-openredirect,200,0,5.46,485,4.763463827966641,0.0,0,0,0,0,0,0.0,0,0,0,0,0,0,0,0,0,0,0,0,0,0,0,0,0,0,0,0,0,0,0,0,0,0,0,0,0,0,0,0,8,3,0,1,0,2,0,0,0.0,0,0,0,0,0,0,0,0,0,0,0,0,0,0,0,0,0,0,0,0,0,0,0,0,0,0,0,0,0,0,0,0,0,0,0,30,0.0,0.0,0.0,0.3333333333333333,0.6666666666666666,42.4,"['CRLF_Injection', 'OpenRedirect']"
http://localhost:5050/api/v2/logs/multi-crlf_injection-openredirect,200,0,17.57,458,4.816627492762397,0.0,0,0,0,0,0,0.0,0,0,0,0,0,0,0,0,0,0,0,0,0,0,0,0,0,0,0,0,0,0,0,0,0,0,0,0,0,0,0,0,8,3,0,1,0,2,0,0,0.0,0,0,0,0,0,0,0,0,0,0,0,0,0,0,0,0,0,0,0,0,0,0,0,0,0,0,0,0,0,0,0,0,0,0,0,28,0.0,0.0,0.0,0.2857142857142857,0.7142857142857143,42.43,"['CRLF_Injection', 'OpenRedirect']"
http://localhost:5050/api/v2/backups/multi-crlf_injection-openredirect,200,0,6.77,467,4.839989743352559,0.0,0,0,0,0,0,0.0,0,0,0,0,0,0,0,0,0,0,0,0,0,0,0,0,0,0,0,0,0,0,0,0,0,0,0,0,0,0,0,0,8,3,0,1,0,2,0,0,0.0,0,0,0,0,0,0,0,0,0,0,0,0,0,0,0,0,0,0,0,0,0,0,0,0,0,0,0,0,0,0,0,0,0,0,0,28,0.0,0.0,0.0,0.35714285714285715,0.6428571428571429,42.52,"['CRLF_Injection', 'OpenRedirect']"
http://localhost:5050/api/v2/exports/multi-crlf_injection-openredirect,200,0,18.34,467,4.811405885354191,0.0,0,0,0,0,0,0.0,0,0,0,0,0,0,0,0,0,0,0,0,0,0,0,0,0,0,0,0,0,0,0,0,0,0,0,0,0,0,0,0,8,3,0,1,0,2,0,0,0.0,0,0,0,0,0,0,0,0,0,0,0,0,0,0,0,0,0,0,0,0,0,0,0,0,0,0,0,0,0,0,0,0,0,0,0,30,0.0,0.0,0.0,0.4,0.6,42.59,"['CRLF_Injection', 'OpenRedirect']"
http://localhost:5050/api/v2/imports/multi-crlf_injection-openredirect,200,0,6.76,467,4.798579615560311,0.0,0,0,0,0,0,0.0,0,0,0,0,0,0,0,0,0,0,0,0,0,0,0,0,0,0,0,0,0,0,0,0,0,0,0,0,0,0,0,0,8,3,0,1,0,2,0,0,0.0,0,0,0,0,0,0,0,0,0,0,0,0,0,0,0,0,0,0,0,0,0,0,0,0,0,0,0,0,0,0,0,0,0,0,0,28,0.0,0.0,0.0,0.21428571428571427,0.7857142857142857,42.58,"['CRLF_Injection', 'OpenRedirect']"
http://localhost:5050/api/v2/profiles/multi-crlf_injection-openredirect,200,0,18.37,470,4.794732440686628,0.0,0,0,0,0,0,0.0,0,0,0,0,0,0,0,0,0,0,0,0,0,0,0,0,0,0,0,0,0,0,0,0,0,0,0,0,0,0,0,0,8,3,0,1,0,2,0,0,0.0,0,0,0,0,0,0,0,0,0,0,0,0,0,0,0,0,0,0,0,0,0,0,0,0,0,0,0,0,0,0,0,0,0,0,0,28,0.0,0.0,0.0,0.39285714285714285,0.6071428571428571,42.48,"['CRLF_Injection', 'OpenRedirect']"
http://localhost:5050/api/v2/settings/multi-crlf_injection-openredirect,200,0,17.76,470,4.792668241978108,0.0,0,0,0,0,0,0.0,0,0,0,0,0,0,0,0,0,0,0,0,0,0,0,0,0,0,0,0,0,0,0,0,0,0,0,0,0,0,0,0,8,3,0,1,0,2,0,0,0.0,0,0,0,0,0,0,0,0,0,0,0,0,0,0,0,0,0,0,0,0,0,0,0,0,0,0,0,0,0,0,0,0,0,0,0,30,0.0,0.0,0.0,0.3333333333333333,0.6666666666666666,42.61,"['CRLF_Injection', 'OpenRedirect']"
http://localhost:5050/api/v2/teams/multi-crlf_injection-openredirect,200,0,5.46,461,4.793255916668562,0.0,0,0,0,0,0,0.0,0,0,0,0,0,0,0,0,0,0,0,0,0,0,0,0,0,0,0,0,0,0,0,0,0,0,0,0,0,0,0,0,8,3,0,1,0,2,0,0,0.0,0,0,0,0,0,0,0,0,0,0,0,0,0,0,0,0,0,0,0,0,0,0,0,0,0,0,0,0,0,0,0,0,0,0,0,27,0.0,0.0,0.0,0.4074074074074074,0.5925925925925926,42.17,"['CRLF_Injection', 'OpenRedirect']"
http://localhost:5050/api/v2/organizations/multi-crlf_injection-openredirect,200,0,6.76,485,4.804053670927971,0.0,0,0,0,0,0,0.0,0,0,0,0,0,0,0,0,0,0,0,0,0,0,0,0,0,0,0,0,0,0,0,0,0,0,0,0,0,0,0,0,8,3,0,1,0,2,0,0,0.0,0,0,0,0,0,0,0,0,0,0,0,0,0,0,0,0,0,0,0,0,0,0,0,0,0,0,0,0,0,0,0,0,0,0,0,29,0.0,0.0,0.0,0.20689655172413793,0.7931034482758621,42.51,"['CRLF_Injection', 'OpenRedirect']"
http://localhost:5050/products/multi-racecondition-insecperm,405,0,34.94,153,4.599963902086099,0.0,0,0,0,0,0,0.0,0,0,0,0,0,0,0,0,0,0,0,0,0,0,0,0,0,0,0,0,0,0,0,0,0,0,0,0,0,0,0,0,8,3,0,0,0,0,0,0,0.0,0,0,0,0,0,0,0,0,0,0,0,0,0,0,0,0,0,0,0,0,0,0,0,0,0,0,0,0,0,0,0,0,0,0,0,30,0.0,0.0,0.0,0.03333333333333333,0.0,30.0,"['RaceCondition', 'InsecPerm']"
http://localhost:5050/users/multi-racecondition-insecperm,405,0,5.46,153,4.599963902086099,0.0,0,0,0,0,0,0.0,0,0,0,0,0,0,0,0,0,0,0,0,0,0,0,0,0,0,0,0,0,0,0,0,0,0,0,0,0,0,0,0,8,3,0,0,0,0,0,0,0.0,0,0,0,0,0,0,0,0,0,0,0,0,0,0,0,0,0,0,0,0,0,0,0,0,0,0,0,0,0,0,0,0,0,0,0,27,0.0,0.0,0.0,0.2962962962962963,0.0,41.63,"['RaceCondition', 'InsecPerm']"
http://localhost:5050/orders/multi-racecondition-insecperm,405,0,32.75,153,4.599963902086099,0.0,0,0,0,0,0,0.0,0,0,0,0,0,0,0,0,0,0,0,0,0,0,0,0,0,0,0,0,0,0,0,0,0,0,0,0,0,0,0,0,8,3,0,0,0,0,0,0,0.0,0,0,0,0,0,0,0,0,0,0,0,0,0,0,0,0,0,0,0,0,0,0,0,0,0,0,0,0,0,0,0,0,0,0,0,29,0.0,0.0,0.0,0.13793103448275862,0.0,22.93,"['RaceCondition', 'InsecPerm']"
http://localhost:5050/invoices/multi-racecondition-insecperm,405,0,36.63,153,4.599963902086099,0.0,0,0,0,0,0,0.0,0,0,0,0,0,0,0,0,0,0,0,0,0,0,0,0,0,0,0,0,0,0,0,0,0,0,0,0,0,0,0,0,8,3,0,0,0,0,0,0,0.0,0,0,0,0,0,0,0,0,0,0,0,0,0,0,0,0,0,0,0,0,0,0,0,0,0,0,0,0,0,0,0,0,0,0,0,29,0.0,0.0,0.0,0.3103448275862069,0.0,30.0,"['RaceCondition', 'InsecPerm']"
http://localhost:5050/comments/multi-racecondition-insecperm,405,0,6.75,153,4.599963902086099,0.0,0,0,0,0,0,0.0,0,0,0,0,0,0,0,0,0,0,0,0,0,0,0,0,0,0,0,0,0,0,0,0,0,0,0,0,0,0,0,0,8,3,0,0,0,0,0,0,0.0,0,0,0,0,0,0,0,0,0,0,0,0,0,0,0,0,0,0,0,0,0,0,0,0,0,0,0,0,0,0,0,0,0,0,0,30,0.0,0.0,0.0,0.23333333333333334,0.0,41.63,"['RaceCondition', 'InsecPerm']"
http://localhost:5050/files/multi-racecondition-insecperm,405,0,5.46,153,4.599963902086099,0.0,0,0,0,0,0,0.0,0,0,0,0,0,0,0,0,0,0,0,0,0,0,0,0,0,0,0,0,0,0,0,0,0,0,0,0,0,0,0,0,8,3,0,0,0,0,0,0,0.0,0,0,0,0,0,0,0,0,0,0,0,0,0,0,0,0,0,0,0,0,0,0,0,0,0,0,0,0,0,0,0,0,0,0,0,27,0.0,0.0,0.0,0.3333333333333333,0.0,41.63,"['RaceCondition', 'InsecPerm']"
http://localhost:5050/images/multi-racecondition-insecperm,405,0,34.58,153,4.599963902086099,0.0,0,0,0,0,0,0.0,0,0,0,0,0,0,0,0,0,0,0,0,0,0,0,0,0,0,0,0,0,0,0,0,0,0,0,0,0,0,0,0,8,3,0,0,0,0,0,0,0.0,0,0,0,0,0,0,0,0,0,0,0,0,0,0,0,0,0,0,0,0,0,0,0,0,0,0,0,0,0,0,0,0,0,0,0,26,0.0,0.0,0.0,0.15384615384615385,0.0,29.93,"['RaceCondition', 'InsecPerm']"
http://localhost:5050/reports/multi-racecondition-insecperm,405,0,10.0,153,4.599963902086099,0.0,0,0,0,0,0,0.0,0,0,0,0,0,0,0,0,0,0,0,0,0,0,0,0,0,0,0,0,0,0,0,0,0,0,0,0,0,0,0,0,8,3,0,0,0,0,0,0,0.0,0,0,0,0,0,0,0,0,0,0,0,0,0,0,0,0,0,0,0,0,0,0,0,0,0,0,0,0,0,0,0,0,0,0,0,28,0.0,0.0,0.0,0.35714285714285715,0.0,41.63,"['RaceCondition', 'InsecPerm']"
http://localhost:5050/tickets/multi-racecondition-insecperm,0,0,22.79,0,0.0,0.0,0,0,0,0,0,0.0,0,0,0,0,0,0,0,0,0,0,0,0,0,0,0,0,0,0,0,0,0,0,0,0,0,0,0,0,0,0,0,0,1,0,0,0,0,0,0,0,0.0,0,0,0,0,0,0,0,0,0,0,0,0,0,0,0,0,0,0,0,0,0,0,0,0,0,0,0,0,0,0,0,0,0,0,0,30,0.0,0.0,0.0,0.0,0.0,10.83,"['RaceCondition', 'InsecPerm']"
http://localhost:5050/messages/multi-racecondition-insecperm,405,0,6.75,153,4.599963902086099,0.0,0,0,0,0,0,0.0,0,0,0,0,0,0,0,0,0,0,0,0,0,0,0,0,0,0,0,0,0,0,0,0,0,0,0,0,0,0,0,0,8,3,0,0,0,0,0,0,0.0,0,0,0,0,0,0,0,0,0,0,0,0,0,0,0,0,0,0,0,0,0,0,0,0,0,0,0,0,0,0,0,0,0,0,0,27,0.0,0.0,0.0,0.07407407407407407,0.0,41.63,"['RaceCondition', 'InsecPerm']"
http://localhost:5050/projects/multi-racecondition-insecperm,405,0,36.34,153,4.599963902086099,0.0,0,0,0,0,0,0.0,0,0,0,0,0,0,0,0,0,0,0,0,0,0,0,0,0,0,0,0,0,0,0,0,0,0,0,0,0,0,0,0,8,3,0,0,0,0,0,0,0.0,0,0,0,0,0,0,0,0,0,0,0,0,0,0,0,0,0,0,0,0,0,0,0,0,0,0,0,0,0,0,0,0,0,0,0,30,0.0,0.0,0.0,0.16666666666666666,0.0,28.52,"['RaceCondition', 'InsecPerm']"
http://localhost:5050/tasks/multi-racecondition-insecperm,405,0,36.67,153,4.599963902086099,0.0,0,0,0,0,0,0.0,0,0,0,0,0,0,0,0,0,0,0,0,0,0,0,0,0,0,0,0,0,0,0,0,0,0,0,0,0,0,0,0,8,3,0,0,0,0,0,0,0.0,0,0,0,0,0,0,0,0,0,0,0,0,0,0,0,0,0,0,0,0,0,0,0,0,0,0,0,0,0,0,0,0,0,0,0,29,0.0,0.0,0.0,0.1724137931034483,0.0,30.0,"['RaceCondition', 'InsecPerm']"
http://localhost:5050/payments/multi-racecondition-insecperm,405,0,38.71,153,4.599963902086099,0.0,0,0,0,0,0,0.0,0,0,0,0,0,0,0,0,0,0,0,0,0,0,0,0,0,0,0,0,0,0,0,0,0,0,0,0,0,0,0,0,8,3,0,0,0,0,0,0,0.0,0,0,0,0,0,0,0,0,0,0,0,0,0,0,0,0,0,0,0,0,0,0,0,0,0,0,0,0,0,0,0,0,0,0,0,28,0.0,0.0,0.0,0.21428571428571427,0.0,13.25,"['RaceCondition', 'InsecPerm']"
http://localhost:5050/accounts/multi-racecondition-insecperm,405,0,5.46,153,4.599963902086099,0.0,0,0,0,0,0,0.0,0,0,0,0,0,0,0,0,0,0,0,0,0,0,0,0,0,0,0,0,0,0,0,0,0,0,0,0,0,0,0,0,8,3,0,0,0,0,0,0,0.0,0,0,0,0,0,0,0,0,0,0,0,0,0,0,0,0,0,0,0,0,0,0,0,0,0,0,0,0,0,0,0,0,0,0,0,29,0.0,0.0,0.0,0.4827586206896552,0.0,41.63,"['RaceCondition', 'InsecPerm']"
http://localhost:5050/sessions/multi-racecondition-insecperm,405,0,36.77,153,4.599963902086099,0.0,0,0,0,0,0,0.0,0,0,0,0,0,0,0,0,0,0,0,0,0,0,0,0,0,0,0,0,0,0,0,0,0,0,0,0,0,0,0,0,8,3,0,0,0,0,0,0,0.0,0,0,0,0,0,0,0,0,0,0,0,0,0,0,0,0,0,0,0,0,0,0,0,0,0,0,0,0,0,0,0,0,0,0,0,28,0.0,0.0,0.0,0.14285714285714285,0.0,30.0,"['RaceCondition', 'InsecPerm']"
http://localhost:5050/documents/multi-racecondition-insecperm,405,0,36.69,153,4.599963902086099,0.0,0,0,0,0,0,0.0,0,0,0,0,0,0,0,0,0,0,0,0,0,0,0,0,0,0,0,0,0,0,0,0,0,0,0,0,0,0,0,0,8,3,0,0,0,0,0,0,0.0,0,0,0,0,0,0,0,0,0,0,0,0,0,0,0,0,0,0,0,0,0,0,0,0,0,0,0,0,0,0,0,0,0,0,0,29,0.0,0.0,0.0,0.41379310344827586,0.0,24.2,"['RaceCondition', 'InsecPerm']"
http://localhost:5050/reviews/multi-racecondition-insecperm,405,0,6.75,153,4.599963902086099,0.0,0,0,0,0,0,0.0,0,0,0,0,0,0,0,0,0,0,0,0,0,0,0,0,0,0,0,0,0,0,0,0,0,0,0,0,0,0,0,0,8,3,0,0,0,0,0,0,0.0,0,0,0,0,0,0,0,0,0,0,0,0,0,0,0,0,0,0,0,0,0,0,0,0,0,0,0,0,0,0,0,0,0,0,0,30,0.0,0.0,0.0,0.16666666666666666,0.0,41.63,"['RaceCondition', 'InsecPerm']"
http://localhost:5050/articles/multi-racecondition-insecperm,405,0,40.06,153,4.599963902086099,0.0,0,0,0,0,0,0.0,0,0,0,0,0,0,0,0,0,0,0,0,0,0,0,0,0,0,0,0,0,0,0,0,0,0,0,0,0,0,0,0,8,3,0,0,0,0,0,0,0.0,0,0,0,0,0,0,0,0,0,0,0,0,0,0,0,0,0,0,0,0,0,0,0,0,0,0,0,0,0,0,0,0,0,0,0,30,0.0,0.0,0.0,0.2,0.0,30.0,"['RaceCondition', 'InsecPerm']"
http://localhost:5050/events/multi-racecondition-insecperm,405,0,5.45,153,4.599963902086099,0.0,0,0,0,0,0,0.0,0,0,0,0,0,0,0,0,0,0,0,0,0,0,0,0,0,0,0,0,0,0,0,0,0,0,0,0,0,0,0,0,8,3,0,0,0,0,0,0,0.0,0,0,0,0,0,0,0,0,0,0,0,0,0,0,0,0,0,0,0,0,0,0,0,0,0,0,0,0,0,0,0,0,0,0,0,26,0.0,0.0,0.0,0.15384615384615385,0.0,41.63,"['RaceCondition', 'InsecPerm']"
http://localhost:5050/bookings/multi-racecondition-insecperm,0,0,10.42,0,0.0,0.0,0,0,0,0,0,0.0,0,0,0,0,0,0,0,0,0,0,0,0,0,0,0,0,0,0,0,0,0,0,0,0,0,0,0,0,0,0,0,0,8,3,0,0,0,0,0,0,0.0,0,0,0,0,0,0,0,0,0,0,0,0,0,0,0,0,0,0,0,0,0,0,0,0,0,0,0,0,0,0,0,0,0,0,0,30,0.0,0.0,0.0,0.0,0.0,10.83,"['RaceCondition', 'InsecPerm']"
http://localhost:5050/subscriptions/multi-racecondition-insecperm,405,0,36.67,153,4.599963902086099,0.0,0,0,0,0,0,0.0,0,0,0,0,0,0,0,0,0,0,0,0,0,0,0,0,0,0,0,0,0,0,0,0,0,0,0,0,0,0,0,0,8,3,0,0,0,0,0,0,0.0,0,0,0,0,0,0,0,0,0,0,0,0,0,0,0,0,0,0,0,0,0,0,0,0,0,0,0,0,0,0,0,0,0,0,0,29,0.0,0.0,0.0,0.3793103448275862,0.0,26.56,"['RaceCondition', 'InsecPerm']"
http://localhost:5050/notifications/multi-racecondition-insecperm,405,0,26.36,153,4.599963902086099,0.0,0,0,0,0,0,0.0,0,0,0,0,0,0,0,0,0,0,0,0,0,0,0,0,0,0,0,0,0,0,0,0,0,0,0,0,0,0,0,0,8,3,0,0,0,0,0,0,0.0,0,0,0,0,0,0,0,0,0,0,0,0,0,0,0,0,0,0,0,0,0,0,0,0,0,0,0,0,0,0,0,0,0,0,0,30,0.0,0.0,0.0,0.3333333333333333,0.0,41.63,"['RaceCondition', 'InsecPerm']"
http://localhost:5050/logs/multi-racecondition-insecperm,405,0,32.18,153,4.599963902086099,0.0,0,0,0,0,0,0.0,0,0,0,0,0,0,0,0,0,0,0,0,0,0,0,0,0,0,0,0,0,0,0,0,0,0,0,0,0,0,0,0,8,3,0,0,0,0,0,0,0.0,0,0,0,0,0,0,0,0,0,0,0,0,0,0,0,0,0,0,0,0,0,0,0,0,0,0,0,0,0,0,0,0,0,0,0,27,0.0,0.0,0.0,0.07407407407407407,0.0,40.04,"['RaceCondition', 'InsecPerm']"
http://localhost:5050/backups/multi-racecondition-insecperm,405,0,5.08,153,4.599963902086099,0.0,0,0,0,0,0,0.0,0,0,0,0,0,0,0,0,0,0,0,0,0,0,0,0,0,0,0,0,0,0,0,0,0,0,0,0,0,0,0,0,8,3,0,0,0,0,0,0,0.0,0,0,0,0,0,0,0,0,0,0,0,0,0,0,0,0,0,0,0,0,0,0,0,0,0,0,0,0,0,0,0,0,0,0,0,28,0.0,0.0,0.0,0.5357142857142857,0.0,41.63,"['RaceCondition', 'InsecPerm']"
http://localhost:5050/exports/multi-racecondition-insecperm,405,0,8.04,153,4.599963902086099,0.0,0,0,0,0,0,0.0,0,0,0,0,0,0,0,0,0,0,0,0,0,0,0,0,0,0,0,0,0,0,0,0,0,0,0,0,0,0,0,0,8,3,0,0,0,0,0,0,0.0,0,0,0,0,0,0,0,0,0,0,0,0,0,0,0,0,0,0,0,0,0,0,0,0,0,0,0,0,0,0,0,0,0,0,0,30,0.0,0.0,0.0,0.43333333333333335,0.0,41.63,"['RaceCondition', 'InsecPerm']"
http://localhost:5050/imports/multi-racecondition-insecperm,0,0,35.0,0,0.0,0.0,0,0,0,0,0,0.0,0,0,0,0,0,0,0,0,0,0,0,0,0,0,0,0,0,0,0,0,0,0,0,0,0,0,0,0,0,0,0,0,1,0,0,0,0,0,0,0,0.0,0,0,0,0,0,0,0,0,0,0,0,0,0,0,0,0,0,0,0,0,0,0,0,0,0,0,0,0,0,0,0,0,0,0,0,29,0.0,0.0,0.0,0.0,0.0,10.83,"['RaceCondition', 'InsecPerm']"
http://localhost:5050/profiles/multi-racecondition-insecperm,405,0,5.07,153,4.599963902086099,0.0,0,0,0,0,0,0.0,0,0,0,0,0,0,0,0,0,0,0,0,0,0,0,0,0,0,0,0,0,0,0,0,0,0,0,0,0,0,0,0,8,3,0,0,0,0,0,0,0.0,0,0,0,0,0,0,0,0,0,0,0,0,0,0,0,0,0,0,0,0,0,0,0,0,0,0,0,0,0,0,0,0,0,0,0,28,0.0,0.0,0.0,0.39285714285714285,0.0,41.63,"['RaceCondition', 'InsecPerm']"
http://localhost:5050/settings/multi-racecondition-insecperm,405,0,41.75,153,4.599963902086099,0.0,0,0,0,0,0,0.0,0,0,0,0,0,0,0,0,0,0,0,0,0,0,0,0,0,0,0,0,0,0,0,0,0,0,0,0,0,0,0,0,8,3,0,0,0,0,0,0,0.0,0,0,0,0,0,0,0,0,0,0,0,0,0,0,0,0,0,0,0,0,0,0,0,0,0,0,0,0,0,0,0,0,0,0,0,30,0.0,0.0,0.0,0.4,0.0,30.0,"['RaceCondition', 'InsecPerm']"
http://localhost:5050/teams/multi-racecondition-insecperm,0,0,31.82,0,0.0,0.0,0,0,0,0,0,0.0,0,0,0,0,0,0,0,0,0,0,0,0,0,0,0,0,0,0,0,0,0,0,0,0,0,0,0,0,0,0,0,0,8,3,0,0,0,0,0,0,0.0,0,0,0,0,0,0,0,0,0,0,0,0,0,0,0,0,0,0,0,0,0,0,0,0,0,0,0,0,0,0,0,0,0,0,0,28,0.0,0.0,0.0,0.0,0.0,10.83,"['RaceCondition', 'InsecPerm']"
http://localhost:5050/organizations/multi-racecondition-insecperm,0,0,33.74,0,0.0,0.0,0,0,0,0,0,0.0,0,0,0,0,0,0,0,0,0,0,0,0,0,0,0,0,0,0,0,0,0,0,0,0,0,0,0,0,0,0,0,0,8,3,0,0,0,0,0,0,0.0,0,0,0,0,0,0,0,0,0,0,0,0,0,0,0,0,0,0,0,0,0,0,0,0,0,0,0,0,0,0,0,0,0,0,0,30,0.0,0.0,0.0,0.0,0.0,10.83,"['RaceCondition', 'InsecPerm']"
http://localhost:5050/api/v1/products/multi-racecondition-insecperm,405,0,8.02,153,4.599963902086099,0.0,0,0,0,0,0,0.0,0,0,0,0,0,0,0,0,0,0,0,0,0,0,0,0,0,0,0,0,0,0,0,0,0,0,0,0,0,0,0,0,8,3,0,0,0,0,0,0,0.0,0,0,0,0,0,0,0,0,0,0,0,0,0,0,0,0,0,0,0,0,0,0,0,0,0,0,0,0,0,0,0,0,0,0,0,29,0.0,0.0,0.0,0.27586206896551724,0.0,41.63,"['RaceCondition', 'InsecPerm']"
http://localhost:5050/api/v1/users/multi-racecondition-insecperm,0,0,39.01,0,0.0,0.0,0,0,0,0,0,0.0,0,0,0,0,0,0,0,0,0,0,0,0,0,0,0,0,0,0,0,0,0,0,0,0,0,0,0,0,0,0,0,0,8,3,0,0,0,0,0,0,0.0,0,0,0,0,0,0,0,0,0,0,0,0,0,0,0,0,0,0,0,0,0,0,0,0,0,0,0,0,0,0,0,0,0,0,0,24,0.0,0.0,0.0,0.0,0.0,10.83,"['RaceCondition', 'InsecPerm']"
http://localhost:5050/api/v1/orders/multi-racecondition-insecperm,405,0,36.65,153,4.599963902086099,0.0,0,0,0,0,0,0.0,0,0,0,0,0,0,0,0,0,0,0,0,0,0,0,0,0,0,0,0,0,0,0,0,0,0,0,0,0,0,0,0,8,3,0,0,0,0,0,0,0.0,0,0,0,0,0,0,0,0,0,0,0,0,0,0,0,0,0,0,0,0,0,0,0,0,0,0,0,0,0,0,0,0,0,0,0,28,0.0,0.0,0.0,0.25,0.0,30.0,"['RaceCondition', 'InsecPerm']"
http://localhost:5050/api/v1/invoices/multi-racecondition-insecperm,405,0,45.94,153,4.599963902086099,0.0,0,0,0,0,0,0.0,0,0,0,0,0,0,0,0,0,0,0,0,0,0,0,0,0,0,0,0,0,0,0,0,0,0,0,0,0,0,0,0,8,3,0,0,0,0,0,0,0.0,0,0,0,0,0,0,0,0,0,0,0,0,0,0,0,0,0,0,0,0,0,0,0,0,0,0,0,0,0,0,0,0,0,0,0,28,0.0,0.0,0.0,0.10714285714285714,0.0,15.6,"['RaceCondition', 'InsecPerm']"
http://localhost:5050/api/v1/comments/multi-racecondition-insecperm,405,0,5.09,153,4.599963902086099,0.0,0,0,0,0,0,0.0,0,0,0,0,0,0,0,0,0,0,0,0,0,0,0,0,0,0,0,0,0,0,0,0,0,0,0,0,0,0,0,0,8,3,0,0,0,0,0,0,0.0,0,0,0,0,0,0,0,0,0,0,0,0,0,0,0,0,0,0,0,0,0,0,0,0,0,0,0,0,0,0,0,0,0,0,0,28,0.0,0.0,0.0,0.25,0.0,41.63,"['RaceCondition', 'InsecPerm']"
http://localhost:5050/api/v1/files/multi-racecondition-insecperm,0,0,16.17,0,0.0,0.0,0,0,0,0,0,0.0,0,0,0,0,0,0,0,0,0,0,0,0,0,0,0,0,0,0,0,0,0,0,0,0,0,0,0,0,0,0,0,0,8,3,0,0,0,0,0,0,0.0,0,0,0,0,0,0,0,0,0,0,0,0,0,0,0,0,0,0,0,0,0,0,0,0,0,0,0,0,0,0,0,0,0,0,0,30,0.0,0.0,0.0,0.0,0.0,10.83,"['RaceCondition', 'InsecPerm']"
http://localhost:5050/api/v1/images/multi-racecondition-insecperm,405,0,8.04,153,4.599963902086099,0.0,0,0,0,0,0,0.0,0,0,0,0,0,0,0,0,0,0,0,0,0,0,0,0,0,0,0,0,0,0,0,0,0,0,0,0,0,0,0,0,8,3,0,0,0,0,0,0,0.0,0,0,0,0,0,0,0,0,0,0,0,0,0,0,0,0,0,0,0,0,0,0,0,0,0,0,0,0,0,0,0,0,0,0,0,28,0.0,0.0,0.0,0.2857142857142857,0.0,41.63,"['RaceCondition', 'InsecPerm']"
http://localhost:5050/api/v1/reports/multi-racecondition-insecperm,0,0,41.24,0,0.0,0.0,0,0,0,0,0,0.0,0,0,0,0,0,0,0,0,0,0,0,0,0,0,0,0,0,0,0,0,0,0,0,0,0,0,0,0,0,0,0,0,8,3,0,0,0,0,0,0,0.0,0,0,0,0,0,0,0,0,0,0,0,0,0,0,0,0,0,0,0,0,0,0,0,0,0,0,0,0,0,0,0,0,0,0,0,24,0.0,0.0,0.0,0.0,0.0,10.83,"['RaceCondition', 'InsecPerm']"
http://localhost:5050/api/v1/tickets/multi-racecondition-insecperm,0,0,38.04,0,0.0,0.0,0,0,0,0,0,0.0,0,0,0,0,0,0,0,0,0,0,0,0,0,0,0,0,0,0,0,0,0,0,0,0,0,0,0,0,0,0,0,0,8,3,0,0,0,0,0,0,0.0,0,0,0,0,0,0,0,0,0,0,0,0,0,0,0,0,0,0,0,0,0,0,0,0,0,0,0,0,0,0,0,0,0,0,0,30,0.0,0.0,0.0,0.0,0.0,10.83,"['RaceCondition', 'InsecPerm']"
http://localhost:5050/api/v1/messages/multi-racecondition-insecperm,405,0,23.1,153,4.599963902086099,0.0,0,0,0,0,0,0.0,0,0,0,0,0,0,0,0,0,0,0,0,0,0,0,0,0,0,0,0,0,0,0,0,0,0,0,0,0,0,0,0,8,3,0,0,0,0,0,0,0.0,0,0,0,0,0,0,0,0,0,0,0,0,0,0,0,0,0,0,0,0,0,0,0,0,0,0,0,0,0,0,0,0,0,0,0,29,0.0,0.0,0.0,0.20689655172413793,0.0,30.0,"['RaceCondition', 'InsecPerm']"
http://localhost:5050/api/v1/projects/multi-racecondition-insecperm,405,0,8.03,153,4.599963902086099,0.0,0,0,0,0,0,0.0,0,0,0,0,0,0,0,0,0,0,0,0,0,0,0,0,0,0,0,0,0,0,0,0,0,0,0,0,0,0,0,0,8,3,0,0,0,0,0,0,0.0,0,0,0,0,0,0,0,0,0,0,0,0,0,0,0,0,0,0,0,0,0,0,0,0,0,0,0,0,0,0,0,0,0,0,0,29,0.0,0.0,0.0,0.3448275862068966,0.0,41.63,"['RaceCondition', 'InsecPerm']"
http://localhost:5050/api/v1/tasks/multi-racecondition-insecperm,405,0,36.64,153,4.599963902086099,0.0,0,0,0,0,0,0.0,0,0,0,0,0,0,0,0,0,0,0,0,0,0,0,0,0,0,0,0,0,0,0,0,0,0,0,0,0,0,0,0,8,3,0,0,0,0,0,0,0.0,0,0,0,0,0,0,0,0,0,0,0,0,0,0,0,0,0,0,0,0,0,0,0,0,0,0,0,0,0,0,0,0,0,0,0,29,0.0,0.0,0.0,0.20689655172413793,0.0,30.0,"['RaceCondition', 'InsecPerm']"
http://localhost:5050/api/v1/payments/multi-racecondition-insecperm,405,0,36.68,153,4.599963902086099,0.0,0,0,0,0,0,0.0,0,0,0,0,0,0,0,0,0,0,0,0,0,0,0,0,0,0,0,0,0,0,0,0,0,0,0,0,0,0,0,0,8,3,0,0,0,0,0,0,0.0,0,0,0,0,0,0,0,0,0,0,0,0,0,0,0,0,0,0,0,0,0,0,0,0,0,0,0,0,0,0,0,0,0,0,0,29,0.0,0.0,0.0,0.3103448275862069,0.0,30.0,"['RaceCondition', 'InsecPerm']"
http://localhost:5050/api/v1/accounts/multi-racecondition-insecperm,405,0,47.06,153,4.599963902086099,0.0,0,0,0,0,0,0.0,0,0,0,0,0,0,0,0,0,0,0,0,0,0,0,0,0,0,0,0,0,0,0,0,0,0,0,0,0,0,0,0,8,3,0,0,0,0,0,0,0.0,0,0,0,0,0,0,0,0,0,0,0,0,0,0,0,0,0,0,0,0,0,0,0,0,0,0,0,0,0,0,0,0,0,0,0,29,0.0,0.0,0.0,0.4482758620689655,0.0,12.25,"['RaceCondition', 'InsecPerm']"
http://localhost:5050/api/v1/sessions/multi-racecondition-insecperm,405,0,8.04,153,4.599963902086099,0.0,0,0,0,0,0,0.0,0,0,0,0,0,0,0,0,0,0,0,0,0,0,0,0,0,0,0,0,0,0,0,0,0,0,0,0,0,0,0,0,8,3,0,0,0,0,0,0,0.0,0,0,0,0,0,0,0,0,0,0,0,0,0,0,0,0,0,0,0,0,0,0,0,0,0,0,0,0,0,0,0,0,0,0,0,28,0.0,0.0,0.0,0.35714285714285715,0.0,41.63,"['RaceCondition', 'InsecPerm']"
http://localhost:5050/api/v1/documents/multi-racecondition-insecperm,0,0,26.04,0,0.0,0.0,0,0,0,0,0,0.0,0,0,0,0,0,0,0,0,0,0,0,0,0,0,0,0,0,0,0,0,0,0,0,0,0,0,0,0,0,0,0,0,1,0,0,0,0,0,0,0,0.0,0,0,0,0,0,0,0,0,0,0,0,0,0,0,0,0,0,0,0,0,0,0,0,0,0,0,0,0,0,0,0,0,0,0,0,29,0.0,0.0,0.0,0.0,0.0,10.83,"['RaceCondition', 'InsecPerm']"
http://localhost:5050/api/v1/reviews/multi-racecondition-insecperm,405,0,5.08,153,4.599963902086099,0.0,0,0,0,0,0,0.0,0,0,0,0,0,0,0,0,0,0,0,0,0,0,0,0,0,0,0,0,0,0,0,0,0,0,0,0,0,0,0,0,8,3,0,0,0,0,0,0,0.0,0,0,0,0,0,0,0,0,0,0,0,0,0,0,0,0,0,0,0,0,0,0,0,0,0,0,0,0,0,0,0,0,0,0,0,26,0.0,0.0,0.0,0.38461538461538464,0.0,41.63,"['RaceCondition', 'InsecPerm']"
http://localhost:5050/api/v1/articles/multi-racecondition-insecperm,405,0,8.03,153,4.599963902086099,0.0,0,0,0,0,0,0.0,0,0,0,0,0,0,0,0,0,0,0,0,0,0,0,0,0,0,0,0,0,0,0,0,0,0,0,0,0,0,0,0,8,3,0,0,0,0,0,0,0.0,0,0,0,0,0,0,0,0,0,0,0,0,0,0,0,0,0,0,0,0,0,0,0,0,0,0,0,0,0,0,0,0,0,0,0,28,0.0,0.0,0.0,0.32142857142857145,0.0,41.63,"['RaceCondition', 'InsecPerm']"
http://localhost:5050/api/v1/events/multi-racecondition-insecperm,0,0,15.87,0,0.0,0.0,0,0,0,0,0,0.0,0,0,0,0,0,0,0,0,0,0,0,0,0,0,0,0,0,0,0,0,0,0,0,0,0,0,0,0,0,0,0,0,8,3,0,0,0,0,0,0,0.0,0,0,0,0,0,0,0,0,0,0,0,0,0,0,0,0,0,0,0,0,0,0,0,0,0,0,0,0,0,0,0,0,0,0,0,30,0.0,0.0,0.0,0.0,0.0,10.83,"['RaceCondition', 'InsecPerm']"
http://localhost:5050/api/v1/bookings/multi-racecondition-insecperm,405,0,33.53,153,4.599963902086099,0.0,0,0,0,0,0,0.0,0,0,0,0,0,0,0,0,0,0,0,0,0,0,0,0,0,0,0,0,0,0,0,0,0,0,0,0,0,0,0,0,8,3,0,0,0,0,0,0,0.0,0,0,0,0,0,0,0,0,0,0,0,0,0,0,0,0,0,0,0,0,0,0,0,0,0,0,0,0,0,0,0,0,0,0,0,30,0.0,0.0,0.0,0.16666666666666666,0.0,30.0,"['RaceCondition', 'InsecPerm']"
http://localhost:5050/api/v1/subscriptions/multi-racecondition-insecperm,405,0,8.03,153,4.599963902086099,0.0,0,0,0,0,0,0.0,0,0,0,0,0,0,0,0,0,0,0,0,0,0,0,0,0,0,0,0,0,0,0,0,0,0,0,0,0,0,0,0,8,3,0,0,0,0,0,0,0.0,0,0,0,0,0,0,0,0,0,0,0,0,0,0,0,0,0,0,0,0,0,0,0,0,0,0,0,0,0,0,0,0,0,0,0,29,0.0,0.0,0.0,0.1724137931034483,0.0,41.63,"['RaceCondition', 'InsecPerm']"
http://localhost:5050/api/v1/notifications/multi-racecondition-insecperm,405,0,41.95,153,4.599963902086099,0.0,0,0,0,0,0,0.0,0,0,0,0,0,0,0,0,0,0,0,0,0,0,0,0,0,0,0,0,0,0,0,0,0,0,0,0,0,0,0,0,8,3,0,0,0,0,0,0,0.0,0,0,0,0,0,0,0,0,0,0,0,0,0,0,0,0,0,0,0,0,0,0,0,0,0,0,0,0,0,0,0,0,0,0,0,29,0.0,0.0,0.0,0.10344827586206896,0.0,30.0,"['RaceCondition', 'InsecPerm']"
http://localhost:5050/api/v1/logs/multi-racecondition-insecperm,0,0,39.75,0,0.0,0.0,0,0,0,0,0,0.0,0,0,0,0,0,0,0,0,0,0,0,0,0,0,0,0,0,0,0,0,0,0,0,0,0,0,0,0,0,0,0,0,1,0,0,0,0,0,0,0,0.0,0,0,0,0,0,0,0,0,0,0,0,0,0,0,0,0,0,0,0,0,0,0,0,0,0,0,0,0,0,0,0,0,0,0,0,29,0.0,0.0,0.0,0.0,0.0,10.83,"['RaceCondition', 'InsecPerm']"
http://localhost:5050/api/v1/backups/multi-racecondition-insecperm,405,0,7.98,153,4.599963902086099,0.0,0,0,0,0,0,0.0,0,0,0,0,0,0,0,0,0,0,0,0,0,0,0,0,0,0,0,0,0,0,0,0,0,0,0,0,0,0,0,0,8,3,0,0,0,0,0,0,0.0,0,0,0,0,0,0,0,0,0,0,0,0,0,0,0,0,0,0,0,0,0,0,0,0,0,0,0,0,0,0,0,0,0,0,0,29,0.0,0.0,0.0,0.3103448275862069,0.0,41.63,"['RaceCondition', 'InsecPerm']"
http://localhost:5050/api/v1/exports/multi-racecondition-insecperm,405,0,28.72,153,4.599963902086099,0.0,0,0,0,0,0,0.0,0,0,0,0,0,0,0,0,0,0,0,0,0,0,0,0,0,0,0,0,0,0,0,0,0,0,0,0,0,0,0,0,8,3,0,0,0,0,0,0,0.0,0,0,0,0,0,0,0,0,0,0,0,0,0,0,0,0,0,0,0,0,0,0,0,0,0,0,0,0,0,0,0,0,0,0,0,26,0.0,0.0,0.0,0.19230769230769232,0.0,30.0,"['RaceCondition', 'InsecPerm']"
http://localhost:5050/api/v1/imports/multi-racecondition-insecperm,0,0,18.58,0,0.0,0.0,0,0,0,0,0,0.0,0,0,0,0,0,0,0,0,0,0,0,0,0,0,0,0,0,0,0,0,0,0,0,0,0,0,0,0,0,0,0,0,8,3,0,0,0,0,0,0,0.0,0,0,0,0,0,0,0,0,0,0,0,0,0,0,0,0,0,0,0,0,0,0,0,0,0,0,0,0,0,0,0,0,0,0,0,30,0.0,0.0,0.0,0.0,0.0,10.83,"['RaceCondition', 'InsecPerm']"
http://localhost:5050/api/v1/profiles/multi-racecondition-insecperm,405,0,7.99,153,4.599963902086099,0.0,0,0,0,0,0,0.0,0,0,0,0,0,0,0,0,0,0,0,0,0,0,0,0,0,0,0,0,0,0,0,0,0,0,0,0,0,0,0,0,8,3,0,0,0,0,0,0,0.0,0,0,0,0,0,0,0,0,0,0,0,0,0,0,0,0,0,0,0,0,0,0,0,0,0,0,0,0,0,0,0,0,0,0,0,28,0.0,0.0,0.0,0.25,0.0,41.63,"['RaceCondition', 'InsecPerm']"
http://localhost:5050/api/v1/settings/multi-racecondition-insecperm,405,0,5.08,153,4.599963902086099,0.0,0,0,0,0,0,0.0,0,0,0,0,0,0,0,0,0,0,0,0,0,0,0,0,0,0,0,0,0,0,0,0,0,0,0,0,0,0,0,0,8,3,0,0,0,0,0,0,0.0,0,0,0,0,0,0,0,0,0,0,0,0,0,0,0,0,0,0,0,0,0,0,0,0,0,0,0,0,0,0,0,0,0,0,0,27,0.0,0.0,0.0,0.48148148148148145,0.0,41.63,"['RaceCondition', 'InsecPerm']"
http://localhost:5050/api/v1/teams/multi-racecondition-insecperm,405,0,10.05,153,4.599963902086099,0.0,0,0,0,0,0,0.0,0,0,0,0,0,0,0,0,0,0,0,0,0,0,0,0,0,0,0,0,0,0,0,0,0,0,0,0,0,0,0,0,8,3,0,0,0,0,0,0,0.0,0,0,0,0,0,0,0,0,0,0,0,0,0,0,0,0,0,0,0,0,0,0,0,0,0,0,0,0,0,0,0,0,0,0,0,28,0.0,0.0,0.0,0.32142857142857145,0.0,41.63,"['RaceCondition', 'InsecPerm']"
http://localhost:5050/api/v1/organizations/multi-racecondition-insecperm,0,0,37.36,0,0.0,0.0,0,0,0,0,0,0.0,0,0,0,0,0,0,0,0,0,0,0,0,0,0,0,0,0,0,0,0,0,0,0,0,0,0,0,0,0,0,0,0,1,0,0,0,0,0,0,0,0.0,0,0,0,0,0,0,0,0,0,0,0,0,0,0,0,0,0,0,0,0,0,0,0,0,0,0,0,0,0,0,0,0,0,0,0,30,0.0,0.0,0.0,0.0,0.0,10.83,"['RaceCondition', 'InsecPerm']"
http://localhost:5050/api/v2/products/multi-racecondition-insecperm,405,0,40.9,153,4.599963902086099,0.0,0,0,0,0,0,0.0,0,0,0,0,0,0,0,0,0,0,0,0,0,0,0,0,0,0,0,0,0,0,0,0,0,0,0,0,0,0,0,0,8,3,0,0,0,0,0,0,0.0,0,0,0,0,0,0,0,0,0,0,0,0,0,0,0,0,0,0,0,0,0,0,0,0,0,0,0,0,0,0,0,0,0,0,0,28,0.0,0.0,0.0,0.10714285714285714,0.0,30.0,"['RaceCondition', 'InsecPerm']"
http://localhost:5050/api/v2/users/multi-racecondition-insecperm,405,0,10.39,153,4.599963902086099,0.0,0,0,0,0,0,0.0,0,0,0,0,0,0,0,0,0,0,0,0,0,0,0,0,0,0,0,0,0,0,0,0,0,0,0,0,0,0,0,0,8,3,0,0,0,0,0,0,0.0,0,0,0,0,0,0,0,0,0,0,0,0,0,0,0,0,0,0,0,0,0,0,0,0,0,0,0,0,0,0,0,0,0,0,0,28,0.0,0.0,0.0,0.21428571428571427,0.0,41.63,"['RaceCondition', 'InsecPerm']"
http://localhost:5050/api/v2/orders/multi-racecondition-insecperm,405,0,41.81,153,4.599963902086099,0.0,0,0,0,0,0,0.0,0,0,0,0,0,0,0,0,0,0,0,0,0,0,0,0,0,0,0,0,0,0,0,0,0,0,0,0,0,0,0,0,8,3,0,0,0,0,0,0,0.0,0,0,0,0,0,0,0,0,0,0,0,0,0,0,0,0,0,0,0,0,0,0,0,0,0,0,0,0,0,0,0,0,0,0,0,27,0.0,0.0,0.0,0.3333333333333333,0.0,30.0,"['RaceCondition', 'InsecPerm']"
http://localhost:5050/api/v2/invoices/multi-racecondition-insecperm,405,0,40.83,153,4.599963902086099,0.0,0,0,0,0,0,0.0,0,0,0,0,0,0,0,0,0,0,0,0,0,0,0,0,0,0,0,0,0,0,0,0,0,0,0,0,0,0,0,0,8,3,0,0,0,0,0,0,0.0,0,0,0,0,0,0,0,0,0,0,0,0,0,0,0,0,0,0,0,0,0,0,0,0,0,0,0,0,0,0,0,0,0,0,0,29,0.0,0.0,0.0,0.3103448275862069,0.0,30.0,"['RaceCondition', 'InsecPerm']"
http://localhost:5050/api/v2/comments/multi-racecondition-insecperm,405,0,36.68,153,4.599963902086099,0.0,0,0,0,0,0,0.0,0,0,0,0,0,0,0,0,0,0,0,0,0,0,0,0,0,0,0,0,0,0,0,0,0,0,0,0,0,0,0,0,8,3,0,0,0,0,0,0,0.0,0,0,0,0,0,0,0,0,0,0,0,0,0,0,0,0,0,0,0,0,0,0,0,0,0,0,0,0,0,0,0,0,0,0,0,29,0.0,0.0,0.0,0.1724137931034483,0.0,13.15,"['RaceCondition', 'InsecPerm']"
http://localhost:5050/api/v2/files/multi-racecondition-insecperm,405,0,42.31,153,4.599963902086099,0.0,0,0,0,0,0,0.0,0,0,0,0,0,0,0,0,0,0,0,0,0,0,0,0,0,0,0,0,0,0,0,0,0,0,0,0,0,0,0,0,8,3,0,0,0,0,0,0,0.0,0,0,0,0,0,0,0,0,0,0,0,0,0,0,0,0,0,0,0,0,0,0,0,0,0,0,0,0,0,0,0,0,0,0,0,30,0.0,0.0,0.0,0.0,0.0,0.0,"['RaceCondition', 'InsecPerm']"
http://localhost:5050/api/v2/images/multi-racecondition-insecperm,405,0,8.04,153,4.599963902086099,0.0,0,0,0,0,0,0.0,0,0,0,0,0,0,0,0,0,0,0,0,0,0,0,0,0,0,0,0,0,0,0,0,0,0,0,0,0,0,0,0,8,3,0,0,0,0,0,0,0.0,0,0,0,0,0,0,0,0,0,0,0,0,0,0,0,0,0,0,0,0,0,0,0,0,0,0,0,0,0,0,0,0,0,0,0,28,0.0,0.0,0.0,0.2857142857142857,0.0,41.63,"['RaceCondition', 'InsecPerm']"
http://localhost:5050/api/v2/reports/multi-racecondition-insecperm,405,0,7.99,153,4.599963902086099,0.0,0,0,0,0,0,0.0,0,0,0,0,0,0,0,0,0,0,0,0,0,0,0,0,0,0,0,0,0,0,0,0,0,0,0,0,0,0,0,0,8,3,0,0,0,0,0,0,0.0,0,0,0,0,0,0,0,0,0,0,0,0,0,0,0,0,0,0,0,0,0,0,0,0,0,0,0,0,0,0,0,0,0,0,0,30,0.0,0.0,0.0,0.3,0.0,41.63,"['RaceCondition', 'InsecPerm']"
http://localhost:5050/api/v2/tickets/multi-racecondition-insecperm,405,0,40.87,153,4.599963902086099,0.0,0,0,0,0,0,0.0,0,0,0,0,0,0,0,0,0,0,0,0,0,0,0,0,0,0,0,0,0,0,0,0,0,0,0,0,0,0,0,0,8,3,0,0,0,0,0,0,0.0,0,0,0,0,0,0,0,0,0,0,0,0,0,0,0,0,0,0,0,0,0,0,0,0,0,0,0,0,0,0,0,0,0,0,0,29,0.0,0.0,0.0,0.0,0.0,25.9,"['RaceCondition', 'InsecPerm']"
http://localhost:5050/api/v2/messages/multi-racecondition-insecperm,405,0,5.05,153,4.599963902086099,0.0,0,0,0,0,0,0.0,0,0,0,0,0,0,0,0,0,0,0,0,0,0,0,0,0,0,0,0,0,0,0,0,0,0,0,0,0,0,0,0,8,3,0,0,0,0,0,0,0.0,0,0,0,0,0,0,0,0,0,0,0,0,0,0,0,0,0,0,0,0,0,0,0,0,0,0,0,0,0,0,0,0,0,0,0,30,0.0,0.0,0.0,0.36666666666666664,0.0,41.63,"['RaceCondition', 'InsecPerm']"
http://localhost:5050/api/v2/projects/multi-racecondition-insecperm,405,0,5.05,153,4.599963902086099,0.0,0,0,0,0,0,0.0,0,0,0,0,0,0,0,0,0,0,0,0,0,0,0,0,0,0,0,0,0,0,0,0,0,0,0,0,0,0,0,0,8,3,0,0,0,0,0,0,0.0,0,0,0,0,0,0,0,0,0,0,0,0,0,0,0,0,0,0,0,0,0,0,0,0,0,0,0,0,0,0,0,0,0,0,0,26,0.0,0.0,0.0,0.5,0.0,41.63,"['RaceCondition', 'InsecPerm']"
http://localhost:5050/api/v2/tasks/multi-racecondition-insecperm,405,0,46.93,153,4.599963902086099,0.0,0,0,0,0,0,0.0,0,0,0,0,0,0,0,0,0,0,0,0,0,0,0,0,0,0,0,0,0,0,0,0,0,0,0,0,0,0,0,0,8,3,0,0,0,0,0,0,0.0,0,0,0,0,0,0,0,0,0,0,0,0,0,0,0,0,0,0,0,0,0,0,0,0,0,0,0,0,0,0,0,0,0,0,0,29,0.0,0.0,0.0,0.1724137931034483,0.0,23.91,"['RaceCondition', 'InsecPerm']"
http://localhost:5050/api/v2/payments/multi-racecondition-insecperm,405,0,5.07,153,4.599963902086099,0.0,0,0,0,0,0,0.0,0,0,0,0,0,0,0,0,0,0,0,0,0,0,0,0,0,0,0,0,0,0,0,0,0,0,0,0,0,0,0,0,8,3,0,0,0,0,0,0,0.0,0,0,0,0,0,0,0,0,0,0,0,0,0,0,0,0,0,0,0,0,0,0,0,0,0,0,0,0,0,0,0,0,0,0,0,29,0.0,0.0,0.0,0.5172413793103449,0.0,41.63,"['RaceCondition', 'InsecPerm']"
http://localhost:5050/api/v2/accounts/multi-racecondition-insecperm,405,0,40.28,153,4.599963902086099,0.0,0,0,0,0,0,0.0,0,0,0,0,0,0,0,0,0,0,0,0,0,0,0,0,0,0,0,0,0,0,0,0,0,0,0,0,0,0,0,0,8,3,0,0,0,0,0,0,0.0,0,0,0,0,0,0,0,0,0,0,0,0,0,0,0,0,0,0,0,0,0,0,0,0,0,0,0,0,0,0,0,0,0,0,0,25,0.0,0.0,0.0,0.08,0.0,30.0,"['RaceCondition', 'InsecPerm']"
http://localhost:5050/api/v2/sessions/multi-racecondition-insecperm,405,0,41.74,153,4.599963902086099,0.0,0,0,0,0,0,0.0,0,0,0,0,0,0,0,0,0,0,0,0,0,0,0,0,0,0,0,0,0,0,0,0,0,0,0,0,0,0,0,0,8,3,0,0,0,0,0,0,0.0,0,0,0,0,0,0,0,0,0,0,0,0,0,0,0,0,0,0,0,0,0,0,0,0,0,0,0,0,0,0,0,0,0,0,0,27,0.0,0.0,0.0,0.4074074074074074,0.0,18.31,"['RaceCondition', 'InsecPerm']"
http://localhost:5050/api/v2/documents/multi-racecondition-insecperm,405,0,23.88,153,4.599963902086099,0.0,0,0,0,0,0,0.0,0,0,0,0,0,0,0,0,0,0,0,0,0,0,0,0,0,0,0,0,0,0,0,0,0,0,0,0,0,0,0,0,8,3,0,0,0,0,0,0,0.0,0,0,0,0,0,0,0,0,0,0,0,0,0,0,0,0,0,0,0,0,0,0,0,0,0,0,0,0,0,0,0,0,0,0,0,30,0.0,0.0,0.0,0.1,0.0,30.0,"['RaceCondition', 'InsecPerm']"
http://localhost:5050/api/v2/reviews/multi-racecondition-insecperm,405,0,5.07,153,4.599963902086099,0.0,0,0,0,0,0,0.0,0,0,0,0,0,0,0,0,0,0,0,0,0,0,0,0,0,0,0,0,0,0,0,0,0,0,0,0,0,0,0,0,8,3,0,0,0,0,0,0,0.0,0,0,0,0,0,0,0,0,0,0,0,0,0,0,0,0,0,0,0,0,0,0,0,0,0,0,0,0,0,0,0,0,0,0,0,28,0.0,0.0,0.0,0.42857142857142855,0.0,41.63,"['RaceCondition', 'InsecPerm']"
http://localhost:5050/api/v2/articles/multi-racecondition-insecperm,405,0,63.06,153,4.599963902086099,0.0,0,0,0,0,0,0.0,0,0,0,0,0,0,0,0,0,0,0,0,0,0,0,0,0,0,0,0,0,0,0,0,0,0,0,0,0,0,0,0,8,3,0,0,0,0,0,0,0.0,0,0,0,0,0,0,0,0,0,0,0,0,0,0,0,0,0,0,0,0,0,0,0,0,0,0,0,0,0,0,0,0,0,0,0,30,0.0,0.0,0.0,0.43333333333333335,0.0,11.63,"['RaceCondition', 'InsecPerm']"
http://localhost:5050/api/v2/events/multi-racecondition-insecperm,405,0,8.0,153,4.599963902086099,0.0,0,0,0,0,0,0.0,0,0,0,0,0,0,0,0,0,0,0,0,0,0,0,0,0,0,0,0,0,0,0,0,0,0,0,0,0,0,0,0,8,3,0,0,0,0,0,0,0.0,0,0,0,0,0,0,0,0,0,0,0,0,0,0,0,0,0,0,0,0,0,0,0,0,0,0,0,0,0,0,0,0,0,0,0,29,0.0,0.0,0.0,0.27586206896551724,0.0,41.63,"['RaceCondition', 'InsecPerm']"
http://localhost:5050/api/v2/bookings/multi-racecondition-insecperm,405,0,36.68,153,4.599963902086099,0.0,0,0,0,0,0,0.0,0,0,0,0,0,0,0,0,0,0,0,0,0,0,0,0,0,0,0,0,0,0,0,0,0,0,0,0,0,0,0,0,8,3,0,0,0,0,0,0,0.0,0,0,0,0,0,0,0,0,0,0,0,0,0,0,0,0,0,0,0,0,0,0,0,0,0,0,0,0,0,0,0,0,0,0,0,30,0.0,0.0,0.0,0.3333333333333333,0.0,16.29,"['RaceCondition', 'InsecPerm']"
http://localhost:5050/api/v2/subscriptions/multi-racecondition-insecperm,405,0,8.02,153,4.599963902086099,0.0,0,0,0,0,0,0.0,0,0,0,0,0,0,0,0,0,0,0,0,0,0,0,0,0,0,0,0,0,0,0,0,0,0,0,0,0,0,0,0,8,3,0,0,0,0,0,0,0.0,0,0,0,0,0,0,0,0,0,0,0,0,0,0,0,0,0,0,0,0,0,0,0,0,0,0,0,0,0,0,0,0,0,0,0,29,0.0,0.0,0.0,0.3793103448275862,0.0,41.63,"['RaceCondition', 'InsecPerm']"
http://localhost:5050/api/v2/notifications/multi-racecondition-insecperm,0,0,41.72,0,0.0,0.0,0,0,0,0,0,0.0,0,0,0,0,0,0,0,0,0,0,0,0,0,0,0,0,0,0,0,0,0,0,0,0,0,0,0,0,0,0,0,0,1,0,0,0,0,0,0,0,0.0,0,0,0,0,0,0,0,0,0,0,0,0,0,0,0,0,0,0,0,0,0,0,0,0,0,0,0,0,0,0,0,0,0,0,0,30,0.0,0.0,0.0,0.0,0.0,10.83,"['RaceCondition', 'InsecPerm']"
http://localhost:5050/api/v2/logs/multi-racecondition-insecperm,405,0,5.06,153,4.599963902086099,0.0,0,0,0,0,0,0.0,0,0,0,0,0,0,0,0,0,0,0,0,0,0,0,0,0,0,0,0,0,0,0,0,0,0,0,0,0,0,0,0,8,3,0,0,0,0,0,0,0.0,0,0,0,0,0,0,0,0,0,0,0,0,0,0,0,0,0,0,0,0,0,0,0,0,0,0,0,0,0,0,0,0,0,0,0,30,0.0,0.0,0.0,0.26666666666666666,0.0,41.63,"['RaceCondition', 'InsecPerm']"
http://localhost:5050/api/v2/backups/multi-racecondition-insecperm,405,0,5.05,153,4.599963902086099,0.0,0,0,0,0,0,0.0,0,0,0,0,0,0,0,0,0,0,0,0,0,0,0,0,0,0,0,0,0,0,0,0,0,0,0,0,0,0,0,0,8,3,0,0,0,0,0,0,0.0,0,0,0,0,0,0,0,0,0,0,0,0,0,0,0,0,0,0,0,0,0,0,0,0,0,0,0,0,0,0,0,0,0,0,0,26,0.0,0.0,0.0,0.46153846153846156,0.0,41.63,"['RaceCondition', 'InsecPerm']"
http://localhost:5050/api/v2/exports/multi-racecondition-insecperm,405,0,19.24,153,4.599963902086099,0.0,0,0,0,0,0,0.0,0,0,0,0,0,0,0,0,0,0,0,0,0,0,0,0,0,0,0,0,0,0,0,0,0,0,0,0,0,0,0,0,8,3,0,0,0,0,0,0,0.0,0,0,0,0,0,0,0,0,0,0,0,0,0,0,0,0,0,0,0,0,0,0,0,0,0,0,0,0,0,0,0,0,0,0,0,26,0.0,0.0,0.0,0.23076923076923078,0.0,30.57,"['RaceCondition', 'InsecPerm']"
http://localhost:5050/api/v2/imports/multi-racecondition-insecperm,405,0,36.69,153,4.599963902086099,0.0,0,0,0,0,0,0.0,0,0,0,0,0,0,0,0,0,0,0,0,0,0,0,0,0,0,0,0,0,0,0,0,0,0,0,0,0,0,0,0,8,3,0,0,0,0,0,0,0.0,0,0,0,0,0,0,0,0,0,0,0,0,0,0,0,0,0,0,0,0,0,0,0,0,0,0,0,0,0,0,0,0,0,0,0,30,0.0,0.0,0.0,0.23333333333333334,0.0,11.63,"['RaceCondition', 'InsecPerm']"
http://localhost:5050/api/v2/profiles/multi-racecondition-insecperm,405,0,32.38,153,4.599963902086099,0.0,0,0,0,0,0,0.0,0,0,0,0,0,0,0,0,0,0,0,0,0,0,0,0,0,0,0,0,0,0,0,0,0,0,0,0,0,0,0,0,8,3,0,0,0,0,0,0,0.0,0,0,0,0,0,0,0,0,0,0,0,0,0,0,0,0,0,0,0,0,0,0,0,0,0,0,0,0,0,0,0,0,0,0,0,29,0.0,0.0,0.0,0.06896551724137931,0.0,30.0,"['RaceCondition', 'InsecPerm']"
http://localhost:5050/api/v2/settings/multi-racecondition-insecperm,405,0,5.07,153,4.599963902086099,0.0,0,0,0,0,0,0.0,0,0,0,0,0,0,0,0,0,0,0,0,0,0,0,0,0,0,0,0,0,0,0,0,0,0,0,0,0,0,0,0,8,3,0,0,0,0,0,0,0.0,0,0,0,0,0,0,0,0,0,0,0,0,0,0,0,0,0,0,0,0,0,0,0,0,0,0,0,0,0,0,0,0,0,0,0,29,0.0,0.0,0.0,0.5172413793103449,0.0,41.63,"['RaceCondition', 'InsecPerm']"
http://localhost:5050/api/v2/teams/multi-racecondition-insecperm,0,0,10.07,0,0.0,0.0,0,0,0,0,0,0.0,0,0,0,0,0,0,0,0,0,0,0,0,0,0,0,0,0,0,0,0,0,0,0,0,0,0,0,0,0,0,0,0,1,0,0,0,0,0,0,0,0.0,0,0,0,0,0,0,0,0,0,0,0,0,0,0,0,0,0,0,0,0,0,0,0,0,0,0,0,0,0,0,0,0,0,0,0,30,0.0,0.0,0.0,0.0,0.0,10.83,"['RaceCondition', 'InsecPerm']"
http://localhost:5050/api/v2/organizations/multi-racecondition-insecperm,405,0,5.07,153,4.599963902086099,0.0,0,0,0,0,0,0.0,0,0,0,0,0,0,0,0,0,0,0,0,0,0,0,0,0,0,0,0,0,0,0,0,0,0,0,0,0,0,0,0,8,3,0,0,0,0,0,0,0.0,0,0,0,0,0,0,0,0,0,0,0,0,0,0,0,0,0,0,0,0,0,0,0,0,0,0,0,0,0,0,0,0,0,0,0,27,0.0,0.0,0.0,0.4444444444444444,0.0,41.63,"['RaceCondition', 'InsecPerm']"
http://localhost:5050/products/multi-cmdi-infodisc,200,0,17.06,491,5.1149079200879175,0.0,0,0,0,0,0,0.0,0,0,0,0,0,0,0,0,0,0,0,0,0,0,0,0,0,0,0,0,0,0,0,0,0,0,0,0,0,0,0,0,8,3,0,0,0,0,0,0,0.0,0,0,0,0,0,0,0,0,0,0,0,0,0,0,0,0,0,0,0,0,0,0,0,0,0,0,0,0,0,0,0,0,0,0,0,27,0.0,0.0,0.0,0.3333333333333333,0.0,42.33,"['CMDi', 'InfoDisc']"
http://localhost:5050/users/multi-cmdi-infodisc,200,0,7.98,488,5.109229431365536,0.0,0,0,0,0,0,0.0,0,0,0,0,0,0,0,0,0,0,0,0,0,0,0,0,0,0,0,0,0,0,0,0,0,0,0,0,0,0,0,0,8,3,0,0,0,0,0,0,0.0,0,0,0,0,0,0,0,0,0,0,0,0,0,0,0,0,0,0,0,0,0,0,0,0,0,0,0,0,0,0,0,0,0,0,0,29,0.0,0.0,0.0,0.3103448275862069,0.0,42.39,"['CMDi', 'InfoDisc']"
http://localhost:5050/orders/multi-cmdi-infodisc,200,0,17.01,489,5.0967430182665385,0.0,0,0,0,0,0,0.0,0,0,0,0,0,0,0,0,0,0,0,0,0,0,0,0,0,0,0,0,0,0,0,0,0,0,0,0,0,0,0,0,8,3,0,0,0,0,0,0,0.0,0,0,0,0,0,0,0,0,0,0,0,0,0,0,0,0,0,0,0,0,0,0,0,0,0,0,0,0,0,0,0,0,0,0,0,27,0.0,0.0,0.0,0.37037037037037035,0.0,42.41,"['CMDi', 'InfoDisc']"
http://localhost:5050/invoices/multi-cmdi-infodisc,200,0,8.0,491,5.11359766677303,0.0,0,0,0,0,0,0.0,0,0,0,0,0,0,0,0,0,0,0,0,0,0,0,0,0,0,0,0,0,0,0,0,0,0,0,0,0,0,0,0,8,3,0,0,0,0,0,0,0.0,0,0,0,0,0,0,0,0,0,0,0,0,0,0,0,0,0,0,0,0,0,0,0,0,0,0,0,0,0,0,0,0,0,0,0,28,0.0,0.0,0.0,0.35714285714285715,0.0,42.39,"['CMDi', 'InfoDisc']"
http://localhost:5050/comments/multi-cmdi-infodisc,200,0,18.07,491,5.115026962447038,0.0,0,0,0,0,0,0.0,0,0,0,0,0,0,0,0,0,0,0,0,0,0,0,0,0,0,0,0,0,0,0,0,0,0,0,0,0,0,0,0,8,3,0,0,0,0,0,0,0.0,0,0,0,0,0,0,0,0,0,0,0,0,0,0,0,0,0,0,0,0,0,0,0,0,0,0,0,0,0,0,0,0,0,0,0,29,0.0,0.0,0.0,0.3448275862068966,0.0,30.1,"['CMDi', 'InfoDisc']"
http://localhost:5050/files/multi-cmdi-infodisc,200,0,18.03,488,5.114698947973936,0.0,0,0,0,0,0,0.0,0,0,0,0,0,0,0,0,0,0,0,0,0,0,0,0,0,0,0,0,0,0,0,0,0,0,0,0,0,0,0,0,8,3,0,0,0,0,0,0,0.0,0,0,0,0,0,0,0,0,0,0,0,0,0,0,0,0,0,0,0,0,0,0,0,0,0,0,0,0,0,0,0,0,0,0,0,28,0.0,0.0,0.0,0.25,0.0,30.06,"['CMDi', 'InfoDisc']"
http://localhost:5050/images/multi-cmdi-infodisc,200,0,8.0,489,5.1008841025941765,0.0,0,0,0,0,0,0.0,0,0,0,0,0,0,0,0,0,0,0,0,0,0,0,0,0,0,0,0,0,0,0,0,0,0,0,0,0,0,0,0,8,3,0,0,0,0,0,0,0.0,0,0,0,0,0,0,0,0,0,0,0,0,0,0,0,0,0,0,0,0,0,0,0,0,0,0,0,0,0,0,0,0,0,0,0,28,0.0,0.0,0.0,0.39285714285714285,0.0,42.41,"['CMDi', 'InfoDisc']"
http://localhost:5050/reports/multi-cmdi-infodisc,200,0,5.45,490,5.0842876129982875,0.0,0,0,0,0,0,0.0,0,0,0,0,0,0,0,0,0,0,0,0,0,0,0,0,0,0,0,0,0,0,0,0,0,0,0,0,0,0,0,0,8,3,0,0,0,0,0,0,0.0,0,0,0,0,0,0,0,0,0,0,0,0,0,0,0,0,0,0,0,0,0,0,0,0,0,0,0,0,0,0,0,0,0,0,0,28,0.0,0.0,0.0,0.5,0.0,42.33,"['CMDi', 'InfoDisc']"
http://localhost:5050/tickets/multi-cmdi-infodisc,200,0,5.49,490,5.119106145029822,0.0,0,0,0,0,0,0.0,0,0,0,0,0,0,0,0,0,0,0,0,0,0,0,0,0,0,0,0,0,0,0,0,0,0,0,0,0,0,0,0,8,3,0,0,0,0,0,0,0.0,0,0,0,0,0,0,0,0,0,0,0,0,0,0,0,0,0,0,0,0,0,0,0,0,0,0,0,0,0,0,0,0,0,0,0,28,0.0,0.0,0.0,0.03571428571428571,0.0,42.41,"['CMDi', 'InfoDisc']"
http://localhost:5050/messages/multi-cmdi-infodisc,200,0,5.47,491,5.114423361807182,0.0,0,0,0,0,0,0.0,0,0,0,0,0,0,0,0,0,0,0,0,0,0,0,0,0,0,0,0,0,0,0,0,0,0,0,0,0,0,0,0,8,3,0,0,0,0,0,0,0.0,0,0,0,0,0,0,0,0,0,0,0,0,0,0,0,0,0,0,0,0,0,0,0,0,0,0,0,0,0,0,0,0,0,0,0,28,0.0,0.0,0.0,0.5,0.0,42.41,"['CMDi', 'InfoDisc']"
http://localhost:5050/projects/multi-cmdi-infodisc,200,0,17.52,491,5.083396186592345,0.0,0,0,0,0,0,0.0,0,0,0,0,0,0,0,0,0,0,0,0,0,0,0,0,0,0,0,0,0,0,0,0,0,0,0,0,0,0,0,0,8,3,0,1,0,1,0,0,0.0,0,0,0,0,0,0,0,0,0,0,0,0,0,0,0,0,0,0,0,0,0,0,0,0,0,0,0,0,0,0,0,0,0,0,0,28,0.0,0.0,0.0,0.32142857142857145,0.0,42.36,"['CMDi', 'InfoDisc']"
http://localhost:5050/tasks/multi-cmdi-infodisc,200,0,7.98,488,5.103088579519727,0.0,0,0,0,0,0,0.0,0,0,0,0,0,0,0,0,0,0,0,0,0,0,0,0,0,0,0,0,0,0,0,0,0,0,0,0,0,0,0,0,8,3,0,0,0,0,0,0,0.0,0,0,0,0,0,0,0,0,0,0,0,0,0,0,0,0,0,0,0,0,0,0,0,0,0,0,0,0,0,0,0,0,0,0,0,29,0.0,0.0,0.0,0.3103448275862069,0.0,42.39,"['CMDi', 'InfoDisc']"
http://localhost:5050/payments/multi-cmdi-infodisc,200,0,7.99,491,5.089366033726894,0.0,0,0,0,0,0,0.0,0,0,0,0,0,0,0,0,0,0,0,0,0,0,0,0,0,0,0,0,0,0,0,0,0,0,0,0,0,0,0,0,8,3,0,1,0,1,0,0,0.0,0,0,0,0,0,0,0,0,0,0,0,0,0,0,0,0,0,0,0,0,0,0,0,0,0,0,0,0,0,0,0,0,0,0,0,29,0.0,0.0,0.0,0.3103448275862069,0.0,42.43,"['CMDi', 'InfoDisc']"
http://localhost:5050/accounts/multi-cmdi-infodisc,200,0,17.52,491,5.110942760126814,0.0,0,0,0,0,0,0.0,0,0,0,0,0,0,0,0,0,0,0,0,0,0,0,0,0,0,0,0,0,0,0,0,0,0,0,0,0,0,0,0,8,3,0,0,0,0,0,0,0.0,0,0,0,0,0,0,0,0,0,0,0,0,0,0,0,0,0,0,0,0,0,0,0,0,0,0,0,0,0,0,0,0,0,0,0,29,0.0,0.0,0.0,0.3103448275862069,0.0,42.4,"['CMDi', 'InfoDisc']"
http://localhost:5050/sessions/multi-cmdi-infodisc,200,0,5.49,491,5.084359068836483,0.0,0,0,0,0,0,0.0,0,0,0,0,0,0,0,0,0,0,0,0,0,0,0,0,0,0,0,0,0,0,0,0,0,0,0,0,0,0,0,0,8,3,0,0,0,0,0,0,0.0,0,0,0,0,0,0,0,0,0,0,0,0,0,0,0,0,0,0,0,0,0,0,0,0,0,0,0,0,0,0,0,0,0,0,0,27,0.0,0.0,0.0,0.37037037037037035,0.0,42.33,"['CMDi', 'InfoDisc']"
http://localhost:5050/documents/multi-cmdi-infodisc,200,0,8.02,492,5.097780141392696,0.0,0,0,0,0,0,0.0,0,0,0,0,0,0,0,0,0,0,0,0,0,0,0,0,0,0,0,0,0,0,0,0,0,0,0,0,0,0,0,0,8,3,0,0,0,0,0,0,0.0,0,0,0,0,0,0,0,0,0,0,0,0,0,0,0,0,0,0,0,0,0,0,0,0,0,0,0,0,0,0,0,0,0,0,0,29,0.0,0.0,0.0,0.3448275862068966,0.0,42.41,"['CMDi', 'InfoDisc']"
http://localhost:5050/reviews/multi-cmdi-infodisc,200,0,18.06,490,5.0977285945739705,0.0,0,0,0,0,0,0.0,0,0,0,0,0,0,0,0,0,0,0,0,0,0,0,0,0,0,0,0,0,0,0,0,0,0,0,0,0,0,0,0,8,3,0,1,0,1,0,0,0.0,0,0,0,0,0,0,0,0,0,0,0,0,0,0,0,0,0,0,0,0,0,0,0,0,0,0,0,0,0,0,0,0,0,0,0,29,0.0,0.0,0.0,0.3103448275862069,0.0,30.02,"['CMDi', 'InfoDisc']"
http://localhost:5050/articles/multi-cmdi-infodisc,200,0,7.97,491,5.094060607132112,0.0,0,0,0,0,0,0.0,0,0,0,0,0,0,0,0,0,0,0,0,0,0,0,0,0,0,0,0,0,0,0,0,0,0,0,0,0,0,0,0,8,3,0,0,0,0,0,0,0.0,0,0,0,0,0,0,0,0,0,0,0,0,0,0,0,0,0,0,0,0,0,0,0,0,0,0,0,0,0,0,0,0,0,0,0,29,0.0,0.0,0.0,0.1724137931034483,0.0,42.34,"['CMDi', 'InfoDisc']"
http://localhost:5050/events/multi-cmdi-infodisc,200,0,5.41,489,5.088362948584342,0.0,0,0,0,0,0,0.0,0,0,0,0,0,0,0,0,0,0,0,0,0,0,0,0,0,0,0,0,0,0,0,0,0,0,0,0,0,0,0,0,8,3,0,0,0,0,0,0,0.0,0,0,0,0,0,0,0,0,0,0,0,0,0,0,0,0,0,0,0,0,0,0,0,0,0,0,0,0,0,0,0,0,0,0,0,28,0.0,0.0,0.0,0.39285714285714285,0.0,42.34,"['CMDi', 'InfoDisc']"
http://localhost:5050/bookings/multi-cmdi-infodisc,200,0,18.03,491,5.139591640918114,0.0,0,0,0,0,0,0.0,0,0,0,0,0,0,0,0,0,0,0,0,0,0,0,0,0,0,0,0,0,0,0,0,0,0,0,0,0,0,0,0,8,3,0,0,0,0,0,0,0.0,0,0,0,0,0,0,0,0,0,0,0,0,0,0,0,0,0,0,0,0,0,0,0,0,0,0,0,0,0,0,0,0,0,0,0,29,0.0,0.0,0.0,0.3103448275862069,0.0,42.41,"['CMDi', 'InfoDisc']"
http://localhost:5050/subscriptions/multi-cmdi-infodisc,200,0,5.46,496,5.1193670378492,0.0,0,0,0,0,0,0.0,0,0,0,0,0,0,0,0,0,0,0,0,0,0,0,0,0,0,0,0,0,0,0,0,0,0,0,0,0,0,0,0,8,3,0,0,0,0,0,0,0.0,0,0,0,0,0,0,0,0,0,0,0,0,0,0,0,0,0,0,0,0,0,0,0,0,0,0,0,0,0,0,0,0,0,0,0,28,0.0,0.0,0.0,0.21428571428571427,0.0,42.39,"['CMDi', 'InfoDisc']"
http://localhost:5050/notifications/multi-cmdi-infodisc,200,0,18.01,496,5.107144733978629,0.0,0,0,0,0,0,0.0,0,0,0,0,0,0,0,0,0,0,0,0,0,0,0,0,0,0,0,0,0,0,0,0,0,0,0,0,0,0,0,0,8,3,0,0,0,0,0,0,0.0,0,0,0,0,0,0,0,0,0,0,0,0,0,0,0,0,0,0,0,0,0,0,0,0,0,0,0,0,0,0,0,0,0,0,0,26,0.0,0.0,0.0,0.3076923076923077,0.0,30.44,"['CMDi', 'InfoDisc']"
http://localhost:5050/logs/multi-cmdi-infodisc,200,0,17.05,487,5.118066570740452,0.0,0,0,0,0,0,0.0,0,0,0,0,0,0,0,0,0,0,0,0,0,0,0,0,0,0,0,0,0,0,0,0,0,0,0,0,0,0,0,0,8,3,0,0,0,0,0,0,0.0,0,0,0,0,0,0,0,0,0,0,0,0,0,0,0,0,0,0,0,0,0,0,0,0,0,0,0,0,0,0,0,0,0,0,0,29,0.0,0.0,0.0,0.3103448275862069,0.0,42.33,"['CMDi', 'InfoDisc']"
http://localhost:5050/backups/multi-cmdi-infodisc,200,0,7.98,490,5.119109303025231,0.0,0,0,0,0,0,0.0,0,0,0,0,0,0,0,0,0,0,0,0,0,0,0,0,0,0,0,0,0,0,0,0,0,0,0,0,0,0,0,0,8,3,0,0,0,0,0,0,0.0,0,0,0,0,0,0,0,0,0,0,0,0,0,0,0,0,0,0,0,0,0,0,0,0,0,0,0,0,0,0,0,0,0,0,0,30,0.0,0.0,0.0,0.23333333333333334,0.0,42.41,"['CMDi', 'InfoDisc']"
http://localhost:5050/exports/multi-cmdi-infodisc,200,0,8.01,490,5.08378016386464,0.0,0,0,0,0,0,0.0,0,0,0,0,0,0,0,0,0,0,0,0,0,0,0,0,0,0,0,0,0,0,0,0,0,0,0,0,0,0,0,0,8,3,0,0,0,0,0,0,0.0,0,0,0,0,0,0,0,0,0,0,0,0,0,0,0,0,0,0,0,0,0,0,0,0,0,0,0,0,0,0,0,0,0,0,0,28,0.0,0.0,0.0,0.2857142857142857,0.0,42.41,"['CMDi', 'InfoDisc']"
http://localhost:5050/imports/multi-cmdi-infodisc,200,0,5.4,490,5.09890020870231,0.0,0,0,0,0,0,0.0,0,0,0,0,0,0,0,0,0,0,0,0,0,0,0,0,0,0,0,0,0,0,0,0,0,0,0,0,0,0,0,0,8,3,0,0,0,0,0,0,0.0,0,0,0,0,0,0,0,0,0,0,0,0,0,0,0,0,0,0,0,0,0,0,0,0,0,0,0,0,0,0,0,0,0,0,0,28,0.0,0.0,0.0,0.4642857142857143,0.0,42.32,"['CMDi', 'InfoDisc']"
http://localhost:5050/profiles/multi-cmdi-infodisc,200,0,17.01,491,5.1265753647435295,0.0,0,0,0,0,0,0.0,0,0,0,0,0,0,0,0,0,0,0,0,0,0,0,0,0,0,0,0,0,0,0,0,0,0,0,0,0,0,0,0,8,3,0,0,0,0,0,0,0.0,0,0,0,0,0,0,0,0,0,0,0,0,0,0,0,0,0,0,0,0,0,0,0,0,0,0,0,0,0,0,0,0,0,0,0,27,0.0,0.0,0.0,0.4444444444444444,0.0,42.39,"['CMDi', 'InfoDisc']"
http://localhost:5050/settings/multi-cmdi-infodisc,200,0,5.46,491,5.09898265525515,0.0,0,0,0,0,0,0.0,0,0,0,0,0,0,0,0,0,0,0,0,0,0,0,0,0,0,0,0,0,0,0,0,0,0,0,0,0,0,0,0,8,3,0,0,0,0,0,0,0.0,0,0,0,0,0,0,0,0,0,0,0,0,0,0,0,0,0,0,0,0,0,0,0,0,0,0,0,0,0,0,0,0,0,0,0,30,0.0,0.0,0.0,0.3,0.0,42.31,"['CMDi', 'InfoDisc']"
http://localhost:5050/teams/multi-cmdi-infodisc,200,0,7.99,488,5.114524576800284,0.0,0,0,0,0,0,0.0,0,0,0,0,0,0,0,0,0,0,0,0,0,0,0,0,0,0,0,0,0,0,0,0,0,0,0,0,0,0,0,0,8,3,0,0,0,0,0,0,0.0,0,0,0,0,0,0,0,0,0,0,0,0,0,0,0,0,0,0,0,0,0,0,0,0,0,0,0,0,0,0,0,0,0,0,0,28,0.0,0.0,0.0,0.17857142857142858,0.0,42.41,"['CMDi', 'InfoDisc']"
http://localhost:5050/organizations/multi-cmdi-infodisc,200,0,7.99,496,5.11399509695354,0.0,0,0,0,0,0,0.0,0,0,0,0,0,0,0,0,0,0,0,0,0,0,0,0,0,0,0,0,0,0,0,0,0,0,0,0,0,0,0,0,8,3,0,0,0,0,0,0,0.0,0,0,0,0,0,0,0,0,0,0,0,0,0,0,0,0,0,0,0,0,0,0,0,0,0,0,0,0,0,0,0,0,0,0,0,28,0.0,0.0,0.0,0.17857142857142858,0.0,42.41,"['CMDi', 'InfoDisc']"
http://localhost:5050/api/v1/products/multi-cmdi-infodisc,200,0,18.02,498,5.128825597282358,0.0,0,0,0,0,0,0.0,0,0,0,0,0,0,0,0,0,0,0,0,0,0,0,0,0,0,0,0,0,0,0,0,0,0,0,0,0,0,0,0,8,3,0,2,0,3,0,0,0.0,0,0,0,0,0,0,0,0,0,0,0,0,0,0,0,0,0,0,0,0,0,0,0,0,0,0,0,0,0,0,0,0,0,0,0,27,0.0,0.0,0.0,0.4444444444444444,0.0,42.38,"['CMDi', 'InfoDisc']"
http://localhost:5050/api/v1/users/multi-cmdi-infodisc,200,0,5.06,495,5.087070188473561,0.0,0,0,0,0,0,0.0,0,0,0,0,0,0,0,0,0,0,0,0,0,0,0,0,0,0,0,0,0,0,0,0,0,0,0,0,0,0,0,0,8,3,0,3,0,3,1,0,0.0,0,0,0,0,0,0,0,0,0,0,0,0,0,0,0,0,0,0,0,0,0,0,0,0,0,0,0,0,0,0,0,0,0,0,0,28,0.0,0.0,0.0,0.42857142857142855,0.0,42.37,"['CMDi', 'InfoDisc']"
http://localhost:5050/api/v1/orders/multi-cmdi-infodisc,200,0,17.1,496,5.115293316257772,0.0,0,0,0,0,0,0.0,0,0,0,0,0,0,0,0,0,0,0,0,0,0,0,0,0,0,0,0,0,0,0,0,0,0,0,0,0,0,0,0,8,3,0,2,0,3,0,0,0.0,0,0,0,0,0,0,0,0,0,0,0,0,0,0,0,0,0,0,0,0,0,0,0,0,0,0,0,0,0,0,0,0,0,0,0,29,0.0,0.0,0.0,0.3448275862068966,0.0,42.36,"['CMDi', 'InfoDisc']"
http://localhost:5050/api/v1/invoices/multi-cmdi-infodisc,200,0,7.98,498,5.094427926697752,0.0,0,0,0,0,0,0.0,0,0,0,0,0,0,0,0,0,0,0,0,0,0,0,0,0,0,0,0,0,0,0,0,0,0,0,0,0,0,0,0,8,3,0,3,0,4,0,0,0.0,0,0,0,0,0,0,0,0,0,0,0,0,0,0,0,0,0,0,0,0,0,0,0,0,0,0,0,0,0,0,0,0,0,0,0,29,0.0,0.0,0.0,0.20689655172413793,0.0,42.43,"['CMDi', 'InfoDisc']"
http://localhost:5050/api/v1/comments/multi-cmdi-infodisc,200,0,18.14,498,5.122665204196892,0.0,0,0,0,0,0,0.0,0,0,0,0,0,0,0,0,0,0,0,0,0,0,0,0,0,0,0,0,0,0,0,0,0,0,0,0,0,0,0,0,8,3,0,2,0,3,0,0,0.0,0,0,0,0,0,0,0,0,0,0,0,0,0,0,0,0,0,0,0,0,0,0,0,0,0,0,0,0,0,0,0,0,0,0,0,27,0.0,0.0,0.0,0.2222222222222222,0.0,33.99,"['CMDi', 'InfoDisc']"
http://localhost:5050/api/v1/files/multi-cmdi-infodisc,200,0,8.0,495,5.099592559331292,0.0,0,0,0,0,0,0.0,0,0,0,0,0,0,0,0,0,0,0,0,0,0,0,0,0,0,0,0,0,0,0,0,0,0,0,0,0,0,0,0,8,3,0,2,0,3,0,0,0.0,0,0,0,0,0,0,0,0,0,0,0,0,0,0,0,0,0,0,0,0,0,0,0,0,0,0,0,0,0,0,0,0,0,0,0,28,0.0,0.0,0.0,0.39285714285714285,0.0,42.37,"['CMDi', 'InfoDisc']"
http://localhost:5050/api/v1/images/multi-cmdi-infodisc,200,0,17.02,496,5.1174162878999825,0.0,0,0,0,0,0,0.0,0,0,0,0,0,0,0,0,0,0,0,0,0,0,0,0,0,0,0,0,0,0,0,0,0,0,0,0,0,0,0,0,8,3,0,2,0,3,0,0,0.0,0,0,0,0,0,0,0,0,0,0,0,0,0,0,0,0,0,0,0,0,0,0,0,0,0,0,0,0,0,0,0,0,0,0,0,28,0.0,0.0,0.0,0.42857142857142855,0.0,42.4,"['CMDi', 'InfoDisc']"
http://localhost:5050/api/v1/reports/multi-cmdi-infodisc,200,0,17.03,497,5.115401493126873,0.0,0,0,0,0,0,0.0,0,0,0,0,0,0,0,0,0,0,0,0,0,0,0,0,0,0,0,0,0,0,0,0,0,0,0,0,0,0,0,0,8,3,0,2,0,3,0,0,0.0,0,0,0,0,0,0,0,0,0,0,0,0,0,0,0,0,0,0,0,0,0,0,0,0,0,0,0,0,0,0,0,0,0,0,0,27,0.0,0.0,0.0,0.48148148148148145,0.0,42.38,"['CMDi', 'InfoDisc']"
http://localhost:5050/api/v1/tickets/multi-cmdi-infodisc,200,0,5.49,497,5.108552767110009,0.0,0,0,0,0,0,0.0,0,0,0,0,0,0,0,0,0,0,0,0,0,0,0,0,0,0,0,0,0,0,0,0,0,0,0,0,0,0,0,0,8,3,0,2,0,3,0,0,0.0,0,0,0,0,0,0,0,0,0,0,0,0,0,0,0,0,0,0,0,0,0,0,0,0,0,0,0,0,0,0,0,0,0,0,0,28,0.0,0.0,0.0,0.39285714285714285,0.0,42.36,"['CMDi', 'InfoDisc']"
http://localhost:5050/api/v1/messages/multi-cmdi-infodisc,200,0,5.47,498,5.11118428406824,0.0,0,0,0,0,0,0.0,0,0,0,0,0,0,0,0,0,0,0,0,0,0,0,0,0,0,0,0,0,0,0,0,0,0,0,0,0,0,0,0,8,3,0,2,0,3,0,0,0.0,0,0,0,0,0,0,0,0,0,0,0,0,0,0,0,0,0,0,0,0,0,0,0,0,0,0,0,0,0,0,0,0,0,0,0,26,0.0,0.0,0.0,0.11538461538461539,0.0,42.4,"['CMDi', 'InfoDisc']"
http://localhost:5050/api/v1/projects/multi-cmdi-infodisc,200,0,16.54,498,5.116939004913461,0.0,0,0,0,0,0,0.0,0,0,0,0,0,0,0,0,0,0,0,0,0,0,0,0,0,0,0,0,0,0,0,0,0,0,0,0,0,0,0,0,8,3,0,2,0,3,0,0,0.0,0,0,0,0,0,0,0,0,0,0,0,0,0,0,0,0,0,0,0,0,0,0,0,0,0,0,0,0,0,0,0,0,0,0,0,26,0.0,0.0,0.0,0.4230769230769231,0.0,42.32,"['CMDi', 'InfoDisc']"
http://localhost:5050/api/v1/tasks/multi-cmdi-infodisc,200,0,5.49,495,5.108040101077711,0.0,0,0,0,0,0,0.0,0,0,0,0,0,0,0,0,0,0,0,0,0,0,0,0,0,0,0,0,0,0,0,0,0,0,0,0,0,0,0,0,8,3,0,2,0,3,0,0,0.0,0,0,0,0,0,0,0,0,0,0,0,0,0,0,0,0,0,0,0,0,0,0,0,0,0,0,0,0,0,0,0,0,0,0,0,27,0.0,0.0,0.0,0.4074074074074074,0.0,42.32,"['CMDi', 'InfoDisc']"
http://localhost:5050/api/v1/payments/multi-cmdi-infodisc,200,0,5.5,498,5.116953462152347,0.0,0,0,0,0,0,0.0,0,0,0,0,0,0,0,0,0,0,0,0,0,0,0,0,0,0,0,0,0,0,0,0,0,0,0,0,0,0,0,0,8,3,0,2,0,3,0,0,0.0,0,0,0,0,0,0,0,0,0,0,0,0,0,0,0,0,0,0,0,0,0,0,0,0,0,0,0,0,0,0,0,0,0,0,0,28,0.0,0.0,0.0,0.07142857142857142,0.0,42.38,"['CMDi', 'InfoDisc']"
http://localhost:5050/api/v1/accounts/multi-cmdi-infodisc,200,0,8.01,498,5.118415345592427,0.0,0,0,0,0,0,0.0,0,0,0,0,0,0,0,0,0,0,0,0,0,0,0,0,0,0,0,0,0,0,0,0,0,0,0,0,0,0,0,0,8,3,0,2,0,3,0,0,0.0,0,0,0,0,0,0,0,0,0,0,0,0,0,0,0,0,0,0,0,0,0,0,0,0,0,0,0,0,0,0,0,0,0,0,0,30,0.0,0.0,0.0,0.16666666666666666,0.0,42.4,"['CMDi', 'InfoDisc']"
http://localhost:5050/api/v1/sessions/multi-cmdi-infodisc,200,0,5.47,498,5.118364673383248,0.0,0,0,0,0,0,0.0,0,0,0,0,0,0,0,0,0,0,0,0,0,0,0,0,0,0,0,0,0,0,0,0,0,0,0,0,0,0,0,0,8,3,0,2,0,3,0,0,0.0,0,0,0,0,0,0,0,0,0,0,0,0,0,0,0,0,0,0,0,0,0,0,0,0,0,0,0,0,0,0,0,0,0,0,0,29,0.0,0.0,0.0,0.2413793103448276,0.0,42.41,"['CMDi', 'InfoDisc']"
http://localhost:5050/api/v1/documents/multi-cmdi-infodisc,200,0,17.14,499,5.123561020696,0.0,0,0,0,0,0,0.0,0,0,0,0,0,0,0,0,0,0,0,0,0,0,0,0,0,0,0,0,0,0,0,0,0,0,0,0,0,0,0,0,8,3,0,2,0,3,0,0,0.0,0,0,0,0,0,0,0,0,0,0,0,0,0,0,0,0,0,0,0,0,0,0,0,0,0,0,0,0,0,0,0,0,0,0,0,29,0.0,0.0,0.0,0.3793103448275862,0.0,42.41,"['CMDi', 'InfoDisc']"
http://localhost:5050/api/v1/reviews/multi-insecdeser-credsexpose,405,0,6.83,153,4.599963902086099,0.0,0,0,0,0,0,0.0,0,0,0,0,0,0,0,0,0,0,0,0,0,0,0,0,0,0,0,0,0,0,0,0,0,0,0,0,0,0,0,0,8,3,0,0,0,0,0,0,0.0,0,0,0,0,0,0,0,0,0,0,0,0,0,0,0,0,0,0,0,0,0,0,0,0,0,0,0,0,0,0,0,0,0,0,0,27,0.0,0.0,0.0,0.1111111111111111,0.0,41.63,"['InsecDeser', 'CredsExpose']"
http://localhost:5050/api/v1/logs/multi-insecdeser-credsexpose,405,0,21.38,153,4.599963902086099,0.0,0,0,0,0,0,0.0,0,0,0,0,0,0,0,0,0,0,0,0,0,0,0,0,0,0,0,0,0,0,0,0,0,0,0,0,0,0,0,0,8,3,0,0,0,0,0,0,0.0,0,0,0,0,0,0,0,0,0,0,0,0,0,0,0,0,0,0,0,0,0,0,0,0,0,0,0,0,0,0,0,0,0,0,0,26,0.0,0.0,0.0,0.15384615384615385,0.0,30.0,"['InsecDeser', 'CredsExpose']"
http://localhost:5050/api/v1/backups/multi-insecdeser-credsexpose,405,0,39.83,153,4.599963902086099,0.0,0,0,0,0,0,0.0,0,0,0,0,0,0,0,0,0,0,0,0,0,0,0,0,0,0,0,0,0,0,0,0,0,0,0,0,0,0,0,0,8,3,0,0,0,0,0,0,0.0,0,0,0,0,0,0,0,0,0,0,0,0,0,0,0,0,0,0,0,0,0,0,0,0,0,0,0,0,0,0,0,0,0,0,0,30,0.0,0.0,0.0,0.23333333333333334,0.0,30.0,"['InsecDeser', 'CredsExpose']"
http://localhost:5050/api/v1/exports/multi-insecdeser-credsexpose,405,0,11.1,153,4.599963902086099,0.0,0,0,0,0,0,0.0,0,0,0,0,0,0,0,0,0,0,0,0,0,0,0,0,0,0,0,0,0,0,0,0,0,0,0,0,0,0,0,0,8,3,0,0,0,0,0,0,0.0,0,0,0,0,0,0,0,0,0,0,0,0,0,0,0,0,0,0,0,0,0,0,0,0,0,0,0,0,0,0,0,0,0,0,0,30,0.0,0.0,0.0,0.23333333333333334,0.0,41.63,"['InsecDeser', 'CredsExpose']"
http://localhost:5050/api/v1/imports/multi-insecdeser-credsexpose,405,0,21.81,153,4.599963902086099,0.0,0,0,0,0,0,0.0,0,0,0,0,0,0,0,0,0,0,0,0,0,0,0,0,0,0,0,0,0,0,0,0,0,0,0,0,0,0,0,0,8,3,0,0,0,0,0,0,0.0,0,0,0,0,0,0,0,0,0,0,0,0,0,0,0,0,0,0,0,0,0,0,0,0,0,0,0,0,0,0,0,0,0,0,0,30,0.0,0.0,0.0,0.3333333333333333,0.0,41.63,"['InsecDeser', 'CredsExpose']"
http://localhost:5050/api/v1/profiles/multi-insecdeser-credsexpose,405,0,39.58,153,4.599963902086099,0.0,0,0,0,0,0,0.0,0,0,0,0,0,0,0,0,0,0,0,0,0,0,0,0,0,0,0,0,0,0,0,0,0,0,0,0,0,0,0,0,8,3,0,0,0,0,0,0,0.0,0,0,0,0,0,0,0,0,0,0,0,0,0,0,0,0,0,0,0,0,0,0,0,0,0,0,0,0,0,0,0,0,0,0,0,28,0.0,0.0,0.0,0.03571428571428571,0.0,30.0,"['InsecDeser', 'CredsExpose']"
http://localhost:5050/api/v1/settings/multi-insecdeser-credsexpose,405,0,44.89,153,4.599963902086099,0.0,0,0,0,0,0,0.0,0,0,0,0,0,0,0,0,0,0,0,0,0,0,0,0,0,0,0,0,0,0,0,0,0,0,0,0,0,0,0,0,8,3,0,0,0,0,0,0,0.0,0,0,0,0,0,0,0,0,0,0,0,0,0,0,0,0,0,0,0,0,0,0,0,0,0,0,0,0,0,0,0,0,0,0,0,24,0.0,0.0,0.0,0.041666666666666664,0.0,27.02,"['InsecDeser', 'CredsExpose']"
http://localhost:5050/api/v1/teams/multi-insecdeser-credsexpose,405,0,11.1,153,4.599963902086099,0.0,0,0,0,0,0,0.0,0,0,0,0,0,0,0,0,0,0,0,0,0,0,0,0,0,0,0,0,0,0,0,0,0,0,0,0,0,0,0,0,8,3,0,0,0,0,0,0,0.0,0,0,0,0,0,0,0,0,0,0,0,0,0,0,0,0,0,0,0,0,0,0,0,0,0,0,0,0,0,0,0,0,0,0,0,28,0.0,0.0,0.0,0.2857142857142857,0.0,41.63,"['InsecDeser', 'CredsExpose']"
http://localhost:5050/api/v1/organizations/multi-insecdeser-credsexpose,405,0,21.83,153,4.599963902086099,0.0,0,0,0,0,0,0.0,0,0,0,0,0,0,0,0,0,0,0,0,0,0,0,0,0,0,0,0,0,0,0,0,0,0,0,0,0,0,0,0,8,3,0,0,0,0,0,0,0.0,0,0,0,0,0,0,0,0,0,0,0,0,0,0,0,0,0,0,0,0,0,0,0,0,0,0,0,0,0,0,0,0,0,0,0,29,0.0,0.0,0.0,0.3103448275862069,0.0,37.13,"['InsecDeser', 'CredsExpose']"
http://localhost:5050/api/v2/products/multi-insecdeser-credsexpose,405,0,23.02,153,4.599963902086099,0.0,0,0,0,0,0,0.0,0,0,0,0,0,0,0,0,0,0,0,0,0,0,0,0,0,0,0,0,0,0,0,0,0,0,0,0,0,0,0,0,8,3,0,0,0,0,0,0,0.0,0,0,0,0,0,0,0,0,0,0,0,0,0,0,0,0,0,0,0,0,0,0,0,0,0,0,0,0,0,0,0,0,0,0,0,29,0.0,0.0,0.0,0.3793103448275862,0.0,41.63,"['InsecDeser', 'CredsExpose']"
http://localhost:5050/api/v2/users/multi-insecdeser-credsexpose,405,0,35.19,153,4.599963902086099,0.0,0,0,0,0,0,0.0,0,0,0,0,0,0,0,0,0,0,0,0,0,0,0,0,0,0,0,0,0,0,0,0,0,0,0,0,0,0,0,0,8,3,0,0,0,0,0,0,0.0,0,0,0,0,0,0,0,0,0,0,0,0,0,0,0,0,0,0,0,0,0,0,0,0,0,0,0,0,0,0,0,0,0,0,0,25,0.0,0.0,0.0,0.2,0.0,30.0,"['InsecDeser', 'CredsExpose']"
http://localhost:5050/api/v2/orders/multi-insecdeser-credsexpose,405,0,19.9,153,4.599963902086099,0.0,0,0,0,0,0,0.0,0,0,0,0,0,0,0,0,0,0,0,0,0,0,0,0,0,0,0,0,0,0,0,0,0,0,0,0,0,0,0,0,8,3,0,0,0,0,0,0,0.0,0,0,0,0,0,0,0,0,0,0,0,0,0,0,0,0,0,0,0,0,0,0,0,0,0,0,0,0,0,0,0,0,0,0,0,28,0.0,0.0,0.0,0.07142857142857142,0.0,30.0,"['InsecDeser', 'CredsExpose']"
http://localhost:5050/api/v2/invoices/multi-insecdeser-credsexpose,405,0,11.1,153,4.599963902086099,0.0,0,0,0,0,0,0.0,0,0,0,0,0,0,0,0,0,0,0,0,0,0,0,0,0,0,0,0,0,0,0,0,0,0,0,0,0,0,0,0,8,3,0,0,0,0,0,0,0.0,0,0,0,0,0,0,0,0,0,0,0,0,0,0,0,0,0,0,0,0,0,0,0,0,0,0,0,0,0,0,0,0,0,0,0,28,0.0,0.0,0.0,0.42857142857142855,0.0,41.63,"['InsecDeser', 'CredsExpose']"
http://localhost:5050/api/v2/comments/multi-insecdeser-credsexpose,0,0,17.98,0,0.0,0.0,0,0,0,0,0,0.0,0,0,0,0,0,0,0,0,0,0,0,0,0,0,0,0,0,0,0,0,0,0,0,0,0,0,0,0,0,0,0,0,1,0,0,0,0,0,0,0,0.0,0,0,0,0,0,0,0,0,0,0,0,0,0,0,0,0,0,0,0,0,0,0,0,0,0,0,0,0,0,0,0,0,0,0,0,29,0.0,0.0,0.0,0.0,0.0,10.83,"['InsecDeser', 'CredsExpose']"
http://localhost:5050/api/v2/files/multi-insecdeser-credsexpose,405,0,21.83,153,4.599963902086099,0.0,0,0,0,0,0,0.0,0,0,0,0,0,0,0,0,0,0,0,0,0,0,0,0,0,0,0,0,0,0,0,0,0,0,0,0,0,0,0,0,8,3,0,0,0,0,0,0,0.0,0,0,0,0,0,0,0,0,0,0,0,0,0,0,0,0,0,0,0,0,0,0,0,0,0,0,0,0,0,0,0,0,0,0,0,30,0.0,0.0,0.0,0.3333333333333333,0.0,41.63,"['InsecDeser', 'CredsExpose']"
http://localhost:5050/api/v2/images/multi-insecdeser-credsexpose,405,0,27.25,153,4.599963902086099,0.0,0,0,0,0,0,0.0,0,0,0,0,0,0,0,0,0,0,0,0,0,0,0,0,0,0,0,0,0,0,0,0,0,0,0,0,0,0,0,0,8,3,0,0,0,0,0,0,0.0,0,0,0,0,0,0,0,0,0,0,0,0,0,0,0,0,0,0,0,0,0,0,0,0,0,0,0,0,0,0,0,0,0,0,0,28,0.0,0.0,0.0,0.42857142857142855,0.0,30.0,"['InsecDeser', 'CredsExpose']"
http://localhost:5050/api/v2/reports/multi-insecdeser-credsexpose,405,0,22.29,153,4.599963902086099,0.0,0,0,0,0,0,0.0,0,0,0,0,0,0,0,0,0,0,0,0,0,0,0,0,0,0,0,0,0,0,0,0,0,0,0,0,0,0,0,0,8,3,0,0,0,0,0,0,0.0,0,0,0,0,0,0,0,0,0,0,0,0,0,0,0,0,0,0,0,0,0,0,0,0,0,0,0,0,0,0,0,0,0,0,0,28,0.0,0.0,0.0,0.42857142857142855,0.0,30.0,"['InsecDeser', 'CredsExpose']"
http://localhost:5050/api/v2/tickets/multi-insecdeser-credsexpose,405,0,27.61,153,4.599963902086099,0.0,0,0,0,0,0,0.0,0,0,0,0,0,0,0,0,0,0,0,0,0,0,0,0,0,0,0,0,0,0,0,0,0,0,0,0,0,0,0,0,8,3,0,0,0,0,0,0,0.0,0,0,0,0,0,0,0,0,0,0,0,0,0,0,0,0,0,0,0,0,0,0,0,0,0,0,0,0,0,0,0,0,0,0,0,30,0.0,0.0,0.0,0.1,0.0,30.0,"['InsecDeser', 'CredsExpose']"
http://localhost:5050/api/v2/messages/multi-insecdeser-credsexpose,0,0,15.94,0,0.0,0.0,0,0,0,0,0,0.0,0,0,0,0,0,0,0,0,0,0,0,0,0,0,0,0,0,0,0,0,0,0,0,0,0,0,0,0,0,0,0,0,1,0,0,0,0,0,0,0,0.0,0,0,0,0,0,0,0,0,0,0,0,0,0,0,0,0,0,0,0,0,0,0,0,0,0,0,0,0,0,0,0,0,0,0,0,30,0.0,0.0,0.0,0.0,0.0,10.83,"['InsecDeser', 'CredsExpose']"
http://localhost:5050/api/v2/projects/multi-insecdeser-credsexpose,405,0,15.66,153,4.599963902086099,0.0,0,0,0,0,0,0.0,0,0,0,0,0,0,0,0,0,0,0,0,0,0,0,0,0,0,0,0,0,0,0,0,0,0,0,0,0,0,0,0,8,3,0,0,0,0,0,0,0.0,0,0,0,0,0,0,0,0,0,0,0,0,0,0,0,0,0,0,0,0,0,0,0,0,0,0,0,0,0,0,0,0,0,0,0,28,0.0,0.0,0.0,0.39285714285714285,0.0,41.63,"['InsecDeser', 'CredsExpose']"
http://localhost:5050/api/v2/tasks/multi-insecdeser-credsexpose,405,0,23.26,153,4.599963902086099,0.0,0,0,0,0,0,0.0,0,0,0,0,0,0,0,0,0,0,0,0,0,0,0,0,0,0,0,0,0,0,0,0,0,0,0,0,0,0,0,0,8,3,0,0,0,0,0,0,0.0,0,0,0,0,0,0,0,0,0,0,0,0,0,0,0,0,0,0,0,0,0,0,0,0,0,0,0,0,0,0,0,0,0,0,0,30,0.0,0.0,0.0,0.23333333333333334,0.0,30.0,"['InsecDeser', 'CredsExpose']"
http://localhost:5050/api/v2/payments/multi-insecdeser-credsexpose,405,0,27.26,153,4.599963902086099,0.0,0,0,0,0,0,0.0,0,0,0,0,0,0,0,0,0,0,0,0,0,0,0,0,0,0,0,0,0,0,0,0,0,0,0,0,0,0,0,0,8,3,0,0,0,0,0,0,0.0,0,0,0,0,0,0,0,0,0,0,0,0,0,0,0,0,0,0,0,0,0,0,0,0,0,0,0,0,0,0,0,0,0,0,0,30,0.0,0.0,0.0,0.36666666666666664,0.0,30.0,"['InsecDeser', 'CredsExpose']"
http://localhost:5050/api/v2/accounts/multi-insecdeser-credsexpose,405,0,11.18,153,4.599963902086099,0.0,0,0,0,0,0,0.0,0,0,0,0,0,0,0,0,0,0,0,0,0,0,0,0,0,0,0,0,0,0,0,0,0,0,0,0,0,0,0,0,8,3,0,0,0,0,0,0,0.0,0,0,0,0,0,0,0,0,0,0,0,0,0,0,0,0,0,0,0,0,0,0,0,0,0,0,0,0,0,0,0,0,0,0,0,30,0.0,0.0,0.0,0.3333333333333333,0.0,41.63,"['InsecDeser', 'CredsExpose']"
http://localhost:5050/api/v2/sessions/multi-insecdeser-credsexpose,405,0,19.3,153,4.599963902086099,0.0,0,0,0,0,0,0.0,0,0,0,0,0,0,0,0,0,0,0,0,0,0,0,0,0,0,0,0,0,0,0,0,0,0,0,0,0,0,0,0,8,3,0,0,0,0,0,0,0.0,0,0,0,0,0,0,0,0,0,0,0,0,0,0,0,0,0,0,0,0,0,0,0,0,0,0,0,0,0,0,0,0,0,0,0,30,0.0,0.0,0.0,0.16666666666666666,0.0,41.63,"['InsecDeser', 'CredsExpose']"
http://localhost:5050/api/v2/documents/multi-insecdeser-credsexpose,0,0,49.59,0,0.0,0.0,0,0,0,0,0,0.0,0,0,0,0,0,0,0,0,0,0,0,0,0,0,0,0,0,0,0,0,0,0,0,0,0,0,0,0,0,0,0,0,8,3,0,0,0,0,0,0,0.0,0,0,0,0,0,0,0,0,0,0,0,0,0,0,0,0,0,0,0,0,0,0,0,0,0,0,0,0,0,0,0,0,0,0,0,25,0.0,0.0,0.0,0.0,0.0,10.83,"['InsecDeser', 'CredsExpose']"
http://localhost:5050/api/v2/reviews/multi-insecdeser-credsexpose,0,0,16.14,0,0.0,0.0,0,0,0,0,0,0.0,0,0,0,0,0,0,0,0,0,0,0,0,0,0,0,0,0,0,0,0,0,0,0,0,0,0,0,0,0,0,0,0,8,3,0,0,0,0,0,0,0.0,0,0,0,0,0,0,0,0,0,0,0,0,0,0,0,0,0,0,0,0,0,0,0,0,0,0,0,0,0,0,0,0,0,0,0,30,0.0,0.0,0.0,0.0,0.0,10.83,"['InsecDeser', 'CredsExpose']"
http://localhost:5050/api/v2/articles/multi-insecdeser-credsexpose,405,0,43.33,153,4.599963902086099,0.0,0,0,0,0,0,0.0,0,0,0,0,0,0,0,0,0,0,0,0,0,0,0,0,0,0,0,0,0,0,0,0,0,0,0,0,0,0,0,0,8,3,0,0,0,0,0,0,0.0,0,0,0,0,0,0,0,0,0,0,0,0,0,0,0,0,0,0,0,0,0,0,0,0,0,0,0,0,0,0,0,0,0,0,0,26,0.0,0.0,0.0,0.07692307692307693,0.0,29.27,"['InsecDeser', 'CredsExpose']"
http://localhost:5050/api/v2/events/multi-insecdeser-credsexpose,405,0,27.6,153,4.599963902086099,0.0,0,0,0,0,0,0.0,0,0,0,0,0,0,0,0,0,0,0,0,0,0,0,0,0,0,0,0,0,0,0,0,0,0,0,0,0,0,0,0,8,3,0,0,0,0,0,0,0.0,0,0,0,0,0,0,0,0,0,0,0,0,0,0,0,0,0,0,0,0,0,0,0,0,0,0,0,0,0,0,0,0,0,0,0,29,0.0,0.0,0.0,0.2413793103448276,0.0,30.0,"['InsecDeser', 'CredsExpose']"
http://localhost:5050/api/v2/bookings/multi-insecdeser-credsexpose,405,0,43.25,153,4.599963902086099,0.0,0,0,0,0,0,0.0,0,0,0,0,0,0,0,0,0,0,0,0,0,0,0,0,0,0,0,0,0,0,0,0,0,0,0,0,0,0,0,0,8,3,0,0,0,0,0,0,0.0,0,0,0,0,0,0,0,0,0,0,0,0,0,0,0,0,0,0,0,0,0,0,0,0,0,0,0,0,0,0,0,0,0,0,0,29,0.0,0.0,0.0,0.034482758620689655,0.0,29.11,"['InsecDeser', 'CredsExpose']"
http://localhost:5050/api/v2/subscriptions/multi-insecdeser-credsexpose,405,0,29.1,153,4.599963902086099,0.0,0,0,0,0,0,0.0,0,0,0,0,0,0,0,0,0,0,0,0,0,0,0,0,0,0,0,0,0,0,0,0,0,0,0,0,0,0,0,0,8,3,0,0,0,0,0,0,0.0,0,0,0,0,0,0,0,0,0,0,0,0,0,0,0,0,0,0,0,0,0,0,0,0,0,0,0,0,0,0,0,0,0,0,0,29,0.0,0.0,0.0,0.3103448275862069,0.0,28.66,"['InsecDeser', 'CredsExpose']"
http://localhost:5050/api/v2/notifications/multi-insecdeser-credsexpose,405,0,19.3,153,4.599963902086099,0.0,0,0,0,0,0,0.0,0,0,0,0,0,0,0,0,0,0,0,0,0,0,0,0,0,0,0,0,0,0,0,0,0,0,0,0,0,0,0,0,8,3,0,0,0,0,0,0,0.0,0,0,0,0,0,0,0,0,0,0,0,0,0,0,0,0,0,0,0,0,0,0,0,0,0,0,0,0,0,0,0,0,0,0,0,24,0.0,0.0,0.0,0.2916666666666667,0.0,41.63,"['InsecDeser', 'CredsExpose']"
http://localhost:5050/api/v2/logs/multi-insecdeser-credsexpose,405,0,27.11,153,4.599963902086099,0.0,0,0,0,0,0,0.0,0,0,0,0,0,0,0,0,0,0,0,0,0,0,0,0,0,0,0,0,0,0,0,0,0,0,0,0,0,0,0,0,8,3,0,0,0,0,0,0,0.0,0,0,0,0,0,0,0,0,0,0,0,0,0,0,0,0,0,0,0,0,0,0,0,0,0,0,0,0,0,0,0,0,0,0,0,30,0.0,0.0,0.0,0.23333333333333334,0.0,30.0,"['InsecDeser', 'CredsExpose']"
http://localhost:5050/api/v2/backups/multi-insecdeser-credsexpose,405,0,62.62,153,4.599963902086099,0.0,0,0,0,0,0,0.0,0,0,0,0,0,0,0,0,0,0,0,0,0,0,0,0,0,0,0,0,0,0,0,0,0,0,0,0,0,0,0,0,8,3,0,0,0,0,0,0,0.0,0,0,0,0,0,0,0,0,0,0,0,0,0,0,0,0,0,0,0,0,0,0,0,0,0,0,0,0,0,0,0,0,0,0,0,29,0.0,0.0,0.0,0.06896551724137931,0.0,11.63,"['InsecDeser', 'CredsExpose']"
http://localhost:5050/api/v1/tasks/multi-sessfix-brokenauth,405,0,29.44,153,4.599963902086099,0.0,0,0,0,0,0,0.0,0,0,0,0,0,0,0,0,0,0,0,0,0,0,0,0,0,0,0,0,0,0,0,0,0,0,0,0,0,0,0,0,8,3,0,0,0,0,0,0,0.0,0,0,0,0,0,0,0,0,0,0,0,0,0,0,0,0,0,0,0,0,0,0,0,0,0,0,0,0,0,0,0,0,0,0,0,30,0.0,0.0,0.0,0.0,0.0,30.0,"['SessFix', 'BrokenAuth']"
http://localhost:5050/api/v1/payments/multi-sessfix-brokenauth,405,0,21.73,153,4.599963902086099,0.0,0,0,0,0,0,0.0,0,0,0,0,0,0,0,0,0,0,0,0,0,0,0,0,0,0,0,0,0,0,0,0,0,0,0,0,0,0,0,0,8,3,0,0,0,0,0,0,0.0,0,0,0,0,0,0,0,0,0,0,0,0,0,0,0,0,0,0,0,0,0,0,0,0,0,0,0,0,0,0,0,0,0,0,0,30,0.0,0.0,0.0,0.06666666666666667,0.0,41.63,"['SessFix', 'BrokenAuth']"
http://localhost:5050/api/v1/accounts/multi-sessfix-brokenauth,405,0,21.94,153,4.599963902086099,0.0,0,0,0,0,0,0.0,0,0,0,0,0,0,0,0,0,0,0,0,0,0,0,0,0,0,0,0,0,0,0,0,0,0,0,0,0,0,0,0,8,3,0,0,0,0,0,0,0.0,0,0,0,0,0,0,0,0,0,0,0,0,0,0,0,0,0,0,0,0,0,0,0,0,0,0,0,0,0,0,0,0,0,0,0,30,0.0,0.0,0.0,0.03333333333333333,0.0,41.63,"['SessFix', 'BrokenAuth']"
http://localhost:5050/api/v1/sessions/multi-sessfix-brokenauth,405,0,37.91,153,4.599963902086099,0.0,0,0,0,0,0,0.0,0,0,0,0,0,0,0,0,0,0,0,0,0,0,0,0,0,0,0,0,0,0,0,0,0,0,0,0,0,0,0,0,8,3,0,0,0,0,0,0,0.0,0,0,0,0,0,0,0,0,0,0,0,0,0,0,0,0,0,0,0,0,0,0,0,0,0,0,0,0,0,0,0,0,0,0,0,30,0.0,0.0,0.0,0.0,0.0,0.0,"['SessFix', 'BrokenAuth']"
http://localhost:5050/api/v1/documents/multi-sessfix-brokenauth,0,0,16.37,0,0.0,0.0,0,0,0,0,0,0.0,0,0,0,0,0,0,0,0,0,0,0,0,0,0,0,0,0,0,0,0,0,0,0,0,0,0,0,0,0,0,0,0,8,3,0,0,0,0,0,0,0.0,0,0,0,0,0,0,0,0,0,0,0,0,0,0,0,0,0,0,0,0,0,0,0,0,0,0,0,0,0,0,0,0,0,0,0,30,0.0,0.0,0.0,0.0,0.0,10.83,"['SessFix', 'BrokenAuth']"
http://localhost:5050/api/v1/reviews/multi-sessfix-brokenauth,405,0,22.04,153,4.599963902086099,0.0,0,0,0,0,0,0.0,0,0,0,0,0,0,0,0,0,0,0,0,0,0,0,0,0,0,0,0,0,0,0,0,0,0,0,0,0,0,0,0,8,3,0,0,0,0,0,0,0.0,0,0,0,0,0,0,0,0,0,0,0,0,0,0,0,0,0,0,0,0,0,0,0,0,0,0,0,0,0,0,0,0,0,0,0,30,0.0,0.0,0.0,0.2,0.0,41.63,"['SessFix', 'BrokenAuth']"
http://localhost:5050/api/v1/articles/multi-sessfix-brokenauth,405,0,29.23,153,4.599963902086099,0.0,0,0,0,0,0,0.0,0,0,0,0,0,0,0,0,0,0,0,0,0,0,0,0,0,0,0,0,0,0,0,0,0,0,0,0,0,0,0,0,8,3,0,0,0,0,0,0,0.0,0,0,0,0,0,0,0,0,0,0,0,0,0,0,0,0,0,0,0,0,0,0,0,0,0,0,0,0,0,0,0,0,0,0,0,30,0.0,0.0,0.0,0.0,0.0,30.0,"['SessFix', 'BrokenAuth']"
http://localhost:5050/api/v1/events/multi-sessfix-brokenauth,405,0,30.72,153,4.599963902086099,0.0,0,0,0,0,0,0.0,0,0,0,0,0,0,0,0,0,0,0,0,0,0,0,0,0,0,0,0,0,0,0,0,0,0,0,0,0,0,0,0,8,3,0,0,0,0,0,0,0.0,0,0,0,0,0,0,0,0,0,0,0,0,0,0,0,0,0,0,0,0,0,0,0,0,0,0,0,0,0,0,0,0,0,0,0,30,0.0,0.0,0.0,0.0,0.0,0.0,"['SessFix', 'BrokenAuth']"
http://localhost:5050/api/v1/bookings/multi-sessfix-brokenauth,405,0,33.65,153,4.599963902086099,0.0,0,0,0,0,0,0.0,0,0,0,0,0,0,0,0,0,0,0,0,0,0,0,0,0,0,0,0,0,0,0,0,0,0,0,0,0,0,0,0,8,3,0,0,0,0,0,0,0.0,0,0,0,0,0,0,0,0,0,0,0,0,0,0,0,0,0,0,0,0,0,0,0,0,0,0,0,0,0,0,0,0,0,0,0,30,0.0,0.0,0.0,0.0,0.0,30.0,"['SessFix', 'BrokenAuth']"
http://localhost:5050/api/v1/subscriptions/multi-sessfix-brokenauth,405,0,36.37,153,4.599963902086099,0.0,0,0,0,0,0,0.0,0,0,0,0,0,0,0,0,0,0,0,0,0,0,0,0,0,0,0,0,0,0,0,0,0,0,0,0,0,0,0,0,8,3,0,0,0,0,0,0,0.0,0,0,0,0,0,0,0,0,0,0,0,0,0,0,0,0,0,0,0,0,0,0,0,0,0,0,0,0,0,0,0,0,0,0,0,30,0.0,0.0,0.0,0.0,0.0,30.0,"['SessFix', 'BrokenAuth']"
http://localhost:5050/api/v1/notifications/multi-sessfix-brokenauth,405,0,22.05,153,4.599963902086099,0.0,0,0,0,0,0,0.0,0,0,0,0,0,0,0,0,0,0,0,0,0,0,0,0,0,0,0,0,0,0,0,0,0,0,0,0,0,0,0,0,8,3,0,0,0,0,0,0,0.0,0,0,0,0,0,0,0,0,0,0,0,0,0,0,0,0,0,0,0,0,0,0,0,0,0,0,0,0,0,0,0,0,0,0,0,30,0.0,0.0,0.0,0.06666666666666667,0.0,41.63,"['SessFix', 'BrokenAuth']"
http://localhost:5050/api/v1/logs/multi-sessfix-brokenauth,405,0,21.93,153,4.599963902086099,0.0,0,0,0,0,0,0.0,0,0,0,0,0,0,0,0,0,0,0,0,0,0,0,0,0,0,0,0,0,0,0,0,0,0,0,0,0,0,0,0,8,3,0,0,0,0,0,0,0.0,0,0,0,0,0,0,0,0,0,0,0,0,0,0,0,0,0,0,0,0,0,0,0,0,0,0,0,0,0,0,0,0,0,0,0,30,0.0,0.0,0.0,0.13333333333333333,0.0,41.63,"['SessFix', 'BrokenAuth']"
http://localhost:5050/api/v1/backups/multi-sessfix-brokenauth,405,0,28.28,153,4.599963902086099,0.0,0,0,0,0,0,0.0,0,0,0,0,0,0,0,0,0,0,0,0,0,0,0,0,0,0,0,0,0,0,0,0,0,0,0,0,0,0,0,0,8,3,0,0,0,0,0,0,0.0,0,0,0,0,0,0,0,0,0,0,0,0,0,0,0,0,0,0,0,0,0,0,0,0,0,0,0,0,0,0,0,0,0,0,0,30,0.0,0.0,0.0,0.0,0.0,0.0,"['SessFix', 'BrokenAuth']"
http://localhost:5050/api/v1/exports/multi-sessfix-brokenauth,0,0,13.14,0,0.0,0.0,0,0,0,0,0,0.0,0,0,0,0,0,0,0,0,0,0,0,0,0,0,0,0,0,0,0,0,0,0,0,0,0,0,0,0,0,0,0,0,8,3,0,0,0,0,0,0,0.0,0,0,0,0,0,0,0,0,0,0,0,0,0,0,0,0,0,0,0,0,0,0,0,0,0,0,0,0,0,0,0,0,0,0,0,30,0.0,0.0,0.0,0.0,0.0,10.83,"['SessFix', 'BrokenAuth']"
http://localhost:5050/api/v1/imports/multi-sessfix-brokenauth,405,0,41.02,153,4.599963902086099,0.0,0,0,0,0,0,0.0,0,0,0,0,0,0,0,0,0,0,0,0,0,0,0,0,0,0,0,0,0,0,0,0,0,0,0,0,0,0,0,0,8,3,0,0,0,0,0,0,0.0,0,0,0,0,0,0,0,0,0,0,0,0,0,0,0,0,0,0,0,0,0,0,0,0,0,0,0,0,0,0,0,0,0,0,0,30,0.0,0.0,0.0,0.06666666666666667,0.0,21.72,"['SessFix', 'BrokenAuth']"
http://localhost:5050/api/v1/profiles/multi-sessfix-brokenauth,405,0,16.49,153,4.599963902086099,0.0,0,0,0,0,0,0.0,0,0,0,0,0,0,0,0,0,0,0,0,0,0,0,0,0,0,0,0,0,0,0,0,0,0,0,0,0,0,0,0,8,3,0,0,0,0,0,0,0.0,0,0,0,0,0,0,0,0,0,0,0,0,0,0,0,0,0,0,0,0,0,0,0,0,0,0,0,0,0,0,0,0,0,0,0,30,0.0,0.0,0.0,0.0,0.0,29.49,"['SessFix', 'BrokenAuth']"
http://localhost:5050/api/v1/settings/multi-sessfix-brokenauth,0,0,26.46,0,0.0,0.0,0,0,0,0,0,0.0,0,0,0,0,0,0,0,0,0,0,0,0,0,0,0,0,0,0,0,0,0,0,0,0,0,0,0,0,0,0,0,0,1,0,0,0,0,0,0,0,0.0,0,0,0,0,0,0,0,0,0,0,0,0,0,0,0,0,0,0,0,0,0,0,0,0,0,0,0,0,0,0,0,0,0,0,0,30,0.0,0.0,0.0,0.0,0.0,10.83,"['SessFix', 'BrokenAuth']"
http://localhost:5050/api/v1/teams/multi-sessfix-brokenauth,405,0,25.55,153,4.599963902086099,0.0,0,0,0,0,0,0.0,0,0,0,0,0,0,0,0,0,0,0,0,0,0,0,0,0,0,0,0,0,0,0,0,0,0,0,0,0,0,0,0,8,3,0,0,0,0,0,0,0.0,0,0,0,0,0,0,0,0,0,0,0,0,0,0,0,0,0,0,0,0,0,0,0,0,0,0,0,0,0,0,0,0,0,0,0,29,0.0,0.0,0.0,0.10344827586206896,0.0,41.63,"['SessFix', 'BrokenAuth']"
http://localhost:5050/api/v1/organizations/multi-sessfix-brokenauth,405,0,32.76,153,4.599963902086099,0.0,0,0,0,0,0,0.0,0,0,0,0,0,0,0,0,0,0,0,0,0,0,0,0,0,0,0,0,0,0,0,0,0,0,0,0,0,0,0,0,8,3,0,0,0,0,0,0,0.0,0,0,0,0,0,0,0,0,0,0,0,0,0,0,0,0,0,0,0,0,0,0,0,0,0,0,0,0,0,0,0,0,0,0,0,30,0.0,0.0,0.0,0.1,0.0,39.35,"['SessFix', 'BrokenAuth']"
http://localhost:5050/api/v2/products/multi-sessfix-brokenauth,405,0,35.81,153,4.599963902086099,0.0,0,0,0,0,0,0.0,0,0,0,0,0,0,0,0,0,0,0,0,0,0,0,0,0,0,0,0,0,0,0,0,0,0,0,0,0,0,0,0,8,3,0,0,0,0,0,0,0.0,0,0,0,0,0,0,0,0,0,0,0,0,0,0,0,0,0,0,0,0,0,0,0,0,0,0,0,0,0,0,0,0,0,0,0,30,0.0,0.0,0.0,0.0,0.0,30.0,"['SessFix', 'BrokenAuth']"
http://localhost:5050/api/v2/users/multi-sessfix-brokenauth,0,0,16.9,0,0.0,0.0,0,0,0,0,0,0.0,0,0,0,0,0,0,0,0,0,0,0,0,0,0,0,0,0,0,0,0,0,0,0,0,0,0,0,0,0,0,0,0,8,3,0,0,0,0,0,0,0.0,0,0,0,0,0,0,0,0,0,0,0,0,0,0,0,0,0,0,0,0,0,0,0,0,0,0,0,0,0,0,0,0,0,0,0,25,0.0,0.0,0.0,0.0,0.0,10.83,"['SessFix', 'BrokenAuth']"
http://localhost:5050/api/v2/orders/multi-sessfix-brokenauth,405,0,37.31,153,4.599963902086099,0.0,0,0,0,0,0,0.0,0,0,0,0,0,0,0,0,0,0,0,0,0,0,0,0,0,0,0,0,0,0,0,0,0,0,0,0,0,0,0,0,8,3,0,0,0,0,0,0,0.0,0,0,0,0,0,0,0,0,0,0,0,0,0,0,0,0,0,0,0,0,0,0,0,0,0,0,0,0,0,0,0,0,0,0,0,30,0.0,0.0,0.0,0.0,0.0,0.0,"['SessFix', 'BrokenAuth']"
http://localhost:5050/api/v2/invoices/multi-sessfix-brokenauth,405,0,39.62,153,4.599963902086099,0.0,0,0,0,0,0,0.0,0,0,0,0,0,0,0,0,0,0,0,0,0,0,0,0,0,0,0,0,0,0,0,0,0,0,0,0,0,0,0,0,8,3,0,0,0,0,0,0,0.0,0,0,0,0,0,0,0,0,0,0,0,0,0,0,0,0,0,0,0,0,0,0,0,0,0,0,0,0,0,0,0,0,0,0,0,30,0.0,0.0,0.0,0.06666666666666667,0.0,30.0,"['SessFix', 'BrokenAuth']"
http://localhost:5050/api/v2/comments/multi-sessfix-brokenauth,405,0,17.1,153,4.599963902086099,0.0,0,0,0,0,0,0.0,0,0,0,0,0,0,0,0,0,0,0,0,0,0,0,0,0,0,0,0,0,0,0,0,0,0,0,0,0,0,0,0,8,3,0,0,0,0,0,0,0.0,0,0,0,0,0,0,0,0,0,0,0,0,0,0,0,0,0,0,0,0,0,0,0,0,0,0,0,0,0,0,0,0,0,0,0,27,0.0,0.0,0.0,0.0,0.0,26.85,"['SessFix', 'BrokenAuth']"
http://localhost:5050/api/v2/files/multi-sessfix-brokenauth,405,0,36.79,153,4.599963902086099,0.0,0,0,0,0,0,0.0,0,0,0,0,0,0,0,0,0,0,0,0,0,0,0,0,0,0,0,0,0,0,0,0,0,0,0,0,0,0,0,0,8,3,0,0,0,0,0,0,0.0,0,0,0,0,0,0,0,0,0,0,0,0,0,0,0,0,0,0,0,0,0,0,0,0,0,0,0,0,0,0,0,0,0,0,0,30,0.0,0.0,0.0,0.0,0.0,0.0,"['SessFix', 'BrokenAuth']"
http://localhost:5050/api/v2/images/multi-sessfix-brokenauth,0,0,16.17,0,0.0,0.0,0,0,0,0,0,0.0,0,0,0,0,0,0,0,0,0,0,0,0,0,0,0,0,0,0,0,0,0,0,0,0,0,0,0,0,0,0,0,0,8,3,0,0,0,0,0,0,0.0,0,0,0,0,0,0,0,0,0,0,0,0,0,0,0,0,0,0,0,0,0,0,0,0,0,0,0,0,0,0,0,0,0,0,0,30,0.0,0.0,0.0,0.0,0.0,10.83,"['SessFix', 'BrokenAuth']"
http://localhost:5050/api/v2/reports/multi-sessfix-brokenauth,405,0,41.55,153,4.599963902086099,0.0,0,0,0,0,0,0.0,0,0,0,0,0,0,0,0,0,0,0,0,0,0,0,0,0,0,0,0,0,0,0,0,0,0,0,0,0,0,0,0,8,3,0,0,0,0,0,0,0.0,0,0,0,0,0,0,0,0,0,0,0,0,0,0,0,0,0,0,0,0,0,0,0,0,0,0,0,0,0,0,0,0,0,0,0,30,0.0,0.0,0.0,0.1,0.0,20.93,"['SessFix', 'BrokenAuth']"
http://localhost:5050/api/v2/tickets/multi-sessfix-brokenauth,405,0,27.46,153,4.599963902086099,0.0,0,0,0,0,0,0.0,0,0,0,0,0,0,0,0,0,0,0,0,0,0,0,0,0,0,0,0,0,0,0,0,0,0,0,0,0,0,0,0,8,3,0,0,0,0,0,0,0.0,0,0,0,0,0,0,0,0,0,0,0,0,0,0,0,0,0,0,0,0,0,0,0,0,0,0,0,0,0,0,0,0,0,0,0,30,0.0,0.0,0.0,0.0,0.0,30.0,"['SessFix', 'BrokenAuth']"
http://localhost:5050/api/v2/messages/multi-sessfix-brokenauth,405,0,43.9,153,4.599963902086099,0.0,0,0,0,0,0,0.0,0,0,0,0,0,0,0,0,0,0,0,0,0,0,0,0,0,0,0,0,0,0,0,0,0,0,0,0,0,0,0,0,8,3,0,0,0,0,0,0,0.0,0,0,0,0,0,0,0,0,0,0,0,0,0,0,0,0,0,0,0,0,0,0,0,0,0,0,0,0,0,0,0,0,0,0,0,27,0.0,0.0,0.0,0.0,0.0,27.83,"['SessFix', 'BrokenAuth']"
http://localhost:5050/api/v2/projects/multi-sessfix-brokenauth,405,0,35.8,153,4.599963902086099,0.0,0,0,0,0,0,0.0,0,0,0,0,0,0,0,0,0,0,0,0,0,0,0,0,0,0,0,0,0,0,0,0,0,0,0,0,0,0,0,0,8,3,0,0,0,0,0,0,0.0,0,0,0,0,0,0,0,0,0,0,0,0,0,0,0,0,0,0,0,0,0,0,0,0,0,0,0,0,0,0,0,0,0,0,0,30,0.0,0.0,0.0,0.16666666666666666,0.0,30.0,"['SessFix', 'BrokenAuth']"
http://localhost:5050/api/v2/tasks/multi-sessfix-brokenauth,405,0,18.51,153,4.599963902086099,0.0,0,0,0,0,0,0.0,0,0,0,0,0,0,0,0,0,0,0,0,0,0,0,0,0,0,0,0,0,0,0,0,0,0,0,0,0,0,0,0,8,3,0,0,0,0,0,0,0.0,0,0,0,0,0,0,0,0,0,0,0,0,0,0,0,0,0,0,0,0,0,0,0,0,0,0,0,0,0,0,0,0,0,0,0,30,0.0,0.0,0.0,0.0,0.0,30.0,"['SessFix', 'BrokenAuth']"
http://localhost:5050/api/v2/payments/multi-sessfix-brokenauth,405,0,29.16,153,4.599963902086099,0.0,0,0,0,0,0,0.0,0,0,0,0,0,0,0,0,0,0,0,0,0,0,0,0,0,0,0,0,0,0,0,0,0,0,0,0,0,0,0,0,8,3,0,0,0,0,0,0,0.0,0,0,0,0,0,0,0,0,0,0,0,0,0,0,0,0,0,0,0,0,0,0,0,0,0,0,0,0,0,0,0,0,0,0,0,25,0.0,0.0,0.0,0.0,0.0,0.0,"['SessFix', 'BrokenAuth']"
http://localhost:5050/api/v2/accounts/multi-sessfix-brokenauth,405,0,33.67,153,4.599963902086099,0.0,0,0,0,0,0,0.0,0,0,0,0,0,0,0,0,0,0,0,0,0,0,0,0,0,0,0,0,0,0,0,0,0,0,0,0,0,0,0,0,8,3,0,0,0,0,0,0,0.0,0,0,0,0,0,0,0,0,0,0,0,0,0,0,0,0,0,0,0,0,0,0,0,0,0,0,0,0,0,0,0,0,0,0,0,30,0.0,0.0,0.0,0.06666666666666667,0.0,36.59,"['SessFix', 'BrokenAuth']"
http://localhost:5050/api/v2/sessions/multi-sessfix-brokenauth,405,0,29.11,153,4.599963902086099,0.0,0,0,0,0,0,0.0,0,0,0,0,0,0,0,0,0,0,0,0,0,0,0,0,0,0,0,0,0,0,0,0,0,0,0,0,0,0,0,0,8,3,0,0,0,0,0,0,0.0,0,0,0,0,0,0,0,0,0,0,0,0,0,0,0,0,0,0,0,0,0,0,0,0,0,0,0,0,0,0,0,0,0,0,0,30,0.0,0.0,0.0,0.13333333333333333,0.0,41.63,"['SessFix', 'BrokenAuth']"
http://localhost:5050/api/v2/documents/multi-sessfix-brokenauth,405,0,25.88,153,4.599963902086099,0.0,0,0,0,0,0,0.0,0,0,0,0,0,0,0,0,0,0,0,0,0,0,0,0,0,0,0,0,0,0,0,0,0,0,0,0,0,0,0,0,8,3,0,0,0,0,0,0,0.0,0,0,0,0,0,0,0,0,0,0,0,0,0,0,0,0,0,0,0,0,0,0,0,0,0,0,0,0,0,0,0,0,0,0,0,30,0.0,0.0,0.0,0.06666666666666667,0.0,41.63,"['SessFix', 'BrokenAuth']"
http://localhost:5050/api/v2/reviews/multi-sessfix-brokenauth,0,0,26.37,0,0.0,0.0,0,0,0,0,0,0.0,0,0,0,0,0,0,0,0,0,0,0,0,0,0,0,0,0,0,0,0,0,0,0,0,0,0,0,0,0,0,0,0,8,3,0,0,0,0,0,0,0.0,0,0,0,0,0,0,0,0,0,0,0,0,0,0,0,0,0,0,0,0,0,0,0,0,0,0,0,0,0,0,0,0,0,0,0,29,0.0,0.0,0.0,0.0,0.0,10.83,"['SessFix', 'BrokenAuth']"
http://localhost:5050/api/v2/articles/multi-sessfix-brokenauth,405,0,32.28,153,4.599963902086099,0.0,0,0,0,0,0,0.0,0,0,0,0,0,0,0,0,0,0,0,0,0,0,0,0,0,0,0,0,0,0,0,0,0,0,0,0,0,0,0,0,8,3,0,0,0,0,0,0,0.0,0,0,0,0,0,0,0,0,0,0,0,0,0,0,0,0,0,0,0,0,0,0,0,0,0,0,0,0,0,0,0,0,0,0,0,30,0.0,0.0,0.0,0.0,0.0,10.04,"['SessFix', 'BrokenAuth']"
http://localhost:5050/api/v2/events/multi-sessfix-brokenauth,405,0,39.92,153,4.599963902086099,0.0,0,0,0,0,0,0.0,0,0,0,0,0,0,0,0,0,0,0,0,0,0,0,0,0,0,0,0,0,0,0,0,0,0,0,0,0,0,0,0,8,3,0,0,0,0,0,0,0.0,0,0,0,0,0,0,0,0,0,0,0,0,0,0,0,0,0,0,0,0,0,0,0,0,0,0,0,0,0,0,0,0,0,0,0,30,0.0,0.0,0.0,0.0,0.0,0.0,"['SessFix', 'BrokenAuth']"
http://localhost:5050/api/v2/bookings/multi-sessfix-brokenauth,0,0,21.07,0,0.0,0.0,0,0,0,0,0,0.0,0,0,0,0,0,0,0,0,0,0,0,0,0,0,0,0,0,0,0,0,0,0,0,0,0,0,0,0,0,0,0,0,1,0,0,0,0,0,0,0,0.0,0,0,0,0,0,0,0,0,0,0,0,0,0,0,0,0,0,0,0,0,0,0,0,0,0,0,0,0,0,0,0,0,0,0,0,23,0.0,0.0,0.0,0.0,0.0,10.83,"['SessFix', 'BrokenAuth']"
http://localhost:5050/api/v2/subscriptions/multi-sessfix-brokenauth,405,0,23.5,153,4.599963902086099,0.0,0,0,0,0,0,0.0,0,0,0,0,0,0,0,0,0,0,0,0,0,0,0,0,0,0,0,0,0,0,0,0,0,0,0,0,0,0,0,0,8,3,0,0,0,0,0,0,0.0,0,0,0,0,0,0,0,0,0,0,0,0,0,0,0,0,0,0,0,0,0,0,0,0,0,0,0,0,0,0,0,0,0,0,0,28,0.0,0.0,0.0,0.0,0.0,0.0,"['SessFix', 'BrokenAuth']"
http://localhost:5050/api/v2/notifications/multi-sessfix-brokenauth,405,0,33.32,153,4.599963902086099,0.0,0,0,0,0,0,0.0,0,0,0,0,0,0,0,0,0,0,0,0,0,0,0,0,0,0,0,0,0,0,0,0,0,0,0,0,0,0,0,0,8,3,0,0,0,0,0,0,0.0,0,0,0,0,0,0,0,0,0,0,0,0,0,0,0,0,0,0,0,0,0,0,0,0,0,0,0,0,0,0,0,0,0,0,0,30,0.0,0.0,0.0,0.03333333333333333,0.0,30.0,"['SessFix', 'BrokenAuth']"
http://localhost:5050/api/v2/logs/multi-sessfix-brokenauth,405,0,34.68,153,4.599963902086099,0.0,0,0,0,0,0,0.0,0,0,0,0,0,0,0,0,0,0,0,0,0,0,0,0,0,0,0,0,0,0,0,0,0,0,0,0,0,0,0,0,8,3,0,0,0,0,0,0,0.0,0,0,0,0,0,0,0,0,0,0,0,0,0,0,0,0,0,0,0,0,0,0,0,0,0,0,0,0,0,0,0,0,0,0,0,30,0.0,0.0,0.0,0.0,0.0,30.0,"['SessFix', 'BrokenAuth']"
http://localhost:5050/api/v2/backups/multi-sessfix-brokenauth,405,0,52.07,153,4.599963902086099,0.0,0,0,0,0,0,0.0,0,0,0,0,0,0,0,0,0,0,0,0,0,0,0,0,0,0,0,0,0,0,0,0,0,0,0,0,0,0,0,0,8,3,0,0,0,0,0,0,0.0,0,0,0,0,0,0,0,0,0,0,0,0,0,0,0,0,0,0,0,0,0,0,0,0,0,0,0,0,0,0,0,0,0,0,0,30,0.0,0.0,0.0,0.06666666666666667,0.0,14.02,"['SessFix', 'BrokenAuth']"
http://localhost:5050/api/v2/exports/multi-sessfix-brokenauth,405,0,25.44,153,4.599963902086099,0.0,0,0,0,0,0,0.0,0,0,0,0,0,0,0,0,0,0,0,0,0,0,0,0,0,0,0,0,0,0,0,0,0,0,0,0,0,0,0,0,8,3,0,0,0,0,0,0,0.0,0,0,0,0,0,0,0,0,0,0,0,0,0,0,0,0,0,0,0,0,0,0,0,0,0,0,0,0,0,0,0,0,0,0,0,30,0.0,0.0,0.0,0.1,0.0,41.63,"['SessFix', 'BrokenAuth']"
http://localhost:5050/api/v2/imports/multi-sessfix-brokenauth,405,0,38.85,153,4.599963902086099,0.0,0,0,0,0,0,0.0,0,0,0,0,0,0,0,0,0,0,0,0,0,0,0,0,0,0,0,0,0,0,0,0,0,0,0,0,0,0,0,0,8,3,0,0,0,0,0,0,0.0,0,0,0,0,0,0,0,0,0,0,0,0,0,0,0,0,0,0,0,0,0,0,0,0,0,0,0,0,0,0,0,0,0,0,0,30,0.0,0.0,0.0,0.0,0.0,0.0,"['SessFix', 'BrokenAuth']"
http://localhost:5050/api/v2/profiles/multi-sessfix-brokenauth,405,0,30.19,153,4.599963902086099,0.0,0,0,0,0,0,0.0,0,0,0,0,0,0,0,0,0,0,0,0,0,0,0,0,0,0,0,0,0,0,0,0,0,0,0,0,0,0,0,0,8,3,0,0,0,0,0,0,0.0,0,0,0,0,0,0,0,0,0,0,0,0,0,0,0,0,0,0,0,0,0,0,0,0,0,0,0,0,0,0,0,0,0,0,0,30,0.0,0.0,0.0,0.0,0.0,30.0,"['SessFix', 'BrokenAuth']"
http://localhost:5050/api/v2/settings/multi-sessfix-brokenauth,405,0,37.88,153,4.599963902086099,0.0,0,0,0,0,0,0.0,0,0,0,0,0,0,0,0,0,0,0,0,0,0,0,0,0,0,0,0,0,0,0,0,0,0,0,0,0,0,0,0,8,3,0,0,0,0,0,0,0.0,0,0,0,0,0,0,0,0,0,0,0,0,0,0,0,0,0,0,0,0,0,0,0,0,0,0,0,0,0,0,0,0,0,0,0,30,0.0,0.0,0.0,0.0,0.0,0.0,"['SessFix', 'BrokenAuth']"
http://localhost:5050/api/v2/teams/multi-sessfix-brokenauth,405,0,21.87,153,4.599963902086099,0.0,0,0,0,0,0,0.0,0,0,0,0,0,0,0,0,0,0,0,0,0,0,0,0,0,0,0,0,0,0,0,0,0,0,0,0,0,0,0,0,8,3,0,0,0,0,0,0,0.0,0,0,0,0,0,0,0,0,0,0,0,0,0,0,0,0,0,0,0,0,0,0,0,0,0,0,0,0,0,0,0,0,0,0,0,30,0.0,0.0,0.0,0.03333333333333333,0.0,41.63,"['SessFix', 'BrokenAuth']"
http://localhost:5050/api/v2/organizations/multi-sessfix-brokenauth,405,0,51.27,153,4.599963902086099,0.0,0,0,0,0,0,0.0,0,0,0,0,0,0,0,0,0,0,0,0,0,0,0,0,0,0,0,0,0,0,0,0,0,0,0,0,0,0,0,0,8,3,0,0,0,0,0,0,0.0,0,0,0,0,0,0,0,0,0,0,0,0,0,0,0,0,0,0,0,0,0,0,0,0,0,0,0,0,0,0,0,0,0,0,0,28,0.0,0.0,0.0,0.03571428571428571,0.0,19.32,"['SessFix', 'BrokenAuth']"
http://localhost:5050/products/multi-sqli-xss,405,0,16.16,153,4.599963902086099,0.0,0,0,0,0,0,0.0,0,0,0,0,0,0,0,0,0,0,0,0,0,0,0,0,0,0,0,0,0,0,0,0,0,0,0,0,0,0,0,0,8,3,0,0,0,0,0,0,0.0,0,0,0,0,0,0,0,0,0,0,0,0,0,0,0,0,0,0,0,0,0,0,0,0,0,0,0,0,0,0,0,0,0,0,0,30,0.0,0.0,0.0,0.0,0.0,30.0,"['SQLi', 'XSS']"
http://localhost:5050/users/multi-sqli-xss,405,0,52.1,153,4.599963902086099,0.0,0,0,0,0,0,0.0,0,0,0,0,0,0,0,0,0,0,0,0,0,0,0,0,0,0,0,0,0,0,0,0,0,0,0,0,0,0,0,0,8,3,0,0,0,0,0,0,0.0,0,0,0,0,0,0,0,0,0,0,0,0,0,0,0,0,0,0,0,0,0,0,0,0,0,0,0,0,0,0,0,0,0,0,0,30,0.0,0.0,0.0,0.06666666666666667,0.0,14.19,"['SQLi', 'XSS']"
http://localhost:5050/orders/multi-sqli-xss,0,0,21.66,0,0.0,0.0,0,0,0,0,0,0.0,0,0,0,0,0,0,0,0,0,0,0,0,0,0,0,0,0,0,0,0,0,0,0,0,0,0,0,0,0,0,0,0,8,3,0,0,0,0,0,0,0.0,0,0,0,0,0,0,0,0,0,0,0,0,0,0,0,0,0,0,0,0,0,0,0,0,0,0,0,0,0,0,0,0,0,0,0,26,0.0,0.0,0.0,0.0,0.0,10.83,"['SQLi', 'XSS']"
http://localhost:5050/invoices/multi-sqli-xss,0,0,21.6,0,0.0,0.0,0,0,0,0,0,0.0,0,0,0,0,0,0,0,0,0,0,0,0,0,0,0,0,0,0,0,0,0,0,0,0,0,0,0,0,0,0,0,0,8,3,0,0,0,0,0,0,0.0,0,0,0,0,0,0,0,0,0,0,0,0,0,0,0,0,0,0,0,0,0,0,0,0,0,0,0,0,0,0,0,0,0,0,0,28,0.0,0.0,0.0,0.0,0.0,10.83,"['SQLi', 'XSS']"
http://localhost:5050/comments/multi-sqli-xss,405,0,33.34,153,4.599963902086099,0.0,0,0,0,0,0,0.0,0,0,0,0,0,0,0,0,0,0,0,0,0,0,0,0,0,0,0,0,0,0,0,0,0,0,0,0,0,0,0,0,8,3,0,0,0,0,0,0,0.0,0,0,0,0,0,0,0,0,0,0,0,0,0,0,0,0,0,0,0,0,0,0,0,0,0,0,0,0,0,0,0,0,0,0,0,30,0.0,0.0,0.0,0.0,0.0,30.0,"['SQLi', 'XSS']"
http://localhost:5050/files/multi-sqli-xss,405,0,21.96,153,4.599963902086099,0.0,0,0,0,0,0,0.0,0,0,0,0,0,0,0,0,0,0,0,0,0,0,0,0,0,0,0,0,0,0,0,0,0,0,0,0,0,0,0,0,8,3,0,0,0,0,0,0,0.0,0,0,0,0,0,0,0,0,0,0,0,0,0,0,0,0,0,0,0,0,0,0,0,0,0,0,0,0,0,0,0,0,0,0,0,30,0.0,0.0,0.0,0.03333333333333333,0.0,41.63,"['SQLi', 'XSS']"
http://localhost:5050/images/multi-sqli-xss,405,0,43.24,153,4.599963902086099,0.0,0,0,0,0,0,0.0,0,0,0,0,0,0,0,0,0,0,0,0,0,0,0,0,0,0,0,0,0,0,0,0,0,0,0,0,0,0,0,0,8,3,0,0,0,0,0,0,0.0,0,0,0,0,0,0,0,0,0,0,0,0,0,0,0,0,0,0,0,0,0,0,0,0,0,0,0,0,0,0,0,0,0,0,0,30,0.0,0.0,0.0,0.1,0.0,29.05,"['SQLi', 'XSS']"
http://localhost:5050/reports/multi-sqli-xss,0,0,26.3,0,0.0,0.0,0,0,0,0,0,0.0,0,0,0,0,0,0,0,0,0,0,0,0,0,0,0,0,0,0,0,0,0,0,0,0,0,0,0,0,0,0,0,0,8,3,0,0,0,0,0,0,0.0,0,0,0,0,0,0,0,0,0,0,0,0,0,0,0,0,0,0,0,0,0,0,0,0,0,0,0,0,0,0,0,0,0,0,0,30,0.0,0.0,0.0,0.0,0.0,10.83,"['SQLi', 'XSS']"
http://localhost:5050/tickets/multi-sqli-xss,405,0,26.19,153,4.599963902086099,0.0,0,0,0,0,0,0.0,0,0,0,0,0,0,0,0,0,0,0,0,0,0,0,0,0,0,0,0,0,0,0,0,0,0,0,0,0,0,0,0,8,3,0,0,0,0,0,0,0.0,0,0,0,0,0,0,0,0,0,0,0,0,0,0,0,0,0,0,0,0,0,0,0,0,0,0,0,0,0,0,0,0,0,0,0,30,0.0,0.0,0.0,0.0,0.0,13.63,"['SQLi', 'XSS']"
http://localhost:5050/messages/multi-sqli-xss,405,0,35.37,153,4.599963902086099,0.0,0,0,0,0,0,0.0,0,0,0,0,0,0,0,0,0,0,0,0,0,0,0,0,0,0,0,0,0,0,0,0,0,0,0,0,0,0,0,0,8,3,0,0,0,0,0,0,0.0,0,0,0,0,0,0,0,0,0,0,0,0,0,0,0,0,0,0,0,0,0,0,0,0,0,0,0,0,0,0,0,0,0,0,0,27,0.0,0.0,0.0,0.0,0.0,30.0,"['SQLi', 'XSS']"
http://localhost:5050/projects/multi-sqli-xss,405,0,27.28,153,4.599963902086099,0.0,0,0,0,0,0,0.0,0,0,0,0,0,0,0,0,0,0,0,0,0,0,0,0,0,0,0,0,0,0,0,0,0,0,0,0,0,0,0,0,8,3,0,0,0,0,0,0,0.0,0,0,0,0,0,0,0,0,0,0,0,0,0,0,0,0,0,0,0,0,0,0,0,0,0,0,0,0,0,0,0,0,0,0,0,30,0.0,0.0,0.0,0.0,0.0,30.0,"['SQLi', 'XSS']"
http://localhost:5050/tasks/multi-sqli-xss,405,0,49.62,153,4.599963902086099,0.0,0,0,0,0,0,0.0,0,0,0,0,0,0,0,0,0,0,0,0,0,0,0,0,0,0,0,0,0,0,0,0,0,0,0,0,0,0,0,0,8,3,0,0,0,0,0,0,0.0,0,0,0,0,0,0,0,0,0,0,0,0,0,0,0,0,0,0,0,0,0,0,0,0,0,0,0,0,0,0,0,0,0,0,0,30,0.0,0.0,0.0,0.1,0.0,20.79,"['SQLi', 'XSS']"
http://localhost:5050/payments/multi-sqli-xss,405,0,26.01,153,4.599963902086099,0.0,0,0,0,0,0,0.0,0,0,0,0,0,0,0,0,0,0,0,0,0,0,0,0,0,0,0,0,0,0,0,0,0,0,0,0,0,0,0,0,8,3,0,0,0,0,0,0,0.0,0,0,0,0,0,0,0,0,0,0,0,0,0,0,0,0,0,0,0,0,0,0,0,0,0,0,0,0,0,0,0,0,0,0,0,30,0.0,0.0,0.0,0.03333333333333333,0.0,41.63,"['SQLi', 'XSS']"
http://localhost:5050/accounts/multi-sqli-xss,405,0,21.95,153,4.599963902086099,0.0,0,0,0,0,0,0.0,0,0,0,0,0,0,0,0,0,0,0,0,0,0,0,0,0,0,0,0,0,0,0,0,0,0,0,0,0,0,0,0,8,3,0,0,0,0,0,0,0.0,0,0,0,0,0,0,0,0,0,0,0,0,0,0,0,0,0,0,0,0,0,0,0,0,0,0,0,0,0,0,0,0,0,0,0,30,0.0,0.0,0.0,0.0,0.0,30.0,"['SQLi', 'XSS']"
http://localhost:5050/sessions/multi-sqli-xss,405,0,17.47,153,4.599963902086099,0.0,0,0,0,0,0,0.0,0,0,0,0,0,0,0,0,0,0,0,0,0,0,0,0,0,0,0,0,0,0,0,0,0,0,0,0,0,0,0,0,8,3,0,0,0,0,0,0,0.0,0,0,0,0,0,0,0,0,0,0,0,0,0,0,0,0,0,0,0,0,0,0,0,0,0,0,0,0,0,0,0,0,0,0,0,30,0.0,0.0,0.0,0.06666666666666667,0.0,41.63,"['SQLi', 'XSS']"
http://localhost:5050/documents/multi-sqli-xss,0,0,25.5,0,0.0,0.0,0,0,0,0,0,0.0,0,0,0,0,0,0,0,0,0,0,0,0,0,0,0,0,0,0,0,0,0,0,0,0,0,0,0,0,0,0,0,0,8,3,0,0,0,0,0,0,0.0,0,0,0,0,0,0,0,0,0,0,0,0,0,0,0,0,0,0,0,0,0,0,0,0,0,0,0,0,0,0,0,0,0,0,0,30,0.0,0.0,0.0,0.0,0.0,10.83,"['SQLi', 'XSS']"
http://localhost:5050/reviews/multi-sqli-xss,405,0,29.15,153,4.599963902086099,0.0,0,0,0,0,0,0.0,0,0,0,0,0,0,0,0,0,0,0,0,0,0,0,0,0,0,0,0,0,0,0,0,0,0,0,0,0,0,0,0,8,3,0,0,0,0,0,0,0.0,0,0,0,0,0,0,0,0,0,0,0,0,0,0,0,0,0,0,0,0,0,0,0,0,0,0,0,0,0,0,0,0,0,0,0,25,0.0,0.0,0.0,0.0,0.0,0.11,"['SQLi', 'XSS']"
http://localhost:5050/articles/multi-sqli-xss,405,0,37.74,153,4.599963902086099,0.0,0,0,0,0,0,0.0,0,0,0,0,0,0,0,0,0,0,0,0,0,0,0,0,0,0,0,0,0,0,0,0,0,0,0,0,0,0,0,0,8,3,0,0,0,0,0,0,0.0,0,0,0,0,0,0,0,0,0,0,0,0,0,0,0,0,0,0,0,0,0,0,0,0,0,0,0,0,0,0,0,0,0,0,0,30,0.0,0.0,0.0,0.0,0.0,0.0,"['SQLi', 'XSS']"
http://localhost:5050/events/multi-sqli-xss,405,0,29.01,153,4.599963902086099,0.0,0,0,0,0,0,0.0,0,0,0,0,0,0,0,0,0,0,0,0,0,0,0,0,0,0,0,0,0,0,0,0,0,0,0,0,0,0,0,0,8,3,0,0,0,0,0,0,0.0,0,0,0,0,0,0,0,0,0,0,0,0,0,0,0,0,0,0,0,0,0,0,0,0,0,0,0,0,0,0,0,0,0,0,0,30,0.0,0.0,0.0,0.13333333333333333,0.0,41.63,"['SQLi', 'XSS']"
http://localhost:5050/bookings/multi-sqli-xss,405,0,27.85,153,4.599963902086099,0.0,0,0,0,0,0,0.0,0,0,0,0,0,0,0,0,0,0,0,0,0,0,0,0,0,0,0,0,0,0,0,0,0,0,0,0,0,0,0,0,8,3,0,0,0,0,0,0,0.0,0,0,0,0,0,0,0,0,0,0,0,0,0,0,0,0,0,0,0,0,0,0,0,0,0,0,0,0,0,0,0,0,0,0,0,30,0.0,0.0,0.0,0.03333333333333333,0.0,41.63,"['SQLi', 'XSS']"
http://localhost:5050/subscriptions/multi-sqli-xss,0,0,25.58,0,0.0,0.0,0,0,0,0,0,0.0,0,0,0,0,0,0,0,0,0,0,0,0,0,0,0,0,0,0,0,0,0,0,0,0,0,0,0,0,0,0,0,0,8,3,0,0,0,0,0,0,0.0,0,0,0,0,0,0,0,0,0,0,0,0,0,0,0,0,0,0,0,0,0,0,0,0,0,0,0,0,0,0,0,0,0,0,0,27,0.0,0.0,0.0,0.0,0.0,10.83,"['SQLi', 'XSS']"
http://localhost:5050/notifications/multi-sqli-xss,405,0,34.37,153,4.599963902086099,0.0,0,0,0,0,0,0.0,0,0,0,0,0,0,0,0,0,0,0,0,0,0,0,0,0,0,0,0,0,0,0,0,0,0,0,0,0,0,0,0,8,3,0,0,0,0,0,0,0.0,0,0,0,0,0,0,0,0,0,0,0,0,0,0,0,0,0,0,0,0,0,0,0,0,0,0,0,0,0,0,0,0,0,0,0,30,0.0,0.0,0.0,0.0,0.0,30.0,"['SQLi', 'XSS']"
http://localhost:5050/logs/multi-sqli-xss,405,0,22.01,153,4.599963902086099,0.0,0,0,0,0,0,0.0,0,0,0,0,0,0,0,0,0,0,0,0,0,0,0,0,0,0,0,0,0,0,0,0,0,0,0,0,0,0,0,0,8,3,0,0,0,0,0,0,0.0,0,0,0,0,0,0,0,0,0,0,0,0,0,0,0,0,0,0,0,0,0,0,0,0,0,0,0,0,0,0,0,0,0,0,0,30,0.0,0.0,0.0,0.16666666666666666,0.0,41.63,"['SQLi', 'XSS']"
http://localhost:5050/backups/multi-sqli-xss,405,0,27.26,153,4.599963902086099,0.0,0,0,0,0,0,0.0,0,0,0,0,0,0,0,0,0,0,0,0,0,0,0,0,0,0,0,0,0,0,0,0,0,0,0,0,0,0,0,0,8,3,0,0,0,0,0,0,0.0,0,0,0,0,0,0,0,0,0,0,0,0,0,0,0,0,0,0,0,0,0,0,0,0,0,0,0,0,0,0,0,0,0,0,0,30,0.0,0.0,0.0,0.0,0.0,30.0,"['SQLi', 'XSS']"
http://localhost:5050/exports/multi-sqli-xss,405,0,22.32,153,4.599963902086099,0.0,0,0,0,0,0,0.0,0,0,0,0,0,0,0,0,0,0,0,0,0,0,0,0,0,0,0,0,0,0,0,0,0,0,0,0,0,0,0,0,8,3,0,0,0,0,0,0,0.0,0,0,0,0,0,0,0,0,0,0,0,0,0,0,0,0,0,0,0,0,0,0,0,0,0,0,0,0,0,0,0,0,0,0,0,26,0.0,0.0,0.0,0.0,0.0,0.0,"['SQLi', 'XSS']"
http://localhost:5050/imports/multi-sqli-xss,405,0,17.14,153,4.599963902086099,0.0,0,0,0,0,0,0.0,0,0,0,0,0,0,0,0,0,0,0,0,0,0,0,0,0,0,0,0,0,0,0,0,0,0,0,0,0,0,0,0,8,3,0,0,0,0,0,0,0.0,0,0,0,0,0,0,0,0,0,0,0,0,0,0,0,0,0,0,0,0,0,0,0,0,0,0,0,0,0,0,0,0,0,0,0,30,0.0,0.0,0.0,0.0,0.0,30.0,"['SQLi', 'XSS']"
http://localhost:5050/profiles/multi-sqli-xss,0,0,16.48,0,0.0,0.0,0,0,0,0,0,0.0,0,0,0,0,0,0,0,0,0,0,0,0,0,0,0,0,0,0,0,0,0,0,0,0,0,0,0,0,0,0,0,0,8,3,0,0,0,0,0,0,0.0,0,0,0,0,0,0,0,0,0,0,0,0,0,0,0,0,0,0,0,0,0,0,0,0,0,0,0,0,0,0,0,0,0,0,0,30,0.0,0.0,0.0,0.0,0.0,10.83,"['SQLi', 'XSS']"
http://localhost:5050/settings/multi-sqli-xss,0,0,16.05,0,0.0,0.0,0,0,0,0,0,0.0,0,0,0,0,0,0,0,0,0,0,0,0,0,0,0,0,0,0,0,0,0,0,0,0,0,0,0,0,0,0,0,0,8,3,0,0,0,0,0,0,0.0,0,0,0,0,0,0,0,0,0,0,0,0,0,0,0,0,0,0,0,0,0,0,0,0,0,0,0,0,0,0,0,0,0,0,0,30,0.0,0.0,0.0,0.0,0.0,10.83,"['SQLi', 'XSS']"
http://localhost:5050/teams/multi-sqli-xss,405,0,33.62,153,4.599963902086099,0.0,0,0,0,0,0,0.0,0,0,0,0,0,0,0,0,0,0,0,0,0,0,0,0,0,0,0,0,0,0,0,0,0,0,0,0,0,0,0,0,8,3,0,0,0,0,0,0,0.0,0,0,0,0,0,0,0,0,0,0,0,0,0,0,0,0,0,0,0,0,0,0,0,0,0,0,0,0,0,0,0,0,0,0,0,30,0.0,0.0,0.0,0.0,0.0,30.0,"['SQLi', 'XSS']"
http://localhost:5050/organizations/multi-sqli-xss,405,0,14.23,153,4.599963902086099,0.0,0,0,0,0,0,0.0,0,0,0,0,0,0,0,0,0,0,0,0,0,0,0,0,0,0,0,0,0,0,0,0,0,0,0,0,0,0,0,0,8,3,0,0,0,0,0,0,0.0,0,0,0,0,0,0,0,0,0,0,0,0,0,0,0,0,0,0,0,0,0,0,0,0,0,0,0,0,0,0,0,0,0,0,0,24,0.0,0.0,0.0,0.0,0.0,30.0,"['SQLi', 'XSS']"
http://localhost:5050/api/v1/products/multi-sqli-xss,405,0,31.12,153,4.599963902086099,0.0,0,0,0,0,0,0.0,0,0,0,0,0,0,0,0,0,0,0,0,0,0,0,0,0,0,0,0,0,0,0,0,0,0,0,0,0,0,0,0,8,3,0,0,0,0,0,0,0.0,0,0,0,0,0,0,0,0,0,0,0,0,0,0,0,0,0,0,0,0,0,0,0,0,0,0,0,0,0,0,0,0,0,0,0,30,0.0,0.0,0.0,0.0,0.0,30.0,"['SQLi', 'XSS']"
http://localhost:5050/api/v1/users/multi-sqli-xss,405,0,32.29,153,4.599963902086099,0.0,0,0,0,0,0,0.0,0,0,0,0,0,0,0,0,0,0,0,0,0,0,0,0,0,0,0,0,0,0,0,0,0,0,0,0,0,0,0,0,8,3,0,0,0,0,0,0,0.0,0,0,0,0,0,0,0,0,0,0,0,0,0,0,0,0,0,0,0,0,0,0,0,0,0,0,0,0,0,0,0,0,0,0,0,30,0.0,0.0,0.0,0.0,0.0,0.0,"['SQLi', 'XSS']"
http://localhost:5050/api/v1/orders/multi-sqli-xss,0,0,21.46,0,0.0,0.0,0,0,0,0,0,0.0,0,0,0,0,0,0,0,0,0,0,0,0,0,0,0,0,0,0,0,0,0,0,0,0,0,0,0,0,0,0,0,0,8,3,0,0,0,0,0,0,0.0,0,0,0,0,0,0,0,0,0,0,0,0,0,0,0,0,0,0,0,0,0,0,0,0,0,0,0,0,0,0,0,0,0,0,0,28,0.0,0.0,0.0,0.0,0.0,10.83,"['SQLi', 'XSS']"
http://localhost:5050/api/v1/invoices/multi-sqli-xss,405,0,23.63,153,4.599963902086099,0.0,0,0,0,0,0,0.0,0,0,0,0,0,0,0,0,0,0,0,0,0,0,0,0,0,0,0,0,0,0,0,0,0,0,0,0,0,0,0,0,8,3,0,0,0,0,0,0,0.0,0,0,0,0,0,0,0,0,0,0,0,0,0,0,0,0,0,0,0,0,0,0,0,0,0,0,0,0,0,0,0,0,0,0,0,29,0.0,0.0,0.0,0.0,0.0,1.77,"['SQLi', 'XSS']"
http://localhost:5050/api/v1/comments/multi-sqli-xss,405,0,46.38,153,4.599963902086099,0.0,0,0,0,0,0,0.0,0,0,0,0,0,0,0,0,0,0,0,0,0,0,0,0,0,0,0,0,0,0,0,0,0,0,0,0,0,0,0,0,8,3,0,0,0,0,0,0,0.0,0,0,0,0,0,0,0,0,0,0,0,0,0,0,0,0,0,0,0,0,0,0,0,0,0,0,0,0,0,0,0,0,0,0,0,25,0.0,0.0,0.0,0.0,0.0,0.0,"['SQLi', 'XSS']"
http://localhost:5050/api/v1/files/multi-sqli-xss,405,0,29.33,153,4.599963902086099,0.0,0,0,0,0,0,0.0,0,0,0,0,0,0,0,0,0,0,0,0,0,0,0,0,0,0,0,0,0,0,0,0,0,0,0,0,0,0,0,0,8,3,0,0,0,0,0,0,0.0,0,0,0,0,0,0,0,0,0,0,0,0,0,0,0,0,0,0,0,0,0,0,0,0,0,0,0,0,0,0,0,0,0,0,0,30,0.0,0.0,0.0,0.06666666666666667,0.0,41.63,"['SQLi', 'XSS']"
http://localhost:5050/api/v1/images/multi-sqli-xss,405,0,65.64,153,4.599963902086099,0.0,0,0,0,0,0,0.0,0,0,0,0,0,0,0,0,0,0,0,0,0,0,0,0,0,0,0,0,0,0,0,0,0,0,0,0,0,0,0,0,8,3,0,0,0,0,0,0,0.0,0,0,0,0,0,0,0,0,0,0,0,0,0,0,0,0,0,0,0,0,0,0,0,0,0,0,0,0,0,0,0,0,0,0,0,29,0.0,0.0,0.0,0.0,0.0,0.0,"['SQLi', 'XSS']"
http://localhost:5050/api/v1/reports/multi-sqli-xss,405,0,35.41,153,4.599963902086099,0.0,0,0,0,0,0,0.0,0,0,0,0,0,0,0,0,0,0,0,0,0,0,0,0,0,0,0,0,0,0,0,0,0,0,0,0,0,0,0,0,8,3,0,0,0,0,0,0,0.0,0,0,0,0,0,0,0,0,0,0,0,0,0,0,0,0,0,0,0,0,0,0,0,0,0,0,0,0,0,0,0,0,0,0,0,26,0.0,0.0,0.0,0.038461538461538464,0.0,30.0,"['SQLi', 'XSS']"
http://localhost:5050/api/v1/tickets/multi-sqli-xss,405,0,21.88,153,4.599963902086099,0.0,0,0,0,0,0,0.0,0,0,0,0,0,0,0,0,0,0,0,0,0,0,0,0,0,0,0,0,0,0,0,0,0,0,0,0,0,0,0,0,8,3,0,0,0,0,0,0,0.0,0,0,0,0,0,0,0,0,0,0,0,0,0,0,0,0,0,0,0,0,0,0,0,0,0,0,0,0,0,0,0,0,0,0,0,30,0.0,0.0,0.0,0.13333333333333333,0.0,41.63,"['SQLi', 'XSS']"
http://localhost:5050/api/v1/messages/multi-sqli-xss,405,0,31.12,153,4.599963902086099,0.0,0,0,0,0,0,0.0,0,0,0,0,0,0,0,0,0,0,0,0,0,0,0,0,0,0,0,0,0,0,0,0,0,0,0,0,0,0,0,0,8,3,0,0,0,0,0,0,0.0,0,0,0,0,0,0,0,0,0,0,0,0,0,0,0,0,0,0,0,0,0,0,0,0,0,0,0,0,0,0,0,0,0,0,0,30,0.0,0.0,0.0,0.0,0.0,13.43,"['SQLi', 'XSS']"
http://localhost:5050/api/v1/projects/multi-sqli-xss,405,0,50.21,153,4.599963902086099,0.0,0,0,0,0,0,0.0,0,0,0,0,0,0,0,0,0,0,0,0,0,0,0,0,0,0,0,0,0,0,0,0,0,0,0,0,0,0,0,0,8,3,0,0,0,0,0,0,0.0,0,0,0,0,0,0,0,0,0,0,0,0,0,0,0,0,0,0,0,0,0,0,0,0,0,0,0,0,0,0,0,0,0,0,0,30,0.0,0.0,0.0,0.1,0.0,16.49,"['SQLi', 'XSS']"
http://localhost:5050/api/v1/tasks/multi-sqli-xss,405,0,29.0,153,4.599963902086099,0.0,0,0,0,0,0,0.0,0,0,0,0,0,0,0,0,0,0,0,0,0,0,0,0,0,0,0,0,0,0,0,0,0,0,0,0,0,0,0,0,8,3,0,0,0,0,0,0,0.0,0,0,0,0,0,0,0,0,0,0,0,0,0,0,0,0,0,0,0,0,0,0,0,0,0,0,0,0,0,0,0,0,0,0,0,25,0.0,0.0,0.0,0.0,0.0,0.0,"['SQLi', 'XSS']"
http://localhost:5050/api/v1/payments/multi-sqli-xss,405,0,29.26,153,4.599963902086099,0.0,0,0,0,0,0,0.0,0,0,0,0,0,0,0,0,0,0,0,0,0,0,0,0,0,0,0,0,0,0,0,0,0,0,0,0,0,0,0,0,8,3,0,0,0,0,0,0,0.0,0,0,0,0,0,0,0,0,0,0,0,0,0,0,0,0,0,0,0,0,0,0,0,0,0,0,0,0,0,0,0,0,0,0,0,30,0.0,0.0,0.0,0.0,0.0,30.0,"['SQLi', 'XSS']"
http://localhost:5050/api/v1/accounts/multi-sqli-xss,405,0,37.08,153,4.599963902086099,0.0,0,0,0,0,0,0.0,0,0,0,0,0,0,0,0,0,0,0,0,0,0,0,0,0,0,0,0,0,0,0,0,0,0,0,0,0,0,0,0,8,3,0,0,0,0,0,0,0.0,0,0,0,0,0,0,0,0,0,0,0,0,0,0,0,0,0,0,0,0,0,0,0,0,0,0,0,0,0,0,0,0,0,0,0,30,0.0,0.0,0.0,0.0,0.0,0.0,"['SQLi', 'XSS']"
http://localhost:5050/api/v1/sessions/multi-sqli-xss,405,0,29.18,153,4.599963902086099,0.0,0,0,0,0,0,0.0,0,0,0,0,0,0,0,0,0,0,0,0,0,0,0,0,0,0,0,0,0,0,0,0,0,0,0,0,0,0,0,0,8,3,0,0,0,0,0,0,0.0,0,0,0,0,0,0,0,0,0,0,0,0,0,0,0,0,0,0,0,0,0,0,0,0,0,0,0,0,0,0,0,0,0,0,0,25,0.0,0.0,0.0,0.0,0.0,0.0,"['SQLi', 'XSS']"
http://localhost:5050/api/v1/documents/multi-sqli-xss,405,0,29.26,153,4.599963902086099,0.0,0,0,0,0,0,0.0,0,0,0,0,0,0,0,0,0,0,0,0,0,0,0,0,0,0,0,0,0,0,0,0,0,0,0,0,0,0,0,0,8,3,0,0,0,0,0,0,0.0,0,0,0,0,0,0,0,0,0,0,0,0,0,0,0,0,0,0,0,0,0,0,0,0,0,0,0,0,0,0,0,0,0,0,0,30,0.0,0.0,0.0,0.0,0.0,30.0,"['SQLi', 'XSS']"
http://localhost:5050/api/v1/reviews/multi-sqli-xss,405,0,31.58,153,4.599963902086099,0.0,0,0,0,0,0,0.0,0,0,0,0,0,0,0,0,0,0,0,0,0,0,0,0,0,0,0,0,0,0,0,0,0,0,0,0,0,0,0,0,8,3,0,0,0,0,0,0,0.0,0,0,0,0,0,0,0,0,0,0,0,0,0,0,0,0,0,0,0,0,0,0,0,0,0,0,0,0,0,0,0,0,0,0,0,30,0.0,0.0,0.0,0.03333333333333333,0.0,41.26,"['SQLi', 'XSS']"
http://localhost:5050/api/v1/articles/multi-sqli-xss,0,0,23.74,0,0.0,0.0,0,0,0,0,0,0.0,0,0,0,0,0,0,0,0,0,0,0,0,0,0,0,0,0,0,0,0,0,0,0,0,0,0,0,0,0,0,0,0,1,0,0,0,0,0,0,0,0.0,0,0,0,0,0,0,0,0,0,0,0,0,0,0,0,0,0,0,0,0,0,0,0,0,0,0,0,0,0,0,0,0,0,0,0,20,0.0,0.0,0.0,0.0,0.0,10.83,"['SQLi', 'XSS']"
http://localhost:5050/api/v1/events/multi-sqli-xss,405,0,35.32,153,4.599963902086099,0.0,0,0,0,0,0,0.0,0,0,0,0,0,0,0,0,0,0,0,0,0,0,0,0,0,0,0,0,0,0,0,0,0,0,0,0,0,0,0,0,8,3,0,0,0,0,0,0,0.0,0,0,0,0,0,0,0,0,0,0,0,0,0,0,0,0,0,0,0,0,0,0,0,0,0,0,0,0,0,0,0,0,0,0,0,26,0.0,0.0,0.0,0.0,0.0,30.0,"['SQLi', 'XSS']"
http://localhost:5050/api/v1/bookings/multi-sqli-xss,405,0,30.66,153,4.599963902086099,0.0,0,0,0,0,0,0.0,0,0,0,0,0,0,0,0,0,0,0,0,0,0,0,0,0,0,0,0,0,0,0,0,0,0,0,0,0,0,0,0,8,3,0,0,0,0,0,0,0.0,0,0,0,0,0,0,0,0,0,0,0,0,0,0,0,0,0,0,0,0,0,0,0,0,0,0,0,0,0,0,0,0,0,0,0,30,0.0,0.0,0.0,0.0,0.0,0.0,"['SQLi', 'XSS']"
http://localhost:5050/api/v1/subscriptions/multi-sqli-xss,0,0,56.56,0,0.0,0.0,0,0,0,0,0,0.0,0,0,0,0,0,0,0,0,0,0,0,0,0,0,0,0,0,0,0,0,0,0,0,0,0,0,0,0,0,0,0,0,8,3,0,0,0,0,0,0,0.0,0,0,0,0,0,0,0,0,0,0,0,0,0,0,0,0,0,0,0,0,0,0,0,0,0,0,0,0,0,0,0,0,0,0,0,25,0.0,0.0,0.0,0.0,0.0,10.83,"['SQLi', 'XSS']"
http://localhost:5050/api/v1/notifications/multi-sqli-xss,405,0,31.12,153,4.599963902086099,0.0,0,0,0,0,0,0.0,0,0,0,0,0,0,0,0,0,0,0,0,0,0,0,0,0,0,0,0,0,0,0,0,0,0,0,0,0,0,0,0,8,3,0,0,0,0,0,0,0.0,0,0,0,0,0,0,0,0,0,0,0,0,0,0,0,0,0,0,0,0,0,0,0,0,0,0,0,0,0,0,0,0,0,0,0,30,0.0,0.0,0.0,0.0,0.0,0.0,"['SQLi', 'XSS']"
http://localhost:5050/api/v1/logs/multi-sqli-xss,405,0,26.39,153,4.599963902086099,0.0,0,0,0,0,0,0.0,0,0,0,0,0,0,0,0,0,0,0,0,0,0,0,0,0,0,0,0,0,0,0,0,0,0,0,0,0,0,0,0,8,3,0,0,0,0,0,0,0.0,0,0,0,0,0,0,0,0,0,0,0,0,0,0,0,0,0,0,0,0,0,0,0,0,0,0,0,0,0,0,0,0,0,0,0,30,0.0,0.0,0.0,0.03333333333333333,0.0,41.63,"['SQLi', 'XSS']"
http://localhost:5050/api/v1/backups/multi-sqli-xss,405,0,18.99,153,4.599963902086099,0.0,0,0,0,0,0,0.0,0,0,0,0,0,0,0,0,0,0,0,0,0,0,0,0,0,0,0,0,0,0,0,0,0,0,0,0,0,0,0,0,8,3,0,0,0,0,0,0,0.0,0,0,0,0,0,0,0,0,0,0,0,0,0,0,0,0,0,0,0,0,0,0,0,0,0,0,0,0,0,0,0,0,0,0,0,22,0.0,0.0,0.0,0.0,0.0,8.63,"['SQLi', 'XSS']"
http://localhost:5050/api/v1/exports/multi-sqli-xss,405,0,30.68,153,4.599963902086099,0.0,0,0,0,0,0,0.0,0,0,0,0,0,0,0,0,0,0,0,0,0,0,0,0,0,0,0,0,0,0,0,0,0,0,0,0,0,0,0,0,8,3,0,0,0,0,0,0,0.0,0,0,0,0,0,0,0,0,0,0,0,0,0,0,0,0,0,0,0,0,0,0,0,0,0,0,0,0,0,0,0,0,0,0,0,30,0.0,0.0,0.0,0.0,0.0,0.0,"['SQLi', 'XSS']"
http://localhost:5050/api/v1/imports/multi-sqli-xss,405,0,18.2,153,4.599963902086099,0.0,0,0,0,0,0,0.0,0,0,0,0,0,0,0,0,0,0,0,0,0,0,0,0,0,0,0,0,0,0,0,0,0,0,0,0,0,0,0,0,8,3,0,0,0,0,0,0,0.0,0,0,0,0,0,0,0,0,0,0,0,0,0,0,0,0,0,0,0,0,0,0,0,0,0,0,0,0,0,0,0,0,0,0,0,30,0.0,0.0,0.0,0.13333333333333333,0.0,41.63,"['SQLi', 'XSS']"
http://localhost:5050/api/v1/profiles/multi-sqli-xss,405,0,30.64,153,4.599963902086099,0.0,0,0,0,0,0,0.0,0,0,0,0,0,0,0,0,0,0,0,0,0,0,0,0,0,0,0,0,0,0,0,0,0,0,0,0,0,0,0,0,8,3,0,0,0,0,0,0,0.0,0,0,0,0,0,0,0,0,0,0,0,0,0,0,0,0,0,0,0,0,0,0,0,0,0,0,0,0,0,0,0,0,0,0,0,30,0.0,0.0,0.0,0.0,0.0,30.0,"['SQLi', 'XSS']"
http://localhost:5050/api/v1/settings/multi-sqli-xss,405,0,25.72,153,4.599963902086099,0.0,0,0,0,0,0,0.0,0,0,0,0,0,0,0,0,0,0,0,0,0,0,0,0,0,0,0,0,0,0,0,0,0,0,0,0,0,0,0,0,8,3,0,0,0,0,0,0,0.0,0,0,0,0,0,0,0,0,0,0,0,0,0,0,0,0,0,0,0,0,0,0,0,0,0,0,0,0,0,0,0,0,0,0,0,30,0.0,0.0,0.0,0.06666666666666667,0.0,41.63,"['SQLi', 'XSS']"
http://localhost:5050/api/v1/teams/multi-sqli-xss,405,0,43.32,153,4.599963902086099,0.0,0,0,0,0,0,0.0,0,0,0,0,0,0,0,0,0,0,0,0,0,0,0,0,0,0,0,0,0,0,0,0,0,0,0,0,0,0,0,0,8,3,0,0,0,0,0,0,0.0,0,0,0,0,0,0,0,0,0,0,0,0,0,0,0,0,0,0,0,0,0,0,0,0,0,0,0,0,0,0,0,0,0,0,0,30,0.0,0.0,0.0,0.03333333333333333,0.0,29.63,"['SQLi', 'XSS']"
http://localhost:5050/api/v1/organizations/multi-sqli-xss,0,0,15.72,0,0.0,0.0,0,0,0,0,0,0.0,0,0,0,0,0,0,0,0,0,0,0,0,0,0,0,0,0,0,0,0,0,0,0,0,0,0,0,0,0,0,0,0,8,3,0,0,0,0,0,0,0.0,0,0,0,0,0,0,0,0,0,0,0,0,0,0,0,0,0,0,0,0,0,0,0,0,0,0,0,0,0,0,0,0,0,0,0,30,0.0,0.0,0.0,0.0,0.0,10.83,"['SQLi', 'XSS']"
http://localhost:5050/api/v2/products/multi-sqli-xss,405,0,25.36,153,4.599963902086099,0.0,0,0,0,0,0,0.0,0,0,0,0,0,0,0,0,0,0,0,0,0,0,0,0,0,0,0,0,0,0,0,0,0,0,0,0,0,0,0,0,8,3,0,0,0,0,0,0,0.0,0,0,0,0,0,0,0,0,0,0,0,0,0,0,0,0,0,0,0,0,0,0,0,0,0,0,0,0,0,0,0,0,0,0,0,30,0.0,0.0,0.0,0.13333333333333333,0.0,41.63,"['SQLi', 'XSS']"
http://localhost:5050/api/v2/users/multi-sqli-xss,405,0,27.87,153,4.599963902086099,0.0,0,0,0,0,0,0.0,0,0,0,0,0,0,0,0,0,0,0,0,0,0,0,0,0,0,0,0,0,0,0,0,0,0,0,0,0,0,0,0,8,3,0,0,0,0,0,0,0.0,0,0,0,0,0,0,0,0,0,0,0,0,0,0,0,0,0,0,0,0,0,0,0,0,0,0,0,0,0,0,0,0,0,0,0,30,0.0,0.0,0.0,0.0,0.0,0.06,"['SQLi', 'XSS']"
http://localhost:5050/api/v2/orders/multi-sqli-xss,405,0,32.41,153,4.599963902086099,0.0,0,0,0,0,0,0.0,0,0,0,0,0,0,0,0,0,0,0,0,0,0,0,0,0,0,0,0,0,0,0,0,0,0,0,0,0,0,0,0,8,3,0,0,0,0,0,0,0.0,0,0,0,0,0,0,0,0,0,0,0,0,0,0,0,0,0,0,0,0,0,0,0,0,0,0,0,0,0,0,0,0,0,0,0,29,0.0,0.0,0.0,0.0,0.0,30.0,"['SQLi', 'XSS']"
http://localhost:5050/api/v2/invoices/multi-sqli-xss,405,0,33.58,153,4.599963902086099,0.0,0,0,0,0,0,0.0,0,0,0,0,0,0,0,0,0,0,0,0,0,0,0,0,0,0,0,0,0,0,0,0,0,0,0,0,0,0,0,0,8,3,0,0,0,0,0,0,0.0,0,0,0,0,0,0,0,0,0,0,0,0,0,0,0,0,0,0,0,0,0,0,0,0,0,0,0,0,0,0,0,0,0,0,0,30,0.0,0.0,0.0,0.13333333333333333,0.0,30.0,"['SQLi', 'XSS']"
http://localhost:5050/api/v2/comments/multi-sqli-xss,405,0,30.01,153,4.599963902086099,0.0,0,0,0,0,0,0.0,0,0,0,0,0,0,0,0,0,0,0,0,0,0,0,0,0,0,0,0,0,0,0,0,0,0,0,0,0,0,0,0,8,3,0,0,0,0,0,0,0.0,0,0,0,0,0,0,0,0,0,0,0,0,0,0,0,0,0,0,0,0,0,0,0,0,0,0,0,0,0,0,0,0,0,0,0,30,0.0,0.0,0.0,0.0,0.0,0.0,"['SQLi', 'XSS']"
http://localhost:5050/api/v2/files/multi-sqli-xss,405,0,42.51,153,4.599963902086099,0.0,0,0,0,0,0,0.0,0,0,0,0,0,0,0,0,0,0,0,0,0,0,0,0,0,0,0,0,0,0,0,0,0,0,0,0,0,0,0,0,8,3,0,0,0,0,0,0,0.0,0,0,0,0,0,0,0,0,0,0,0,0,0,0,0,0,0,0,0,0,0,0,0,0,0,0,0,0,0,0,0,0,0,0,0,30,0.0,0.0,0.0,0.03333333333333333,0.0,11.63,"['SQLi', 'XSS']"
http://localhost:5050/api/v2/images/multi-sqli-xss,0,0,56.08,0,0.0,0.0,0,0,0,0,0,0.0,0,0,0,0,0,0,0,0,0,0,0,0,0,0,0,0,0,0,0,0,0,0,0,0,0,0,0,0,0,0,0,0,8,3,0,0,0,0,0,0,0.0,0,0,0,0,0,0,0,0,0,0,0,0,0,0,0,0,0,0,0,0,0,0,0,0,0,0,0,0,0,0,0,0,0,0,0,25,0.0,0.0,0.0,0.0,0.0,10.83,"['SQLi', 'XSS']"
http://localhost:5050/api/v2/reports/multi-sqli-xss,405,0,21.75,153,4.599963902086099,0.0,0,0,0,0,0,0.0,0,0,0,0,0,0,0,0,0,0,0,0,0,0,0,0,0,0,0,0,0,0,0,0,0,0,0,0,0,0,0,0,8,3,0,0,0,0,0,0,0.0,0,0,0,0,0,0,0,0,0,0,0,0,0,0,0,0,0,0,0,0,0,0,0,0,0,0,0,0,0,0,0,0,0,0,0,30,0.0,0.0,0.0,0.06666666666666667,0.0,41.63,"['SQLi', 'XSS']"
http://localhost:5050/api/v2/tickets/multi-sqli-xss,405,0,29.23,153,4.599963902086099,0.0,0,0,0,0,0,0.0,0,0,0,0,0,0,0,0,0,0,0,0,0,0,0,0,0,0,0,0,0,0,0,0,0,0,0,0,0,0,0,0,8,3,0,0,0,0,0,0,0.0,0,0,0,0,0,0,0,0,0,0,0,0,0,0,0,0,0,0,0,0,0,0,0,0,0,0,0,0,0,0,0,0,0,0,0,30,0.0,0.0,0.0,0.0,0.0,30.0,"['SQLi', 'XSS']"
http://localhost:5050/api/v2/messages/multi-sqli-xss,405,0,29.24,153,4.599963902086099,0.0,0,0,0,0,0,0.0,0,0,0,0,0,0,0,0,0,0,0,0,0,0,0,0,0,0,0,0,0,0,0,0,0,0,0,0,0,0,0,0,8,3,0,0,0,0,0,0,0.0,0,0,0,0,0,0,0,0,0,0,0,0,0,0,0,0,0,0,0,0,0,0,0,0,0,0,0,0,0,0,0,0,0,0,0,30,0.0,0.0,0.0,0.0,0.0,30.0,"['SQLi', 'XSS']"
http://localhost:5050/api/v2/projects/multi-sqli-xss,0,0,21.87,0,0.0,0.0,0,0,0,0,0,0.0,0,0,0,0,0,0,0,0,0,0,0,0,0,0,0,0,0,0,0,0,0,0,0,0,0,0,0,0,0,0,0,0,8,3,0,0,0,0,0,0,0.0,0,0,0,0,0,0,0,0,0,0,0,0,0,0,0,0,0,0,0,0,0,0,0,0,0,0,0,0,0,0,0,0,0,0,0,28,0.0,0.0,0.0,0.0,0.0,10.83,"['SQLi', 'XSS']"
http://localhost:5050/api/v2/tasks/multi-sqli-xss,0,0,16.04,0,0.0,0.0,0,0,0,0,0,0.0,0,0,0,0,0,0,0,0,0,0,0,0,0,0,0,0,0,0,0,0,0,0,0,0,0,0,0,0,0,0,0,0,8,3,0,0,0,0,0,0,0.0,0,0,0,0,0,0,0,0,0,0,0,0,0,0,0,0,0,0,0,0,0,0,0,0,0,0,0,0,0,0,0,0,0,0,0,29,0.0,0.0,0.0,0.0,0.0,10.83,"['SQLi', 'XSS']"
http://localhost:5050/api/v2/payments/multi-sqli-xss,405,0,16.73,153,4.599963902086099,0.0,0,0,0,0,0,0.0,0,0,0,0,0,0,0,0,0,0,0,0,0,0,0,0,0,0,0,0,0,0,0,0,0,0,0,0,0,0,0,0,8,3,0,0,0,0,0,0,0.0,0,0,0,0,0,0,0,0,0,0,0,0,0,0,0,0,0,0,0,0,0,0,0,0,0,0,0,0,0,0,0,0,0,0,0,30,0.0,0.0,0.0,0.0,0.0,28.15,"['SQLi', 'XSS']"
http://localhost:5050/api/v2/accounts/multi-sqli-xss,405,0,28.04,153,4.599963902086099,0.0,0,0,0,0,0,0.0,0,0,0,0,0,0,0,0,0,0,0,0,0,0,0,0,0,0,0,0,0,0,0,0,0,0,0,0,0,0,0,0,8,3,0,0,0,0,0,0,0.0,0,0,0,0,0,0,0,0,0,0,0,0,0,0,0,0,0,0,0,0,0,0,0,0,0,0,0,0,0,0,0,0,0,0,0,30,0.0,0.0,0.0,0.06666666666666667,0.0,41.63,"['SQLi', 'XSS']"
http://localhost:5050/api/v2/sessions/multi-sqli-xss,405,0,34.72,153,4.599963902086099,0.0,0,0,0,0,0,0.0,0,0,0,0,0,0,0,0,0,0,0,0,0,0,0,0,0,0,0,0,0,0,0,0,0,0,0,0,0,0,0,0,8,3,0,0,0,0,0,0,0.0,0,0,0,0,0,0,0,0,0,0,0,0,0,0,0,0,0,0,0,0,0,0,0,0,0,0,0,0,0,0,0,0,0,0,0,30,0.0,0.0,0.0,0.0,0.0,30.0,"['SQLi', 'XSS']"
http://localhost:5050/api/v2/documents/multi-sqli-xss,0,0,16.03,0,0.0,0.0,0,0,0,0,0,0.0,0,0,0,0,0,0,0,0,0,0,0,0,0,0,0,0,0,0,0,0,0,0,0,0,0,0,0,0,0,0,0,0,8,3,0,0,0,0,0,0,0.0,0,0,0,0,0,0,0,0,0,0,0,0,0,0,0,0,0,0,0,0,0,0,0,0,0,0,0,0,0,0,0,0,0,0,0,25,0.0,0.0,0.0,0.0,0.0,10.83,"['SQLi', 'XSS']"
http://localhost:5050/api/v2/reviews/multi-sqli-xss,405,0,37.51,153,4.599963902086099,0.0,0,0,0,0,0,0.0,0,0,0,0,0,0,0,0,0,0,0,0,0,0,0,0,0,0,0,0,0,0,0,0,0,0,0,0,0,0,0,0,8,3,0,0,0,0,0,0,0.0,0,0,0,0,0,0,0,0,0,0,0,0,0,0,0,0,0,0,0,0,0,0,0,0,0,0,0,0,0,0,0,0,0,0,0,30,0.0,0.0,0.0,0.0,0.0,0.0,"['SQLi', 'XSS']"
http://localhost:5050/api/v2/articles/multi-sqli-xss,0,0,25.56,0,0.0,0.0,0,0,0,0,0,0.0,0,0,0,0,0,0,0,0,0,0,0,0,0,0,0,0,0,0,0,0,0,0,0,0,0,0,0,0,0,0,0,0,1,0,0,0,0,0,0,0,0.0,0,0,0,0,0,0,0,0,0,0,0,0,0,0,0,0,0,0,0,0,0,0,0,0,0,0,0,0,0,0,0,0,0,0,0,20,0.0,0.0,0.0,0.0,0.0,10.83,"['SQLi', 'XSS']"
http://localhost:5050/api/v2/events/multi-sqli-xss,405,0,34.08,153,4.599963902086099,0.0,0,0,0,0,0,0.0,0,0,0,0,0,0,0,0,0,0,0,0,0,0,0,0,0,0,0,0,0,0,0,0,0,0,0,0,0,0,0,0,8,3,0,0,0,0,0,0,0.0,0,0,0,0,0,0,0,0,0,0,0,0,0,0,0,0,0,0,0,0,0,0,0,0,0,0,0,0,0,0,0,0,0,0,0,25,0.0,0.0,0.0,0.0,0.0,0.0,"['SQLi', 'XSS']"
http://localhost:5050/api/v2/bookings/multi-sqli-xss,405,0,27.69,153,4.599963902086099,0.0,0,0,0,0,0,0.0,0,0,0,0,0,0,0,0,0,0,0,0,0,0,0,0,0,0,0,0,0,0,0,0,0,0,0,0,0,0,0,0,8,3,0,0,0,0,0,0,0.0,0,0,0,0,0,0,0,0,0,0,0,0,0,0,0,0,0,0,0,0,0,0,0,0,0,0,0,0,0,0,0,0,0,0,0,30,0.0,0.0,0.0,0.06666666666666667,0.0,41.63,"['SQLi', 'XSS']"
http://localhost:5050/api/v2/subscriptions/multi-sqli-xss,405,0,46.99,153,4.599963902086099,0.0,0,0,0,0,0,0.0,0,0,0,0,0,0,0,0,0,0,0,0,0,0,0,0,0,0,0,0,0,0,0,0,0,0,0,0,0,0,0,0,8,3,0,0,0,0,0,0,0.0,0,0,0,0,0,0,0,0,0,0,0,0,0,0,0,0,0,0,0,0,0,0,0,0,0,0,0,0,0,0,0,0,0,0,0,30,0.0,0.0,0.0,0.0,0.0,0.0,"['SQLi', 'XSS']"
http://localhost:5050/api/v2/notifications/multi-sqli-xss,405,0,32.33,153,4.599963902086099,0.0,0,0,0,0,0,0.0,0,0,0,0,0,0,0,0,0,0,0,0,0,0,0,0,0,0,0,0,0,0,0,0,0,0,0,0,0,0,0,0,8,3,0,0,0,0,0,0,0.0,0,0,0,0,0,0,0,0,0,0,0,0,0,0,0,0,0,0,0,0,0,0,0,0,0,0,0,0,0,0,0,0,0,0,0,30,0.0,0.0,0.0,0.0,0.0,0.0,"['SQLi', 'XSS']"
http://localhost:5050/api/v2/logs/multi-sqli-xss,0,0,25.4,0,0.0,0.0,0,0,0,0,0,0.0,0,0,0,0,0,0,0,0,0,0,0,0,0,0,0,0,0,0,0,0,0,0,0,0,0,0,0,0,0,0,0,0,8,3,0,0,0,0,0,0,0.0,0,0,0,0,0,0,0,0,0,0,0,0,0,0,0,0,0,0,0,0,0,0,0,0,0,0,0,0,0,0,0,0,0,0,0,30,0.0,0.0,0.0,0.0,0.0,10.83,"['SQLi', 'XSS']"
http://localhost:5050/api/v2/backups/multi-sqli-xss,405,0,28.9,153,4.599963902086099,0.0,0,0,0,0,0,0.0,0,0,0,0,0,0,0,0,0,0,0,0,0,0,0,0,0,0,0,0,0,0,0,0,0,0,0,0,0,0,0,0,8,3,0,0,0,0,0,0,0.0,0,0,0,0,0,0,0,0,0,0,0,0,0,0,0,0,0,0,0,0,0,0,0,0,0,0,0,0,0,0,0,0,0,0,0,25,0.0,0.0,0.0,0.0,0.0,0.0,"['SQLi', 'XSS']"
http://localhost:5050/api/v2/exports/multi-sqli-xss,405,0,21.9,153,4.599963902086099,0.0,0,0,0,0,0,0.0,0,0,0,0,0,0,0,0,0,0,0,0,0,0,0,0,0,0,0,0,0,0,0,0,0,0,0,0,0,0,0,0,8,3,0,0,0,0,0,0,0.0,0,0,0,0,0,0,0,0,0,0,0,0,0,0,0,0,0,0,0,0,0,0,0,0,0,0,0,0,0,0,0,0,0,0,0,30,0.0,0.0,0.0,0.03333333333333333,0.0,41.63,"['SQLi', 'XSS']"
http://localhost:5050/api/v2/imports/multi-sqli-xss,405,0,29.25,153,4.599963902086099,0.0,0,0,0,0,0,0.0,0,0,0,0,0,0,0,0,0,0,0,0,0,0,0,0,0,0,0,0,0,0,0,0,0,0,0,0,0,0,0,0,8,3,0,0,0,0,0,0,0.0,0,0,0,0,0,0,0,0,0,0,0,0,0,0,0,0,0,0,0,0,0,0,0,0,0,0,0,0,0,0,0,0,0,0,0,30,0.0,0.0,0.0,0.0,0.0,30.0,"['SQLi', 'XSS']"
http://localhost:5050/api/v2/profiles/multi-sqli-xss,405,0,34.37,153,4.599963902086099,0.0,0,0,0,0,0,0.0,0,0,0,0,0,0,0,0,0,0,0,0,0,0,0,0,0,0,0,0,0,0,0,0,0,0,0,0,0,0,0,0,8,3,0,0,0,0,0,0,0.0,0,0,0,0,0,0,0,0,0,0,0,0,0,0,0,0,0,0,0,0,0,0,0,0,0,0,0,0,0,0,0,0,0,0,0,25,0.0,0.0,0.0,0.0,0.0,0.0,"['SQLi', 'XSS']"
http://localhost:5050/api/v2/settings/multi-sqli-xss,405,0,68.2,153,4.599963902086099,0.0,0,0,0,0,0,0.0,0,0,0,0,0,0,0,0,0,0,0,0,0,0,0,0,0,0,0,0,0,0,0,0,0,0,0,0,0,0,0,0,8,3,0,0,0,0,0,0,0.0,0,0,0,0,0,0,0,0,0,0,0,0,0,0,0,0,0,0,0,0,0,0,0,0,0,0,0,0,0,0,0,0,0,0,0,23,0.0,0.0,0.0,0.0,0.0,0.0,"['SQLi', 'XSS']"
http://localhost:5050/api/v2/teams/multi-sqli-xss,405,0,21.98,153,4.599963902086099,0.0,0,0,0,0,0,0.0,0,0,0,0,0,0,0,0,0,0,0,0,0,0,0,0,0,0,0,0,0,0,0,0,0,0,0,0,0,0,0,0,8,3,0,0,0,0,0,0,0.0,0,0,0,0,0,0,0,0,0,0,0,0,0,0,0,0,0,0,0,0,0,0,0,0,0,0,0,0,0,0,0,0,0,0,0,30,0.0,0.0,0.0,0.13333333333333333,0.0,41.63,"['SQLi', 'XSS']"
http://localhost:5050/api/v2/organizations/multi-sqli-xss,405,0,24.66,153,4.599963902086099,0.0,0,0,0,0,0,0.0,0,0,0,0,0,0,0,0,0,0,0,0,0,0,0,0,0,0,0,0,0,0,0,0,0,0,0,0,0,0,0,0,8,3,0,0,0,0,0,0,0.0,0,0,0,0,0,0,0,0,0,0,0,0,0,0,0,0,0,0,0,0,0,0,0,0,0,0,0,0,0,0,0,0,0,0,0,30,0.0,0.0,0.0,0.0,0.0,24.19,"['SQLi', 'XSS']"
http://localhost:5050/products/multi-idor-infodisc-credsexpose/<resource_name>,0,0,14.97,0,0.0,0.0,0,0,0,0,0,0.0,0,0,0,0,0,0,0,0,0,0,0,0,0,0,0,0,0,0,0,0,0,0,0,0,0,0,0,0,0,0,0,0,1,0,0,0,0,0,0,0,0.0,0,0,0,0,0,0,0,0,0,0,0,0,0,0,0,0,0,0,0,0,0,0,0,0,0,0,0,0,0,0,0,0,0,0,0,30,0.0,0.0,0.0,0.0,0.0,10.83,"['IDOR', 'InfoDisc', 'CredsExpose']"
http://localhost:5050/users/multi-idor-infodisc-credsexpose/<resource_name>,0,0,57.38,0,0.0,0.0,0,0,0,0,0,0.0,0,0,0,0,0,0,0,0,0,0,0,0,0,0,0,0,0,0,0,0,0,0,0,0,0,0,0,0,0,0,0,0,8,3,0,0,0,0,0,0,0.0,0,0,0,0,0,0,0,0,0,0,0,0,0,0,0,0,0,0,0,0,0,0,0,0,0,0,0,0,0,0,0,0,0,0,0,24,0.0,0.0,0.0,0.0,0.0,10.83,"['IDOR', 'InfoDisc', 'CredsExpose']"
http://localhost:5050/orders/multi-idor-infodisc-credsexpose/<resource_name>,0,0,24.26,0,0.0,0.0,0,0,0,0,0,0.0,0,0,0,0,0,0,0,0,0,0,0,0,0,0,0,0,0,0,0,0,0,0,0,0,0,0,0,0,0,0,0,0,8,3,0,0,0,0,0,0,0.0,0,0,0,0,0,0,0,0,0,0,0,0,0,0,0,0,0,0,0,0,0,0,0,0,0,0,0,0,0,0,0,0,0,0,0,30,0.0,0.0,0.0,0.0,0.0,10.83,"['IDOR', 'InfoDisc', 'CredsExpose']"
http://localhost:5050/invoices/multi-idor-infodisc-credsexpose/<resource_name>,405,0,21.83,153,4.599963902086099,0.0,0,0,0,0,0,0.0,0,0,0,0,0,0,0,0,0,0,0,0,0,0,0,0,0,0,0,0,0,0,0,0,0,0,0,0,0,0,0,0,8,3,0,0,0,0,0,0,0.0,0,0,0,0,0,0,0,0,0,0,0,0,0,0,0,0,0,0,0,0,0,0,0,0,0,0,0,0,0,0,0,0,0,0,0,30,0.0,0.0,0.0,0.06666666666666667,0.0,41.63,"['IDOR', 'InfoDisc', 'CredsExpose']"
http://localhost:5050/comments/multi-idor-infodisc-credsexpose/<resource_name>,405,0,17.98,153,4.599963902086099,0.0,0,0,0,0,0,0.0,0,0,0,0,0,0,0,0,0,0,0,0,0,0,0,0,0,0,0,0,0,0,0,0,0,0,0,0,0,0,0,0,8,3,0,0,0,0,0,0,0.0,0,0,0,0,0,0,0,0,0,0,0,0,0,0,0,0,0,0,0,0,0,0,0,0,0,0,0,0,0,0,0,0,0,0,0,25,0.0,0.0,0.0,0.0,0.0,0.0,"['IDOR', 'InfoDisc', 'CredsExpose']"
http://localhost:5050/files/multi-idor-infodisc-credsexpose/<resource_name>,405,0,21.91,153,4.599963902086099,0.0,0,0,0,0,0,0.0,0,0,0,0,0,0,0,0,0,0,0,0,0,0,0,0,0,0,0,0,0,0,0,0,0,0,0,0,0,0,0,0,8,3,0,0,0,0,0,0,0.0,0,0,0,0,0,0,0,0,0,0,0,0,0,0,0,0,0,0,0,0,0,0,0,0,0,0,0,0,0,0,0,0,0,0,0,30,0.0,0.0,0.0,0.03333333333333333,0.0,41.63,"['IDOR', 'InfoDisc', 'CredsExpose']"
