url,source,labels,is_safe,n_labels,status_code,deep,response_time,body_length,body_entropy,js_code_entropy,has_password_field,has_file_upload,has_hidden_fields,num_links,num_html_link,other_link_ratio,n_redirects,num_balise_a,num_balise_img,num_balise_script,num_balise_link,num_balise_style,num_balise_iframe,num_balise_video,num_balise_audio,num_balise_embed,num_balise_object,num_balise_form,num_balise_meta,num_balise_cite,strict_transport_security,x_frame_options,x_content_type_options,content_security_policy,x_xss_protection,referrer_policy,permissions_policy,tech_wordpress,tech_joomla,tech_drupal,tech_laravel,tech_django,tech_express,tech_php,tech_aspnet,tech_jquery,tech_angular,tech_react,total_passive_issues,passive_high_count,passive_critical_count,code_body_total_vulns,code_body_critical_vulns,code_body_medium_vulns,code_body_high_vulns,code_body_low_vulns,code_body_max_score,code_scripts_total_vulns,code_scripts_high_vulns,code_scripts_critical_vulns,code_scripts_medium_vulns,code_scripts_low_vulns,SQLi,CMDi,InsecDeser,InsecUpload,BufOvr,CredsExpose,BrokenAuth,XSS,DirTrav,XXE,NoSQLi,LDAPi,InsecPerm,IDOR,SessFix,SSRF,SSTI,Prototype_Pollution,HTTP_Request_Smuggling,XPATH_Injection,GraphQLi,CORS,CSRF,RateLimit,InfoDisc,InsecCrypto,OpenRedirect,JWT,CRLF_Injection,RaceCondition,num_active_test,fuzer_ratio_vuln,fuzzer_ratio_indicators_matched,fuzzer_ration_status_changed,fuzzer_ratio_headers_changed,fuzzer_ratio_body_changed,fuzzer_max_score,label_SQLi,label_CMDi,label_InsecDeser,label_InsecUpload,label_BufOvr,label_CredsExpose,label_BrokenAuth,label_XSS,label_DirTrav,label_XXE,label_NoSQLi,label_LDAPi,label_InsecPerm,label_IDOR,label_SessFix,label_SSRF,label_SSTI,label_Prototype_Pollution,label_HTTP_Request_Smuggling,label_XPATH_Injection,label_GraphQLi,label_CORS,label_CSRF,label_RateLimit,label_InfoDisc,label_InsecCrypto,label_OpenRedirect,label_JWT,label_CRLF_Injection,label_RaceCondition
http://localhost:5000/xss/reflected,vuln_server_v3,"[""XSS""]",0,1,200.0,0.0,0.01,142.0,4.631650787758487,0.0,0.0,0.0,0.0,0.0,0.0,0.0,0.0,0.0,0.0,0.0,0.0,0.0,0.0,0.0,0.0,0.0,0.0,0.0,0.0,0.0,0.0,0.0,0.0,0.0,0.0,0.0,0.0,0.0,0.0,0.0,0.0,0.0,0.0,0.0,0.0,0.0,0.0,0.0,8.0,3.0,0.0,0.0,0.0,0.0,0.0,0.0,0.0,0.0,0.0,0.0,0.0,0.0,0.0,0.0,0.0,0.0,0.0,0.0,0.0,0.0,0.0,0.0,0.0,0.0,0.0,0.0,0.0,0.0,0.0,0.0,0.0,0.0,0.0,0.0,0.0,0.0,0.0,0.0,0.0,0.0,0.0,0.0,261.0,0.0,0.0,0.0,0.0,0.0,0.21,0,0,0,0,0,0,0,1,0,0,0,0,0,0,0,0,0,0,0,0,0,0,0,0,0,0,0,0,0,0
http://localhost:5000/xss/stored,vuln_server_v3,"[""XSS""]",0,1,200.0,0.0,0.0,166.0,4.56630453198524,0.0,0.0,0.0,0.0,0.0,0.0,0.0,0.0,0.0,0.0,0.0,0.0,0.0,0.0,0.0,0.0,0.0,0.0,0.0,0.0,0.0,0.0,0.0,0.0,0.0,0.0,0.0,0.0,0.0,0.0,0.0,0.0,0.0,0.0,0.0,0.0,0.0,0.0,0.0,8.0,3.0,0.0,0.0,0.0,0.0,0.0,0.0,0.0,0.0,0.0,0.0,0.0,0.0,0.0,0.0,0.0,0.0,0.0,0.0,0.0,0.0,0.0,0.0,0.0,0.0,0.0,0.0,0.0,0.0,0.0,0.0,0.0,0.0,0.0,0.0,0.0,0.0,0.0,0.0,0.0,0.0,0.0,0.0,492.0,0.0,0.0,0.0,0.0,0.4634146341463415,2.0,0,0,0,0,0,0,0,1,0,0,0,0,0,0,0,0,0,0,0,0,0,0,0,0,0,0,0,0,0,0
http://localhost:5000/xss/header,vuln_server_v3,"[""XSS""]",0,1,200.0,0.0,0.0,93.0,4.4792918066424745,0.0,0.0,0.0,0.0,0.0,0.0,0.0,0.0,0.0,0.0,0.0,0.0,0.0,0.0,0.0,0.0,0.0,0.0,0.0,0.0,0.0,0.0,0.0,0.0,0.0,0.0,0.0,0.0,0.0,0.0,0.0,0.0,0.0,0.0,0.0,0.0,0.0,0.0,0.0,8.0,3.0,0.0,0.0,0.0,0.0,0.0,0.0,0.0,0.0,0.0,0.0,0.0,0.0,0.0,0.0,0.0,0.0,0.0,0.0,0.0,0.0,0.0,0.0,0.0,0.0,0.0,0.0,0.0,0.0,0.0,0.0,0.0,0.0,0.0,0.0,0.0,0.0,0.0,0.0,0.0,0.0,0.0,0.0,261.0,0.0,0.0,0.0,0.0,0.0,0.0,0,0,0,0,0,0,0,1,0,0,0,0,0,0,0,0,0,0,0,0,0,0,0,0,0,0,0,0,0,0
http://localhost:5000/xss/attr,vuln_server_v3,"[""XSS""]",0,1,200.0,0.0,0.01,47.0,4.074825553344984,0.0,0.0,0.0,0.0,0.0,0.0,0.0,0.0,0.0,0.0,0.0,0.0,0.0,0.0,0.0,0.0,0.0,0.0,0.0,0.0,0.0,0.0,0.0,0.0,0.0,0.0,0.0,0.0,0.0,0.0,0.0,0.0,0.0,0.0,0.0,0.0,0.0,0.0,0.0,8.0,3.0,0.0,1.0,0.0,2.0,0.0,0.0,0.0,0.0,0.0,0.0,0.0,0.0,0.0,0.0,0.0,0.0,0.0,0.0,0.0,0.0,0.0,0.0,0.0,0.0,0.0,0.0,0.0,0.0,0.0,0.0,0.0,0.0,0.0,0.0,0.0,0.0,0.0,0.0,0.0,0.0,0.0,0.0,261.0,0.0,0.0,0.0,0.0,0.0,0.17,0,0,0,0,0,0,0,1,0,0,0,0,0,0,0,0,0,0,0,0,0,0,0,0,0,0,0,0,0,0
http://localhost:5000/sqli/search,vuln_server_v3,"[""SQLi""]",0,1,200.0,0.0,0.0,78.0,4.4521494180969805,0.0,0.0,0.0,0.0,0.0,0.0,0.0,0.0,0.0,0.0,0.0,0.0,0.0,0.0,0.0,0.0,0.0,0.0,0.0,0.0,0.0,0.0,0.0,0.0,0.0,0.0,0.0,0.0,0.0,0.0,0.0,0.0,0.0,0.0,0.0,0.0,0.0,0.0,0.0,8.0,3.0,0.0,1.0,0.0,2.0,0.0,0.0,0.0,0.0,0.0,0.0,0.0,0.0,0.0,0.0,0.0,0.0,0.0,0.0,0.0,0.0,0.0,0.0,0.0,0.0,0.0,0.0,0.0,0.0,0.0,0.0,0.0,0.0,0.0,0.0,0.0,0.0,0.0,0.0,0.0,0.0,0.0,0.0,261.0,0.0,0.0,0.0,0.0,0.0,0.0,1,0,0,0,0,0,0,0,0,0,0,0,0,0,0,0,0,0,0,0,0,0,0,0,0,0,0,0,0,0
http://localhost:5000/sqli/login,vuln_server_v3,"[""SQLi""]",0,1,200.0,0.0,0.01,216.0,4.633907577101286,0.0,0.0,0.0,0.0,0.0,0.0,0.0,0.0,0.0,0.0,0.0,0.0,0.0,0.0,0.0,0.0,0.0,0.0,0.0,0.0,0.0,0.0,0.0,0.0,0.0,0.0,0.0,0.0,0.0,0.0,0.0,0.0,0.0,0.0,0.0,0.0,0.0,0.0,0.0,8.0,3.0,0.0,2.0,0.0,6.0,0.0,0.0,0.0,0.0,0.0,0.0,0.0,0.0,0.0,0.0,0.0,0.0,0.0,0.0,0.0,0.0,0.0,0.0,0.0,0.0,0.0,0.0,0.0,0.0,0.0,0.0,0.0,0.0,0.0,0.0,0.0,0.0,0.0,0.0,0.0,0.0,0.0,0.0,492.0,0.0,0.0,0.0,0.0,0.4695121951219512,1.0,1,0,0,0,0,0,0,0,0,0,0,0,0,0,0,0,0,0,0,0,0,0,0,0,0,0,0,0,0,0
http://localhost:5000/sqli/union,vuln_server_v3,"[""SQLi""]",0,1,200.0,0.0,0.01,83.0,4.22039949476434,0.0,0.0,0.0,0.0,0.0,0.0,0.0,0.0,0.0,0.0,0.0,0.0,0.0,0.0,0.0,0.0,0.0,0.0,0.0,0.0,0.0,0.0,0.0,0.0,0.0,0.0,0.0,0.0,0.0,0.0,0.0,0.0,0.0,0.0,0.0,0.0,0.0,0.0,0.0,8.0,3.0,0.0,1.0,0.0,2.0,0.0,0.0,0.0,0.0,0.0,0.0,0.0,0.0,0.0,0.0,0.0,0.0,0.0,0.0,0.0,0.0,0.0,0.0,0.0,0.0,0.0,0.0,0.0,0.0,0.0,0.0,0.0,0.0,0.0,0.0,0.0,0.0,0.0,0.0,0.0,0.0,0.0,0.0,261.0,0.0,0.0,0.0,0.0,0.0,0.13,1,0,0,0,0,0,0,0,0,0,0,0,0,0,0,0,0,0,0,0,0,0,0,0,0,0,0,0,0,0
http://localhost:5000/sqli/time,vuln_server_v3,"[""SQLi""]",0,1,200.0,0.0,0.01,66.0,4.392582755590971,0.0,0.0,0.0,0.0,0.0,0.0,0.0,0.0,0.0,0.0,0.0,0.0,0.0,0.0,0.0,0.0,0.0,0.0,0.0,0.0,0.0,0.0,0.0,0.0,0.0,0.0,0.0,0.0,0.0,0.0,0.0,0.0,0.0,0.0,0.0,0.0,0.0,0.0,0.0,8.0,3.0,0.0,0.0,0.0,0.0,0.0,0.0,0.0,0.0,0.0,0.0,0.0,0.0,0.0,0.0,0.0,0.0,0.0,0.0,0.0,0.0,0.0,0.0,0.0,0.0,0.0,0.0,0.0,0.0,0.0,0.0,0.0,0.0,0.0,0.0,0.0,0.0,0.0,0.0,0.0,0.0,0.0,0.0,261.0,0.0,0.0,0.0,0.0,0.0,0.17,1,0,0,0,0,0,0,0,0,0,0,0,0,0,0,0,0,0,0,0,0,0,0,0,0,0,0,0,0,0
http://localhost:5000/sqli/blind,vuln_server_v3,"[""SQLi""]",0,1,200.0,0.0,0.0,66.0,4.422885785894002,0.0,0.0,0.0,0.0,0.0,0.0,0.0,0.0,0.0,0.0,0.0,0.0,0.0,0.0,0.0,0.0,0.0,0.0,0.0,0.0,0.0,0.0,0.0,0.0,0.0,0.0,0.0,0.0,0.0,0.0,0.0,0.0,0.0,0.0,0.0,0.0,0.0,0.0,0.0,8.0,3.0,0.0,0.0,0.0,0.0,0.0,0.0,0.0,0.0,0.0,0.0,0.0,0.0,0.0,0.0,0.0,0.0,0.0,0.0,0.0,0.0,0.0,0.0,0.0,0.0,0.0,0.0,0.0,0.0,0.0,0.0,0.0,0.0,0.0,0.0,0.0,0.0,0.0,0.0,0.0,0.0,0.0,0.0,261.0,0.0,0.0,0.0,0.0,0.0,0.0,1,0,0,0,0,0,0,0,0,0,0,0,0,0,0,0,0,0,0,0,0,0,0,0,0,0,0,0,0,0
http://localhost:5000/sqli/cookie,vuln_server_v3,"[""SQLi""]",0,1,200.0,0.0,0.0,87.0,4.520433369800666,0.0,0.0,0.0,0.0,0.0,0.0,0.0,0.0,0.0,0.0,0.0,0.0,0.0,0.0,0.0,0.0,0.0,0.0,0.0,0.0,0.0,0.0,0.0,0.0,0.0,0.0,0.0,0.0,0.0,0.0,0.0,0.0,0.0,0.0,0.0,0.0,0.0,0.0,0.0,12.0,4.0,1.0,1.0,0.0,2.0,0.0,0.0,0.0,0.0,0.0,0.0,0.0,0.0,0.0,0.0,0.0,0.0,0.0,0.0,0.0,0.0,0.0,0.0,0.0,0.0,0.0,0.0,0.0,0.0,0.0,0.0,0.0,0.0,0.0,0.0,0.0,0.0,0.0,0.0,0.0,0.0,0.0,0.0,175.0,0.0,0.1771428571428571,0.0,0.2514285714285714,0.2514285714285714,41.4,1,0,0,0,0,0,0,0,0,0,0,0,0,0,0,0,0,0,0,0,0,0,0,0,0,0,0,0,0,0
http://localhost:5000/cmdi/ping,vuln_server_v3,"[""CMDi""]",0,1,200.0,0.0,0.01,153.0,4.771747965734293,0.0,0.0,0.0,0.0,0.0,0.0,0.0,0.0,0.0,0.0,0.0,0.0,0.0,0.0,0.0,0.0,0.0,0.0,0.0,0.0,0.0,0.0,0.0,0.0,0.0,0.0,0.0,0.0,0.0,0.0,0.0,0.0,0.0,0.0,0.0,0.0,0.0,0.0,0.0,8.0,3.0,0.0,0.0,0.0,0.0,0.0,0.0,0.0,0.0,0.0,0.0,0.0,0.0,0.0,0.0,0.0,0.0,0.0,0.0,0.0,0.0,0.0,0.0,0.0,0.0,0.0,0.0,0.0,0.0,0.0,0.0,0.0,0.0,0.0,0.0,0.0,0.0,0.0,0.0,0.0,0.0,0.0,0.0,492.0,0.0,0.0,0.0,0.0,0.4695121951219512,2.0,0,1,0,0,0,0,0,0,0,0,0,0,0,0,0,0,0,0,0,0,0,0,0,0,0,0,0,0,0,0
http://localhost:5000/cmdi/system,vuln_server_v3,"[""CMDi""]",0,1,200.0,0.0,0.01,144.0,4.707737138310512,0.0,0.0,0.0,0.0,0.0,0.0,0.0,0.0,0.0,0.0,0.0,0.0,0.0,0.0,0.0,0.0,0.0,0.0,0.0,0.0,0.0,0.0,0.0,0.0,0.0,0.0,0.0,0.0,0.0,0.0,0.0,0.0,0.0,0.0,0.0,0.0,0.0,0.0,0.0,8.0,3.0,0.0,0.0,0.0,0.0,0.0,0.0,0.0,0.0,0.0,0.0,0.0,0.0,0.0,0.0,0.0,0.0,0.0,0.0,0.0,0.0,0.0,0.0,0.0,0.0,0.0,0.0,0.0,0.0,0.0,0.0,0.0,0.0,0.0,0.0,0.0,0.0,0.0,0.0,0.0,0.0,0.0,0.0,492.0,0.0,0.0,0.0,0.0,0.4695121951219512,1.0,0,1,0,0,0,0,0,0,0,0,0,0,0,0,0,0,0,0,0,0,0,0,0,0,0,0,0,0,0,0
http://localhost:5000/cmdi/lookup,vuln_server_v3,"[""CMDi""]",0,1,200.0,0.0,0.01,81.0,4.442951972122345,0.0,0.0,0.0,0.0,0.0,0.0,0.0,0.0,0.0,0.0,0.0,0.0,0.0,0.0,0.0,0.0,0.0,0.0,0.0,0.0,0.0,0.0,0.0,0.0,0.0,0.0,0.0,0.0,0.0,0.0,0.0,0.0,0.0,0.0,0.0,0.0,0.0,0.0,0.0,8.0,3.0,0.0,0.0,0.0,0.0,0.0,0.0,0.0,0.0,0.0,0.0,0.0,0.0,0.0,0.0,0.0,0.0,0.0,0.0,0.0,0.0,0.0,0.0,0.0,0.0,0.0,0.0,0.0,0.0,0.0,0.0,0.0,0.0,0.0,0.0,0.0,0.0,0.0,0.0,0.0,0.0,0.0,0.0,261.0,0.0,0.0,0.0,0.0,0.0,0.17,0,1,0,0,0,0,0,0,0,0,0,0,0,0,0,0,0,0,0,0,0,0,0,0,0,0,0,0,0,0
http://localhost:5000/file/read,vuln_server_v3,"[""DirTrav""]",0,1,200.0,0.0,0.0,75.0,4.393502150605954,0.0,0.0,0.0,0.0,0.0,0.0,0.0,0.0,0.0,0.0,0.0,0.0,0.0,0.0,0.0,0.0,0.0,0.0,0.0,0.0,0.0,0.0,0.0,0.0,0.0,0.0,0.0,0.0,0.0,0.0,0.0,0.0,0.0,0.0,0.0,0.0,0.0,0.0,0.0,8.0,3.0,0.0,0.0,0.0,0.0,0.0,0.0,0.0,0.0,0.0,0.0,0.0,0.0,0.0,0.0,0.0,0.0,0.0,0.0,0.0,0.0,0.0,0.0,0.0,0.0,0.0,0.0,0.0,0.0,0.0,0.0,0.0,0.0,0.0,0.0,0.0,0.0,0.0,0.0,0.0,0.0,0.0,0.0,261.0,0.0,0.0,0.0,0.0,0.0,0.0,0,0,0,0,0,0,0,0,1,0,0,0,0,0,0,0,0,0,0,0,0,0,0,0,0,0,0,0,0,0
http://localhost:5000/download,vuln_server_v3,"[""DirTrav""]",0,1,400.0,0.0,0.01,24.0,3.6572682296173897,0.0,0.0,0.0,0.0,0.0,0.0,0.0,0.0,0.0,0.0,0.0,0.0,0.0,0.0,0.0,0.0,0.0,0.0,0.0,0.0,0.0,0.0,0.0,0.0,0.0,0.0,0.0,0.0,0.0,0.0,0.0,0.0,0.0,0.0,0.0,0.0,0.0,0.0,0.0,8.0,3.0,0.0,0.0,0.0,0.0,0.0,0.0,0.0,0.0,0.0,0.0,0.0,0.0,0.0,0.0,0.0,0.0,0.0,0.0,0.0,0.0,0.0,0.0,0.0,0.0,0.0,0.0,0.0,0.0,0.0,0.0,0.0,0.0,0.0,0.0,0.0,0.0,0.0,0.0,0.0,0.0,0.0,0.0,261.0,0.0,0.0,0.0,0.0,0.0,0.13,0,0,0,0,0,0,0,0,1,0,0,0,0,0,0,0,0,0,0,0,0,0,0,0,0,0,0,0,0,0
http://localhost:5000/template,vuln_server_v3,"[""DirTrav""]",0,1,200.0,0.0,0.0,85.0,4.297134467122008,0.0,0.0,0.0,0.0,0.0,0.0,0.0,0.0,0.0,0.0,0.0,0.0,0.0,0.0,0.0,0.0,0.0,0.0,0.0,0.0,0.0,0.0,0.0,0.0,0.0,0.0,0.0,0.0,0.0,0.0,0.0,0.0,0.0,0.0,0.0,0.0,0.0,0.0,0.0,8.0,3.0,0.0,0.0,0.0,0.0,0.0,0.0,0.0,0.0,0.0,0.0,0.0,0.0,0.0,0.0,0.0,0.0,0.0,0.0,0.0,0.0,0.0,0.0,0.0,0.0,0.0,0.0,0.0,0.0,0.0,0.0,0.0,0.0,0.0,0.0,0.0,0.0,0.0,0.0,0.0,0.0,0.0,0.0,261.0,0.0,0.0,0.0,0.0,0.0,0.0,0,0,0,0,0,0,0,0,1,0,0,0,0,0,0,0,0,0,0,0,0,0,0,0,0,0,0,0,0,0
http://localhost:5000/static_file/../etc/passwd,vuln_server_v3,"[""DirTrav""]",0,1,404.0,0.0,0.01,207.0,4.7309054015227066,0.0,0.0,0.0,0.0,0.0,0.0,0.0,0.0,0.0,0.0,0.0,0.0,0.0,0.0,0.0,0.0,0.0,0.0,0.0,0.0,0.0,0.0,0.0,0.0,0.0,0.0,0.0,0.0,0.0,0.0,0.0,0.0,0.0,0.0,0.0,0.0,0.0,0.0,0.0,8.0,3.0,0.0,1.0,0.0,0.0,1.0,0.0,0.0,0.0,0.0,0.0,0.0,0.0,0.0,0.0,0.0,0.0,0.0,0.0,0.0,0.0,0.0,0.0,0.0,0.0,0.0,0.0,0.0,0.0,0.0,0.0,0.0,0.0,0.0,0.0,0.0,0.0,0.0,0.0,0.0,0.0,0.0,0.0,492.0,0.0,0.0,0.0,0.0,0.0,0.17,0,0,0,0,0,0,0,0,1,0,0,0,0,0,0,0,0,0,0,0,0,0,0,0,0,0,0,0,0,0
http://localhost:5000/xml/parse,vuln_server_v3,"[""XXE""]",0,1,200.0,0.0,0.0,211.0,4.6860663177380255,0.0,0.0,0.0,0.0,0.0,0.0,0.0,0.0,0.0,0.0,0.0,0.0,0.0,0.0,0.0,0.0,0.0,0.0,0.0,0.0,0.0,0.0,0.0,0.0,0.0,0.0,0.0,0.0,0.0,0.0,0.0,0.0,0.0,0.0,0.0,0.0,0.0,0.0,0.0,8.0,3.0,0.0,1.0,0.0,3.0,0.0,0.0,0.0,0.0,0.0,0.0,0.0,0.0,0.0,0.0,0.0,0.0,0.0,0.0,0.0,0.0,0.0,0.0,0.0,0.0,0.0,0.0,0.0,0.0,0.0,0.0,0.0,0.0,0.0,0.0,0.0,0.0,0.0,0.0,0.0,0.0,0.0,0.0,492.0,0.0,0.0,0.0,0.0,0.4247967479674797,1.0,0,0,0,0,0,0,0,0,0,1,0,0,0,0,0,0,0,0,0,0,0,0,0,0,0,0,0,0,0,0
http://localhost:5000/xml/import,vuln_server_v3,"[""XXE""]",0,1,200.0,0.0,0.0,66.0,4.356756574127331,0.0,0.0,0.0,0.0,0.0,0.0,0.0,0.0,0.0,0.0,0.0,0.0,0.0,0.0,0.0,0.0,0.0,0.0,0.0,0.0,0.0,0.0,0.0,0.0,0.0,0.0,0.0,0.0,0.0,0.0,0.0,0.0,0.0,0.0,0.0,0.0,0.0,0.0,0.0,8.0,3.0,0.0,0.0,0.0,0.0,0.0,0.0,0.0,0.0,0.0,0.0,0.0,0.0,0.0,0.0,0.0,0.0,0.0,0.0,0.0,0.0,0.0,0.0,0.0,0.0,0.0,0.0,0.0,0.0,0.0,0.0,0.0,0.0,0.0,0.0,0.0,0.0,0.0,0.0,0.0,0.0,0.0,0.0,492.0,0.0,0.0,0.0,0.4695121951219512,0.4247967479674797,1.4,0,0,0,0,0,0,0,0,0,1,0,0,0,0,0,0,0,0,0,0,0,0,0,0,0,0,0,0,0,0
http://localhost:5000/xml/soap,vuln_server_v3,"[""XXE""]",0,1,200.0,0.0,0.0,74.0,4.516772541761635,0.0,0.0,0.0,0.0,0.0,0.0,0.0,0.0,0.0,0.0,0.0,0.0,0.0,0.0,0.0,0.0,0.0,0.0,0.0,0.0,0.0,0.0,0.0,0.0,0.0,0.0,0.0,0.0,0.0,0.0,0.0,0.0,0.0,0.0,0.0,0.0,0.0,0.0,0.0,8.0,3.0,0.0,0.0,0.0,0.0,0.0,0.0,0.0,0.0,0.0,0.0,0.0,0.0,0.0,0.0,0.0,0.0,0.0,0.0,0.0,0.0,0.0,0.0,0.0,0.0,0.0,0.0,0.0,0.0,0.0,0.0,0.0,0.0,0.0,0.0,0.0,0.0,0.0,0.0,0.0,0.0,0.0,0.0,283.0,0.0,0.0,0.0,0.0,0.0,0.0,0,0,0,0,0,0,0,0,0,1,0,0,0,0,0,0,0,0,0,0,0,0,0,0,0,0,0,0,0,0
http://localhost:5000/ssrf/fetch,vuln_server_v3,"[""SSRF""]",0,1,200.0,0.0,0.01,163.0,4.8876105015700535,0.0,0.0,0.0,0.0,0.0,0.0,0.0,0.0,0.0,0.0,0.0,0.0,0.0,0.0,0.0,0.0,0.0,0.0,0.0,0.0,0.0,0.0,0.0,0.0,0.0,0.0,0.0,0.0,0.0,0.0,0.0,0.0,0.0,0.0,0.0,0.0,0.0,0.0,0.0,8.0,3.0,0.0,1.0,0.0,0.0,1.0,0.0,0.0,0.0,0.0,0.0,0.0,0.0,0.0,0.0,0.0,0.0,0.0,0.0,0.0,0.0,0.0,0.0,0.0,0.0,0.0,0.0,0.0,0.0,0.0,0.0,0.0,0.0,0.0,0.0,0.0,0.0,0.0,0.0,0.0,0.0,0.0,0.0,492.0,0.0,0.0,0.0,0.0,0.0,0.17,0,0,0,0,0,0,0,0,0,0,0,0,0,0,0,1,0,0,0,0,0,0,0,0,0,0,0,0,0,0
http://localhost:5000/ssrf/preview,vuln_server_v3,"[""SSRF""]",0,1,200.0,0.0,0.01,89.0,4.575335364564519,0.0,0.0,0.0,0.0,0.0,0.0,0.0,0.0,0.0,0.0,0.0,0.0,0.0,0.0,0.0,0.0,0.0,0.0,0.0,0.0,0.0,0.0,0.0,0.0,0.0,0.0,0.0,0.0,0.0,0.0,0.0,0.0,0.0,0.0,0.0,0.0,0.0,0.0,0.0,8.0,3.0,0.0,0.0,0.0,0.0,0.0,0.0,0.0,0.0,0.0,0.0,0.0,0.0,0.0,0.0,0.0,0.0,0.0,0.0,0.0,0.0,0.0,0.0,0.0,0.0,0.0,0.0,0.0,0.0,0.0,0.0,0.0,0.0,0.0,0.0,0.0,0.0,0.0,0.0,0.0,0.0,0.0,0.0,261.0,0.0,0.0,0.0,0.0,0.0,0.17,0,0,0,0,0,0,0,0,0,0,0,0,0,0,0,1,0,0,0,0,0,0,0,0,0,0,0,0,0,0
http://localhost:5000/ssrf/webhook,vuln_server_v3,"[""SSRF""]",0,1,200.0,0.0,0.01,121.0,4.510425311452173,0.0,0.0,0.0,0.0,0.0,0.0,0.0,0.0,0.0,0.0,0.0,0.0,0.0,0.0,0.0,0.0,0.0,0.0,0.0,0.0,0.0,0.0,0.0,0.0,0.0,0.0,0.0,0.0,0.0,0.0,0.0,0.0,0.0,0.0,0.0,0.0,0.0,0.0,0.0,8.0,3.0,0.0,0.0,0.0,0.0,0.0,0.0,0.0,0.0,0.0,0.0,0.0,0.0,0.0,0.0,0.0,0.0,0.0,0.0,0.0,0.0,0.0,0.0,0.0,0.0,0.0,0.0,0.0,0.0,0.0,0.0,0.0,0.0,0.0,0.0,0.0,0.0,0.0,0.0,0.0,0.0,0.0,0.0,492.0,0.0,0.0,0.0,0.0,0.4695121951219512,1.0,0,0,0,0,0,0,0,0,0,0,0,0,0,0,0,1,0,0,0,0,0,0,0,0,0,0,0,0,0,0
http://localhost:5000/ssti/greet,vuln_server_v3,"[""SSTI""]",0,1,200.0,0.0,0.01,60.0,4.075652212593065,0.0,0.0,0.0,0.0,0.0,0.0,0.0,0.0,0.0,0.0,0.0,0.0,0.0,0.0,0.0,0.0,0.0,0.0,0.0,0.0,0.0,0.0,0.0,0.0,0.0,0.0,0.0,0.0,0.0,0.0,0.0,0.0,0.0,0.0,0.0,0.0,0.0,0.0,0.0,8.0,3.0,0.0,0.0,0.0,0.0,0.0,0.0,0.0,0.0,0.0,0.0,0.0,0.0,0.0,0.0,0.0,0.0,0.0,0.0,0.0,0.0,0.0,0.0,0.0,0.0,0.0,0.0,0.0,0.0,0.0,0.0,0.0,0.0,0.0,0.0,0.0,0.0,0.0,0.0,0.0,0.0,0.0,0.0,261.0,0.0,0.0,0.0,0.0,0.0,0.17,0,0,0,0,0,0,0,0,0,0,0,0,0,0,0,0,1,0,0,0,0,0,0,0,0,0,0,0,0,0
http://localhost:5000/ssti/render,vuln_server_v3,"[""SSTI""]",0,1,200.0,0.0,0.01,181.0,4.597731884857282,0.0,0.0,0.0,0.0,0.0,0.0,0.0,0.0,0.0,0.0,0.0,0.0,0.0,0.0,0.0,0.0,0.0,0.0,0.0,0.0,0.0,0.0,0.0,0.0,0.0,0.0,0.0,0.0,0.0,0.0,0.0,0.0,0.0,0.0,0.0,0.0,0.0,0.0,0.0,8.0,3.0,0.0,0.0,0.0,0.0,0.0,0.0,0.0,0.0,0.0,0.0,0.0,0.0,0.0,0.0,0.0,0.0,0.0,0.0,0.0,0.0,0.0,0.0,0.0,0.0,0.0,0.0,0.0,0.0,0.0,0.0,0.0,0.0,0.0,0.0,0.0,0.0,0.0,0.0,0.0,0.0,0.0,0.0,492.0,0.0,0.0,0.0,0.0,0.4695121951219512,1.0,0,0,0,0,0,0,0,0,0,0,0,0,0,0,0,0,1,0,0,0,0,0,0,0,0,0,0,0,0,0
http://localhost:5000/ssti/email,vuln_server_v3,"[""SSTI""]",0,1,200.0,0.0,0.01,90.0,4.578763479610502,0.0,0.0,0.0,0.0,0.0,0.0,0.0,0.0,0.0,0.0,0.0,0.0,0.0,0.0,0.0,0.0,0.0,0.0,0.0,0.0,0.0,0.0,0.0,0.0,0.0,0.0,0.0,0.0,0.0,0.0,0.0,0.0,0.0,0.0,0.0,0.0,0.0,0.0,0.0,8.0,3.0,0.0,1.0,0.0,1.0,0.0,0.0,0.0,0.0,0.0,0.0,0.0,0.0,0.0,0.0,0.0,0.0,0.0,0.0,0.0,0.0,0.0,0.0,0.0,0.0,0.0,0.0,0.0,0.0,0.0,0.0,0.0,0.0,0.0,0.0,0.0,0.0,0.0,0.0,0.0,0.0,0.0,0.0,261.0,0.0,0.0,0.0,0.0,0.0,0.21,0,0,0,0,0,0,0,0,0,0,0,0,0,0,0,0,1,0,0,0,0,0,0,0,0,0,0,0,0,0
http://localhost:5000/nosql/login,vuln_server_v3,"[""NoSQLi""]",0,1,200.0,0.0,0.0,234.0,4.938056408458949,0.0,0.0,0.0,0.0,0.0,0.0,0.0,0.0,0.0,0.0,0.0,0.0,0.0,0.0,0.0,0.0,0.0,0.0,0.0,0.0,0.0,0.0,0.0,0.0,0.0,0.0,0.0,0.0,0.0,0.0,0.0,0.0,0.0,0.0,0.0,0.0,0.0,0.0,0.0,8.0,3.0,0.0,4.0,0.0,4.0,2.0,0.0,0.0,0.0,0.0,0.0,0.0,0.0,0.0,0.0,0.0,0.0,0.0,0.0,0.0,0.0,0.0,0.0,0.0,0.0,0.0,0.0,0.0,0.0,0.0,0.0,0.0,0.0,0.0,0.0,0.0,0.0,0.0,0.0,0.0,0.0,0.0,0.0,261.0,0.0,0.0,0.0,0.0,0.0,0.0,0,0,0,0,0,0,0,0,0,0,1,0,0,0,0,0,0,0,0,0,0,0,0,0,0,0,0,0,0,0
http://localhost:5000/nosql/search,vuln_server_v3,"[""NoSQLi""]",0,1,200.0,0.0,0.01,280.0,4.641006933995199,0.0,0.0,0.0,0.0,0.0,0.0,0.0,0.0,0.0,0.0,0.0,0.0,0.0,0.0,0.0,0.0,0.0,0.0,0.0,0.0,0.0,0.0,0.0,0.0,0.0,0.0,0.0,0.0,0.0,0.0,0.0,0.0,0.0,0.0,0.0,0.0,0.0,0.0,0.0,8.0,3.0,0.0,2.0,0.0,10.0,0.0,0.0,0.0,0.0,0.0,0.0,0.0,0.0,0.0,0.0,0.0,0.0,0.0,0.0,0.0,0.0,0.0,0.0,0.0,0.0,0.0,0.0,0.0,0.0,0.0,0.0,0.0,0.0,0.0,0.0,0.0,0.0,0.0,0.0,0.0,0.0,0.0,0.0,261.0,0.0,0.0,0.0,0.0,0.0,0.17,0,0,0,0,0,0,0,0,0,0,1,0,0,0,0,0,0,0,0,0,0,0,0,0,0,0,0,0,0,0
http://localhost:5000/crlf/header,vuln_server_v3,"[""CRLF_Injection""]",0,1,200.0,0.0,0.01,63.0,4.302521590097901,0.0,0.0,0.0,0.0,0.0,0.0,0.0,0.0,0.0,0.0,0.0,0.0,0.0,0.0,0.0,0.0,0.0,0.0,0.0,0.0,0.0,0.0,0.0,0.0,0.0,0.0,0.0,0.0,0.0,0.0,0.0,0.0,0.0,0.0,0.0,0.0,0.0,0.0,0.0,8.0,3.0,0.0,1.0,0.0,1.0,0.0,0.0,0.0,0.0,0.0,0.0,0.0,0.0,0.0,0.0,0.0,0.0,0.0,0.0,0.0,0.0,0.0,0.0,0.0,0.0,0.0,0.0,0.0,0.0,0.0,0.0,0.0,0.0,0.0,0.0,0.0,0.0,0.0,0.0,0.0,0.0,0.0,0.0,261.0,0.0,0.0,0.0,0.0,0.0,0.17,0,0,0,0,0,0,0,0,0,0,0,0,0,0,0,0,0,0,0,0,0,0,0,0,0,0,0,0,1,0
http://localhost:5000/crlf/redirect,vuln_server_v3,"[""CRLF_Injection""]",0,1,200.0,0.0,0.38,23278.0,4.671139707430888,4.335585547923674,0.0,0.0,0.0,8.0,0.0,1.0,2.0,6.0,0.0,4.0,4.0,1.0,0.0,0.0,0.0,0.0,0.0,1.0,2.0,0.0,0.0,1.0,0.0,0.0,0.0,0.0,0.0,0.0,0.0,0.0,0.0,0.0,0.0,0.0,0.0,1.0,1.0,0.0,13.0,3.0,1.0,7.0,0.0,37.0,21.0,0.0,0.0,1.0,1.0,0.0,0.0,0.0,0.0,0.0,0.0,0.0,0.0,0.0,0.0,0.0,0.0,0.0,0.0,0.0,0.0,0.0,0.0,0.0,0.0,0.0,0.0,0.0,0.0,0.0,0.0,0.0,0.0,0.0,0.0,0.0,0.0,0.0,586.0,0.0,0.0,0.0,0.0,0.0,2.57,0,0,0,0,0,0,0,0,0,0,0,0,0,0,0,0,0,0,0,0,0,0,0,0,0,0,0,0,1,0
http://localhost:5000/crlf/log,vuln_server_v3,"[""CRLF_Injection""]",0,1,200.0,0.0,0.0,59.0,4.196036693356298,0.0,0.0,0.0,0.0,0.0,0.0,0.0,0.0,0.0,0.0,0.0,0.0,0.0,0.0,0.0,0.0,0.0,0.0,0.0,0.0,0.0,0.0,0.0,0.0,0.0,0.0,0.0,0.0,0.0,0.0,0.0,0.0,0.0,0.0,0.0,0.0,0.0,0.0,0.0,8.0,3.0,0.0,1.0,0.0,1.0,0.0,0.0,0.0,0.0,0.0,0.0,0.0,0.0,0.0,0.0,0.0,0.0,0.0,0.0,0.0,0.0,0.0,0.0,0.0,0.0,0.0,0.0,0.0,0.0,0.0,0.0,0.0,0.0,0.0,0.0,0.0,0.0,0.0,0.0,0.0,0.0,0.0,0.0,261.0,0.0,0.0,0.0,0.0,0.0,0.0,0,0,0,0,0,0,0,0,0,0,0,0,0,0,0,0,0,0,0,0,0,0,0,0,0,0,0,0,1,0
http://localhost:5000/jwt/login,vuln_server_v3,"[""JWT""]",0,1,200.0,0.0,0.0,168.0,4.647623333809218,0.0,0.0,0.0,0.0,0.0,0.0,0.0,0.0,0.0,0.0,0.0,0.0,0.0,0.0,0.0,0.0,0.0,0.0,0.0,0.0,0.0,0.0,0.0,0.0,0.0,0.0,0.0,0.0,0.0,0.0,0.0,0.0,0.0,0.0,0.0,0.0,0.0,0.0,0.0,8.0,3.0,0.0,2.0,0.0,4.0,0.0,0.0,0.0,0.0,0.0,0.0,0.0,0.0,0.0,0.0,0.0,0.0,0.0,0.0,0.0,0.0,0.0,0.0,0.0,0.0,0.0,0.0,0.0,0.0,0.0,0.0,0.0,0.0,0.0,0.0,0.0,0.0,0.0,0.0,0.0,0.0,0.0,0.0,261.0,0.0,0.0,0.0,0.0,0.0,0.0,0,0,0,0,0,0,0,0,0,0,0,0,0,0,0,0,0,0,0,0,0,0,0,0,0,0,0,1,0,0
http://localhost:5000/graphql/playground,vuln_server_v3,"[""GraphQLi""]",0,1,404.0,0.0,0.01,207.0,4.7309054015227066,0.0,0.0,0.0,0.0,0.0,0.0,0.0,0.0,0.0,0.0,0.0,0.0,0.0,0.0,0.0,0.0,0.0,0.0,0.0,0.0,0.0,0.0,0.0,0.0,0.0,0.0,0.0,0.0,0.0,0.0,0.0,0.0,0.0,0.0,0.0,0.0,0.0,0.0,0.0,8.0,3.0,0.0,1.0,0.0,0.0,1.0,0.0,0.0,0.0,0.0,0.0,0.0,0.0,0.0,0.0,0.0,0.0,0.0,0.0,0.0,0.0,0.0,0.0,0.0,0.0,0.0,0.0,0.0,0.0,0.0,0.0,0.0,0.0,0.0,0.0,0.0,0.0,0.0,0.0,0.0,0.0,0.0,0.0,492.0,0.0,0.0,0.0,0.0,0.0,0.17,0,0,0,0,0,0,0,0,0,0,0,0,0,0,0,0,0,0,0,0,1,0,0,0,0,0,0,0,0,0
http://localhost:5000/proto/merge,vuln_server_v3,"[""Prototype_Pollution""]",0,1,200.0,0.0,0.01,98.0,4.854470114890537,0.0,0.0,0.0,0.0,0.0,0.0,0.0,0.0,0.0,0.0,0.0,0.0,0.0,0.0,0.0,0.0,0.0,0.0,0.0,0.0,0.0,0.0,0.0,0.0,0.0,0.0,0.0,0.0,0.0,0.0,0.0,0.0,0.0,0.0,0.0,0.0,0.0,0.0,0.0,8.0,3.0,0.0,2.0,0.0,1.0,1.0,0.0,0.0,0.0,0.0,0.0,0.0,0.0,0.0,0.0,0.0,0.0,0.0,0.0,0.0,0.0,0.0,0.0,0.0,0.0,0.0,0.0,0.0,0.0,0.0,0.0,0.0,0.0,0.0,0.0,0.0,0.0,0.0,0.0,0.0,0.0,0.0,0.0,492.0,0.0,0.0,0.0,0.4695121951219512,0.4695121951219512,1.4,0,0,0,0,0,0,0,0,0,0,0,0,0,0,0,0,0,1,0,0,0,0,0,0,0,0,0,0,0,0
http://localhost:5000/deser/json,vuln_server_v3,"[""InsecDeser""]",0,1,200.0,0.0,0.01,97.0,4.852252600200822,0.0,0.0,0.0,0.0,0.0,0.0,0.0,0.0,0.0,0.0,0.0,0.0,0.0,0.0,0.0,0.0,0.0,0.0,0.0,0.0,0.0,0.0,0.0,0.0,0.0,0.0,0.0,0.0,0.0,0.0,0.0,0.0,0.0,0.0,0.0,0.0,0.0,0.0,0.0,8.0,3.0,0.0,0.0,0.0,0.0,0.0,0.0,0.0,0.0,0.0,0.0,0.0,0.0,0.0,0.0,0.0,0.0,0.0,0.0,0.0,0.0,0.0,0.0,0.0,0.0,0.0,0.0,0.0,0.0,0.0,0.0,0.0,0.0,0.0,0.0,0.0,0.0,0.0,0.0,0.0,0.0,0.0,0.0,492.0,0.0,0.290650406504065,0.0,0.4695121951219512,0.4247967479674797,35.12,0,0,1,0,0,0,0,0,0,0,0,0,0,0,0,0,0,0,0,0,0,0,0,0,0,0,0,0,0,0
http://localhost:5000/deser/pickle,vuln_server_v3,"[""InsecDeser""]",0,1,200.0,0.0,0.01,201.0,4.781296869866547,0.0,0.0,0.0,0.0,0.0,0.0,0.0,0.0,0.0,0.0,0.0,0.0,0.0,0.0,0.0,0.0,0.0,0.0,0.0,0.0,0.0,0.0,0.0,0.0,0.0,0.0,0.0,0.0,0.0,0.0,0.0,0.0,0.0,0.0,0.0,0.0,0.0,0.0,0.0,8.0,3.0,0.0,0.0,0.0,0.0,0.0,0.0,0.0,0.0,0.0,0.0,0.0,0.0,0.0,0.0,0.0,0.0,0.0,0.0,0.0,0.0,0.0,0.0,0.0,0.0,0.0,0.0,0.0,0.0,0.0,0.0,0.0,0.0,0.0,0.0,0.0,0.0,0.0,0.0,0.0,0.0,0.0,0.0,492.0,0.0,0.0,0.0,0.0,0.4695121951219512,1.0,0,0,1,0,0,0,0,0,0,0,0,0,0,0,0,0,0,0,0,0,0,0,0,0,0,0,0,0,0,0
http://localhost:5000/deser/cookie,vuln_server_v3,"[""InsecDeser""]",0,1,200.0,0.0,0.01,56.0,4.277913127562166,0.0,0.0,0.0,0.0,0.0,0.0,0.0,0.0,0.0,0.0,0.0,0.0,0.0,0.0,0.0,0.0,0.0,0.0,0.0,0.0,0.0,0.0,0.0,0.0,0.0,0.0,0.0,0.0,0.0,0.0,0.0,0.0,0.0,0.0,0.0,0.0,0.0,0.0,0.0,8.0,3.0,0.0,0.0,0.0,0.0,0.0,0.0,0.0,0.0,0.0,0.0,0.0,0.0,0.0,0.0,0.0,0.0,0.0,0.0,0.0,0.0,0.0,0.0,0.0,0.0,0.0,0.0,0.0,0.0,0.0,0.0,0.0,0.0,0.0,0.0,0.0,0.0,0.0,0.0,0.0,0.0,0.0,0.0,261.0,0.0,0.0,0.0,0.0,0.0,0.17,0,0,1,0,0,0,0,0,0,0,0,0,0,0,0,0,0,0,0,0,0,0,0,0,0,0,0,0,0,0
http://localhost:5000/auth/login,vuln_server_v3,"[""BrokenAuth""]",0,1,200.0,0.0,0.01,250.0,4.651898261410991,0.0,0.0,0.0,0.0,0.0,0.0,0.0,0.0,0.0,0.0,0.0,0.0,0.0,0.0,0.0,0.0,0.0,0.0,0.0,0.0,0.0,0.0,0.0,0.0,0.0,0.0,0.0,0.0,0.0,0.0,0.0,0.0,0.0,0.0,0.0,0.0,0.0,0.0,0.0,8.0,3.0,0.0,4.0,3.0,12.0,4.0,0.0,0.0,0.0,0.0,0.0,0.0,0.0,0.0,0.0,0.0,0.0,0.0,0.0,0.0,0.0,0.0,0.0,0.0,0.0,0.0,0.0,0.0,0.0,0.0,0.0,0.0,0.0,0.0,0.0,0.0,0.0,0.0,0.0,0.0,0.0,0.0,0.0,261.0,0.0,0.0,0.0,0.0,0.0,0.26,0,0,0,0,0,0,1,0,0,0,0,0,0,0,0,0,0,0,0,0,0,0,0,0,0,0,0,0,0,0
http://localhost:5000/auth/reset,vuln_server_v3,"[""BrokenAuth""]",0,1,200.0,0.0,0.01,162.0,4.57718853627998,0.0,0.0,0.0,0.0,0.0,0.0,0.0,0.0,0.0,0.0,0.0,0.0,0.0,0.0,0.0,0.0,0.0,0.0,0.0,0.0,0.0,0.0,0.0,0.0,0.0,0.0,0.0,0.0,0.0,0.0,0.0,0.0,0.0,0.0,0.0,0.0,0.0,0.0,0.0,8.0,3.0,0.0,2.0,0.0,6.0,0.0,0.0,0.0,0.0,0.0,0.0,0.0,0.0,0.0,0.0,0.0,0.0,0.0,0.0,0.0,0.0,0.0,0.0,0.0,0.0,0.0,0.0,0.0,0.0,0.0,0.0,0.0,0.0,0.0,0.0,0.0,0.0,0.0,0.0,0.0,0.0,0.0,0.0,492.0,0.0,0.0,0.0,0.0,0.4695121951219512,0.83,0,0,0,0,0,0,1,0,0,0,0,0,0,0,0,0,0,0,0,0,0,0,0,0,0,0,0,0,0,0
http://localhost:5000/admin,vuln_server_v3,"[""InsecPerm""]",0,1,200.0,0.0,0.01,444.0,4.470725341621681,0.0,0.0,0.0,0.0,0.0,0.0,0.0,0.0,0.0,0.0,0.0,0.0,0.0,0.0,0.0,0.0,0.0,0.0,0.0,0.0,0.0,0.0,0.0,0.0,0.0,0.0,0.0,0.0,0.0,0.0,0.0,0.0,0.0,0.0,0.0,0.0,0.0,0.0,0.0,8.0,3.0,0.0,2.0,0.0,5.0,1.0,0.0,0.0,0.0,0.0,0.0,0.0,0.0,0.0,0.0,0.0,0.0,0.0,0.0,0.0,0.0,0.0,0.0,0.0,0.0,0.0,0.0,0.0,0.0,0.0,0.0,0.0,0.0,0.0,0.0,0.0,0.0,0.0,0.0,0.0,0.0,0.0,0.0,261.0,0.0,0.0,0.0,0.0,0.0,0.17,0,0,0,0,0,0,0,0,0,0,0,0,1,0,0,0,0,0,0,0,0,0,0,0,0,0,0,0,0,0
http://localhost:5000/phpmyadmin,vuln_server_v3,"[""InsecPerm""]",0,1,200.0,0.0,0.01,172.0,4.6844930869666825,0.0,0.0,0.0,0.0,0.0,0.0,0.0,0.0,0.0,0.0,0.0,0.0,0.0,0.0,0.0,0.0,0.0,0.0,0.0,0.0,0.0,0.0,0.0,0.0,0.0,0.0,0.0,0.0,0.0,0.0,0.0,0.0,0.0,0.0,0.0,0.0,0.0,0.0,0.0,8.0,3.0,0.0,2.0,0.0,3.0,1.0,0.0,0.0,0.0,0.0,0.0,0.0,0.0,0.0,0.0,0.0,0.0,0.0,0.0,0.0,0.0,0.0,0.0,0.0,0.0,0.0,0.0,0.0,0.0,0.0,0.0,0.0,0.0,0.0,0.0,0.0,0.0,0.0,0.0,0.0,0.0,0.0,0.0,261.0,0.0,0.0,0.0,0.0,0.0,0.21,0,0,0,0,0,0,0,0,0,0,0,0,1,0,0,0,0,0,0,0,0,0,0,0,0,0,0,0,0,0
http://localhost:5000/manager/html,vuln_server_v3,"[""InsecPerm""]",0,1,200.0,0.0,0.01,168.0,4.589483509879049,0.0,0.0,0.0,0.0,0.0,0.0,0.0,0.0,0.0,0.0,0.0,0.0,0.0,0.0,0.0,0.0,0.0,0.0,0.0,0.0,0.0,0.0,0.0,0.0,0.0,0.0,0.0,0.0,0.0,0.0,0.0,0.0,0.0,0.0,0.0,0.0,0.0,0.0,0.0,8.0,3.0,0.0,1.0,0.0,2.0,0.0,0.0,0.0,0.0,0.0,0.0,0.0,0.0,0.0,0.0,0.0,0.0,0.0,0.0,0.0,0.0,0.0,0.0,0.0,0.0,0.0,0.0,0.0,0.0,0.0,0.0,0.0,0.0,0.0,0.0,0.0,0.0,0.0,0.0,0.0,0.0,0.0,0.0,261.0,0.0,0.0,0.0,0.0,0.0,0.21,0,0,0,0,0,0,0,0,0,0,0,0,1,0,0,0,0,0,0,0,0,0,0,0,0,0,0,0,0,0
http://localhost:5000/cpanel,vuln_server_v3,"[""InsecPerm""]",0,1,404.0,0.0,0.0,207.0,4.7309054015227066,0.0,0.0,0.0,0.0,0.0,0.0,0.0,0.0,0.0,0.0,0.0,0.0,0.0,0.0,0.0,0.0,0.0,0.0,0.0,0.0,0.0,0.0,0.0,0.0,0.0,0.0,0.0,0.0,0.0,0.0,0.0,0.0,0.0,0.0,0.0,0.0,0.0,0.0,0.0,8.0,3.0,0.0,1.0,0.0,0.0,1.0,0.0,0.0,0.0,0.0,0.0,0.0,0.0,0.0,0.0,0.0,0.0,0.0,0.0,0.0,0.0,0.0,0.0,0.0,0.0,0.0,0.0,0.0,0.0,0.0,0.0,0.0,0.0,0.0,0.0,0.0,0.0,0.0,0.0,0.0,0.0,0.0,0.0,492.0,0.0,0.0,0.0,0.0,0.0,0.0,0,0,0,0,0,0,0,0,0,0,0,0,1,0,0,0,0,0,0,0,0,0,0,0,0,0,0,0,0,0
http://localhost:5000/session/fixate,vuln_server_v3,"[""SessFix""]",0,1,200.0,0.0,0.0,80.0,4.435754932517598,0.0,0.0,0.0,0.0,0.0,0.0,0.0,0.0,0.0,0.0,0.0,0.0,0.0,0.0,0.0,0.0,0.0,0.0,0.0,0.0,0.0,0.0,0.0,0.0,0.0,0.0,0.0,0.0,0.0,0.0,0.0,0.0,0.0,0.0,0.0,0.0,0.0,0.0,0.0,8.0,3.0,0.0,0.0,0.0,0.0,0.0,0.0,0.0,0.0,0.0,0.0,0.0,0.0,0.0,0.0,0.0,0.0,0.0,0.0,0.0,0.0,0.0,0.0,0.0,0.0,0.0,0.0,0.0,0.0,0.0,0.0,0.0,0.0,0.0,0.0,0.0,0.0,0.0,0.0,0.0,0.0,0.0,0.0,261.0,0.0,0.0,0.0,0.0,0.0,0.0,0,0,0,0,0,0,0,0,0,0,0,0,0,0,1,0,0,0,0,0,0,0,0,0,0,0,0,0,0,0
http://localhost:5000/bufovr/format,vuln_server_v3,"[""BufOvr""]",0,1,200.0,0.0,0.01,7.0,2.807354922057604,0.0,0.0,0.0,0.0,0.0,0.0,0.0,0.0,0.0,0.0,0.0,0.0,0.0,0.0,0.0,0.0,0.0,0.0,0.0,0.0,0.0,0.0,0.0,0.0,0.0,0.0,0.0,0.0,0.0,0.0,0.0,0.0,0.0,0.0,0.0,0.0,0.0,0.0,0.0,8.0,3.0,0.0,0.0,0.0,0.0,0.0,0.0,0.0,0.0,0.0,0.0,0.0,0.0,0.0,0.0,0.0,0.0,0.0,0.0,0.0,0.0,0.0,0.0,0.0,0.0,0.0,0.0,0.0,0.0,0.0,0.0,0.0,0.0,0.0,0.0,0.0,0.0,0.0,0.0,0.0,0.0,0.0,0.0,261.0,0.0,0.0,0.0,0.0,0.0,0.21,0,0,0,0,1,0,0,0,0,0,0,0,0,0,0,0,0,0,0,0,0,0,0,0,0,0,0,0,0,0
http://localhost:5000/xpath/login,vuln_server_v3,"[""XPATH_Injection""]",0,1,200.0,0.0,0.01,154.0,4.586656863004492,0.0,0.0,0.0,0.0,0.0,0.0,0.0,0.0,0.0,0.0,0.0,0.0,0.0,0.0,0.0,0.0,0.0,0.0,0.0,0.0,0.0,0.0,0.0,0.0,0.0,0.0,0.0,0.0,0.0,0.0,0.0,0.0,0.0,0.0,0.0,0.0,0.0,0.0,0.0,8.0,3.0,0.0,2.0,0.0,2.0,0.0,0.0,0.0,0.0,0.0,0.0,0.0,0.0,0.0,0.0,0.0,0.0,0.0,0.0,0.0,0.0,0.0,0.0,0.0,0.0,0.0,0.0,0.0,0.0,0.0,0.0,0.0,0.0,0.0,0.0,0.0,0.0,0.0,0.0,0.0,0.0,0.0,0.0,492.0,0.0,0.0,0.0,0.0,0.4695121951219512,1.0,0,0,0,0,0,0,0,0,0,0,0,0,0,0,0,0,0,0,0,1,0,0,0,0,0,0,0,0,0,0
http://localhost:5000/xpath/search,vuln_server_v3,"[""XPATH_Injection""]",0,1,200.0,0.0,0.0,64.0,4.265319531114783,0.0,0.0,0.0,0.0,0.0,0.0,0.0,0.0,0.0,0.0,0.0,0.0,0.0,0.0,0.0,0.0,0.0,0.0,0.0,0.0,0.0,0.0,0.0,0.0,0.0,0.0,0.0,0.0,0.0,0.0,0.0,0.0,0.0,0.0,0.0,0.0,0.0,0.0,0.0,8.0,3.0,0.0,0.0,0.0,0.0,0.0,0.0,0.0,0.0,0.0,0.0,0.0,0.0,0.0,0.0,0.0,0.0,0.0,0.0,0.0,0.0,0.0,0.0,0.0,0.0,0.0,0.0,0.0,0.0,0.0,0.0,0.0,0.0,0.0,0.0,0.0,0.0,0.0,0.0,0.0,0.0,0.0,0.0,261.0,0.0,0.0,0.0,0.0,0.0,0.0,0,0,0,0,0,0,0,0,0,0,0,0,0,0,0,0,0,0,0,1,0,0,0,0,0,0,0,0,0,0
http://localhost:5000/login,vuln_server_v3,"[""OpenRedirect""]",0,1,200.0,0.0,0.01,230.0,4.637206849486038,0.0,0.0,0.0,0.0,1.0,1.0,0.0,0.0,0.0,0.0,0.0,0.0,0.0,0.0,0.0,0.0,0.0,0.0,1.0,0.0,0.0,0.0,0.0,0.0,0.0,0.0,0.0,0.0,0.0,0.0,0.0,0.0,0.0,0.0,0.0,0.0,0.0,0.0,0.0,9.0,3.0,0.0,3.0,0.0,5.0,0.0,0.0,0.0,0.0,0.0,0.0,0.0,0.0,0.0,0.0,0.0,0.0,0.0,0.0,0.0,0.0,0.0,0.0,0.0,0.0,0.0,0.0,0.0,0.0,0.0,0.0,0.0,0.0,0.0,0.0,0.0,0.0,0.0,0.0,0.0,0.0,0.0,0.0,261.0,0.0,0.0,0.0,0.0,0.0,0.39,0,0,0,0,0,0,0,0,0,0,0,0,0,0,0,0,0,0,0,0,0,0,0,0,0,0,1,0,0,0
http://localhost:5000/upload,vuln_server_v3,"[""InsecUpload""]",0,1,200.0,0.0,0.09,170.0,4.601311909475658,0.0,0.0,0.0,0.0,0.0,0.0,0.0,0.0,0.0,0.0,0.0,0.0,0.0,0.0,0.0,0.0,0.0,0.0,0.0,0.0,0.0,0.0,0.0,0.0,0.0,0.0,0.0,0.0,0.0,0.0,0.0,0.0,0.0,0.0,0.0,0.0,0.0,0.0,0.0,8.0,3.0,0.0,1.0,0.0,0.0,1.0,0.0,0.0,0.0,0.0,0.0,0.0,0.0,0.0,0.0,0.0,0.0,0.0,0.0,0.0,0.0,0.0,0.0,0.0,0.0,0.0,0.0,0.0,0.0,0.0,0.0,0.0,0.0,0.0,0.0,0.0,0.0,0.0,0.0,0.0,0.0,0.0,0.0,492.0,0.0,0.0,0.0,0.0,0.0,0.35,0,0,0,1,0,0,0,0,0,0,0,0,0,0,0,0,0,0,0,0,0,0,0,0,0,0,0,0,0,0
http://localhost:5000/upload/avatar,vuln_server_v3,"[""InsecUpload""]",0,1,200.0,0.0,0.01,166.0,4.605184665662088,0.0,0.0,0.0,0.0,0.0,0.0,0.0,0.0,0.0,0.0,0.0,0.0,0.0,0.0,0.0,0.0,0.0,0.0,0.0,0.0,0.0,0.0,0.0,0.0,0.0,0.0,0.0,0.0,0.0,0.0,0.0,0.0,0.0,0.0,0.0,0.0,0.0,0.0,0.0,8.0,3.0,0.0,1.0,0.0,0.0,1.0,0.0,0.0,0.0,0.0,0.0,0.0,0.0,0.0,0.0,0.0,0.0,0.0,0.0,0.0,0.0,0.0,0.0,0.0,0.0,0.0,0.0,0.0,0.0,0.0,0.0,0.0,0.0,0.0,0.0,0.0,0.0,0.0,0.0,0.0,0.0,0.0,0.0,492.0,0.0,0.0,0.0,0.0,0.0,0.26,0,0,0,1,0,0,0,0,0,0,0,0,0,0,0,0,0,0,0,0,0,0,0,0,0,0,0,0,0,0
http://localhost:5000/race/coupon,vuln_server_v3,"[""RaceCondition""]",0,1,200.0,0.0,0.01,129.0,4.688493737673043,0.0,0.0,0.0,0.0,0.0,0.0,0.0,0.0,0.0,0.0,0.0,0.0,0.0,0.0,0.0,0.0,0.0,0.0,0.0,0.0,0.0,0.0,0.0,0.0,0.0,0.0,0.0,0.0,0.0,0.0,0.0,0.0,0.0,0.0,0.0,0.0,0.0,0.0,0.0,8.0,3.0,0.0,0.0,0.0,0.0,0.0,0.0,0.0,0.0,0.0,0.0,0.0,0.0,0.0,0.0,0.0,0.0,0.0,0.0,0.0,0.0,0.0,0.0,0.0,0.0,0.0,0.0,0.0,0.0,0.0,0.0,0.0,0.0,0.0,0.0,0.0,0.0,0.0,0.0,0.0,0.0,0.0,0.0,492.0,0.0,0.0,0.0,0.0,0.4695121951219512,1.0,0,0,0,0,0,0,0,0,0,0,0,0,0,0,0,0,0,0,0,0,0,0,0,0,0,0,0,0,0,1
http://localhost:5000/race/transfer,vuln_server_v3,"[""RaceCondition""]",0,1,200.0,0.0,0.0,217.0,4.876756596326559,0.0,0.0,0.0,0.0,0.0,0.0,0.0,0.0,0.0,0.0,0.0,0.0,0.0,0.0,0.0,0.0,0.0,0.0,0.0,0.0,0.0,0.0,0.0,0.0,0.0,0.0,0.0,0.0,0.0,0.0,0.0,0.0,0.0,0.0,0.0,0.0,0.0,0.0,0.0,8.0,3.0,0.0,0.0,0.0,0.0,0.0,0.0,0.0,0.0,0.0,0.0,0.0,0.0,0.0,0.0,0.0,0.0,0.0,0.0,0.0,0.0,0.0,0.0,0.0,0.0,0.0,0.0,0.0,0.0,0.0,0.0,0.0,0.0,0.0,0.0,0.0,0.0,0.0,0.0,0.0,0.0,0.0,0.0,492.0,0.0,0.0,0.0,0.4695121951219512,0.4695121951219512,1.4,0,0,0,0,0,0,0,0,0,0,0,0,0,0,0,0,0,0,0,0,0,0,0,0,0,0,0,0,0,1
http://localhost:5000/ratelimit/login,vuln_server_v3,"[""RateLimit"", ""BrokenAuth""]",0,2,404.0,0.0,0.01,207.0,4.7309054015227066,0.0,0.0,0.0,0.0,0.0,0.0,0.0,0.0,0.0,0.0,0.0,0.0,0.0,0.0,0.0,0.0,0.0,0.0,0.0,0.0,0.0,0.0,0.0,0.0,0.0,0.0,0.0,0.0,0.0,0.0,0.0,0.0,0.0,0.0,0.0,0.0,0.0,0.0,0.0,8.0,3.0,0.0,1.0,0.0,0.0,1.0,0.0,0.0,0.0,0.0,0.0,0.0,0.0,0.0,0.0,0.0,0.0,0.0,0.0,0.0,0.0,0.0,0.0,0.0,0.0,0.0,0.0,0.0,0.0,0.0,0.0,0.0,0.0,0.0,0.0,0.0,0.0,0.0,0.0,0.0,0.0,0.0,0.0,492.0,0.0,0.0,0.0,0.0,0.0,0.21,0,0,0,0,0,0,1,0,0,0,0,0,0,0,0,0,0,0,0,0,0,0,0,1,0,0,0,0,0,0
http://localhost:5000/ldap/login,vuln_server_v3,"[""LDAPi""]",0,1,200.0,0.0,0.01,140.0,4.634171744647988,0.0,0.0,0.0,0.0,0.0,0.0,0.0,0.0,0.0,0.0,0.0,0.0,0.0,0.0,0.0,0.0,0.0,0.0,0.0,0.0,0.0,0.0,0.0,0.0,0.0,0.0,0.0,0.0,0.0,0.0,0.0,0.0,0.0,0.0,0.0,0.0,0.0,0.0,0.0,8.0,3.0,0.0,2.0,0.0,2.0,0.0,0.0,0.0,0.0,0.0,0.0,0.0,0.0,0.0,0.0,0.0,0.0,0.0,0.0,0.0,0.0,0.0,0.0,0.0,0.0,0.0,0.0,0.0,0.0,0.0,0.0,0.0,0.0,0.0,0.0,0.0,0.0,0.0,0.0,0.0,0.0,0.0,0.0,492.0,0.0,0.0,0.0,0.0,0.4695121951219512,0.96,0,0,0,0,0,0,0,0,0,0,0,1,0,0,0,0,0,0,0,0,0,0,0,0,0,0,0,0,0,0
http://localhost:5000/ldap/search,vuln_server_v3,"[""LDAPi""]",0,1,200.0,0.0,0.0,55.0,4.21519670466252,0.0,0.0,0.0,0.0,0.0,0.0,0.0,0.0,0.0,0.0,0.0,0.0,0.0,0.0,0.0,0.0,0.0,0.0,0.0,0.0,0.0,0.0,0.0,0.0,0.0,0.0,0.0,0.0,0.0,0.0,0.0,0.0,0.0,0.0,0.0,0.0,0.0,0.0,0.0,8.0,3.0,0.0,0.0,0.0,0.0,0.0,0.0,0.0,0.0,0.0,0.0,0.0,0.0,0.0,0.0,0.0,0.0,0.0,0.0,0.0,0.0,0.0,0.0,0.0,0.0,0.0,0.0,0.0,0.0,0.0,0.0,0.0,0.0,0.0,0.0,0.0,0.0,0.0,0.0,0.0,0.0,0.0,0.0,261.0,0.0,0.0,0.0,0.0,0.0,0.0,0,0,0,0,0,0,0,0,0,0,0,1,0,0,0,0,0,0,0,0,0,0,0,0,0,0,0,0,0,0
http://localhost:5000/csrf/transfer,vuln_server_v3,"[""CSRF""]",0,1,200.0,0.0,0.01,138.0,4.461719483199124,0.0,0.0,0.0,0.0,0.0,0.0,0.0,0.0,0.0,0.0,0.0,0.0,0.0,0.0,0.0,0.0,0.0,0.0,0.0,0.0,0.0,0.0,0.0,0.0,0.0,0.0,0.0,0.0,0.0,0.0,0.0,0.0,0.0,0.0,0.0,0.0,0.0,0.0,0.0,8.0,3.0,0.0,0.0,0.0,0.0,0.0,0.0,0.0,0.0,0.0,0.0,0.0,0.0,0.0,0.0,0.0,0.0,0.0,0.0,0.0,0.0,0.0,0.0,0.0,0.0,0.0,0.0,0.0,0.0,0.0,0.0,0.0,0.0,0.0,0.0,0.0,0.0,0.0,0.0,0.0,0.0,0.0,0.0,492.0,0.0,0.0,0.0,0.0,0.4695121951219512,0.91,0,0,0,0,0,0,0,0,0,0,0,0,0,0,0,0,0,0,0,0,0,0,1,0,0,0,0,0,0,0
http://localhost:5000/csrf/delete,vuln_server_v3,"[""CSRF""]",0,1,200.0,0.0,0.01,84.0,4.235975947217944,0.0,0.0,0.0,0.0,0.0,0.0,0.0,0.0,0.0,0.0,0.0,0.0,0.0,0.0,0.0,0.0,0.0,0.0,0.0,0.0,0.0,0.0,0.0,0.0,0.0,0.0,0.0,0.0,0.0,0.0,0.0,0.0,0.0,0.0,0.0,0.0,0.0,0.0,0.0,8.0,3.0,0.0,0.0,0.0,0.0,0.0,0.0,0.0,0.0,0.0,0.0,0.0,0.0,0.0,0.0,0.0,0.0,0.0,0.0,0.0,0.0,0.0,0.0,0.0,0.0,0.0,0.0,0.0,0.0,0.0,0.0,0.0,0.0,0.0,0.0,0.0,0.0,0.0,0.0,0.0,0.0,0.0,0.0,492.0,0.0,0.0,0.0,0.0,0.0,0.17,0,0,0,0,0,0,0,0,0,0,0,0,0,0,0,0,0,0,0,0,0,0,1,0,0,0,0,0,0,0
http://localhost:5000/csrf/email,vuln_server_v3,"[""CSRF""]",0,1,200.0,0.0,0.01,96.0,4.357164063466611,0.0,0.0,0.0,0.0,0.0,0.0,0.0,0.0,0.0,0.0,0.0,0.0,0.0,0.0,0.0,0.0,0.0,0.0,0.0,0.0,0.0,0.0,0.0,0.0,0.0,0.0,0.0,0.0,0.0,0.0,0.0,0.0,0.0,0.0,0.0,0.0,0.0,0.0,0.0,8.0,3.0,0.0,0.0,0.0,0.0,0.0,0.0,0.0,0.0,0.0,0.0,0.0,0.0,0.0,0.0,0.0,0.0,0.0,0.0,0.0,0.0,0.0,0.0,0.0,0.0,0.0,0.0,0.0,0.0,0.0,0.0,0.0,0.0,0.0,0.0,0.0,0.0,0.0,0.0,0.0,0.0,0.0,0.0,492.0,0.0,0.0,0.0,0.0,0.4695121951219512,0.62,0,0,0,0,0,0,0,0,0,0,0,0,0,0,0,0,0,0,0,0,0,0,1,0,0,0,0,0,0,0
http://localhost:5000/csrf/password,vuln_server_v3,"[""CSRF""]",0,1,200.0,0.0,0.0,115.0,4.463099843650777,0.0,0.0,0.0,0.0,0.0,0.0,0.0,0.0,0.0,0.0,0.0,0.0,0.0,0.0,0.0,0.0,0.0,0.0,0.0,0.0,0.0,0.0,0.0,0.0,0.0,0.0,0.0,0.0,0.0,0.0,0.0,0.0,0.0,0.0,0.0,0.0,0.0,0.0,0.0,8.0,3.0,0.0,2.0,0.0,4.0,0.0,0.0,0.0,0.0,0.0,0.0,0.0,0.0,0.0,0.0,0.0,0.0,0.0,0.0,0.0,0.0,0.0,0.0,0.0,0.0,0.0,0.0,0.0,0.0,0.0,0.0,0.0,0.0,0.0,0.0,0.0,0.0,0.0,0.0,0.0,0.0,0.0,0.0,492.0,0.0,0.0,0.0,0.0,0.4695121951219512,0.42,0,0,0,0,0,0,0,0,0,0,0,0,0,0,0,0,0,0,0,0,0,0,1,0,0,0,0,0,0,0
http://localhost:6000/download,vuln_server_v2,"[""DirTrav""]",0,1,404.0,0.0,0.01,113.0,4.748277434235323,0.0,0.0,0.0,0.0,0.0,0.0,0.0,0.0,0.0,0.0,0.0,0.0,0.0,0.0,0.0,0.0,0.0,0.0,0.0,0.0,0.0,0.0,0.0,0.0,0.0,0.0,0.0,0.0,0.0,0.0,0.0,0.0,0.0,0.0,0.0,0.0,0.0,0.0,0.0,8.0,3.0,0.0,1.0,0.0,1.0,0.0,0.0,0.0,0.0,0.0,0.0,0.0,0.0,0.0,0.0,0.0,0.0,0.0,0.0,0.0,0.0,0.0,0.0,0.0,0.0,0.0,0.0,0.0,0.0,0.0,0.0,0.0,0.0,0.0,0.0,0.0,0.0,0.0,0.0,0.0,0.0,0.0,0.0,261.0,0.0,0.0,0.0,0.0,0.0,0.21,0,0,0,0,0,0,0,0,1,0,0,0,0,0,0,0,0,0,0,0,0,0,0,0,0,0,0,0,0,0
http://localhost:6000/ssrf/avatar,vuln_server_v2,"[""SSRF""]",0,1,500.0,0.0,0.01,43.0,4.155818464397664,0.0,0.0,0.0,0.0,0.0,0.0,0.0,0.0,0.0,0.0,0.0,0.0,0.0,0.0,0.0,0.0,0.0,0.0,0.0,0.0,0.0,0.0,0.0,0.0,0.0,0.0,0.0,0.0,0.0,0.0,0.0,0.0,0.0,0.0,0.0,0.0,0.0,0.0,0.0,8.0,3.0,0.0,0.0,0.0,0.0,0.0,0.0,0.0,0.0,0.0,0.0,0.0,0.0,0.0,0.0,0.0,0.0,0.0,0.0,0.0,0.0,0.0,0.0,0.0,0.0,0.0,0.0,0.0,0.0,0.0,0.0,0.0,0.0,0.0,0.0,0.0,0.0,0.0,0.0,0.0,0.0,0.0,0.0,261.0,0.0,0.0,0.0,0.0,0.0,0.17,0,0,0,0,0,0,0,0,0,0,0,0,0,0,0,1,0,0,0,0,0,0,0,0,0,0,0,0,0,0
http://localhost:6000/bufovr/format,vuln_server_v2,"[""BufOvr""]",0,1,200.0,0.0,0.01,17.0,3.616874605956223,0.0,0.0,0.0,0.0,0.0,0.0,0.0,0.0,0.0,0.0,0.0,0.0,0.0,0.0,0.0,0.0,0.0,0.0,0.0,0.0,0.0,0.0,0.0,0.0,0.0,0.0,0.0,0.0,0.0,0.0,0.0,0.0,0.0,0.0,0.0,0.0,0.0,0.0,0.0,8.0,3.0,0.0,0.0,0.0,0.0,0.0,0.0,0.0,0.0,0.0,0.0,0.0,0.0,0.0,0.0,0.0,0.0,0.0,0.0,0.0,0.0,0.0,0.0,0.0,0.0,0.0,0.0,0.0,0.0,0.0,0.0,0.0,0.0,0.0,0.0,0.0,0.0,0.0,0.0,0.0,0.0,0.0,0.0,261.0,0.0,0.0,0.0,0.0,0.0,0.26,0,0,0,0,1,0,0,0,0,0,0,0,0,0,0,0,0,0,0,0,0,0,0,0,0,0,0,0,0,0
http://localhost:8080/about.html,local_serveur,"[""SAFE""]",1,0,404.0,0.0,0.02,335.0,4.5561556983228,0.0,0.0,0.0,0.0,0.0,0.0,0.0,0.0,0.0,0.0,0.0,0.0,0.0,0.0,0.0,0.0,0.0,0.0,0.0,1.0,0.0,0.0,0.0,0.0,0.0,0.0,0.0,0.0,0.0,0.0,0.0,0.0,0.0,0.0,0.0,0.0,0.0,0.0,0.0,8.0,3.0,0.0,1.0,0.0,0.0,1.0,0.0,0.0,0.0,0.0,0.0,0.0,0.0,0.0,0.0,0.0,0.0,0.0,0.0,0.0,0.0,0.0,0.0,0.0,0.0,0.0,0.0,0.0,0.0,0.0,0.0,0.0,0.0,0.0,0.0,0.0,0.0,0.0,0.0,0.0,0.0,0.0,0.0,0.0,0.0,0.0,0.0,0.0,0.0,0.0,0,0,0,0,0,0,0,0,0,0,0,0,0,0,0,0,0,0,0,0,0,0,0,0,0,0,0,0,0,0
http://localhost:8080/contact.html,local_serveur,"[""SAFE""]",1,0,404.0,0.0,0.03,335.0,4.5561556983228,0.0,0.0,0.0,0.0,0.0,0.0,0.0,0.0,0.0,0.0,0.0,0.0,0.0,0.0,0.0,0.0,0.0,0.0,0.0,1.0,0.0,0.0,0.0,0.0,0.0,0.0,0.0,0.0,0.0,0.0,0.0,0.0,0.0,0.0,0.0,0.0,0.0,0.0,0.0,8.0,3.0,0.0,1.0,0.0,0.0,1.0,0.0,0.0,0.0,0.0,0.0,0.0,0.0,0.0,0.0,0.0,0.0,0.0,0.0,0.0,0.0,0.0,0.0,0.0,0.0,0.0,0.0,0.0,0.0,0.0,0.0,0.0,0.0,0.0,0.0,0.0,0.0,0.0,0.0,0.0,0.0,0.0,0.0,0.0,0.0,0.0,0.0,0.0,0.0,0.0,0,0,0,0,0,0,0,0,0,0,0,0,0,0,0,0,0,0,0,0,0,0,0,0,0,0,0,0,0,0
http://localhost:8080/privacy.html,local_serveur,"[""SAFE""]",1,0,404.0,0.0,0.05,335.0,4.5561556983228,0.0,0.0,0.0,0.0,0.0,0.0,0.0,0.0,0.0,0.0,0.0,0.0,0.0,0.0,0.0,0.0,0.0,0.0,0.0,1.0,0.0,0.0,0.0,0.0,0.0,0.0,0.0,0.0,0.0,0.0,0.0,0.0,0.0,0.0,0.0,0.0,0.0,0.0,0.0,8.0,3.0,0.0,1.0,0.0,0.0,1.0,0.0,0.0,0.0,0.0,0.0,0.0,0.0,0.0,0.0,0.0,0.0,0.0,0.0,0.0,0.0,0.0,0.0,0.0,0.0,0.0,0.0,0.0,0.0,0.0,0.0,0.0,0.0,0.0,0.0,0.0,0.0,0.0,0.0,0.0,0.0,0.0,0.0,0.0,0.0,0.0,0.0,0.0,0.0,0.0,0,0,0,0,0,0,0,0,0,0,0,0,0,0,0,0,0,0,0,0,0,0,0,0,0,0,0,0,0,0
http://localhost:8080/terms.html,local_serveur,"[""SAFE""]",1,0,404.0,0.0,0.16,335.0,4.5561556983228,0.0,0.0,0.0,0.0,0.0,0.0,0.0,0.0,0.0,0.0,0.0,0.0,0.0,0.0,0.0,0.0,0.0,0.0,0.0,1.0,0.0,0.0,0.0,0.0,0.0,0.0,0.0,0.0,0.0,0.0,0.0,0.0,0.0,0.0,0.0,0.0,0.0,0.0,0.0,8.0,3.0,0.0,1.0,0.0,0.0,1.0,0.0,0.0,0.0,0.0,0.0,0.0,0.0,0.0,0.0,0.0,0.0,0.0,0.0,0.0,0.0,0.0,0.0,0.0,0.0,0.0,0.0,0.0,0.0,0.0,0.0,0.0,0.0,0.0,0.0,0.0,0.0,0.0,0.0,0.0,0.0,0.0,0.0,0.0,0.0,0.0,0.0,0.0,0.0,0.0,0,0,0,0,0,0,0,0,0,0,0,0,0,0,0,0,0,0,0,0,0,0,0,0,0,0,0,0,0,0
http://localhost:7000/contact,safe_server,"[""SAFE""]",1,0,200.0,0.0,0.05,889.0,4.93143972126072,0.0,0.0,0.0,0.0,1.0,1.0,0.0,0.0,0.0,0.0,0.0,0.0,0.0,0.0,0.0,0.0,0.0,0.0,1.0,1.0,0.0,0.0,0.0,0.0,0.0,0.0,0.0,0.0,0.0,0.0,0.0,0.0,0.0,0.0,0.0,0.0,0.0,0.0,0.0,9.0,3.0,0.0,3.0,0.0,2.0,1.0,0.0,0.0,0.0,0.0,0.0,0.0,0.0,0.0,0.0,0.0,0.0,0.0,0.0,0.0,0.0,0.0,0.0,0.0,0.0,0.0,0.0,0.0,0.0,0.0,0.0,0.0,0.0,0.0,0.0,0.0,0.0,0.0,0.0,0.0,0.0,0.0,0.0,0.0,0.0,0.0,0.0,0.0,0.0,0.0,0,0,0,0,0,0,0,0,0,0,0,0,0,0,0,0,0,0,0,0,0,0,0,0,0,0,0,0,0,0
http://localhost:7000/privacy,safe_server,"[""SAFE""]",1,0,200.0,0.0,0.06,860.0,4.852499804646485,0.0,0.0,0.0,0.0,0.0,0.0,0.0,0.0,0.0,0.0,0.0,0.0,0.0,0.0,0.0,0.0,0.0,0.0,0.0,1.0,0.0,0.0,0.0,0.0,0.0,0.0,0.0,0.0,0.0,0.0,0.0,0.0,0.0,0.0,0.0,0.0,0.0,0.0,0.0,8.0,3.0,0.0,1.0,0.0,0.0,1.0,0.0,0.0,0.0,0.0,0.0,0.0,0.0,0.0,0.0,0.0,0.0,0.0,0.0,0.0,0.0,0.0,0.0,0.0,0.0,0.0,0.0,0.0,0.0,0.0,0.0,0.0,0.0,0.0,0.0,0.0,0.0,0.0,0.0,0.0,0.0,0.0,0.0,0.0,0.0,0.0,0.0,0.0,0.0,0.0,0,0,0,0,0,0,0,0,0,0,0,0,0,0,0,0,0,0,0,0,0,0,0,0,0,0,0,0,0,0
http://localhost:7000/terms,safe_server,"[""SAFE""]",1,0,200.0,0.0,0.07,608.0,4.927944841138659,0.0,0.0,0.0,0.0,0.0,0.0,0.0,0.0,0.0,0.0,0.0,0.0,0.0,0.0,0.0,0.0,0.0,0.0,0.0,1.0,0.0,0.0,0.0,0.0,0.0,0.0,0.0,0.0,0.0,0.0,0.0,0.0,0.0,0.0,0.0,0.0,0.0,0.0,0.0,8.0,3.0,0.0,1.0,0.0,0.0,1.0,0.0,0.0,0.0,0.0,0.0,0.0,0.0,0.0,0.0,0.0,0.0,0.0,0.0,0.0,0.0,0.0,0.0,0.0,0.0,0.0,0.0,0.0,0.0,0.0,0.0,0.0,0.0,0.0,0.0,0.0,0.0,0.0,0.0,0.0,0.0,0.0,0.0,0.0,0.0,0.0,0.0,0.0,0.0,0.0,0,0,0,0,0,0,0,0,0,0,0,0,0,0,0,0,0,0,0,0,0,0,0,0,0,0,0,0,0,0
http://localhost:7000/faq,safe_server,"[""SAFE""]",1,0,200.0,0.0,0.01,783.0,4.722086595768274,0.0,0.0,0.0,0.0,0.0,0.0,0.0,0.0,0.0,0.0,0.0,0.0,0.0,0.0,0.0,0.0,0.0,0.0,0.0,1.0,0.0,0.0,0.0,0.0,0.0,0.0,0.0,0.0,0.0,0.0,0.0,0.0,0.0,0.0,0.0,0.0,0.0,0.0,0.0,8.0,3.0,0.0,0.0,0.0,0.0,0.0,0.0,0.0,0.0,0.0,0.0,0.0,0.0,0.0,0.0,0.0,0.0,0.0,0.0,0.0,0.0,0.0,0.0,0.0,0.0,0.0,0.0,0.0,0.0,0.0,0.0,0.0,0.0,0.0,0.0,0.0,0.0,0.0,0.0,0.0,0.0,0.0,0.0,0.0,0.0,0.0,0.0,0.0,0.0,0.0,0,0,0,0,0,0,0,0,0,0,0,0,0,0,0,0,0,0,0,0,0,0,0,0,0,0,0,0,0,0
http://localhost:7000/shop/checkout,safe_server,"[""SAFE""]",1,0,200.0,0.0,0.01,1056.0,4.831942424442072,0.0,0.0,0.0,0.0,0.0,0.0,0.0,0.0,0.0,0.0,0.0,0.0,0.0,0.0,0.0,0.0,0.0,0.0,0.0,1.0,0.0,0.0,0.0,0.0,0.0,0.0,0.0,0.0,0.0,0.0,0.0,0.0,0.0,0.0,0.0,0.0,0.0,0.0,0.0,8.0,3.0,0.0,2.0,0.0,1.0,1.0,0.0,0.0,0.0,0.0,0.0,0.0,0.0,0.0,0.0,0.0,0.0,0.0,0.0,0.0,0.0,0.0,0.0,0.0,0.0,0.0,0.0,0.0,0.0,0.0,0.0,0.0,0.0,0.0,0.0,0.0,0.0,0.0,0.0,0.0,0.0,0.0,0.0,0.0,0.0,0.0,0.0,0.0,0.0,0.0,0,0,0,0,0,0,0,0,0,0,0,0,0,0,0,0,0,0,0,0,0,0,0,0,0,0,0,0,0,0
http://localhost:7000/register,safe_server,"[""SAFE""]",1,0,200.0,0.0,0.05,685.0,4.832299762774038,0.0,0.0,0.0,0.0,0.0,0.0,0.0,0.0,0.0,0.0,0.0,0.0,0.0,0.0,0.0,0.0,0.0,0.0,0.0,1.0,0.0,0.0,0.0,0.0,0.0,0.0,0.0,0.0,0.0,0.0,0.0,0.0,0.0,0.0,0.0,0.0,0.0,0.0,0.0,8.0,3.0,0.0,4.0,0.0,9.0,1.0,0.0,0.0,0.0,0.0,0.0,0.0,0.0,0.0,0.0,0.0,0.0,0.0,0.0,0.0,0.0,0.0,0.0,0.0,0.0,0.0,0.0,0.0,0.0,0.0,0.0,0.0,0.0,0.0,0.0,0.0,0.0,0.0,0.0,0.0,0.0,0.0,0.0,0.0,0.0,0.0,0.0,0.0,0.0,0.0,0,0,0,0,0,0,0,0,0,0,0,0,0,0,0,0,0,0,0,0,0,0,0,0,0,0,0,0,0,0
http://localhost:7000/dashboard,safe_server,"[""SAFE""]",1,0,200.0,0.0,0.01,1210.0,4.913428217085024,0.0,0.0,0.0,0.0,0.0,0.0,0.0,0.0,0.0,0.0,0.0,0.0,0.0,0.0,0.0,0.0,0.0,0.0,0.0,1.0,0.0,0.0,0.0,0.0,0.0,0.0,0.0,0.0,0.0,0.0,0.0,0.0,0.0,0.0,0.0,0.0,0.0,0.0,0.0,8.0,3.0,0.0,1.0,0.0,0.0,1.0,0.0,0.0,0.0,0.0,0.0,0.0,0.0,0.0,0.0,0.0,0.0,0.0,0.0,0.0,0.0,0.0,0.0,0.0,0.0,0.0,0.0,0.0,0.0,0.0,0.0,0.0,0.0,0.0,0.0,0.0,0.0,0.0,0.0,0.0,0.0,0.0,0.0,0.0,0.0,0.0,0.0,0.0,0.0,0.0,0,0,0,0,0,0,0,0,0,0,0,0,0,0,0,0,0,0,0,0,0,0,0,0,0,0,0,0,0,0
http://localhost:7000/forgot-password,safe_server,"[""SAFE""]",1,0,200.0,0.0,0.15,175.0,4.639279367630412,0.0,0.0,0.0,0.0,0.0,0.0,0.0,0.0,0.0,0.0,0.0,0.0,0.0,0.0,0.0,0.0,0.0,0.0,0.0,0.0,0.0,0.0,0.0,0.0,0.0,0.0,0.0,0.0,0.0,0.0,0.0,0.0,0.0,0.0,0.0,0.0,0.0,0.0,0.0,8.0,3.0,0.0,0.0,0.0,0.0,0.0,0.0,0.0,0.0,0.0,0.0,0.0,0.0,0.0,0.0,0.0,0.0,0.0,0.0,0.0,0.0,0.0,0.0,0.0,0.0,0.0,0.0,0.0,0.0,0.0,0.0,0.0,0.0,0.0,0.0,0.0,0.0,0.0,0.0,0.0,0.0,0.0,0.0,0.0,0.0,0.0,0.0,0.0,0.0,0.0,0,0,0,0,0,0,0,0,0,0,0,0,0,0,0,0,0,0,0,0,0,0,0,0,0,0,0,0,0,0
http://localhost:7000/search?q=test,safe_server,"[""SAFE""]",1,0,200.0,0.0,0.01,230.0,4.685334681997568,0.0,0.0,0.0,0.0,0.0,0.0,0.0,0.0,0.0,0.0,0.0,0.0,0.0,0.0,0.0,0.0,0.0,0.0,0.0,1.0,0.0,0.0,0.0,0.0,0.0,0.0,0.0,0.0,0.0,0.0,0.0,0.0,0.0,0.0,0.0,0.0,0.0,0.0,0.0,8.0,3.0,0.0,1.0,0.0,2.0,0.0,0.0,0.0,0.0,0.0,0.0,0.0,0.0,0.0,0.0,0.0,0.0,0.0,0.0,0.0,0.0,0.0,0.0,0.0,0.0,0.0,0.0,0.0,0.0,0.0,0.0,0.0,0.0,0.0,0.0,0.0,0.0,0.0,0.0,0.0,0.0,0.0,0.0,0.0,0.0,0.0,0.0,0.0,0.0,0.0,0,0,0,0,0,0,0,0,0,0,0,0,0,0,0,0,0,0,0,0,0,0,0,0,0,0,0,0,0,0
synthetic_safe_0,synthetic_safe,"[""SAFE""]",1,0,267.6369514910122,0.0,0.05555856668571322,654.2351024507276,4.731875044471893,0.0,0.0,0.0,0.0,0.0919709850551321,0.06407018266621115,0.0,0.0,0.0,0.0,0.0,0.0,0.0,0.0,0.0,0.0,0.0,0.0,0.03740767199986974,0.9079784628711359,0.0,0.0,0.0,0.0,0.0,0.0,0.0,0.0,0.0,0.0,0.0,0.0,0.0,0.0,0.0,0.0,0.0,0.0,0.0,8.03591625501407,3.0,0.0,1.4249694889558444,0.0,0.6363891268578954,0.7834427914450972,0.0,0.0,0.0,0.0,0.0,0.0,0.0,,,,,,,,,,,,,,,,,,,,,,,,,,,,,,,0.0,0.0,0.0,0.0,0.0,0.0,0.0,0,0,0,0,0,0,0,0,0,0,0,0,0,0,0,0,0,0,0,0,0,0,0,0,0,0,0,0,0,0
synthetic_safe_1,synthetic_safe,"[""SAFE""]",1,0,276.060170136997,0.0,0.0573446185358836,614.9895514557885,4.725596773524508,0.0,0.0,0.0,0.0,0.004264420758143692,0.09971855094582413,0.0,0.0,0.0,0.0,0.0,0.0,0.0,0.0,0.0,0.0,0.0,0.0,0.062230172473982236,0.9373124003701231,0.0,0.0,0.0,0.0,0.0,0.0,0.0,0.0,0.0,0.0,0.0,0.0,0.0,0.0,0.0,0.0,0.0,0.0,0.0,8.074858318718894,3.0,0.0,1.3143742495469026,0.0,1.0288575037166956,0.7824544949704901,0.0,0.0,0.0,0.0,0.0,0.0,0.0,,,,,,,,,,,,,,,,,,,,,,,,,,,,,,,0.0,0.0,0.0,0.0,0.0,0.0,0.0,0,0,0,0,0,0,0,0,0,0,0,0,0,0,0,0,0,0,0,0,0,0,0,0,0,0,0,0,0,0
synthetic_safe_2,synthetic_safe,"[""SAFE""]",1,0,247.57297257898225,0.0,0.04697578395749118,618.7727563480942,4.721406265664264,0.0,0.0,0.0,0.0,0.04278504303044955,0.08323168044099134,0.0,0.0,0.0,0.0,0.0,0.0,0.0,0.0,0.0,0.0,0.0,0.0,0.08336463549253911,0.9312052909992727,0.0,0.0,0.0,0.0,0.0,0.0,0.0,0.0,0.0,0.0,0.0,0.0,0.0,0.0,0.0,0.0,0.0,0.0,0.0,8.08459709895718,3.0,0.0,1.468947435256152,0.0,1.7566165394674336,0.7966680974695622,0.0,0.0,0.0,0.0,0.0,0.0,0.0,,,,,,,,,,,,,,,,,,,,,,,,,,,,,,,0.0,0.0,0.0,0.0,0.0,0.0,0.0,0,0,0,0,0,0,0,0,0,0,0,0,0,0,0,0,0,0,0,0,0,0,0,0,0,0,0,0,0,0
synthetic_safe_3,synthetic_safe,"[""SAFE""]",1,0,266.5452806007043,0.0,0.0530792684261185,604.7362062829948,4.71799118641402,0.0,0.0,0.0,0.0,0.03871340348611264,0.05091249023978433,0.0,0.0,0.0,0.0,0.0,0.0,0.0,0.0,0.0,0.0,0.0,0.0,0.06346151416200807,0.9253477031360914,0.0,0.0,0.0,0.0,0.0,0.0,0.0,0.0,0.0,0.0,0.0,0.0,0.0,0.0,0.0,0.0,0.0,0.0,0.0,8.100565323827096,3.0,0.0,1.3637156162406485,0.0,0.7770028987916067,0.7545619196626485,0.0,0.0,0.0,0.0,0.0,0.0,0.0,,,,,,,,,,,,,,,,,,,,,,,,,,,,,,,0.0,0.0,0.0,0.0,0.0,0.0,0.0,0,0,0,0,0,0,0,0,0,0,0,0,0,0,0,0,0,0,0,0,0,0,0,0,0,0,0,0,0,0
synthetic_safe_4,synthetic_safe,"[""SAFE""]",1,0,253.68545766391875,0.0,0.03603914295363782,568.153361172714,4.731593724726463,0.0,0.0,0.0,0.0,0.08054916811683666,0.11689680573603471,0.0,0.0,0.0,0.0,0.0,0.0,0.0,0.0,0.0,0.0,0.0,0.0,0.04259225191858277,0.9822366246507628,0.0,0.0,0.0,0.0,0.0,0.0,0.0,0.0,0.0,0.0,0.0,0.0,0.0,0.0,0.0,0.0,0.0,0.0,0.0,8.07634337100941,3.0,0.0,1.2420633545986144,0.0,1.0264008425996427,0.7596848169836274,0.0,0.0,0.0,0.0,0.0,0.0,0.0,,,,,,,,,,,,,,,,,,,,,,,,,,,,,,,0.0,0.0,0.0,0.0,0.0,0.0,0.0,0,0,0,0,0,0,0,0,0,0,0,0,0,0,0,0,0,0,0,0,0,0,0,0,0,0,0,0,0,0
synthetic_safe_5,synthetic_safe,"[""SAFE""]",1,0,250.87037297589498,0.0,0.05628120089468387,623.8593428790751,4.74505130888323,0.0,0.0,0.0,0.0,0.10396803229657292,0.0728444390042967,0.0,0.0,0.0,0.0,0.0,0.0,0.0,0.0,0.0,0.0,0.0,0.0,0.056997019397796514,0.9171569642300093,0.0,0.0,0.0,0.0,0.0,0.0,0.0,0.0,0.0,0.0,0.0,0.0,0.0,0.0,0.0,0.0,0.0,0.0,0.0,8.055483642983644,3.0,0.0,1.468682236491287,0.0,1.6149425714498267,0.7355803525494359,0.0,0.0,0.0,0.0,0.0,0.0,0.0,,,,,,,,,,,,,,,,,,,,,,,,,,,,,,,0.0,0.0,0.0,0.0,0.0,0.0,0.0,0,0,0,0,0,0,0,0,0,0,0,0,0,0,0,0,0,0,0,0,0,0,0,0,0,0,0,0,0,0
synthetic_safe_6,synthetic_safe,"[""SAFE""]",1,0,253.96490802955648,0.0,0.04568118581075545,664.6574606268606,4.753470297534727,0.0,0.0,0.0,0.0,0.11125392448020036,0.032701610163068516,0.0,0.0,0.0,0.0,0.0,0.0,0.0,0.0,0.0,0.0,0.0,0.0,0.11235945611405343,0.9322936554595967,0.0,0.0,0.0,0.0,0.0,0.0,0.0,0.0,0.0,0.0,0.0,0.0,0.0,0.0,0.0,0.0,0.0,0.0,0.0,8.118590964502978,3.0,0.0,1.1545837977558027,0.0,1.0630432755257433,0.786073153327318,0.0,0.0,0.0,0.0,0.0,0.0,0.0,,,,,,,,,,,,,,,,,,,,,,,,,,,,,,,0.0,0.0,0.0,0.0,0.0,0.0,0.0,0,0,0,0,0,0,0,0,0,0,0,0,0,0,0,0,0,0,0,0,0,0,0,0,0,0,0,0,0,0
synthetic_safe_7,synthetic_safe,"[""SAFE""]",1,0,254.99920148388912,0.0,0.047111610328435805,584.060441847161,4.717152371431002,0.0,0.0,0.0,0.0,0.0738076573628219,0.07079448291203247,0.0,0.0,0.0,0.0,0.0,0.0,0.0,0.0,0.0,0.0,0.0,0.0,0.16231586635328754,0.9541283442300033,0.0,0.0,0.0,0.0,0.0,0.0,0.0,0.0,0.0,0.0,0.0,0.0,0.0,0.0,0.0,0.0,0.0,0.0,0.0,8.03857111281777,3.0,0.0,1.1525351661659637,0.0,0.9143458717562303,0.7478689080188272,0.0,0.0,0.0,0.0,0.0,0.0,0.0,,,,,,,,,,,,,,,,,,,,,,,,,,,,,,,0.0,0.0,0.0,0.0,0.0,0.0,0.0,0,0,0,0,0,0,0,0,0,0,0,0,0,0,0,0,0,0,0,0,0,0,0,0,0,0,0,0,0,0
synthetic_safe_8,synthetic_safe,"[""SAFE""]",1,0,246.40932108938298,0.0,0.04898185515988398,622.0507686431548,4.723791975830014,0.0,0.0,0.0,0.0,0.05184184645331931,0.09463444503266497,0.0,0.0,0.0,0.0,0.0,0.0,0.0,0.0,0.0,0.0,0.0,0.0,0.11690499676063044,0.8545258386159423,0.0,0.0,0.0,0.0,0.0,0.0,0.0,0.0,0.0,0.0,0.0,0.0,0.0,0.0,0.0,0.0,0.0,0.0,0.0,8.110238756839717,3.0,0.0,1.1958551727967375,0.0,0.9890897833053081,0.770038468589311,0.0,0.0,0.0,0.0,0.0,0.0,0.0,,,,,,,,,,,,,,,,,,,,,,,,,,,,,,,0.0,0.0,0.0,0.0,0.0,0.0,0.0,0,0,0,0,0,0,0,0,0,0,0,0,0,0,0,0,0,0,0,0,0,0,0,0,0,0,0,0,0,0
synthetic_safe_9,synthetic_safe,"[""SAFE""]",1,0,265.20175354753695,0.0,0.048042158608269464,630.8277461075988,4.722373907458945,0.0,0.0,0.0,0.0,0.10569925745664543,0.06277776709693628,0.0,0.0,0.0,0.0,0.0,0.0,0.0,0.0,0.0,0.0,0.0,0.0,0.02759025336822734,0.9645697267341575,0.0,0.0,0.0,0.0,0.0,0.0,0.0,0.0,0.0,0.0,0.0,0.0,0.0,0.0,0.0,0.0,0.0,0.0,0.0,8.107270489423268,3.0,0.0,1.2901629052229273,0.0,0.8240267733673134,0.6966605034875886,0.0,0.0,0.0,0.0,0.0,0.0,0.0,,,,,,,,,,,,,,,,,,,,,,,,,,,,,,,0.0,0.0,0.0,0.0,0.0,0.0,0.0,0,0,0,0,0,0,0,0,0,0,0,0,0,0,0,0,0,0,0,0,0,0,0,0,0,0,0,0,0,0
synthetic_safe_10,synthetic_safe,"[""SAFE""]",1,0,280.88871023738676,0.0,0.050958087824606035,565.377763890269,4.774764996746682,0.0,0.0,0.0,0.0,0.07291923948200864,0.06101255553390564,0.0,0.0,0.0,0.0,0.0,0.0,0.0,0.0,0.0,0.0,0.0,0.0,0.0666211608603802,0.8840395724144591,0.0,0.0,0.0,0.0,0.0,0.0,0.0,0.0,0.0,0.0,0.0,0.0,0.0,0.0,0.0,0.0,0.0,0.0,0.0,8.093372746131902,3.0,0.0,1.1688937184281125,0.0,1.030721254295865,0.7463078483796385,0.0,0.0,0.0,0.0,0.0,0.0,0.0,,,,,,,,,,,,,,,,,,,,,,,,,,,,,,,0.0,0.0,0.0,0.0,0.0,0.0,0.0,0,0,0,0,0,0,0,0,0,0,0,0,0,0,0,0,0,0,0,0,0,0,0,0,0,0,0,0,0,0
synthetic_safe_11,synthetic_safe,"[""SAFE""]",1,0,273.58141600879816,0.0,0.05306208599627086,590.4821312242759,4.734582220360805,0.0,0.0,0.0,0.0,0.08166203152596088,0.07182029728422676,0.0,0.0,0.0,0.0,0.0,0.0,0.0,0.0,0.0,0.0,0.0,0.0,0.12311502698065172,0.9512104867824509,0.0,0.0,0.0,0.0,0.0,0.0,0.0,0.0,0.0,0.0,0.0,0.0,0.0,0.0,0.0,0.0,0.0,0.0,0.0,8.096346178299408,3.0,0.0,1.5917081868384828,0.0,1.3640940279607814,0.7383944430985538,0.0,0.0,0.0,0.0,0.0,0.0,0.0,,,,,,,,,,,,,,,,,,,,,,,,,,,,,,,0.0,0.0,0.0,0.0,0.0,0.0,0.0,0,0,0,0,0,0,0,0,0,0,0,0,0,0,0,0,0,0,0,0,0,0,0,0,0,0,0,0,0,0
synthetic_safe_12,synthetic_safe,"[""SAFE""]",1,0,264.51067268160676,0.0,0.05421597905310596,623.4020026647474,4.744004003626804,0.0,0.0,0.0,0.0,0.030856309135888917,0.08883854244581588,0.0,0.0,0.0,0.0,0.0,0.0,0.0,0.0,0.0,0.0,0.0,0.0,0.06410186725533885,0.9110261659461317,0.0,0.0,0.0,0.0,0.0,0.0,0.0,0.0,0.0,0.0,0.0,0.0,0.0,0.0,0.0,0.0,0.0,0.0,0.0,8.064567060121085,3.0,0.0,1.2496861957602583,0.0,1.006513060207745,0.710272714117567,0.0,0.0,0.0,0.0,0.0,0.0,0.0,,,,,,,,,,,,,,,,,,,,,,,,,,,,,,,0.0,0.0,0.0,0.0,0.0,0.0,0.0,0,0,0,0,0,0,0,0,0,0,0,0,0,0,0,0,0,0,0,0,0,0,0,0,0,0,0,0,0,0
synthetic_safe_13,synthetic_safe,"[""SAFE""]",1,0,267.5951758480007,0.0,0.06463131986268013,581.2188691282275,4.727340210195385,0.0,0.0,0.0,0.0,0.11632077617801413,0.06109342286619408,0.0,0.0,0.0,0.0,0.0,0.0,0.0,0.0,0.0,0.0,0.0,0.0,0.09518780878680792,0.9788299656822501,0.0,0.0,0.0,0.0,0.0,0.0,0.0,0.0,0.0,0.0,0.0,0.0,0.0,0.0,0.0,0.0,0.0,0.0,0.0,8.107672981608324,3.0,0.0,1.4260292396170255,0.0,1.4222855793526332,0.7976785796864821,0.0,0.0,0.0,0.0,0.0,0.0,0.0,,,,,,,,,,,,,,,,,,,,,,,,,,,,,,,0.0,0.0,0.0,0.0,0.0,0.0,0.0,0,0,0,0,0,0,0,0,0,0,0,0,0,0,0,0,0,0,0,0,0,0,0,0,0,0,0,0,0,0
synthetic_safe_14,synthetic_safe,"[""SAFE""]",1,0,259.75305238391275,0.0,0.05355939737885065,656.0741661506903,4.7339963546326125,0.0,0.0,0.0,0.0,0.08230616478037915,0.10670026403911952,0.0,0.0,0.0,0.0,0.0,0.0,0.0,0.0,0.0,0.0,0.0,0.0,0.01593917214315882,0.9352807281662491,0.0,0.0,0.0,0.0,0.0,0.0,0.0,0.0,0.0,0.0,0.0,0.0,0.0,0.0,0.0,0.0,0.0,0.0,0.0,8.074644613184352,3.0,0.0,1.3583645277505294,0.0,1.188792803668945,0.7974160267674181,0.0,0.0,0.0,0.0,0.0,0.0,0.0,,,,,,,,,,,,,,,,,,,,,,,,,,,,,,,0.0,0.0,0.0,0.0,0.0,0.0,0.0,0,0,0,0,0,0,0,0,0,0,0,0,0,0,0,0,0,0,0,0,0,0,0,0,0,0,0,0,0,0
synthetic_safe_15,synthetic_safe,"[""SAFE""]",1,0,244.25202823953842,0.0,0.040141771907959034,549.2463539021089,4.747068909174868,0.0,0.0,0.0,0.0,0.07682316046605456,0.044795820903302926,0.0,0.0,0.0,0.0,0.0,0.0,0.0,0.0,0.0,0.0,0.0,0.0,0.06108142203746465,0.9389575121355955,0.0,0.0,0.0,0.0,0.0,0.0,0.0,0.0,0.0,0.0,0.0,0.0,0.0,0.0,0.0,0.0,0.0,0.0,0.0,8.088687323608136,3.0,0.0,1.3049904082710773,0.0,1.5085873327357942,0.7883648279058233,0.0,0.0,0.0,0.0,0.0,0.0,0.0,,,,,,,,,,,,,,,,,,,,,,,,,,,,,,,0.0,0.0,0.0,0.0,0.0,0.0,0.0,0,0,0,0,0,0,0,0,0,0,0,0,0,0,0,0,0,0,0,0,0,0,0,0,0,0,0,0,0,0
synthetic_safe_16,synthetic_safe,"[""SAFE""]",1,0,279.27145779054473,0.0,0.05772180059768474,601.4679614988775,4.732814968968698,0.0,0.0,0.0,0.0,0.11519992417079361,0.059573089259150905,0.0,0.0,0.0,0.0,0.0,0.0,0.0,0.0,0.0,0.0,0.0,0.0,0.028672098199879585,0.9130246200111044,0.0,0.0,0.0,0.0,0.0,0.0,0.0,0.0,0.0,0.0,0.0,0.0,0.0,0.0,0.0,0.0,0.0,0.0,0.0,8.087516060437988,3.0,0.0,1.3341835863660005,0.0,1.0278607941673497,0.7660908462926899,0.0,0.0,0.0,0.0,0.0,0.0,0.0,,,,,,,,,,,,,,,,,,,,,,,,,,,,,,,0.0,0.0,0.0,0.0,0.0,0.0,0.0,0,0,0,0,0,0,0,0,0,0,0,0,0,0,0,0,0,0,0,0,0,0,0,0,0,0,0,0,0,0
synthetic_safe_17,synthetic_safe,"[""SAFE""]",1,0,252.57831593524617,0.0,0.04702039530877999,581.6909747160082,4.764692536197141,0.0,0.0,0.0,0.0,0.08109494673303323,0.08704527390720551,0.0,0.0,0.0,0.0,0.0,0.0,0.0,0.0,0.0,0.0,0.0,0.0,0.0751441992510422,0.9321951517522641,0.0,0.0,0.0,0.0,0.0,0.0,0.0,0.0,0.0,0.0,0.0,0.0,0.0,0.0,0.0,0.0,0.0,0.0,0.0,8.053432595617709,3.0,0.0,1.2368058663275512,0.0,1.4872162981872057,0.8135141780428313,0.0,0.0,0.0,0.0,0.0,0.0,0.0,,,,,,,,,,,,,,,,,,,,,,,,,,,,,,,0.0,0.0,0.0,0.0,0.0,0.0,0.0,0,0,0,0,0,0,0,0,0,0,0,0,0,0,0,0,0,0,0,0,0,0,0,0,0,0,0,0,0,0
synthetic_safe_18,synthetic_safe,"[""SAFE""]",1,0,270.2066118071209,0.0,0.05283069785599489,600.6540983080603,4.723933967528275,0.0,0.0,0.0,0.0,0.04631501638249419,0.0819124429703072,0.0,0.0,0.0,0.0,0.0,0.0,0.0,0.0,0.0,0.0,0.0,0.0,0.08579223200398435,0.8788952262481442,0.0,0.0,0.0,0.0,0.0,0.0,0.0,0.0,0.0,0.0,0.0,0.0,0.0,0.0,0.0,0.0,0.0,0.0,0.0,8.06874264470182,3.0,0.0,1.338643930998555,0.0,1.6129352691935697,0.7171511333744601,0.0,0.0,0.0,0.0,0.0,0.0,0.0,,,,,,,,,,,,,,,,,,,,,,,,,,,,,,,0.0,0.0,0.0,0.0,0.0,0.0,0.0,0,0,0,0,0,0,0,0,0,0,0,0,0,0,0,0,0,0,0,0,0,0,0,0,0,0,0,0,0,0
synthetic_safe_19,synthetic_safe,"[""SAFE""]",1,0,278.8323181423418,0.0,0.04952912556599959,621.9961750205766,4.7603289378121,0.0,0.0,0.0,0.0,0.05891535784043947,0.04297708161602778,0.0,0.0,0.0,0.0,0.0,0.0,0.0,0.0,0.0,0.0,0.0,0.0,0.057369566186561805,0.9215301671609216,0.0,0.0,0.0,0.0,0.0,0.0,0.0,0.0,0.0,0.0,0.0,0.0,0.0,0.0,0.0,0.0,0.0,0.0,0.0,8.068349728755598,3.0,0.0,1.3862499120738974,0.0,0.8805265055268183,0.7108523423565877,0.0,0.0,0.0,0.0,0.0,0.0,0.0,,,,,,,,,,,,,,,,,,,,,,,,,,,,,,,0.0,0.0,0.0,0.0,0.0,0.0,0.0,0,0,0,0,0,0,0,0,0,0,0,0,0,0,0,0,0,0,0,0,0,0,0,0,0,0,0,0,0,0
synthetic_safe_20,synthetic_safe,"[""SAFE""]",1,0,256.22204920513093,0.0,0.05142953535914762,577.2312656146257,4.743648349371005,0.0,0.0,0.0,0.0,0.09008883706939089,0.07622895397673432,0.0,0.0,0.0,0.0,0.0,0.0,0.0,0.0,0.0,0.0,0.0,0.0,0.09041620478779147,0.9248651216042572,0.0,0.0,0.0,0.0,0.0,0.0,0.0,0.0,0.0,0.0,0.0,0.0,0.0,0.0,0.0,0.0,0.0,0.0,0.0,8.103258970185866,3.0,0.0,1.4113457953126205,0.0,1.020760549919601,0.7179179185807205,0.0,0.0,0.0,0.0,0.0,0.0,0.0,,,,,,,,,,,,,,,,,,,,,,,,,,,,,,,0.0,0.0,0.0,0.0,0.0,0.0,0.0,0,0,0,0,0,0,0,0,0,0,0,0,0,0,0,0,0,0,0,0,0,0,0,0,0,0,0,0,0,0
synthetic_safe_21,synthetic_safe,"[""SAFE""]",1,0,261.2156658406689,0.0,0.047623439433809825,587.7899397444884,4.721935173368422,0.0,0.0,0.0,0.0,0.1177260003901489,0.0711174826835406,0.0,0.0,0.0,0.0,0.0,0.0,0.0,0.0,0.0,0.0,0.0,0.0,0.07781071231141704,0.9021808710508921,0.0,0.0,0.0,0.0,0.0,0.0,0.0,0.0,0.0,0.0,0.0,0.0,0.0,0.0,0.0,0.0,0.0,0.0,0.0,8.069966220750707,3.0,0.0,1.3582685150183778,0.0,0.9161260428305702,0.8099192504791948,0.0,0.0,0.0,0.0,0.0,0.0,0.0,,,,,,,,,,,,,,,,,,,,,,,,,,,,,,,0.0,0.0,0.0,0.0,0.0,0.0,0.0,0,0,0,0,0,0,0,0,0,0,0,0,0,0,0,0,0,0,0,0,0,0,0,0,0,0,0,0,0,0
synthetic_safe_22,synthetic_safe,"[""SAFE""]",1,0,265.7817681488651,0.0,0.05662657561613846,583.0660131944037,4.732899076971916,0.0,0.0,0.0,0.0,0.09730491952924672,0.09530809541326907,0.0,0.0,0.0,0.0,0.0,0.0,0.0,0.0,0.0,0.0,0.0,0.0,0.14908078362066346,0.9387613386468769,0.0,0.0,0.0,0.0,0.0,0.0,0.0,0.0,0.0,0.0,0.0,0.0,0.0,0.0,0.0,0.0,0.0,0.0,0.0,8.055153914508898,3.0,0.0,1.3542352534839233,0.0,0.9676146006276958,0.8009092873748066,0.0,0.0,0.0,0.0,0.0,0.0,0.0,,,,,,,,,,,,,,,,,,,,,,,,,,,,,,,0.0,0.0,0.0,0.0,0.0,0.0,0.0,0,0,0,0,0,0,0,0,0,0,0,0,0,0,0,0,0,0,0,0,0,0,0,0,0,0,0,0,0,0
synthetic_safe_23,synthetic_safe,"[""SAFE""]",1,0,282.42862614242785,0.0,0.058372716755739976,637.374114137402,4.744504114183055,0.0,0.0,0.0,0.0,0.07220300474762222,0.06435279252824606,0.0,0.0,0.0,0.0,0.0,0.0,0.0,0.0,0.0,0.0,0.0,0.0,0.048517245301741715,0.9745001985951888,0.0,0.0,0.0,0.0,0.0,0.0,0.0,0.0,0.0,0.0,0.0,0.0,0.0,0.0,0.0,0.0,0.0,0.0,0.0,7.997260856257195,3.0,0.0,1.4919924701504423,0.0,0.9264472883137789,0.7897878802575335,0.0,0.0,0.0,0.0,0.0,0.0,0.0,,,,,,,,,,,,,,,,,,,,,,,,,,,,,,,0.0,0.0,0.0,0.0,0.0,0.0,0.0,0,0,0,0,0,0,0,0,0,0,0,0,0,0,0,0,0,0,0,0,0,0,0,0,0,0,0,0,0,0
synthetic_safe_24,synthetic_safe,"[""SAFE""]",1,0,262.5598346390063,0.0,0.040139960312004536,632.6426877722606,4.746708822269935,0.0,0.0,0.0,0.0,0.0622497957262033,0.09895201560512674,0.0,0.0,0.0,0.0,0.0,0.0,0.0,0.0,0.0,0.0,0.0,0.0,0.07863376816376755,0.9349701529208224,0.0,0.0,0.0,0.0,0.0,0.0,0.0,0.0,0.0,0.0,0.0,0.0,0.0,0.0,0.0,0.0,0.0,0.0,0.0,8.063534180599035,3.0,0.0,1.4879341996355013,0.0,1.0138670627044994,0.7564339985544424,0.0,0.0,0.0,0.0,0.0,0.0,0.0,,,,,,,,,,,,,,,,,,,,,,,,,,,,,,,0.0,0.0,0.0,0.0,0.0,0.0,0.0,0,0,0,0,0,0,0,0,0,0,0,0,0,0,0,0,0,0,0,0,0,0,0,0,0,0,0,0,0,0
synthetic_safe_25,synthetic_safe,"[""SAFE""]",1,0,273.35353225958966,0.0,0.058737361852875494,605.0621884436929,4.7484798638757,0.0,0.0,0.0,0.0,0.0676380798025337,0.06572788283475954,0.0,0.0,0.0,0.0,0.0,0.0,0.0,0.0,0.0,0.0,0.0,0.0,0.1098552407129803,0.9948984960951953,0.0,0.0,0.0,0.0,0.0,0.0,0.0,0.0,0.0,0.0,0.0,0.0,0.0,0.0,0.0,0.0,0.0,0.0,0.0,8.092086737801289,3.0,0.0,1.2642306432628196,0.0,1.4805598467133976,0.7550960816153388,0.0,0.0,0.0,0.0,0.0,0.0,0.0,,,,,,,,,,,,,,,,,,,,,,,,,,,,,,,0.0,0.0,0.0,0.0,0.0,0.0,0.0,0,0,0,0,0,0,0,0,0,0,0,0,0,0,0,0,0,0,0,0,0,0,0,0,0,0,0,0,0,0
synthetic_safe_26,synthetic_safe,"[""SAFE""]",1,0,268.5187379203132,0.0,0.05668090241304431,557.2861975784991,4.737382851638548,0.0,0.0,0.0,0.0,0.08190377940709549,0.08664780616655267,0.0,0.0,0.0,0.0,0.0,0.0,0.0,0.0,0.0,0.0,0.0,0.0,0.10042632545311951,0.9082295905872463,0.0,0.0,0.0,0.0,0.0,0.0,0.0,0.0,0.0,0.0,0.0,0.0,0.0,0.0,0.0,0.0,0.0,0.0,0.0,8.099109473421878,3.0,0.0,1.1892302096663374,0.0,1.5043570543997797,0.7646503679943372,0.0,0.0,0.0,0.0,0.0,0.0,0.0,,,,,,,,,,,,,,,,,,,,,,,,,,,,,,,0.0,0.0,0.0,0.0,0.0,0.0,0.0,0,0,0,0,0,0,0,0,0,0,0,0,0,0,0,0,0,0,0,0,0,0,0,0,0,0,0,0,0,0
synthetic_safe_27,synthetic_safe,"[""SAFE""]",1,0,276.230868865117,0.0,0.057090354449675015,657.2509637381484,4.755539918335274,0.0,0.0,0.0,0.0,0.0700985314006094,0.053535624328669526,0.0,0.0,0.0,0.0,0.0,0.0,0.0,0.0,0.0,0.0,0.0,0.0,0.06501637551409435,0.9038726204065984,0.0,0.0,0.0,0.0,0.0,0.0,0.0,0.0,0.0,0.0,0.0,0.0,0.0,0.0,0.0,0.0,0.0,0.0,0.0,8.077514155708087,3.0,0.0,1.229101633169805,0.0,0.6263693889176821,0.6997618126064958,0.0,0.0,0.0,0.0,0.0,0.0,0.0,,,,,,,,,,,,,,,,,,,,,,,,,,,,,,,0.0,0.0,0.0,0.0,0.0,0.0,0.0,0,0,0,0,0,0,0,0,0,0,0,0,0,0,0,0,0,0,0,0,0,0,0,0,0,0,0,0,0,0
synthetic_safe_28,synthetic_safe,"[""SAFE""]",1,0,261.48293309738057,0.0,0.05117909652900497,580.8044943088446,4.7380286818026045,0.0,0.0,0.0,0.0,0.07744587140039086,0.09656541090057441,0.0,0.0,0.0,0.0,0.0,0.0,0.0,0.0,0.0,0.0,0.0,0.0,0.07949813116715135,0.9275105416773639,0.0,0.0,0.0,0.0,0.0,0.0,0.0,0.0,0.0,0.0,0.0,0.0,0.0,0.0,0.0,0.0,0.0,0.0,0.0,8.113098966356524,3.0,0.0,1.4326890197895545,0.0,0.9742721869445595,0.7207424119067287,0.0,0.0,0.0,0.0,0.0,0.0,0.0,,,,,,,,,,,,,,,,,,,,,,,,,,,,,,,0.0,0.0,0.0,0.0,0.0,0.0,0.0,0,0,0,0,0,0,0,0,0,0,0,0,0,0,0,0,0,0,0,0,0,0,0,0,0,0,0,0,0,0
synthetic_safe_29,synthetic_safe,"[""SAFE""]",1,0,265.51476614396705,0.0,0.05443613692739743,586.7573614474367,4.735231384856175,0.0,0.0,0.0,0.0,0.07447232938256486,0.06666081737902116,0.0,0.0,0.0,0.0,0.0,0.0,0.0,0.0,0.0,0.0,0.0,0.0,0.043809555156688725,0.9270414512126466,0.0,0.0,0.0,0.0,0.0,0.0,0.0,0.0,0.0,0.0,0.0,0.0,0.0,0.0,0.0,0.0,0.0,0.0,0.0,8.131237862779743,3.0,0.0,1.2560707473559984,0.0,1.7376698083271167,0.7033211602657948,0.0,0.0,0.0,0.0,0.0,0.0,0.0,,,,,,,,,,,,,,,,,,,,,,,,,,,,,,,0.0,0.0,0.0,0.0,0.0,0.0,0.0,0,0,0,0,0,0,0,0,0,0,0,0,0,0,0,0,0,0,0,0,0,0,0,0,0,0,0,0,0,0
synthetic_safe_30,synthetic_safe,"[""SAFE""]",1,0,245.39379092407955,0.0,0.047761646242318746,580.6773102773135,4.72635234291229,0.0,0.0,0.0,0.0,0.08311461039670452,0.07540059127740484,0.0,0.0,0.0,0.0,0.0,0.0,0.0,0.0,0.0,0.0,0.0,0.0,0.08232408719420987,0.9225580355333397,0.0,0.0,0.0,0.0,0.0,0.0,0.0,0.0,0.0,0.0,0.0,0.0,0.0,0.0,0.0,0.0,0.0,0.0,0.0,8.086670496407393,3.0,0.0,1.2098570992758937,0.0,0.8907929405603744,0.7396222432043609,0.0,0.0,0.0,0.0,0.0,0.0,0.0,,,,,,,,,,,,,,,,,,,,,,,,,,,,,,,0.0,0.0,0.0,0.0,0.0,0.0,0.0,0,0,0,0,0,0,0,0,0,0,0,0,0,0,0,0,0,0,0,0,0,0,0,0,0,0,0,0,0,0
synthetic_safe_31,synthetic_safe,"[""SAFE""]",1,0,260.86976503746627,0.0,0.042249918494629154,624.241129477759,4.716520207784839,0.0,0.0,0.0,0.0,0.0,0.08202214585061661,0.0,0.0,0.0,0.0,0.0,0.0,0.0,0.0,0.0,0.0,0.0,0.0,0.0762137731235157,0.8740115854979572,0.0,0.0,0.0,0.0,0.0,0.0,0.0,0.0,0.0,0.0,0.0,0.0,0.0,0.0,0.0,0.0,0.0,0.0,0.0,8.082292295014216,3.0,0.0,1.3510104934672296,0.0,1.1432296347311963,0.7436751115318274,0.0,0.0,0.0,0.0,0.0,0.0,0.0,,,,,,,,,,,,,,,,,,,,,,,,,,,,,,,0.0,0.0,0.0,0.0,0.0,0.0,0.0,0,0,0,0,0,0,0,0,0,0,0,0,0,0,0,0,0,0,0,0,0,0,0,0,0,0,0,0,0,0
synthetic_safe_32,synthetic_safe,"[""SAFE""]",1,0,262.7744046831427,0.0,0.045060704980859456,525.1772165388813,4.727041702195959,0.0,0.0,0.0,0.0,0.11720727824216179,0.08598534617510059,0.0,0.0,0.0,0.0,0.0,0.0,0.0,0.0,0.0,0.0,0.0,0.0,0.10813702171075548,0.8900885725586167,0.0,0.0,0.0,0.0,0.0,0.0,0.0,0.0,0.0,0.0,0.0,0.0,0.0,0.0,0.0,0.0,0.0,0.0,0.0,8.077546168680637,3.0,0.0,1.4313152002304783,0.0,1.256377409635908,0.7884592023805016,0.0,0.0,0.0,0.0,0.0,0.0,0.0,,,,,,,,,,,,,,,,,,,,,,,,,,,,,,,0.0,0.0,0.0,0.0,0.0,0.0,0.0,0,0,0,0,0,0,0,0,0,0,0,0,0,0,0,0,0,0,0,0,0,0,0,0,0,0,0,0,0,0
synthetic_safe_33,synthetic_safe,"[""SAFE""]",1,0,277.36965857814783,0.0,0.048149305071100615,599.2800698614678,4.710349424184109,0.0,0.0,0.0,0.0,0.04197239479720942,0.059828287223819096,0.0,0.0,0.0,0.0,0.0,0.0,0.0,0.0,0.0,0.0,0.0,0.0,0.07043253383471478,0.9360113771677562,0.0,0.0,0.0,0.0,0.0,0.0,0.0,0.0,0.0,0.0,0.0,0.0,0.0,0.0,0.0,0.0,0.0,0.0,0.0,8.093246607634617,3.0,0.0,1.5322692967438751,0.0,1.1243252912827042,0.7402009303470269,0.0,0.0,0.0,0.0,0.0,0.0,0.0,,,,,,,,,,,,,,,,,,,,,,,,,,,,,,,0.0,0.0,0.0,0.0,0.0,0.0,0.0,0,0,0,0,0,0,0,0,0,0,0,0,0,0,0,0,0,0,0,0,0,0,0,0,0,0,0,0,0,0
synthetic_safe_34,synthetic_safe,"[""SAFE""]",1,0,250.51543127424736,0.0,0.05673629305705738,587.4922990924566,4.728271407524771,0.0,0.0,0.0,0.0,0.07007181668925297,0.0669845092909994,0.0,0.0,0.0,0.0,0.0,0.0,0.0,0.0,0.0,0.0,0.0,0.0,0.10167927285831413,0.8894850577351961,0.0,0.0,0.0,0.0,0.0,0.0,0.0,0.0,0.0,0.0,0.0,0.0,0.0,0.0,0.0,0.0,0.0,0.0,0.0,8.04218793245472,3.0,0.0,1.2610129777885157,0.0,1.126634600906134,0.7883830216876899,0.0,0.0,0.0,0.0,0.0,0.0,0.0,,,,,,,,,,,,,,,,,,,,,,,,,,,,,,,0.0,0.0,0.0,0.0,0.0,0.0,0.0,0,0,0,0,0,0,0,0,0,0,0,0,0,0,0,0,0,0,0,0,0,0,0,0,0,0,0,0,0,0
synthetic_safe_35,synthetic_safe,"[""SAFE""]",1,0,252.12831496672518,0.0,0.04654167226127931,625.2851082665027,4.742519106902146,0.0,0.0,0.0,0.0,0.06404282015153442,0.08973834033081851,0.0,0.0,0.0,0.0,0.0,0.0,0.0,0.0,0.0,0.0,0.0,0.0,0.09496331662130267,0.8813889761605007,0.0,0.0,0.0,0.0,0.0,0.0,0.0,0.0,0.0,0.0,0.0,0.0,0.0,0.0,0.0,0.0,0.0,0.0,0.0,8.046410288477706,3.0,0.0,1.358477647428515,0.0,1.0755247898381797,0.798557030824873,0.0,0.0,0.0,0.0,0.0,0.0,0.0,,,,,,,,,,,,,,,,,,,,,,,,,,,,,,,0.0,0.0,0.0,0.0,0.0,0.0,0.0,0,0,0,0,0,0,0,0,0,0,0,0,0,0,0,0,0,0,0,0,0,0,0,0,0,0,0,0,0,0
synthetic_safe_36,synthetic_safe,"[""SAFE""]",1,0,269.6176395801485,0.0,0.054777230322265745,584.9935833655903,4.702555877372885,0.0,0.0,0.0,0.0,0.06605060250878136,0.10632042293392298,0.0,0.0,0.0,0.0,0.0,0.0,0.0,0.0,0.0,0.0,0.0,0.0,0.10778349992029908,0.9056242966789859,0.0,0.0,0.0,0.0,0.0,0.0,0.0,0.0,0.0,0.0,0.0,0.0,0.0,0.0,0.0,0.0,0.0,0.0,0.0,8.077832701912596,3.0,0.0,1.2051578463956099,0.0,1.335602652281004,0.6882700757446082,0.0,0.0,0.0,0.0,0.0,0.0,0.0,,,,,,,,,,,,,,,,,,,,,,,,,,,,,,,0.0,0.0,0.0,0.0,0.0,0.0,0.0,0,0,0,0,0,0,0,0,0,0,0,0,0,0,0,0,0,0,0,0,0,0,0,0,0,0,0,0,0,0
synthetic_safe_37,synthetic_safe,"[""SAFE""]",1,0,275.90553864164457,0.0,0.05647228022182551,630.1877549567733,4.7179103261958675,0.0,0.0,0.0,0.0,0.1051479276905242,0.08445300203253775,0.0,0.0,0.0,0.0,0.0,0.0,0.0,0.0,0.0,0.0,0.0,0.0,0.1081070283904101,0.9138112877979754,0.0,0.0,0.0,0.0,0.0,0.0,0.0,0.0,0.0,0.0,0.0,0.0,0.0,0.0,0.0,0.0,0.0,0.0,0.0,8.057770914062006,3.0,0.0,1.300239545557817,0.0,1.2473486283460267,0.8344508275918154,0.0,0.0,0.0,0.0,0.0,0.0,0.0,,,,,,,,,,,,,,,,,,,,,,,,,,,,,,,0.0,0.0,0.0,0.0,0.0,0.0,0.0,0,0,0,0,0,0,0,0,0,0,0,0,0,0,0,0,0,0,0,0,0,0,0,0,0,0,0,0,0,0
synthetic_safe_38,synthetic_safe,"[""SAFE""]",1,0,273.28424719359487,0.0,0.048362675984772396,556.1012918360005,4.740093560528587,0.0,0.0,0.0,0.0,0.09614118173126444,0.0601195211150701,0.0,0.0,0.0,0.0,0.0,0.0,0.0,0.0,0.0,0.0,0.0,0.0,0.11696222470313553,0.8882276920361702,0.0,0.0,0.0,0.0,0.0,0.0,0.0,0.0,0.0,0.0,0.0,0.0,0.0,0.0,0.0,0.0,0.0,0.0,0.0,8.073443601791032,3.0,0.0,1.0614830372431514,0.0,0.8641806510317969,0.776914298232163,0.0,0.0,0.0,0.0,0.0,0.0,0.0,,,,,,,,,,,,,,,,,,,,,,,,,,,,,,,0.0,0.0,0.0,0.0,0.0,0.0,0.0,0,0,0,0,0,0,0,0,0,0,0,0,0,0,0,0,0,0,0,0,0,0,0,0,0,0,0,0,0,0
synthetic_safe_39,synthetic_safe,"[""SAFE""]",1,0,259.8773959350176,0.0,0.05691759327637002,560.6742380953478,4.736291390070263,0.0,0.0,0.0,0.0,0.14422808248101993,0.08893122192733788,0.0,0.0,0.0,0.0,0.0,0.0,0.0,0.0,0.0,0.0,0.0,0.0,0.08601520036821914,0.9487115644652608,0.0,0.0,0.0,0.0,0.0,0.0,0.0,0.0,0.0,0.0,0.0,0.0,0.0,0.0,0.0,0.0,0.0,0.0,0.0,8.125698433306514,3.0,0.0,1.3017991003618188,0.0,1.3508997763342545,0.7417930051059282,0.0,0.0,0.0,0.0,0.0,0.0,0.0,,,,,,,,,,,,,,,,,,,,,,,,,,,,,,,0.0,0.0,0.0,0.0,0.0,0.0,0.0,0,0,0,0,0,0,0,0,0,0,0,0,0,0,0,0,0,0,0,0,0,0,0,0,0,0,0,0,0,0
synthetic_safe_40,synthetic_safe,"[""SAFE""]",1,0,244.3793088446415,0.0,0.0491186852632751,562.5682909367704,4.7259141403407146,0.0,0.0,0.0,0.0,0.11228174870107464,0.09499304574513072,0.0,0.0,0.0,0.0,0.0,0.0,0.0,0.0,0.0,0.0,0.0,0.0,0.11604217515367955,0.9344416982431497,0.0,0.0,0.0,0.0,0.0,0.0,0.0,0.0,0.0,0.0,0.0,0.0,0.0,0.0,0.0,0.0,0.0,0.0,0.0,8.046702093941711,3.0,0.0,1.151758647423087,0.0,1.3023766641331198,0.7294230273621006,0.0,0.0,0.0,0.0,0.0,0.0,0.0,,,,,,,,,,,,,,,,,,,,,,,,,,,,,,,0.0,0.0,0.0,0.0,0.0,0.0,0.0,0,0,0,0,0,0,0,0,0,0,0,0,0,0,0,0,0,0,0,0,0,0,0,0,0,0,0,0,0,0
synthetic_safe_41,synthetic_safe,"[""SAFE""]",1,0,249.3714948889591,0.0,0.046121418769420386,621.4324221720249,4.745009838723935,0.0,0.0,0.0,0.0,0.04895080286502959,0.022489634108704137,0.0,0.0,0.0,0.0,0.0,0.0,0.0,0.0,0.0,0.0,0.0,0.0,0.09791261838756748,0.9400637510879819,0.0,0.0,0.0,0.0,0.0,0.0,0.0,0.0,0.0,0.0,0.0,0.0,0.0,0.0,0.0,0.0,0.0,0.0,0.0,8.120284361769343,3.0,0.0,1.363147253197255,0.0,1.1687882535542125,0.6771385147661098,0.0,0.0,0.0,0.0,0.0,0.0,0.0,,,,,,,,,,,,,,,,,,,,,,,,,,,,,,,0.0,0.0,0.0,0.0,0.0,0.0,0.0,0,0,0,0,0,0,0,0,0,0,0,0,0,0,0,0,0,0,0,0,0,0,0,0,0,0,0,0,0,0
synthetic_safe_42,synthetic_safe,"[""SAFE""]",1,0,274.8316077666916,0.0,0.05513290050357164,573.0387481852142,4.765808200712149,0.0,0.0,0.0,0.0,0.10060810901133443,0.08842937564596841,0.0,0.0,0.0,0.0,0.0,0.0,0.0,0.0,0.0,0.0,0.0,0.0,0.07273959151286641,0.9210259866192555,0.0,0.0,0.0,0.0,0.0,0.0,0.0,0.0,0.0,0.0,0.0,0.0,0.0,0.0,0.0,0.0,0.0,0.0,0.0,8.063300922927253,3.0,0.0,1.2809005715698252,0.0,1.1967219738144785,0.8075808798752118,0.0,0.0,0.0,0.0,0.0,0.0,0.0,,,,,,,,,,,,,,,,,,,,,,,,,,,,,,,0.0,0.0,0.0,0.0,0.0,0.0,0.0,0,0,0,0,0,0,0,0,0,0,0,0,0,0,0,0,0,0,0,0,0,0,0,0,0,0,0,0,0,0
synthetic_safe_43,synthetic_safe,"[""SAFE""]",1,0,254.45476334653594,0.0,0.04334408205419094,590.6167082842488,4.740052141076284,0.0,0.0,0.0,0.0,0.0742753750934368,0.027658867437167695,0.0,0.0,0.0,0.0,0.0,0.0,0.0,0.0,0.0,0.0,0.0,0.0,0.08784504885275292,0.869612905175873,0.0,0.0,0.0,0.0,0.0,0.0,0.0,0.0,0.0,0.0,0.0,0.0,0.0,0.0,0.0,0.0,0.0,0.0,0.0,8.072511956452198,3.0,0.0,1.4715434708882282,0.0,1.1310891689950466,0.7211108701574563,0.0,0.0,0.0,0.0,0.0,0.0,0.0,,,,,,,,,,,,,,,,,,,,,,,,,,,,,,,0.0,0.0,0.0,0.0,0.0,0.0,0.0,0,0,0,0,0,0,0,0,0,0,0,0,0,0,0,0,0,0,0,0,0,0,0,0,0,0,0,0,0,0
synthetic_safe_44,synthetic_safe,"[""SAFE""]",1,0,257.56341407588314,0.0,0.046775074241754394,625.7935733229133,4.741694401762756,0.0,0.0,0.0,0.0,0.11100886321746009,0.05924734030644037,0.0,0.0,0.0,0.0,0.0,0.0,0.0,0.0,0.0,0.0,0.0,0.0,0.08961701887775496,0.8468748493074504,0.0,0.0,0.0,0.0,0.0,0.0,0.0,0.0,0.0,0.0,0.0,0.0,0.0,0.0,0.0,0.0,0.0,0.0,0.0,8.0348442495605,3.0,0.0,1.1823223708695474,0.0,1.3910491668145883,0.745754772676569,0.0,0.0,0.0,0.0,0.0,0.0,0.0,,,,,,,,,,,,,,,,,,,,,,,,,,,,,,,0.0,0.0,0.0,0.0,0.0,0.0,0.0,0,0,0,0,0,0,0,0,0,0,0,0,0,0,0,0,0,0,0,0,0,0,0,0,0,0,0,0,0,0
synthetic_safe_45,synthetic_safe,"[""SAFE""]",1,0,265.2411470557166,0.0,0.053385379413039634,656.0966301678868,4.7505067351305525,0.0,0.0,0.0,0.0,0.1012202433090149,0.11776761256378745,0.0,0.0,0.0,0.0,0.0,0.0,0.0,0.0,0.0,0.0,0.0,0.0,0.07173951014276721,0.8778557316654845,0.0,0.0,0.0,0.0,0.0,0.0,0.0,0.0,0.0,0.0,0.0,0.0,0.0,0.0,0.0,0.0,0.0,0.0,0.0,8.084413120407666,3.0,0.0,1.1558913835846094,0.0,1.304646886117419,0.773868379766108,0.0,0.0,0.0,0.0,0.0,0.0,0.0,,,,,,,,,,,,,,,,,,,,,,,,,,,,,,,0.0,0.0,0.0,0.0,0.0,0.0,0.0,0,0,0,0,0,0,0,0,0,0,0,0,0,0,0,0,0,0,0,0,0,0,0,0,0,0,0,0,0,0
synthetic_safe_46,synthetic_safe,"[""SAFE""]",1,0,277.6296544563671,0.0,0.05266925928447887,595.5983144745541,4.720909856313738,0.0,0.0,0.0,0.0,0.0726169656806354,0.024010015587348728,0.0,0.0,0.0,0.0,0.0,0.0,0.0,0.0,0.0,0.0,0.0,0.0,0.03817399035147631,0.906890790034871,0.0,0.0,0.0,0.0,0.0,0.0,0.0,0.0,0.0,0.0,0.0,0.0,0.0,0.0,0.0,0.0,0.0,0.0,0.0,8.078559004887573,3.0,0.0,1.3266035651365258,0.0,1.0252967524201078,0.7959905184832216,0.0,0.0,0.0,0.0,0.0,0.0,0.0,,,,,,,,,,,,,,,,,,,,,,,,,,,,,,,0.0,0.0,0.0,0.0,0.0,0.0,0.0,0,0,0,0,0,0,0,0,0,0,0,0,0,0,0,0,0,0,0,0,0,0,0,0,0,0,0,0,0,0
synthetic_safe_47,synthetic_safe,"[""SAFE""]",1,0,254.37299875191914,0.0,0.053333560494174446,562.1464727906575,4.729407415884869,0.0,0.0,0.0,0.0,0.034919228039084184,0.08584246779480578,0.0,0.0,0.0,0.0,0.0,0.0,0.0,0.0,0.0,0.0,0.0,0.0,0.0834137474606366,0.9161839794162491,0.0,0.0,0.0,0.0,0.0,0.0,0.0,0.0,0.0,0.0,0.0,0.0,0.0,0.0,0.0,0.0,0.0,0.0,0.0,8.093005424419868,3.0,0.0,1.4906857828425568,0.0,0.8946160222460146,0.7850799670523096,0.0,0.0,0.0,0.0,0.0,0.0,0.0,,,,,,,,,,,,,,,,,,,,,,,,,,,,,,,0.0,0.0,0.0,0.0,0.0,0.0,0.0,0,0,0,0,0,0,0,0,0,0,0,0,0,0,0,0,0,0,0,0,0,0,0,0,0,0,0,0,0,0
synthetic_safe_48,synthetic_safe,"[""SAFE""]",1,0,258.0304041404636,0.0,0.05477315883958124,590.670785004207,4.7333226201467165,0.0,0.0,0.0,0.0,0.06551031052137803,0.07444816678024542,0.0,0.0,0.0,0.0,0.0,0.0,0.0,0.0,0.0,0.0,0.0,0.0,0.060203840120477685,0.9350657402538063,0.0,0.0,0.0,0.0,0.0,0.0,0.0,0.0,0.0,0.0,0.0,0.0,0.0,0.0,0.0,0.0,0.0,0.0,0.0,8.044906816993882,3.0,0.0,1.3252267680668637,0.0,0.9729846877107071,0.727757060892662,0.0,0.0,0.0,0.0,0.0,0.0,0.0,,,,,,,,,,,,,,,,,,,,,,,,,,,,,,,0.0,0.0,0.0,0.0,0.0,0.0,0.0,0,0,0,0,0,0,0,0,0,0,0,0,0,0,0,0,0,0,0,0,0,0,0,0,0,0,0,0,0,0
synthetic_safe_49,synthetic_safe,"[""SAFE""]",1,0,275.80865594567973,0.0,0.05679333432422569,632.9437208510601,4.76340299985031,0.0,0.0,0.0,0.0,0.03434872059708571,0.024780980187375116,0.0,0.0,0.0,0.0,0.0,0.0,0.0,0.0,0.0,0.0,0.0,0.0,0.10189564060625998,0.9355916617353115,0.0,0.0,0.0,0.0,0.0,0.0,0.0,0.0,0.0,0.0,0.0,0.0,0.0,0.0,0.0,0.0,0.0,0.0,0.0,8.07584087017031,3.0,0.0,1.1888918983378038,0.0,0.7569733872572579,0.7775400090657099,0.0,0.0,0.0,0.0,0.0,0.0,0.0,,,,,,,,,,,,,,,,,,,,,,,,,,,,,,,0.0,0.0,0.0,0.0,0.0,0.0,0.0,0,0,0,0,0,0,0,0,0,0,0,0,0,0,0,0,0,0,0,0,0,0,0,0,0,0,0,0,0,0
synthetic_safe_50,synthetic_safe,"[""SAFE""]",1,0,268.68096157273743,0.0,0.055513251548547055,638.5249198081897,4.7410682424491,0.0,0.0,0.0,0.0,0.11675985349259445,0.07031908163579836,0.0,0.0,0.0,0.0,0.0,0.0,0.0,0.0,0.0,0.0,0.0,0.0,0.09692377327852622,0.8976640519079835,0.0,0.0,0.0,0.0,0.0,0.0,0.0,0.0,0.0,0.0,0.0,0.0,0.0,0.0,0.0,0.0,0.0,0.0,0.0,8.043446319677352,3.0,0.0,1.2027977373250003,0.0,1.3611058655512949,0.7840772949860704,0.0,0.0,0.0,0.0,0.0,0.0,0.0,,,,,,,,,,,,,,,,,,,,,,,,,,,,,,,0.0,0.0,0.0,0.0,0.0,0.0,0.0,0,0,0,0,0,0,0,0,0,0,0,0,0,0,0,0,0,0,0,0,0,0,0,0,0,0,0,0,0,0
synthetic_safe_51,synthetic_safe,"[""SAFE""]",1,0,266.85033656595726,0.0,0.047377320141077935,640.6787912618969,4.770895079629426,0.0,0.0,0.0,0.0,0.10753912587038257,0.09010185903412134,0.0,0.0,0.0,0.0,0.0,0.0,0.0,0.0,0.0,0.0,0.0,0.0,0.0908678079359646,0.9728990081253681,0.0,0.0,0.0,0.0,0.0,0.0,0.0,0.0,0.0,0.0,0.0,0.0,0.0,0.0,0.0,0.0,0.0,0.0,0.0,8.049750499143254,3.0,0.0,1.1086778035774507,0.0,0.8997587609579115,0.8548868487483897,0.0,0.0,0.0,0.0,0.0,0.0,0.0,,,,,,,,,,,,,,,,,,,,,,,,,,,,,,,0.0,0.0,0.0,0.0,0.0,0.0,0.0,0,0,0,0,0,0,0,0,0,0,0,0,0,0,0,0,0,0,0,0,0,0,0,0,0,0,0,0,0,0
synthetic_safe_52,synthetic_safe,"[""SAFE""]",1,0,283.9864403478,0.0,0.05337464259160712,637.4729123971983,4.752346842766251,0.0,0.0,0.0,0.0,0.0807799184440874,0.033185064017184816,0.0,0.0,0.0,0.0,0.0,0.0,0.0,0.0,0.0,0.0,0.0,0.0,0.07418160429690866,0.9351687047821754,0.0,0.0,0.0,0.0,0.0,0.0,0.0,0.0,0.0,0.0,0.0,0.0,0.0,0.0,0.0,0.0,0.0,0.0,0.0,8.027665373499628,3.0,0.0,1.4612923473883994,0.0,1.3521125848835371,0.7896901345696408,0.0,0.0,0.0,0.0,0.0,0.0,0.0,,,,,,,,,,,,,,,,,,,,,,,,,,,,,,,0.0,0.0,0.0,0.0,0.0,0.0,0.0,0,0,0,0,0,0,0,0,0,0,0,0,0,0,0,0,0,0,0,0,0,0,0,0,0,0,0,0,0,0
synthetic_safe_53,synthetic_safe,"[""SAFE""]",1,0,251.58752649730366,0.0,0.04826740943431773,589.6681651106304,4.7291334263194,0.0,0.0,0.0,0.0,0.0,0.13386227616487584,0.0,0.0,0.0,0.0,0.0,0.0,0.0,0.0,0.0,0.0,0.0,0.0,0.064316191484041,0.917012572281998,0.0,0.0,0.0,0.0,0.0,0.0,0.0,0.0,0.0,0.0,0.0,0.0,0.0,0.0,0.0,0.0,0.0,0.0,0.0,8.032613648279884,3.0,0.0,1.362740665011754,0.0,1.204732377071696,0.8540928877022302,0.0,0.0,0.0,0.0,0.0,0.0,0.0,,,,,,,,,,,,,,,,,,,,,,,,,,,,,,,0.0,0.0,0.0,0.0,0.0,0.0,0.0,0,0,0,0,0,0,0,0,0,0,0,0,0,0,0,0,0,0,0,0,0,0,0,0,0,0,0,0,0,0
synthetic_safe_54,synthetic_safe,"[""SAFE""]",1,0,274.7330878443683,0.0,0.06090075450665336,543.713503146893,4.742094086224327,0.0,0.0,0.0,0.0,0.015439584663802713,0.09086670909139542,0.0,0.0,0.0,0.0,0.0,0.0,0.0,0.0,0.0,0.0,0.0,0.0,0.042557938061830475,0.9812051631624688,0.0,0.0,0.0,0.0,0.0,0.0,0.0,0.0,0.0,0.0,0.0,0.0,0.0,0.0,0.0,0.0,0.0,0.0,0.0,8.025888502625726,3.0,0.0,1.3213466082142542,0.0,0.752285594993261,0.779439143214971,0.0,0.0,0.0,0.0,0.0,0.0,0.0,,,,,,,,,,,,,,,,,,,,,,,,,,,,,,,0.0,0.0,0.0,0.0,0.0,0.0,0.0,0,0,0,0,0,0,0,0,0,0,0,0,0,0,0,0,0,0,0,0,0,0,0,0,0,0,0,0,0,0
synthetic_safe_55,synthetic_safe,"[""SAFE""]",1,0,265.5813530930119,0.0,0.04910402752200759,575.2162466418499,4.719163460940959,0.0,0.0,0.0,0.0,0.0788993003759447,0.04104763024709982,0.0,0.0,0.0,0.0,0.0,0.0,0.0,0.0,0.0,0.0,0.0,0.0,0.0862460607706155,0.9167678667752863,0.0,0.0,0.0,0.0,0.0,0.0,0.0,0.0,0.0,0.0,0.0,0.0,0.0,0.0,0.0,0.0,0.0,0.0,0.0,8.101736125448056,3.0,0.0,1.0882279208911256,0.0,1.5511214652283691,0.7276629237745945,0.0,0.0,0.0,0.0,0.0,0.0,0.0,,,,,,,,,,,,,,,,,,,,,,,,,,,,,,,0.0,0.0,0.0,0.0,0.0,0.0,0.0,0,0,0,0,0,0,0,0,0,0,0,0,0,0,0,0,0,0,0,0,0,0,0,0,0,0,0,0,0,0
synthetic_safe_56,synthetic_safe,"[""SAFE""]",1,0,257.89937493500634,0.0,0.047338902165802915,601.5862617309834,4.723062633024248,0.0,0.0,0.0,0.0,0.06496580502102586,0.08824042663360751,0.0,0.0,0.0,0.0,0.0,0.0,0.0,0.0,0.0,0.0,0.0,0.0,0.0855868896551916,0.9561574445919839,0.0,0.0,0.0,0.0,0.0,0.0,0.0,0.0,0.0,0.0,0.0,0.0,0.0,0.0,0.0,0.0,0.0,0.0,0.0,8.093649913927251,3.0,0.0,1.337066491083324,0.0,1.0390139240870615,0.792620119367792,0.0,0.0,0.0,0.0,0.0,0.0,0.0,,,,,,,,,,,,,,,,,,,,,,,,,,,,,,,0.0,0.0,0.0,0.0,0.0,0.0,0.0,0,0,0,0,0,0,0,0,0,0,0,0,0,0,0,0,0,0,0,0,0,0,0,0,0,0,0,0,0,0
synthetic_safe_57,synthetic_safe,"[""SAFE""]",1,0,265.7837866262554,0.0,0.059094659783619816,617.0991998026393,4.73605479656544,0.0,0.0,0.0,0.0,0.10500858541480565,0.07253667849772191,0.0,0.0,0.0,0.0,0.0,0.0,0.0,0.0,0.0,0.0,0.0,0.0,0.043649454203318984,0.8588386503131883,0.0,0.0,0.0,0.0,0.0,0.0,0.0,0.0,0.0,0.0,0.0,0.0,0.0,0.0,0.0,0.0,0.0,0.0,0.0,8.036038007777792,3.0,0.0,1.4466827187235594,0.0,0.903949267416915,0.6828877776580082,0.0,0.0,0.0,0.0,0.0,0.0,0.0,,,,,,,,,,,,,,,,,,,,,,,,,,,,,,,0.0,0.0,0.0,0.0,0.0,0.0,0.0,0,0,0,0,0,0,0,0,0,0,0,0,0,0,0,0,0,0,0,0,0,0,0,0,0,0,0,0,0,0
synthetic_safe_58,synthetic_safe,"[""SAFE""]",1,0,272.5869570617065,0.0,0.04838266512598268,577.0975192162571,4.708395824795336,0.0,0.0,0.0,0.0,0.07453593314906926,0.07275393748260321,0.0,0.0,0.0,0.0,0.0,0.0,0.0,0.0,0.0,0.0,0.0,0.0,0.07024822594625252,0.923295480076746,0.0,0.0,0.0,0.0,0.0,0.0,0.0,0.0,0.0,0.0,0.0,0.0,0.0,0.0,0.0,0.0,0.0,0.0,0.0,8.041852201199855,3.0,0.0,1.2939658135368293,0.0,0.7810672750996925,0.7516940352629956,0.0,0.0,0.0,0.0,0.0,0.0,0.0,,,,,,,,,,,,,,,,,,,,,,,,,,,,,,,0.0,0.0,0.0,0.0,0.0,0.0,0.0,0,0,0,0,0,0,0,0,0,0,0,0,0,0,0,0,0,0,0,0,0,0,0,0,0,0,0,0,0,0
synthetic_safe_59,synthetic_safe,"[""SAFE""]",1,0,258.873227078864,0.0,0.05421381972076533,570.0572530101038,4.7307116463324945,0.0,0.0,0.0,0.0,0.12154262974103938,0.09989403550632547,0.0,0.0,0.0,0.0,0.0,0.0,0.0,0.0,0.0,0.0,0.0,0.0,0.05684319796893723,0.9176577697700026,0.0,0.0,0.0,0.0,0.0,0.0,0.0,0.0,0.0,0.0,0.0,0.0,0.0,0.0,0.0,0.0,0.0,0.0,0.0,8.071479231131072,3.0,0.0,1.10314177518119,0.0,1.0609118530913817,0.7927486813744449,0.0,0.0,0.0,0.0,0.0,0.0,0.0,,,,,,,,,,,,,,,,,,,,,,,,,,,,,,,0.0,0.0,0.0,0.0,0.0,0.0,0.0,0,0,0,0,0,0,0,0,0,0,0,0,0,0,0,0,0,0,0,0,0,0,0,0,0,0,0,0,0,0
synthetic_safe_60,synthetic_safe,"[""SAFE""]",1,0,257.31935435446036,0.0,0.06068507593803345,570.918529238757,4.760120900255195,0.0,0.0,0.0,0.0,0.056488749973925195,0.037670627469503136,0.0,0.0,0.0,0.0,0.0,0.0,0.0,0.0,0.0,0.0,0.0,0.0,0.03222624040685128,0.915792058703933,0.0,0.0,0.0,0.0,0.0,0.0,0.0,0.0,0.0,0.0,0.0,0.0,0.0,0.0,0.0,0.0,0.0,0.0,0.0,8.065490130515418,3.0,0.0,1.355195306828602,0.0,0.7573294132349392,0.791827920084975,0.0,0.0,0.0,0.0,0.0,0.0,0.0,,,,,,,,,,,,,,,,,,,,,,,,,,,,,,,0.0,0.0,0.0,0.0,0.0,0.0,0.0,0,0,0,0,0,0,0,0,0,0,0,0,0,0,0,0,0,0,0,0,0,0,0,0,0,0,0,0,0,0
synthetic_safe_61,synthetic_safe,"[""SAFE""]",1,0,266.32770691664734,0.0,0.04282317605373059,670.868939912487,4.755169149344721,0.0,0.0,0.0,0.0,0.08678755870103914,0.08223647788613593,0.0,0.0,0.0,0.0,0.0,0.0,0.0,0.0,0.0,0.0,0.0,0.0,0.1302698649139766,0.9015929692835077,0.0,0.0,0.0,0.0,0.0,0.0,0.0,0.0,0.0,0.0,0.0,0.0,0.0,0.0,0.0,0.0,0.0,0.0,0.0,8.094488402657898,3.0,0.0,1.1984171316580676,0.0,1.0571663808961616,0.7438344970042655,0.0,0.0,0.0,0.0,0.0,0.0,0.0,,,,,,,,,,,,,,,,,,,,,,,,,,,,,,,0.0,0.0,0.0,0.0,0.0,0.0,0.0,0,0,0,0,0,0,0,0,0,0,0,0,0,0,0,0,0,0,0,0,0,0,0,0,0,0,0,0,0,0
synthetic_safe_62,synthetic_safe,"[""SAFE""]",1,0,271.21888582772976,0.0,0.046529828462368306,506.83174315663837,4.723087382168091,0.0,0.0,0.0,0.0,0.05781682964091188,0.08260206653543334,0.0,0.0,0.0,0.0,0.0,0.0,0.0,0.0,0.0,0.0,0.0,0.0,0.08232703114211835,0.8947956633803006,0.0,0.0,0.0,0.0,0.0,0.0,0.0,0.0,0.0,0.0,0.0,0.0,0.0,0.0,0.0,0.0,0.0,0.0,0.0,8.064554823643867,3.0,0.0,1.0849849647785197,0.0,1.0005574911451212,0.7970186433957892,0.0,0.0,0.0,0.0,0.0,0.0,0.0,,,,,,,,,,,,,,,,,,,,,,,,,,,,,,,0.0,0.0,0.0,0.0,0.0,0.0,0.0,0,0,0,0,0,0,0,0,0,0,0,0,0,0,0,0,0,0,0,0,0,0,0,0,0,0,0,0,0,0
synthetic_safe_63,synthetic_safe,"[""SAFE""]",1,0,252.65623140039568,0.0,0.04934689612757531,598.3029945564607,4.736556364775493,0.0,0.0,0.0,0.0,0.07518576763133279,0.08366610843027983,0.0,0.0,0.0,0.0,0.0,0.0,0.0,0.0,0.0,0.0,0.0,0.0,0.06430934097449673,0.8942378787370787,0.0,0.0,0.0,0.0,0.0,0.0,0.0,0.0,0.0,0.0,0.0,0.0,0.0,0.0,0.0,0.0,0.0,0.0,0.0,8.077040392103779,3.0,0.0,1.3499948110414761,0.0,0.6973901527645673,0.6538656210738388,0.0,0.0,0.0,0.0,0.0,0.0,0.0,,,,,,,,,,,,,,,,,,,,,,,,,,,,,,,0.0,0.0,0.0,0.0,0.0,0.0,0.0,0,0,0,0,0,0,0,0,0,0,0,0,0,0,0,0,0,0,0,0,0,0,0,0,0,0,0,0,0,0
synthetic_safe_64,synthetic_safe,"[""SAFE""]",1,0,262.894949462027,0.0,0.0509593071737516,540.7153868508426,4.72884074913435,0.0,0.0,0.0,0.0,0.05717649247969522,0.03413341452826435,0.0,0.0,0.0,0.0,0.0,0.0,0.0,0.0,0.0,0.0,0.0,0.0,0.06070065741685317,0.9097985493985435,0.0,0.0,0.0,0.0,0.0,0.0,0.0,0.0,0.0,0.0,0.0,0.0,0.0,0.0,0.0,0.0,0.0,0.0,0.0,8.079988775037707,3.0,0.0,0.9909999136797403,0.0,0.7955539896236294,0.7579894868487094,0.0,0.0,0.0,0.0,0.0,0.0,0.0,,,,,,,,,,,,,,,,,,,,,,,,,,,,,,,0.0,0.0,0.0,0.0,0.0,0.0,0.0,0,0,0,0,0,0,0,0,0,0,0,0,0,0,0,0,0,0,0,0,0,0,0,0,0,0,0,0,0,0
synthetic_safe_65,synthetic_safe,"[""SAFE""]",1,0,267.8641901186685,0.0,0.05441427614893391,612.1154088604438,4.73558287994948,0.0,0.0,0.0,0.0,0.03357230509498496,0.04421075155596649,0.0,0.0,0.0,0.0,0.0,0.0,0.0,0.0,0.0,0.0,0.0,0.0,0.09059606118679449,0.9214816676329949,0.0,0.0,0.0,0.0,0.0,0.0,0.0,0.0,0.0,0.0,0.0,0.0,0.0,0.0,0.0,0.0,0.0,0.0,0.0,8.102700271969935,3.0,0.0,1.156972053122344,0.0,0.5717326883833453,0.7647893159038514,0.0,0.0,0.0,0.0,0.0,0.0,0.0,,,,,,,,,,,,,,,,,,,,,,,,,,,,,,,0.0,0.0,0.0,0.0,0.0,0.0,0.0,0,0,0,0,0,0,0,0,0,0,0,0,0,0,0,0,0,0,0,0,0,0,0,0,0,0,0,0,0,0
synthetic_safe_66,synthetic_safe,"[""SAFE""]",1,0,267.7535129819504,0.0,0.04485892410549257,595.7247213473028,4.753885339464688,0.0,0.0,0.0,0.0,0.05494243134168175,0.0651745661028095,0.0,0.0,0.0,0.0,0.0,0.0,0.0,0.0,0.0,0.0,0.0,0.0,0.08755765128103835,0.9117247485320459,0.0,0.0,0.0,0.0,0.0,0.0,0.0,0.0,0.0,0.0,0.0,0.0,0.0,0.0,0.0,0.0,0.0,0.0,0.0,8.090042798319892,3.0,0.0,1.3635231115057682,0.0,0.997626150260638,0.8105043244092689,0.0,0.0,0.0,0.0,0.0,0.0,0.0,,,,,,,,,,,,,,,,,,,,,,,,,,,,,,,0.0,0.0,0.0,0.0,0.0,0.0,0.0,0,0,0,0,0,0,0,0,0,0,0,0,0,0,0,0,0,0,0,0,0,0,0,0,0,0,0,0,0,0
synthetic_safe_67,synthetic_safe,"[""SAFE""]",1,0,269.7846712843955,0.0,0.05068113129024993,622.7551067919622,4.745843793103863,0.0,0.0,0.0,0.0,0.0603755641287969,0.1351094450773463,0.0,0.0,0.0,0.0,0.0,0.0,0.0,0.0,0.0,0.0,0.0,0.0,0.08511266897326542,0.9015407117969136,0.0,0.0,0.0,0.0,0.0,0.0,0.0,0.0,0.0,0.0,0.0,0.0,0.0,0.0,0.0,0.0,0.0,0.0,0.0,8.103071325612696,3.0,0.0,1.2101446413040287,0.0,1.045645521947909,0.8063690062617629,0.0,0.0,0.0,0.0,0.0,0.0,0.0,,,,,,,,,,,,,,,,,,,,,,,,,,,,,,,0.0,0.0,0.0,0.0,0.0,0.0,0.0,0,0,0,0,0,0,0,0,0,0,0,0,0,0,0,0,0,0,0,0,0,0,0,0,0,0,0,0,0,0
synthetic_safe_68,synthetic_safe,"[""SAFE""]",1,0,276.19208659879774,0.0,0.05860880648216249,634.7318383993138,4.721693988013532,0.0,0.0,0.0,0.0,0.06353184895489931,0.02752263082246168,0.0,0.0,0.0,0.0,0.0,0.0,0.0,0.0,0.0,0.0,0.0,0.0,0.0957892684274563,0.8693610678710301,0.0,0.0,0.0,0.0,0.0,0.0,0.0,0.0,0.0,0.0,0.0,0.0,0.0,0.0,0.0,0.0,0.0,0.0,0.0,8.060836318246235,3.0,0.0,1.3540298267376472,0.0,1.173716271330347,0.7834033901864483,0.0,0.0,0.0,0.0,0.0,0.0,0.0,,,,,,,,,,,,,,,,,,,,,,,,,,,,,,,0.0,0.0,0.0,0.0,0.0,0.0,0.0,0,0,0,0,0,0,0,0,0,0,0,0,0,0,0,0,0,0,0,0,0,0,0,0,0,0,0,0,0,0
synthetic_safe_69,synthetic_safe,"[""SAFE""]",1,0,247.1408727353889,0.0,0.049406995853435595,632.544736400424,4.7354724223480344,0.0,0.0,0.0,0.0,0.10068372861793623,0.12344514691054734,0.0,0.0,0.0,0.0,0.0,0.0,0.0,0.0,0.0,0.0,0.0,0.0,0.09516614506709405,0.9211484444357944,0.0,0.0,0.0,0.0,0.0,0.0,0.0,0.0,0.0,0.0,0.0,0.0,0.0,0.0,0.0,0.0,0.0,0.0,0.0,8.061641591196116,3.0,0.0,1.3632545840534738,0.0,1.26244259386157,0.7412707058913701,0.0,0.0,0.0,0.0,0.0,0.0,0.0,,,,,,,,,,,,,,,,,,,,,,,,,,,,,,,0.0,0.0,0.0,0.0,0.0,0.0,0.0,0,0,0,0,0,0,0,0,0,0,0,0,0,0,0,0,0,0,0,0,0,0,0,0,0,0,0,0,0,0
synthetic_safe_70,synthetic_safe,"[""SAFE""]",1,0,276.42218838546745,0.0,0.056688566990942955,570.1210868474374,4.734239365104478,0.0,0.0,0.0,0.0,0.09510070857431159,0.047241303426273404,0.0,0.0,0.0,0.0,0.0,0.0,0.0,0.0,0.0,0.0,0.0,0.0,0.060713203669361344,0.9022934802086382,0.0,0.0,0.0,0.0,0.0,0.0,0.0,0.0,0.0,0.0,0.0,0.0,0.0,0.0,0.0,0.0,0.0,0.0,0.0,8.076698057196774,3.0,0.0,1.4509462780688303,0.0,1.4043030375295684,0.7597602739194248,0.0,0.0,0.0,0.0,0.0,0.0,0.0,,,,,,,,,,,,,,,,,,,,,,,,,,,,,,,0.0,0.0,0.0,0.0,0.0,0.0,0.0,0,0,0,0,0,0,0,0,0,0,0,0,0,0,0,0,0,0,0,0,0,0,0,0,0,0,0,0,0,0
synthetic_safe_71,synthetic_safe,"[""SAFE""]",1,0,259.7347121831673,0.0,0.03806569720483323,602.2079379336805,4.7338355929213884,0.0,0.0,0.0,0.0,0.08680375151312941,0.11191132576924467,0.0,0.0,0.0,0.0,0.0,0.0,0.0,0.0,0.0,0.0,0.0,0.0,0.02097216556451345,0.8445223357587978,0.0,0.0,0.0,0.0,0.0,0.0,0.0,0.0,0.0,0.0,0.0,0.0,0.0,0.0,0.0,0.0,0.0,0.0,0.0,8.054671832498983,3.0,0.0,1.2449472432442967,0.0,1.2564353043643726,0.762313106397536,0.0,0.0,0.0,0.0,0.0,0.0,0.0,,,,,,,,,,,,,,,,,,,,,,,,,,,,,,,0.0,0.0,0.0,0.0,0.0,0.0,0.0,0,0,0,0,0,0,0,0,0,0,0,0,0,0,0,0,0,0,0,0,0,0,0,0,0,0,0,0,0,0
synthetic_safe_72,synthetic_safe,"[""SAFE""]",1,0,260.5025178397906,0.0,0.05969110069651542,579.1320505186264,4.719609069158034,0.0,0.0,0.0,0.0,0.06352956778768477,0.07462897492376896,0.0,0.0,0.0,0.0,0.0,0.0,0.0,0.0,0.0,0.0,0.0,0.0,0.09295331694691845,0.9390901061104209,0.0,0.0,0.0,0.0,0.0,0.0,0.0,0.0,0.0,0.0,0.0,0.0,0.0,0.0,0.0,0.0,0.0,0.0,0.0,8.0746788337691,3.0,0.0,1.2535007521945982,0.0,1.0817566139807109,0.717091274142477,0.0,0.0,0.0,0.0,0.0,0.0,0.0,,,,,,,,,,,,,,,,,,,,,,,,,,,,,,,0.0,0.0,0.0,0.0,0.0,0.0,0.0,0,0,0,0,0,0,0,0,0,0,0,0,0,0,0,0,0,0,0,0,0,0,0,0,0,0,0,0,0,0
synthetic_safe_73,synthetic_safe,"[""SAFE""]",1,0,259.9753518063479,0.0,0.04685621378121175,573.429157724923,4.736946448820476,0.0,0.0,0.0,0.0,0.06209159541057211,0.08510411314120317,0.0,0.0,0.0,0.0,0.0,0.0,0.0,0.0,0.0,0.0,0.0,0.0,0.10547385937791398,0.9451734588408811,0.0,0.0,0.0,0.0,0.0,0.0,0.0,0.0,0.0,0.0,0.0,0.0,0.0,0.0,0.0,0.0,0.0,0.0,0.0,8.072200962777744,3.0,0.0,1.2949740489021437,0.0,1.0394130898099498,0.7138004319281801,0.0,0.0,0.0,0.0,0.0,0.0,0.0,,,,,,,,,,,,,,,,,,,,,,,,,,,,,,,0.0,0.0,0.0,0.0,0.0,0.0,0.0,0,0,0,0,0,0,0,0,0,0,0,0,0,0,0,0,0,0,0,0,0,0,0,0,0,0,0,0,0,0
synthetic_safe_74,synthetic_safe,"[""SAFE""]",1,0,270.1826978825939,0.0,0.0556176059732589,575.6023923931991,4.740147442294119,0.0,0.0,0.0,0.0,0.06917093468622677,0.07253247293730247,0.0,0.0,0.0,0.0,0.0,0.0,0.0,0.0,0.0,0.0,0.0,0.0,0.09411153819723024,0.8700665303342339,0.0,0.0,0.0,0.0,0.0,0.0,0.0,0.0,0.0,0.0,0.0,0.0,0.0,0.0,0.0,0.0,0.0,0.0,0.0,8.10969386913063,3.0,0.0,1.4129536698510827,0.0,1.0415597875634734,0.748365758745057,0.0,0.0,0.0,0.0,0.0,0.0,0.0,,,,,,,,,,,,,,,,,,,,,,,,,,,,,,,0.0,0.0,0.0,0.0,0.0,0.0,0.0,0,0,0,0,0,0,0,0,0,0,0,0,0,0,0,0,0,0,0,0,0,0,0,0,0,0,0,0,0,0
synthetic_safe_75,synthetic_safe,"[""SAFE""]",1,0,252.8274887077575,0.0,0.05447707169776545,579.7441878937717,4.750237501130003,0.0,0.0,0.0,0.0,0.09446420082682483,0.06377174058428241,0.0,0.0,0.0,0.0,0.0,0.0,0.0,0.0,0.0,0.0,0.0,0.0,0.09553080697652173,0.9398230590807772,0.0,0.0,0.0,0.0,0.0,0.0,0.0,0.0,0.0,0.0,0.0,0.0,0.0,0.0,0.0,0.0,0.0,0.0,0.0,8.112777380211327,3.0,0.0,1.372857565921001,0.0,1.1887141882784835,0.7472501995413888,0.0,0.0,0.0,0.0,0.0,0.0,0.0,,,,,,,,,,,,,,,,,,,,,,,,,,,,,,,0.0,0.0,0.0,0.0,0.0,0.0,0.0,0,0,0,0,0,0,0,0,0,0,0,0,0,0,0,0,0,0,0,0,0,0,0,0,0,0,0,0,0,0
synthetic_safe_76,synthetic_safe,"[""SAFE""]",1,0,268.52431022853966,0.0,0.05272344504272224,578.1630147717524,4.762158194413375,0.0,0.0,0.0,0.0,0.08897401207543836,0.08358518836164776,0.0,0.0,0.0,0.0,0.0,0.0,0.0,0.0,0.0,0.0,0.0,0.0,0.08549451078773285,0.9048914177445363,0.0,0.0,0.0,0.0,0.0,0.0,0.0,0.0,0.0,0.0,0.0,0.0,0.0,0.0,0.0,0.0,0.0,0.0,0.0,8.092588985280667,3.0,0.0,1.315388196321615,0.0,1.6746437263426692,0.6771679068762115,0.0,0.0,0.0,0.0,0.0,0.0,0.0,,,,,,,,,,,,,,,,,,,,,,,,,,,,,,,0.0,0.0,0.0,0.0,0.0,0.0,0.0,0,0,0,0,0,0,0,0,0,0,0,0,0,0,0,0,0,0,0,0,0,0,0,0,0,0,0,0,0,0
synthetic_safe_77,synthetic_safe,"[""SAFE""]",1,0,250.2819560403198,0.0,0.05475592872817423,577.9581886390644,4.73329004323562,0.0,0.0,0.0,0.0,0.07904783024368532,0.06272930962250108,0.0,0.0,0.0,0.0,0.0,0.0,0.0,0.0,0.0,0.0,0.0,0.0,0.11264786978950533,0.9234793303138245,0.0,0.0,0.0,0.0,0.0,0.0,0.0,0.0,0.0,0.0,0.0,0.0,0.0,0.0,0.0,0.0,0.0,0.0,0.0,8.071745534071757,3.0,0.0,1.3455961072336036,0.0,0.7729338878004322,0.7200484187460835,0.0,0.0,0.0,0.0,0.0,0.0,0.0,,,,,,,,,,,,,,,,,,,,,,,,,,,,,,,0.0,0.0,0.0,0.0,0.0,0.0,0.0,0,0,0,0,0,0,0,0,0,0,0,0,0,0,0,0,0,0,0,0,0,0,0,0,0,0,0,0,0,0
synthetic_safe_78,synthetic_safe,"[""SAFE""]",1,0,251.215965630321,0.0,0.05536702173309123,550.2104022828121,4.738520449975811,0.0,0.0,0.0,0.0,0.11791741552574275,0.04936586195970981,0.0,0.0,0.0,0.0,0.0,0.0,0.0,0.0,0.0,0.0,0.0,0.0,0.12418636477743761,0.9198843545865908,0.0,0.0,0.0,0.0,0.0,0.0,0.0,0.0,0.0,0.0,0.0,0.0,0.0,0.0,0.0,0.0,0.0,0.0,0.0,8.073201587463474,3.0,0.0,1.24229843531002,0.0,1.2810275802212971,0.7086875109080595,0.0,0.0,0.0,0.0,0.0,0.0,0.0,,,,,,,,,,,,,,,,,,,,,,,,,,,,,,,0.0,0.0,0.0,0.0,0.0,0.0,0.0,0,0,0,0,0,0,0,0,0,0,0,0,0,0,0,0,0,0,0,0,0,0,0,0,0,0,0,0,0,0
synthetic_safe_79,synthetic_safe,"[""SAFE""]",1,0,263.2614543359522,0.0,0.05596638952574409,579.373473978659,4.725384127127927,0.0,0.0,0.0,0.0,0.10210542059977878,0.08034779064174964,0.0,0.0,0.0,0.0,0.0,0.0,0.0,0.0,0.0,0.0,0.0,0.0,0.07181579091840057,0.8917314049261864,0.0,0.0,0.0,0.0,0.0,0.0,0.0,0.0,0.0,0.0,0.0,0.0,0.0,0.0,0.0,0.0,0.0,0.0,0.0,8.07735845544798,3.0,0.0,1.2854333760065157,0.0,1.3368973772885566,0.6834962091235695,0.0,0.0,0.0,0.0,0.0,0.0,0.0,,,,,,,,,,,,,,,,,,,,,,,,,,,,,,,0.0,0.0,0.0,0.0,0.0,0.0,0.0,0,0,0,0,0,0,0,0,0,0,0,0,0,0,0,0,0,0,0,0,0,0,0,0,0,0,0,0,0,0
synthetic_safe_80,synthetic_safe,"[""SAFE""]",1,0,259.527688715606,0.0,0.05305784140551395,628.8142430976695,4.771837245773504,0.0,0.0,0.0,0.0,0.07865183751631247,0.0798954355742739,0.0,0.0,0.0,0.0,0.0,0.0,0.0,0.0,0.0,0.0,0.0,0.0,0.05116301943137103,1.0044974238004913,0.0,0.0,0.0,0.0,0.0,0.0,0.0,0.0,0.0,0.0,0.0,0.0,0.0,0.0,0.0,0.0,0.0,0.0,0.0,8.103883086404974,3.0,0.0,1.1347604172896957,0.0,1.1828410887869159,0.7268783990777297,0.0,0.0,0.0,0.0,0.0,0.0,0.0,,,,,,,,,,,,,,,,,,,,,,,,,,,,,,,0.0,0.0,0.0,0.0,0.0,0.0,0.0,0,0,0,0,0,0,0,0,0,0,0,0,0,0,0,0,0,0,0,0,0,0,0,0,0,0,0,0,0,0
synthetic_safe_81,synthetic_safe,"[""SAFE""]",1,0,254.74703001841465,0.0,0.049557649331401186,557.6280782252985,4.746514694201326,0.0,0.0,0.0,0.0,0.06555723540579614,0.09864953844519805,0.0,0.0,0.0,0.0,0.0,0.0,0.0,0.0,0.0,0.0,0.0,0.0,0.06013906279119854,0.9483273890980564,0.0,0.0,0.0,0.0,0.0,0.0,0.0,0.0,0.0,0.0,0.0,0.0,0.0,0.0,0.0,0.0,0.0,0.0,0.0,8.049777690225342,3.0,0.0,1.2183750167127858,0.0,0.9128349530564692,0.7578154626235073,0.0,0.0,0.0,0.0,0.0,0.0,0.0,,,,,,,,,,,,,,,,,,,,,,,,,,,,,,,0.0,0.0,0.0,0.0,0.0,0.0,0.0,0,0,0,0,0,0,0,0,0,0,0,0,0,0,0,0,0,0,0,0,0,0,0,0,0,0,0,0,0,0
synthetic_safe_82,synthetic_safe,"[""SAFE""]",1,0,257.4894591417559,0.0,0.05359346225646383,643.0933195247896,4.723662402828536,0.0,0.0,0.0,0.0,0.09830128405698542,0.04769493911969122,0.0,0.0,0.0,0.0,0.0,0.0,0.0,0.0,0.0,0.0,0.0,0.0,0.10915835826312939,0.9081113552757082,0.0,0.0,0.0,0.0,0.0,0.0,0.0,0.0,0.0,0.0,0.0,0.0,0.0,0.0,0.0,0.0,0.0,0.0,0.0,8.088894384405926,3.0,0.0,1.0581401829441952,0.0,0.9377118791005153,0.743514763781968,0.0,0.0,0.0,0.0,0.0,0.0,0.0,,,,,,,,,,,,,,,,,,,,,,,,,,,,,,,0.0,0.0,0.0,0.0,0.0,0.0,0.0,0,0,0,0,0,0,0,0,0,0,0,0,0,0,0,0,0,0,0,0,0,0,0,0,0,0,0,0,0,0
synthetic_safe_83,synthetic_safe,"[""SAFE""]",1,0,270.6400211618913,0.0,0.05598703390651779,538.8094502399231,4.7402107685277395,0.0,0.0,0.0,0.0,0.05330560722921614,0.07709706297139934,0.0,0.0,0.0,0.0,0.0,0.0,0.0,0.0,0.0,0.0,0.0,0.0,0.06110541065751886,0.8903743451830306,0.0,0.0,0.0,0.0,0.0,0.0,0.0,0.0,0.0,0.0,0.0,0.0,0.0,0.0,0.0,0.0,0.0,0.0,0.0,8.0752579351153,3.0,0.0,1.2133252400274626,0.0,1.2657426315195859,0.7595003248444163,0.0,0.0,0.0,0.0,0.0,0.0,0.0,,,,,,,,,,,,,,,,,,,,,,,,,,,,,,,0.0,0.0,0.0,0.0,0.0,0.0,0.0,0,0,0,0,0,0,0,0,0,0,0,0,0,0,0,0,0,0,0,0,0,0,0,0,0,0,0,0,0,0
synthetic_safe_84,synthetic_safe,"[""SAFE""]",1,0,262.41065476482504,0.0,0.05777953456643442,577.4897420545093,4.705397643891909,0.0,0.0,0.0,0.0,0.08038307763123162,0.11895395355115176,0.0,0.0,0.0,0.0,0.0,0.0,0.0,0.0,0.0,0.0,0.0,0.0,0.07794324916205032,0.8569481508968931,0.0,0.0,0.0,0.0,0.0,0.0,0.0,0.0,0.0,0.0,0.0,0.0,0.0,0.0,0.0,0.0,0.0,0.0,0.0,8.063509950812612,3.0,0.0,1.0268177203880395,0.0,1.0415018671239833,0.7751756183053282,0.0,0.0,0.0,0.0,0.0,0.0,0.0,,,,,,,,,,,,,,,,,,,,,,,,,,,,,,,0.0,0.0,0.0,0.0,0.0,0.0,0.0,0,0,0,0,0,0,0,0,0,0,0,0,0,0,0,0,0,0,0,0,0,0,0,0,0,0,0,0,0,0
synthetic_safe_85,synthetic_safe,"[""SAFE""]",1,0,256.7753161682482,0.0,0.05237315953317281,596.7120216928749,4.7337716327121155,0.0,0.0,0.0,0.0,0.07247384379007416,0.14628557677027287,0.0,0.0,0.0,0.0,0.0,0.0,0.0,0.0,0.0,0.0,0.0,0.0,0.063278647339804,0.95991059392289,0.0,0.0,0.0,0.0,0.0,0.0,0.0,0.0,0.0,0.0,0.0,0.0,0.0,0.0,0.0,0.0,0.0,0.0,0.0,8.049237650139542,3.0,0.0,1.269521838832735,0.0,0.8320673469411934,0.6833957939258156,0.0,0.0,0.0,0.0,0.0,0.0,0.0,,,,,,,,,,,,,,,,,,,,,,,,,,,,,,,0.0,0.0,0.0,0.0,0.0,0.0,0.0,0,0,0,0,0,0,0,0,0,0,0,0,0,0,0,0,0,0,0,0,0,0,0,0,0,0,0,0,0,0
synthetic_safe_86,synthetic_safe,"[""SAFE""]",1,0,257.3481806065349,0.0,0.04852391216369719,615.6997708344503,4.752637593586394,0.0,0.0,0.0,0.0,0.08965328006282354,0.0717032804372094,0.0,0.0,0.0,0.0,0.0,0.0,0.0,0.0,0.0,0.0,0.0,0.0,0.07950682433318008,0.9089046334280962,0.0,0.0,0.0,0.0,0.0,0.0,0.0,0.0,0.0,0.0,0.0,0.0,0.0,0.0,0.0,0.0,0.0,0.0,0.0,8.055217697145393,3.0,0.0,1.1958745446459618,0.0,1.134795244581616,0.803716962963959,0.0,0.0,0.0,0.0,0.0,0.0,0.0,,,,,,,,,,,,,,,,,,,,,,,,,,,,,,,0.0,0.0,0.0,0.0,0.0,0.0,0.0,0,0,0,0,0,0,0,0,0,0,0,0,0,0,0,0,0,0,0,0,0,0,0,0,0,0,0,0,0,0
synthetic_safe_87,synthetic_safe,"[""SAFE""]",1,0,254.87252065153967,0.0,0.05208503355952742,649.3500799459076,4.72519358003937,0.0,0.0,0.0,0.0,0.06339855920859204,0.03708856188783339,0.0,0.0,0.0,0.0,0.0,0.0,0.0,0.0,0.0,0.0,0.0,0.0,0.08690044092771154,0.9092473070850029,0.0,0.0,0.0,0.0,0.0,0.0,0.0,0.0,0.0,0.0,0.0,0.0,0.0,0.0,0.0,0.0,0.0,0.0,0.0,8.09391883415314,3.0,0.0,1.3141679100463899,0.0,0.9911656072602048,0.6777627199731893,0.0,0.0,0.0,0.0,0.0,0.0,0.0,,,,,,,,,,,,,,,,,,,,,,,,,,,,,,,0.0,0.0,0.0,0.0,0.0,0.0,0.0,0,0,0,0,0,0,0,0,0,0,0,0,0,0,0,0,0,0,0,0,0,0,0,0,0,0,0,0,0,0
synthetic_safe_88,synthetic_safe,"[""SAFE""]",1,0,258.51733894458386,0.0,0.04845763199276536,582.3644670645642,4.728608732693858,0.0,0.0,0.0,0.0,0.07546684833201646,0.07290486858601083,0.0,0.0,0.0,0.0,0.0,0.0,0.0,0.0,0.0,0.0,0.0,0.0,0.03627259810958449,0.8740122955460958,0.0,0.0,0.0,0.0,0.0,0.0,0.0,0.0,0.0,0.0,0.0,0.0,0.0,0.0,0.0,0.0,0.0,0.0,0.0,8.079896490802104,3.0,0.0,1.2988272608179137,0.0,0.6712856237961597,0.8520442073229847,0.0,0.0,0.0,0.0,0.0,0.0,0.0,,,,,,,,,,,,,,,,,,,,,,,,,,,,,,,0.0,0.0,0.0,0.0,0.0,0.0,0.0,0,0,0,0,0,0,0,0,0,0,0,0,0,0,0,0,0,0,0,0,0,0,0,0,0,0,0,0,0,0
synthetic_safe_89,synthetic_safe,"[""SAFE""]",1,0,268.56227192412354,0.0,0.062056199604629575,543.727521420708,4.736897681326301,0.0,0.0,0.0,0.0,0.0690231216601873,0.07397778279392639,0.0,0.0,0.0,0.0,0.0,0.0,0.0,0.0,0.0,0.0,0.0,0.0,0.1518915729419621,0.9166795194895889,0.0,0.0,0.0,0.0,0.0,0.0,0.0,0.0,0.0,0.0,0.0,0.0,0.0,0.0,0.0,0.0,0.0,0.0,0.0,8.114701832503519,3.0,0.0,1.1853049891437868,0.0,1.122976707513492,0.7508113349030368,0.0,0.0,0.0,0.0,0.0,0.0,0.0,,,,,,,,,,,,,,,,,,,,,,,,,,,,,,,0.0,0.0,0.0,0.0,0.0,0.0,0.0,0,0,0,0,0,0,0,0,0,0,0,0,0,0,0,0,0,0,0,0,0,0,0,0,0,0,0,0,0,0
synthetic_safe_90,synthetic_safe,"[""SAFE""]",1,0,265.1519122205766,0.0,0.055381106438464084,569.7009988522682,4.714345803224731,0.0,0.0,0.0,0.0,0.05941016477063707,0.11140894890744224,0.0,0.0,0.0,0.0,0.0,0.0,0.0,0.0,0.0,0.0,0.0,0.0,0.05166632649549353,0.9583299323644825,0.0,0.0,0.0,0.0,0.0,0.0,0.0,0.0,0.0,0.0,0.0,0.0,0.0,0.0,0.0,0.0,0.0,0.0,0.0,8.089430530023115,3.0,0.0,1.427675522870471,0.0,1.349734400738813,0.766151402671386,0.0,0.0,0.0,0.0,0.0,0.0,0.0,,,,,,,,,,,,,,,,,,,,,,,,,,,,,,,0.0,0.0,0.0,0.0,0.0,0.0,0.0,0,0,0,0,0,0,0,0,0,0,0,0,0,0,0,0,0,0,0,0,0,0,0,0,0,0,0,0,0,0
synthetic_safe_91,synthetic_safe,"[""SAFE""]",1,0,254.01292313291063,0.0,0.042904527089404454,624.5950100540997,4.718662230310872,0.0,0.0,0.0,0.0,0.028320880996311526,0.053050745131468346,0.0,0.0,0.0,0.0,0.0,0.0,0.0,0.0,0.0,0.0,0.0,0.0,0.11144110385628414,0.984967567268097,0.0,0.0,0.0,0.0,0.0,0.0,0.0,0.0,0.0,0.0,0.0,0.0,0.0,0.0,0.0,0.0,0.0,0.0,0.0,8.133885758443181,3.0,0.0,1.3115627779115857,0.0,1.4187674747606023,0.7747519103474536,0.0,0.0,0.0,0.0,0.0,0.0,0.0,,,,,,,,,,,,,,,,,,,,,,,,,,,,,,,0.0,0.0,0.0,0.0,0.0,0.0,0.0,0,0,0,0,0,0,0,0,0,0,0,0,0,0,0,0,0,0,0,0,0,0,0,0,0,0,0,0,0,0
synthetic_safe_92,synthetic_safe,"[""SAFE""]",1,0,252.98466715340157,0.0,0.06230276662128756,616.0464729918438,4.759748523689945,0.0,0.0,0.0,0.0,0.06599585245329265,0.09183808295913115,0.0,0.0,0.0,0.0,0.0,0.0,0.0,0.0,0.0,0.0,0.0,0.0,0.061724407513761216,0.9171374621082636,0.0,0.0,0.0,0.0,0.0,0.0,0.0,0.0,0.0,0.0,0.0,0.0,0.0,0.0,0.0,0.0,0.0,0.0,0.0,8.068109975409868,3.0,0.0,1.1405573632589878,0.0,0.9302195497667898,0.6975785075221284,0.0,0.0,0.0,0.0,0.0,0.0,0.0,,,,,,,,,,,,,,,,,,,,,,,,,,,,,,,0.0,0.0,0.0,0.0,0.0,0.0,0.0,0,0,0,0,0,0,0,0,0,0,0,0,0,0,0,0,0,0,0,0,0,0,0,0,0,0,0,0,0,0
synthetic_safe_93,synthetic_safe,"[""SAFE""]",1,0,258.68819949887404,0.0,0.0600014809475251,557.3188132685605,4.722298044980141,0.0,0.0,0.0,0.0,0.08638670166235131,0.11853320792330578,0.0,0.0,0.0,0.0,0.0,0.0,0.0,0.0,0.0,0.0,0.0,0.0,0.1009745283260567,0.9092827947060794,0.0,0.0,0.0,0.0,0.0,0.0,0.0,0.0,0.0,0.0,0.0,0.0,0.0,0.0,0.0,0.0,0.0,0.0,0.0,8.075804415527564,3.0,0.0,1.2896419526549185,0.0,1.0949521333404217,0.8016046134026857,0.0,0.0,0.0,0.0,0.0,0.0,0.0,,,,,,,,,,,,,,,,,,,,,,,,,,,,,,,0.0,0.0,0.0,0.0,0.0,0.0,0.0,0,0,0,0,0,0,0,0,0,0,0,0,0,0,0,0,0,0,0,0,0,0,0,0,0,0,0,0,0,0
synthetic_safe_94,synthetic_safe,"[""SAFE""]",1,0,272.9704182560423,0.0,0.05471985044773012,573.2693900666638,4.732290097882136,0.0,0.0,0.0,0.0,0.0673795147331854,0.07374818456811709,0.0,0.0,0.0,0.0,0.0,0.0,0.0,0.0,0.0,0.0,0.0,0.0,0.07788846440034565,0.9008279146244793,0.0,0.0,0.0,0.0,0.0,0.0,0.0,0.0,0.0,0.0,0.0,0.0,0.0,0.0,0.0,0.0,0.0,0.0,0.0,8.097019637015121,3.0,0.0,1.2058472369663809,0.0,0.6859681891299418,0.7755204402629713,0.0,0.0,0.0,0.0,0.0,0.0,0.0,,,,,,,,,,,,,,,,,,,,,,,,,,,,,,,0.0,0.0,0.0,0.0,0.0,0.0,0.0,0,0,0,0,0,0,0,0,0,0,0,0,0,0,0,0,0,0,0,0,0,0,0,0,0,0,0,0,0,0
synthetic_safe_95,synthetic_safe,"[""SAFE""]",1,0,260.18885559776373,0.0,0.046233659847949936,656.5454629137078,4.748845599429,0.0,0.0,0.0,0.0,0.07522853693909055,0.05615510723379016,0.0,0.0,0.0,0.0,0.0,0.0,0.0,0.0,0.0,0.0,0.0,0.0,0.06863529882204993,0.9131410117408292,0.0,0.0,0.0,0.0,0.0,0.0,0.0,0.0,0.0,0.0,0.0,0.0,0.0,0.0,0.0,0.0,0.0,0.0,0.0,8.114922865275387,3.0,0.0,1.2980311247563425,0.0,1.2070453262799228,0.7548555050100016,0.0,0.0,0.0,0.0,0.0,0.0,0.0,,,,,,,,,,,,,,,,,,,,,,,,,,,,,,,0.0,0.0,0.0,0.0,0.0,0.0,0.0,0,0,0,0,0,0,0,0,0,0,0,0,0,0,0,0,0,0,0,0,0,0,0,0,0,0,0,0,0,0
synthetic_safe_96,synthetic_safe,"[""SAFE""]",1,0,260.64733742473135,0.0,0.05899602654366617,634.1594859294523,4.726211101273525,0.0,0.0,0.0,0.0,0.10484131921469682,0.06112247059686629,0.0,0.0,0.0,0.0,0.0,0.0,0.0,0.0,0.0,0.0,0.0,0.0,0.08547356033283367,0.906425219994602,0.0,0.0,0.0,0.0,0.0,0.0,0.0,0.0,0.0,0.0,0.0,0.0,0.0,0.0,0.0,0.0,0.0,0.0,0.0,8.060442632547613,3.0,0.0,1.3852189455782769,0.0,0.9981930004278465,0.7586433385858753,0.0,0.0,0.0,0.0,0.0,0.0,0.0,,,,,,,,,,,,,,,,,,,,,,,,,,,,,,,0.0,0.0,0.0,0.0,0.0,0.0,0.0,0,0,0,0,0,0,0,0,0,0,0,0,0,0,0,0,0,0,0,0,0,0,0,0,0,0,0,0,0,0
synthetic_safe_97,synthetic_safe,"[""SAFE""]",1,0,272.3579636594815,0.0,0.05660901871982489,600.4563027633897,4.735891769923248,0.0,0.0,0.0,0.0,0.1074684798517268,0.09679077608506503,0.0,0.0,0.0,0.0,0.0,0.0,0.0,0.0,0.0,0.0,0.0,0.0,0.11553128535600106,0.9261590973910913,0.0,0.0,0.0,0.0,0.0,0.0,0.0,0.0,0.0,0.0,0.0,0.0,0.0,0.0,0.0,0.0,0.0,0.0,0.0,8.056926963891037,3.0,0.0,1.1575067109518429,0.0,0.5579094792131865,0.7589133257570169,0.0,0.0,0.0,0.0,0.0,0.0,0.0,,,,,,,,,,,,,,,,,,,,,,,,,,,,,,,0.0,0.0,0.0,0.0,0.0,0.0,0.0,0,0,0,0,0,0,0,0,0,0,0,0,0,0,0,0,0,0,0,0,0,0,0,0,0,0,0,0,0,0
synthetic_safe_98,synthetic_safe,"[""SAFE""]",1,0,260.23167121282074,0.0,0.05792364128030379,645.8344205941,4.7328295376739975,0.0,0.0,0.0,0.0,0.07892698818983926,0.13399649010960685,0.0,0.0,0.0,0.0,0.0,0.0,0.0,0.0,0.0,0.0,0.0,0.0,0.05848897221279153,0.8980375086299155,0.0,0.0,0.0,0.0,0.0,0.0,0.0,0.0,0.0,0.0,0.0,0.0,0.0,0.0,0.0,0.0,0.0,0.0,0.0,8.087034193074338,3.0,0.0,1.4714263985701626,0.0,1.0196821960900584,0.7193685788117544,0.0,0.0,0.0,0.0,0.0,0.0,0.0,,,,,,,,,,,,,,,,,,,,,,,,,,,,,,,0.0,0.0,0.0,0.0,0.0,0.0,0.0,0,0,0,0,0,0,0,0,0,0,0,0,0,0,0,0,0,0,0,0,0,0,0,0,0,0,0,0,0,0
synthetic_safe_99,synthetic_safe,"[""SAFE""]",1,0,259.572191680198,0.0,0.05089647545283003,619.8454664630269,4.743515891556748,0.0,0.0,0.0,0.0,0.09867138547410673,0.05201628299018816,0.0,0.0,0.0,0.0,0.0,0.0,0.0,0.0,0.0,0.0,0.0,0.0,0.0575567776971275,0.9265209369116351,0.0,0.0,0.0,0.0,0.0,0.0,0.0,0.0,0.0,0.0,0.0,0.0,0.0,0.0,0.0,0.0,0.0,0.0,0.0,8.08509711829389,3.0,0.0,1.2093949679198364,0.0,1.2526179569266902,0.8787941938022231,0.0,0.0,0.0,0.0,0.0,0.0,0.0,,,,,,,,,,,,,,,,,,,,,,,,,,,,,,,0.0,0.0,0.0,0.0,0.0,0.0,0.0,0,0,0,0,0,0,0,0,0,0,0,0,0,0,0,0,0,0,0,0,0,0,0,0,0,0,0,0,0,0
synthetic_safe_100,synthetic_safe,"[""SAFE""]",1,0,274.79632155943375,0.0,0.05450900682186705,556.4736087185479,4.751727761451483,0.0,0.0,0.0,0.0,0.11643514104963443,0.1199468796071229,0.0,0.0,0.0,0.0,0.0,0.0,0.0,0.0,0.0,0.0,0.0,0.0,0.0993065172058068,0.9541314746006507,0.0,0.0,0.0,0.0,0.0,0.0,0.0,0.0,0.0,0.0,0.0,0.0,0.0,0.0,0.0,0.0,0.0,0.0,0.0,8.079209600129552,3.0,0.0,1.2169553546272591,0.0,1.2222939130388868,0.7685193384614852,0.0,0.0,0.0,0.0,0.0,0.0,0.0,,,,,,,,,,,,,,,,,,,,,,,,,,,,,,,0.0,0.0,0.0,0.0,0.0,0.0,0.0,0,0,0,0,0,0,0,0,0,0,0,0,0,0,0,0,0,0,0,0,0,0,0,0,0,0,0,0,0,0
synthetic_safe_101,synthetic_safe,"[""SAFE""]",1,0,269.69998720629,0.0,0.051336841528705345,610.1489807868097,4.755141940732677,0.0,0.0,0.0,0.0,0.0813261775534268,0.10898493324218761,0.0,0.0,0.0,0.0,0.0,0.0,0.0,0.0,0.0,0.0,0.0,0.0,0.05251593597685595,0.9305426585412043,0.0,0.0,0.0,0.0,0.0,0.0,0.0,0.0,0.0,0.0,0.0,0.0,0.0,0.0,0.0,0.0,0.0,0.0,0.0,8.082563253541355,3.0,0.0,1.1716599216151036,0.0,1.268694493031467,0.7691555986196804,0.0,0.0,0.0,0.0,0.0,0.0,0.0,,,,,,,,,,,,,,,,,,,,,,,,,,,,,,,0.0,0.0,0.0,0.0,0.0,0.0,0.0,0,0,0,0,0,0,0,0,0,0,0,0,0,0,0,0,0,0,0,0,0,0,0,0,0,0,0,0,0,0
synthetic_safe_102,synthetic_safe,"[""SAFE""]",1,0,247.40166267618739,0.0,0.05033323026725663,577.0057802050105,4.72383621017774,0.0,0.0,0.0,0.0,0.07577285675338011,0.04644121324772463,0.0,0.0,0.0,0.0,0.0,0.0,0.0,0.0,0.0,0.0,0.0,0.0,0.0862910229942678,0.9079589234050021,0.0,0.0,0.0,0.0,0.0,0.0,0.0,0.0,0.0,0.0,0.0,0.0,0.0,0.0,0.0,0.0,0.0,0.0,0.0,8.102884603924673,3.0,0.0,1.2081510239760425,0.0,0.939546240911467,0.7554054259118302,0.0,0.0,0.0,0.0,0.0,0.0,0.0,,,,,,,,,,,,,,,,,,,,,,,,,,,,,,,0.0,0.0,0.0,0.0,0.0,0.0,0.0,0,0,0,0,0,0,0,0,0,0,0,0,0,0,0,0,0,0,0,0,0,0,0,0,0,0,0,0,0,0
synthetic_safe_103,synthetic_safe,"[""SAFE""]",1,0,252.18997829076636,0.0,0.05796608103152606,564.589606432707,4.72286653931057,0.0,0.0,0.0,0.0,0.07000680792228757,0.044666077606517966,0.0,0.0,0.0,0.0,0.0,0.0,0.0,0.0,0.0,0.0,0.0,0.0,0.12530912767618244,0.9469244153402749,0.0,0.0,0.0,0.0,0.0,0.0,0.0,0.0,0.0,0.0,0.0,0.0,0.0,0.0,0.0,0.0,0.0,0.0,0.0,8.048413601215275,3.0,0.0,1.1337396279752803,0.0,0.8267228199804177,0.7287901104895302,0.0,0.0,0.0,0.0,0.0,0.0,0.0,,,,,,,,,,,,,,,,,,,,,,,,,,,,,,,0.0,0.0,0.0,0.0,0.0,0.0,0.0,0,0,0,0,0,0,0,0,0,0,0,0,0,0,0,0,0,0,0,0,0,0,0,0,0,0,0,0,0,0
synthetic_safe_104,synthetic_safe,"[""SAFE""]",1,0,270.80255130977565,0.0,0.05379953337366943,659.108787289777,4.703004254418095,0.0,0.0,0.0,0.0,0.05947187178251293,0.07603423935801999,0.0,0.0,0.0,0.0,0.0,0.0,0.0,0.0,0.0,0.0,0.0,0.0,0.06955686263374518,0.9420601637894921,0.0,0.0,0.0,0.0,0.0,0.0,0.0,0.0,0.0,0.0,0.0,0.0,0.0,0.0,0.0,0.0,0.0,0.0,0.0,8.052960587332219,3.0,0.0,1.3848139676238456,0.0,0.7508861814469614,0.7885989539181237,0.0,0.0,0.0,0.0,0.0,0.0,0.0,,,,,,,,,,,,,,,,,,,,,,,,,,,,,,,0.0,0.0,0.0,0.0,0.0,0.0,0.0,0,0,0,0,0,0,0,0,0,0,0,0,0,0,0,0,0,0,0,0,0,0,0,0,0,0,0,0,0,0
synthetic_safe_105,synthetic_safe,"[""SAFE""]",1,0,256.914031757082,0.0,0.052245964005594836,596.9284698128666,4.728795061988073,0.0,0.0,0.0,0.0,0.08762796122732819,0.044288817859637765,0.0,0.0,0.0,0.0,0.0,0.0,0.0,0.0,0.0,0.0,0.0,0.0,0.14709064787036244,0.8955196113644837,0.0,0.0,0.0,0.0,0.0,0.0,0.0,0.0,0.0,0.0,0.0,0.0,0.0,0.0,0.0,0.0,0.0,0.0,0.0,8.040247757848238,3.0,0.0,1.1579315044500846,0.0,0.7402823667001205,0.7298157901644696,0.0,0.0,0.0,0.0,0.0,0.0,0.0,,,,,,,,,,,,,,,,,,,,,,,,,,,,,,,0.0,0.0,0.0,0.0,0.0,0.0,0.0,0,0,0,0,0,0,0,0,0,0,0,0,0,0,0,0,0,0,0,0,0,0,0,0,0,0,0,0,0,0
synthetic_safe_106,synthetic_safe,"[""SAFE""]",1,0,272.6753014836023,0.0,0.04606137347425797,617.9696876500259,4.7246430012385385,0.0,0.0,0.0,0.0,0.03602773043106273,0.10318279406966024,0.0,0.0,0.0,0.0,0.0,0.0,0.0,0.0,0.0,0.0,0.0,0.0,0.10918932322722463,0.9527198885969947,0.0,0.0,0.0,0.0,0.0,0.0,0.0,0.0,0.0,0.0,0.0,0.0,0.0,0.0,0.0,0.0,0.0,0.0,0.0,8.101301151339937,3.0,0.0,1.2566755030838683,0.0,0.7518126119990031,0.7504187203157912,0.0,0.0,0.0,0.0,0.0,0.0,0.0,,,,,,,,,,,,,,,,,,,,,,,,,,,,,,,0.0,0.0,0.0,0.0,0.0,0.0,0.0,0,0,0,0,0,0,0,0,0,0,0,0,0,0,0,0,0,0,0,0,0,0,0,0,0,0,0,0,0,0
synthetic_safe_107,synthetic_safe,"[""SAFE""]",1,0,245.5775146117122,0.0,0.061372803842344434,692.888673524176,4.736936404201101,0.0,0.0,0.0,0.0,0.08233353736362352,0.09183005406868032,0.0,0.0,0.0,0.0,0.0,0.0,0.0,0.0,0.0,0.0,0.0,0.0,0.12019677934269224,0.8689491971404298,0.0,0.0,0.0,0.0,0.0,0.0,0.0,0.0,0.0,0.0,0.0,0.0,0.0,0.0,0.0,0.0,0.0,0.0,0.0,8.087982793841775,3.0,0.0,1.3869862181412131,0.0,1.253696781664382,0.8033014777924485,0.0,0.0,0.0,0.0,0.0,0.0,0.0,,,,,,,,,,,,,,,,,,,,,,,,,,,,,,,0.0,0.0,0.0,0.0,0.0,0.0,0.0,0,0,0,0,0,0,0,0,0,0,0,0,0,0,0,0,0,0,0,0,0,0,0,0,0,0,0,0,0,0
synthetic_safe_108,synthetic_safe,"[""SAFE""]",1,0,282.8462500738527,0.0,0.04951311167149611,603.872154768979,4.752827768228967,0.0,0.0,0.0,0.0,0.08586774684039497,0.03908958380092419,0.0,0.0,0.0,0.0,0.0,0.0,0.0,0.0,0.0,0.0,0.0,0.0,0.03470111966951273,0.9452087745918961,0.0,0.0,0.0,0.0,0.0,0.0,0.0,0.0,0.0,0.0,0.0,0.0,0.0,0.0,0.0,0.0,0.0,0.0,0.0,8.083474742069868,3.0,0.0,1.2848645093384272,0.0,0.5570047756166631,0.8221094050166264,0.0,0.0,0.0,0.0,0.0,0.0,0.0,,,,,,,,,,,,,,,,,,,,,,,,,,,,,,,0.0,0.0,0.0,0.0,0.0,0.0,0.0,0,0,0,0,0,0,0,0,0,0,0,0,0,0,0,0,0,0,0,0,0,0,0,0,0,0,0,0,0,0
synthetic_safe_109,synthetic_safe,"[""SAFE""]",1,0,242.14464973374115,0.0,0.0428408465683735,604.5621987661542,4.74867107014377,0.0,0.0,0.0,0.0,0.09564800980646906,0.029328877944729097,0.0,0.0,0.0,0.0,0.0,0.0,0.0,0.0,0.0,0.0,0.0,0.0,0.0112610609788268,0.932888754995632,0.0,0.0,0.0,0.0,0.0,0.0,0.0,0.0,0.0,0.0,0.0,0.0,0.0,0.0,0.0,0.0,0.0,0.0,0.0,8.113252200248745,3.0,0.0,1.3734053708839682,0.0,0.9793709575958378,0.7918651826826072,0.0,0.0,0.0,0.0,0.0,0.0,0.0,,,,,,,,,,,,,,,,,,,,,,,,,,,,,,,0.0,0.0,0.0,0.0,0.0,0.0,0.0,0,0,0,0,0,0,0,0,0,0,0,0,0,0,0,0,0,0,0,0,0,0,0,0,0,0,0,0,0,0
synthetic_safe_110,synthetic_safe,"[""SAFE""]",1,0,269.4974869051127,0.0,0.04790737961838194,625.087340302985,4.72956304832917,0.0,0.0,0.0,0.0,0.06574404111849383,0.08447356517101773,0.0,0.0,0.0,0.0,0.0,0.0,0.0,0.0,0.0,0.0,0.0,0.0,0.09366519741567919,0.9612017800698294,0.0,0.0,0.0,0.0,0.0,0.0,0.0,0.0,0.0,0.0,0.0,0.0,0.0,0.0,0.0,0.0,0.0,0.0,0.0,8.097653470538985,3.0,0.0,1.2961147772160944,0.0,0.7073137614995346,0.7753549002698045,0.0,0.0,0.0,0.0,0.0,0.0,0.0,,,,,,,,,,,,,,,,,,,,,,,,,,,,,,,0.0,0.0,0.0,0.0,0.0,0.0,0.0,0,0,0,0,0,0,0,0,0,0,0,0,0,0,0,0,0,0,0,0,0,0,0,0,0,0,0,0,0,0
synthetic_safe_111,synthetic_safe,"[""SAFE""]",1,0,268.29426343685884,0.0,0.06011353534796127,565.1072132665879,4.708882597130117,0.0,0.0,0.0,0.0,0.07658904886357078,0.04583857513487199,0.0,0.0,0.0,0.0,0.0,0.0,0.0,0.0,0.0,0.0,0.0,0.0,0.05104337071734476,0.8954270146375033,0.0,0.0,0.0,0.0,0.0,0.0,0.0,0.0,0.0,0.0,0.0,0.0,0.0,0.0,0.0,0.0,0.0,0.0,0.0,8.144939580517333,3.0,0.0,1.350580199209584,0.0,1.040157069598044,0.7404358988825239,0.0,0.0,0.0,0.0,0.0,0.0,0.0,,,,,,,,,,,,,,,,,,,,,,,,,,,,,,,0.0,0.0,0.0,0.0,0.0,0.0,0.0,0,0,0,0,0,0,0,0,0,0,0,0,0,0,0,0,0,0,0,0,0,0,0,0,0,0,0,0,0,0
synthetic_safe_112,synthetic_safe,"[""SAFE""]",1,0,255.1747167525923,0.0,0.062180029983859,601.4464848883318,4.754543806223467,0.0,0.0,0.0,0.0,0.0764914345005658,0.0,0.0,0.0,0.0,0.0,0.0,0.0,0.0,0.0,0.0,0.0,0.0,0.0,0.08632506535453519,0.935731007117645,0.0,0.0,0.0,0.0,0.0,0.0,0.0,0.0,0.0,0.0,0.0,0.0,0.0,0.0,0.0,0.0,0.0,0.0,0.0,8.090087041302025,3.0,0.0,1.352970921873251,0.0,0.95857245186509,0.8982919764135466,0.0,0.0,0.0,0.0,0.0,0.0,0.0,,,,,,,,,,,,,,,,,,,,,,,,,,,,,,,0.0,0.0,0.0,0.0,0.0,0.0,0.0,0,0,0,0,0,0,0,0,0,0,0,0,0,0,0,0,0,0,0,0,0,0,0,0,0,0,0,0,0,0
synthetic_safe_113,synthetic_safe,"[""SAFE""]",1,0,252.79385796155674,0.0,0.04584495168562293,572.3414851974015,4.757136978780484,0.0,0.0,0.0,0.0,0.11328817608353434,0.10088806635531714,0.0,0.0,0.0,0.0,0.0,0.0,0.0,0.0,0.0,0.0,0.0,0.0,0.04125962578787596,0.9090571597501774,0.0,0.0,0.0,0.0,0.0,0.0,0.0,0.0,0.0,0.0,0.0,0.0,0.0,0.0,0.0,0.0,0.0,0.0,0.0,8.100031316623896,3.0,0.0,1.162607524231075,0.0,1.0879330682784063,0.688726983770849,0.0,0.0,0.0,0.0,0.0,0.0,0.0,,,,,,,,,,,,,,,,,,,,,,,,,,,,,,,0.0,0.0,0.0,0.0,0.0,0.0,0.0,0,0,0,0,0,0,0,0,0,0,0,0,0,0,0,0,0,0,0,0,0,0,0,0,0,0,0,0,0,0
synthetic_safe_114,synthetic_safe,"[""SAFE""]",1,0,273.0807349140018,0.0,0.05116862405952461,616.2859381895681,4.7704176771932545,0.0,0.0,0.0,0.0,0.07004811938841354,0.06504366584071376,0.0,0.0,0.0,0.0,0.0,0.0,0.0,0.0,0.0,0.0,0.0,0.0,0.05128601720572698,0.910568599589795,0.0,0.0,0.0,0.0,0.0,0.0,0.0,0.0,0.0,0.0,0.0,0.0,0.0,0.0,0.0,0.0,0.0,0.0,0.0,8.047635189128693,3.0,0.0,1.39195127166096,0.0,0.7400969951391919,0.7426699441768907,0.0,0.0,0.0,0.0,0.0,0.0,0.0,,,,,,,,,,,,,,,,,,,,,,,,,,,,,,,0.0,0.0,0.0,0.0,0.0,0.0,0.0,0,0,0,0,0,0,0,0,0,0,0,0,0,0,0,0,0,0,0,0,0,0,0,0,0,0,0,0,0,0
synthetic_safe_115,synthetic_safe,"[""SAFE""]",1,0,279.7261129165776,0.0,0.053288458969575,667.6023310338959,4.730055407476936,0.0,0.0,0.0,0.0,0.06755377197128615,0.0595215566979726,0.0,0.0,0.0,0.0,0.0,0.0,0.0,0.0,0.0,0.0,0.0,0.0,0.0,0.9180951683414419,0.0,0.0,0.0,0.0,0.0,0.0,0.0,0.0,0.0,0.0,0.0,0.0,0.0,0.0,0.0,0.0,0.0,0.0,0.0,8.095506911144913,3.0,0.0,1.3272714699540056,0.0,1.0586556265563667,0.7345531704298393,0.0,0.0,0.0,0.0,0.0,0.0,0.0,,,,,,,,,,,,,,,,,,,,,,,,,,,,,,,0.0,0.0,0.0,0.0,0.0,0.0,0.0,0,0,0,0,0,0,0,0,0,0,0,0,0,0,0,0,0,0,0,0,0,0,0,0,0,0,0,0,0,0
synthetic_safe_116,synthetic_safe,"[""SAFE""]",1,0,268.7459594883794,0.0,0.05629756557451381,648.3588913452404,4.751617673758358,0.0,0.0,0.0,0.0,0.12351088704943179,0.08641139128927308,0.0,0.0,0.0,0.0,0.0,0.0,0.0,0.0,0.0,0.0,0.0,0.0,0.10112984442653708,0.9331448504775496,0.0,0.0,0.0,0.0,0.0,0.0,0.0,0.0,0.0,0.0,0.0,0.0,0.0,0.0,0.0,0.0,0.0,0.0,0.0,8.0952985203097,3.0,0.0,1.3984392123357423,0.0,1.1193382507983867,0.7321093849141714,0.0,0.0,0.0,0.0,0.0,0.0,0.0,,,,,,,,,,,,,,,,,,,,,,,,,,,,,,,0.0,0.0,0.0,0.0,0.0,0.0,0.0,0,0,0,0,0,0,0,0,0,0,0,0,0,0,0,0,0,0,0,0,0,0,0,0,0,0,0,0,0,0
synthetic_safe_117,synthetic_safe,"[""SAFE""]",1,0,255.60305079241888,0.0,0.049108019245297126,590.0835494034112,4.734706204017802,0.0,0.0,0.0,0.0,0.11866598733043612,0.046969193983410526,0.0,0.0,0.0,0.0,0.0,0.0,0.0,0.0,0.0,0.0,0.0,0.0,0.0323735291373433,0.934031086258876,0.0,0.0,0.0,0.0,0.0,0.0,0.0,0.0,0.0,0.0,0.0,0.0,0.0,0.0,0.0,0.0,0.0,0.0,0.0,8.047550671953582,3.0,0.0,1.3006598350198282,0.0,1.3476798961508956,0.7546075504768316,0.0,0.0,0.0,0.0,0.0,0.0,0.0,,,,,,,,,,,,,,,,,,,,,,,,,,,,,,,0.0,0.0,0.0,0.0,0.0,0.0,0.0,0,0,0,0,0,0,0,0,0,0,0,0,0,0,0,0,0,0,0,0,0,0,0,0,0,0,0,0,0,0
synthetic_safe_118,synthetic_safe,"[""SAFE""]",1,0,270.11661872813715,0.0,0.053985744630054414,592.9702480935657,4.722642523479442,0.0,0.0,0.0,0.0,0.05263234416866375,0.09169982446091528,0.0,0.0,0.0,0.0,0.0,0.0,0.0,0.0,0.0,0.0,0.0,0.0,0.07248186593024947,0.9402271594490321,0.0,0.0,0.0,0.0,0.0,0.0,0.0,0.0,0.0,0.0,0.0,0.0,0.0,0.0,0.0,0.0,0.0,0.0,0.0,8.112955009942265,3.0,0.0,1.438426193029947,0.0,0.7681557855173359,0.761686256540956,0.0,0.0,0.0,0.0,0.0,0.0,0.0,,,,,,,,,,,,,,,,,,,,,,,,,,,,,,,0.0,0.0,0.0,0.0,0.0,0.0,0.0,0,0,0,0,0,0,0,0,0,0,0,0,0,0,0,0,0,0,0,0,0,0,0,0,0,0,0,0,0,0
synthetic_safe_119,synthetic_safe,"[""SAFE""]",1,0,246.38623273561686,0.0,0.054917025765374106,609.8657828080919,4.744849936728691,0.0,0.0,0.0,0.0,0.08762077086952666,0.05446076707878868,0.0,0.0,0.0,0.0,0.0,0.0,0.0,0.0,0.0,0.0,0.0,0.0,0.03789177946049122,0.887073998572123,0.0,0.0,0.0,0.0,0.0,0.0,0.0,0.0,0.0,0.0,0.0,0.0,0.0,0.0,0.0,0.0,0.0,0.0,0.0,8.050851725822882,3.0,0.0,1.3196720480953985,0.0,1.1252498666712736,0.7718484313582681,0.0,0.0,0.0,0.0,0.0,0.0,0.0,,,,,,,,,,,,,,,,,,,,,,,,,,,,,,,0.0,0.0,0.0,0.0,0.0,0.0,0.0,0,0,0,0,0,0,0,0,0,0,0,0,0,0,0,0,0,0,0,0,0,0,0,0,0,0,0,0,0,0
synthetic_safe_120,synthetic_safe,"[""SAFE""]",1,0,254.6000984603609,0.0,0.048312562639962996,609.253517770929,4.732999325242092,0.0,0.0,0.0,0.0,0.02359498296011145,0.0929281796035506,0.0,0.0,0.0,0.0,0.0,0.0,0.0,0.0,0.0,0.0,0.0,0.0,0.08479550878209159,0.9497719419081124,0.0,0.0,0.0,0.0,0.0,0.0,0.0,0.0,0.0,0.0,0.0,0.0,0.0,0.0,0.0,0.0,0.0,0.0,0.0,8.121103951755384,3.0,0.0,1.3154253020783393,0.0,0.9953030747620719,0.8570430226596961,0.0,0.0,0.0,0.0,0.0,0.0,0.0,,,,,,,,,,,,,,,,,,,,,,,,,,,,,,,0.0,0.0,0.0,0.0,0.0,0.0,0.0,0,0,0,0,0,0,0,0,0,0,0,0,0,0,0,0,0,0,0,0,0,0,0,0,0,0,0,0,0,0
synthetic_safe_121,synthetic_safe,"[""SAFE""]",1,0,252.79705970025205,0.0,0.05637454460296074,563.7244717288381,4.746529122957207,0.0,0.0,0.0,0.0,0.1552528581583129,0.0670991592625742,0.0,0.0,0.0,0.0,0.0,0.0,0.0,0.0,0.0,0.0,0.0,0.0,0.09313485723570648,0.9156400814192697,0.0,0.0,0.0,0.0,0.0,0.0,0.0,0.0,0.0,0.0,0.0,0.0,0.0,0.0,0.0,0.0,0.0,0.0,0.0,8.098644024094359,3.0,0.0,1.284163071387867,0.0,0.9924969618309403,0.7693286323364492,0.0,0.0,0.0,0.0,0.0,0.0,0.0,,,,,,,,,,,,,,,,,,,,,,,,,,,,,,,0.0,0.0,0.0,0.0,0.0,0.0,0.0,0,0,0,0,0,0,0,0,0,0,0,0,0,0,0,0,0,0,0,0,0,0,0,0,0,0,0,0,0,0
synthetic_safe_122,synthetic_safe,"[""SAFE""]",1,0,268.7301535092879,0.0,0.05143110039909484,648.7317167913709,4.732554251323286,0.0,0.0,0.0,0.0,0.0690289857700659,0.02222716842042957,0.0,0.0,0.0,0.0,0.0,0.0,0.0,0.0,0.0,0.0,0.0,0.0,0.0383775110161319,0.9605757481574327,0.0,0.0,0.0,0.0,0.0,0.0,0.0,0.0,0.0,0.0,0.0,0.0,0.0,0.0,0.0,0.0,0.0,0.0,0.0,8.079139527546976,3.0,0.0,1.387906165084955,0.0,0.648216016298108,0.7284946481913266,0.0,0.0,0.0,0.0,0.0,0.0,0.0,,,,,,,,,,,,,,,,,,,,,,,,,,,,,,,0.0,0.0,0.0,0.0,0.0,0.0,0.0,0,0,0,0,0,0,0,0,0,0,0,0,0,0,0,0,0,0,0,0,0,0,0,0,0,0,0,0,0,0
synthetic_safe_123,synthetic_safe,"[""SAFE""]",1,0,284.42546937467,0.0,0.04811604046777865,658.6240852472156,4.767194062495252,0.0,0.0,0.0,0.0,0.11236444378773398,0.0927455486417785,0.0,0.0,0.0,0.0,0.0,0.0,0.0,0.0,0.0,0.0,0.0,0.0,0.13574885428141348,0.9501975348765291,0.0,0.0,0.0,0.0,0.0,0.0,0.0,0.0,0.0,0.0,0.0,0.0,0.0,0.0,0.0,0.0,0.0,0.0,0.0,8.13943884598896,3.0,0.0,1.1477267161974256,0.0,1.3150949070715803,0.8038340058919743,0.0,0.0,0.0,0.0,0.0,0.0,0.0,,,,,,,,,,,,,,,,,,,,,,,,,,,,,,,0.0,0.0,0.0,0.0,0.0,0.0,0.0,0,0,0,0,0,0,0,0,0,0,0,0,0,0,0,0,0,0,0,0,0,0,0,0,0,0,0,0,0,0
synthetic_safe_124,synthetic_safe,"[""SAFE""]",1,0,263.80094475615675,0.0,0.0447636086368919,636.4154831922459,4.721986641204005,0.0,0.0,0.0,0.0,0.06686916352157025,0.10320232900370735,0.0,0.0,0.0,0.0,0.0,0.0,0.0,0.0,0.0,0.0,0.0,0.0,0.09848971132608386,0.8826182447478244,0.0,0.0,0.0,0.0,0.0,0.0,0.0,0.0,0.0,0.0,0.0,0.0,0.0,0.0,0.0,0.0,0.0,0.0,0.0,8.044822138625742,3.0,0.0,1.3985262366307833,0.0,1.1805660013054966,0.7269830448898065,0.0,0.0,0.0,0.0,0.0,0.0,0.0,,,,,,,,,,,,,,,,,,,,,,,,,,,,,,,0.0,0.0,0.0,0.0,0.0,0.0,0.0,0,0,0,0,0,0,0,0,0,0,0,0,0,0,0,0,0,0,0,0,0,0,0,0,0,0,0,0,0,0
synthetic_safe_125,synthetic_safe,"[""SAFE""]",1,0,271.44460373986925,0.0,0.047557071451046797,596.6137025668033,4.739748198153033,0.0,0.0,0.0,0.0,0.034480770074095564,0.07352731354618135,0.0,0.0,0.0,0.0,0.0,0.0,0.0,0.0,0.0,0.0,0.0,0.0,0.08423834065590607,0.9075786114632454,0.0,0.0,0.0,0.0,0.0,0.0,0.0,0.0,0.0,0.0,0.0,0.0,0.0,0.0,0.0,0.0,0.0,0.0,0.0,8.07377259720379,3.0,0.0,1.336814388705348,0.0,0.959294670842843,0.8183981218104137,0.0,0.0,0.0,0.0,0.0,0.0,0.0,,,,,,,,,,,,,,,,,,,,,,,,,,,,,,,0.0,0.0,0.0,0.0,0.0,0.0,0.0,0,0,0,0,0,0,0,0,0,0,0,0,0,0,0,0,0,0,0,0,0,0,0,0,0,0,0,0,0,0
synthetic_safe_126,synthetic_safe,"[""SAFE""]",1,0,268.6888420611294,0.0,0.051952148430714856,605.8485011494689,4.737097478123889,0.0,0.0,0.0,0.0,0.07913215887833702,0.0,0.0,0.0,0.0,0.0,0.0,0.0,0.0,0.0,0.0,0.0,0.0,0.0,0.0497908695426577,0.9090254009910884,0.0,0.0,0.0,0.0,0.0,0.0,0.0,0.0,0.0,0.0,0.0,0.0,0.0,0.0,0.0,0.0,0.0,0.0,0.0,8.10621405549983,3.0,0.0,1.1981893658644402,0.0,0.8358234878810554,0.7785637365086538,0.0,0.0,0.0,0.0,0.0,0.0,0.0,,,,,,,,,,,,,,,,,,,,,,,,,,,,,,,0.0,0.0,0.0,0.0,0.0,0.0,0.0,0,0,0,0,0,0,0,0,0,0,0,0,0,0,0,0,0,0,0,0,0,0,0,0,0,0,0,0,0,0
synthetic_safe_127,synthetic_safe,"[""SAFE""]",1,0,276.75682748263284,0.0,0.05345756369575205,591.848823959952,4.739558775530933,0.0,0.0,0.0,0.0,0.015467220225115534,0.0715026895373057,0.0,0.0,0.0,0.0,0.0,0.0,0.0,0.0,0.0,0.0,0.0,0.0,0.05295211670342749,0.9545733711573997,0.0,0.0,0.0,0.0,0.0,0.0,0.0,0.0,0.0,0.0,0.0,0.0,0.0,0.0,0.0,0.0,0.0,0.0,0.0,8.105563843278262,3.0,0.0,1.227641405379493,0.0,1.2846911638891751,0.8042293769490583,0.0,0.0,0.0,0.0,0.0,0.0,0.0,,,,,,,,,,,,,,,,,,,,,,,,,,,,,,,0.0,0.0,0.0,0.0,0.0,0.0,0.0,0,0,0,0,0,0,0,0,0,0,0,0,0,0,0,0,0,0,0,0,0,0,0,0,0,0,0,0,0,0
synthetic_safe_128,synthetic_safe,"[""SAFE""]",1,0,243.06942313262397,0.0,0.061380541872559174,658.236006271536,4.7364572131928,0.0,0.0,0.0,0.0,0.07345837525113941,0.07095460477778792,0.0,0.0,0.0,0.0,0.0,0.0,0.0,0.0,0.0,0.0,0.0,0.0,0.04002923867166682,0.8678857437595511,0.0,0.0,0.0,0.0,0.0,0.0,0.0,0.0,0.0,0.0,0.0,0.0,0.0,0.0,0.0,0.0,0.0,0.0,0.0,8.101261866927901,3.0,0.0,1.3501736572338405,0.0,1.1359035731844584,0.7523025497053777,0.0,0.0,0.0,0.0,0.0,0.0,0.0,,,,,,,,,,,,,,,,,,,,,,,,,,,,,,,0.0,0.0,0.0,0.0,0.0,0.0,0.0,0,0,0,0,0,0,0,0,0,0,0,0,0,0,0,0,0,0,0,0,0,0,0,0,0,0,0,0,0,0
synthetic_safe_129,synthetic_safe,"[""SAFE""]",1,0,248.47897117449673,0.0,0.05416650192896368,582.8573053599249,4.716304142381416,0.0,0.0,0.0,0.0,0.05369831250547184,0.10176799382474132,0.0,0.0,0.0,0.0,0.0,0.0,0.0,0.0,0.0,0.0,0.0,0.0,0.059530651275445635,0.9219420748368352,0.0,0.0,0.0,0.0,0.0,0.0,0.0,0.0,0.0,0.0,0.0,0.0,0.0,0.0,0.0,0.0,0.0,0.0,0.0,8.06214020348418,3.0,0.0,1.237040674628131,0.0,1.00492246313604,0.775829512523312,0.0,0.0,0.0,0.0,0.0,0.0,0.0,,,,,,,,,,,,,,,,,,,,,,,,,,,,,,,0.0,0.0,0.0,0.0,0.0,0.0,0.0,0,0,0,0,0,0,0,0,0,0,0,0,0,0,0,0,0,0,0,0,0,0,0,0,0,0,0,0,0,0
synthetic_safe_130,synthetic_safe,"[""SAFE""]",1,0,245.56555159170716,0.0,0.0478621229813123,581.6549642568539,4.718627983615679,0.0,0.0,0.0,0.0,0.12100851392464365,0.056110444667331574,0.0,0.0,0.0,0.0,0.0,0.0,0.0,0.0,0.0,0.0,0.0,0.0,0.06043451108310001,0.9363381566311256,0.0,0.0,0.0,0.0,0.0,0.0,0.0,0.0,0.0,0.0,0.0,0.0,0.0,0.0,0.0,0.0,0.0,0.0,0.0,8.049534117871318,3.0,0.0,1.441819946606045,0.0,1.3428292853664603,0.8791019719511334,0.0,0.0,0.0,0.0,0.0,0.0,0.0,,,,,,,,,,,,,,,,,,,,,,,,,,,,,,,0.0,0.0,0.0,0.0,0.0,0.0,0.0,0,0,0,0,0,0,0,0,0,0,0,0,0,0,0,0,0,0,0,0,0,0,0,0,0,0,0,0,0,0
synthetic_safe_131,synthetic_safe,"[""SAFE""]",1,0,265.04015762235343,0.0,0.05877459052309003,581.3359666416808,4.752697401564292,0.0,0.0,0.0,0.0,0.028532130454543544,0.04765365103045382,0.0,0.0,0.0,0.0,0.0,0.0,0.0,0.0,0.0,0.0,0.0,0.0,0.0861333595136102,0.9409973359808007,0.0,0.0,0.0,0.0,0.0,0.0,0.0,0.0,0.0,0.0,0.0,0.0,0.0,0.0,0.0,0.0,0.0,0.0,0.0,8.10917892022836,3.0,0.0,1.4106464013386129,0.0,0.4886042804727804,0.7700311925890664,0.0,0.0,0.0,0.0,0.0,0.0,0.0,,,,,,,,,,,,,,,,,,,,,,,,,,,,,,,0.0,0.0,0.0,0.0,0.0,0.0,0.0,0,0,0,0,0,0,0,0,0,0,0,0,0,0,0,0,0,0,0,0,0,0,0,0,0,0,0,0,0,0
synthetic_safe_132,synthetic_safe,"[""SAFE""]",1,0,264.47388610420353,0.0,0.044180748733169926,624.0492423888096,4.731389749430367,0.0,0.0,0.0,0.0,0.07111604223363213,0.11727269513671426,0.0,0.0,0.0,0.0,0.0,0.0,0.0,0.0,0.0,0.0,0.0,0.0,0.08854545316288047,0.9400858489750086,0.0,0.0,0.0,0.0,0.0,0.0,0.0,0.0,0.0,0.0,0.0,0.0,0.0,0.0,0.0,0.0,0.0,0.0,0.0,8.105267224560988,3.0,0.0,1.4142981612989356,0.0,0.9059007476822596,0.7110029455007507,0.0,0.0,0.0,0.0,0.0,0.0,0.0,,,,,,,,,,,,,,,,,,,,,,,,,,,,,,,0.0,0.0,0.0,0.0,0.0,0.0,0.0,0,0,0,0,0,0,0,0,0,0,0,0,0,0,0,0,0,0,0,0,0,0,0,0,0,0,0,0,0,0
synthetic_safe_133,synthetic_safe,"[""SAFE""]",1,0,243.4605159850738,0.0,0.05120062907945957,611.1126232009143,4.71826269373946,0.0,0.0,0.0,0.0,0.0985619793149358,0.04435656473087293,0.0,0.0,0.0,0.0,0.0,0.0,0.0,0.0,0.0,0.0,0.0,0.0,0.08760012424916422,0.9452251775905918,0.0,0.0,0.0,0.0,0.0,0.0,0.0,0.0,0.0,0.0,0.0,0.0,0.0,0.0,0.0,0.0,0.0,0.0,0.0,8.0810022541753,3.0,0.0,1.3665314863341975,0.0,1.0682864494117437,0.808949113467956,0.0,0.0,0.0,0.0,0.0,0.0,0.0,,,,,,,,,,,,,,,,,,,,,,,,,,,,,,,0.0,0.0,0.0,0.0,0.0,0.0,0.0,0,0,0,0,0,0,0,0,0,0,0,0,0,0,0,0,0,0,0,0,0,0,0,0,0,0,0,0,0,0
synthetic_safe_134,synthetic_safe,"[""SAFE""]",1,0,261.6731467077406,0.0,0.04644594984797953,591.6728501609206,4.752374656890054,0.0,0.0,0.0,0.0,0.05471869592325106,0.06833881720020281,0.0,0.0,0.0,0.0,0.0,0.0,0.0,0.0,0.0,0.0,0.0,0.0,0.024769178659042587,0.8795498872515146,0.0,0.0,0.0,0.0,0.0,0.0,0.0,0.0,0.0,0.0,0.0,0.0,0.0,0.0,0.0,0.0,0.0,0.0,0.0,8.058726213645318,3.0,0.0,1.34031778061729,0.0,1.4421648832940461,0.8118300191482939,0.0,0.0,0.0,0.0,0.0,0.0,0.0,,,,,,,,,,,,,,,,,,,,,,,,,,,,,,,0.0,0.0,0.0,0.0,0.0,0.0,0.0,0,0,0,0,0,0,0,0,0,0,0,0,0,0,0,0,0,0,0,0,0,0,0,0,0,0,0,0,0,0
synthetic_safe_135,synthetic_safe,"[""SAFE""]",1,0,249.27195119202838,0.0,0.0580406527191987,641.8745701340822,4.7328322577708235,0.0,0.0,0.0,0.0,0.04353252005708279,0.08317057320794426,0.0,0.0,0.0,0.0,0.0,0.0,0.0,0.0,0.0,0.0,0.0,0.0,0.11176372523009692,0.9560181654389698,0.0,0.0,0.0,0.0,0.0,0.0,0.0,0.0,0.0,0.0,0.0,0.0,0.0,0.0,0.0,0.0,0.0,0.0,0.0,8.084341509458435,3.0,0.0,1.3371096036881844,0.0,1.2977114614385294,0.7093190088299465,0.0,0.0,0.0,0.0,0.0,0.0,0.0,,,,,,,,,,,,,,,,,,,,,,,,,,,,,,,0.0,0.0,0.0,0.0,0.0,0.0,0.0,0,0,0,0,0,0,0,0,0,0,0,0,0,0,0,0,0,0,0,0,0,0,0,0,0,0,0,0,0,0
synthetic_safe_136,synthetic_safe,"[""SAFE""]",1,0,255.84398448726756,0.0,0.05195522633766395,593.0672929683312,4.742100830398701,0.0,0.0,0.0,0.0,0.09548016179441664,0.12876165474049364,0.0,0.0,0.0,0.0,0.0,0.0,0.0,0.0,0.0,0.0,0.0,0.0,0.03096218333076347,0.9361509643746531,0.0,0.0,0.0,0.0,0.0,0.0,0.0,0.0,0.0,0.0,0.0,0.0,0.0,0.0,0.0,0.0,0.0,0.0,0.0,8.125126107537303,3.0,0.0,1.2934477990324122,0.0,1.0111009490681113,0.7559753795149172,0.0,0.0,0.0,0.0,0.0,0.0,0.0,,,,,,,,,,,,,,,,,,,,,,,,,,,,,,,0.0,0.0,0.0,0.0,0.0,0.0,0.0,0,0,0,0,0,0,0,0,0,0,0,0,0,0,0,0,0,0,0,0,0,0,0,0,0,0,0,0,0,0
synthetic_safe_137,synthetic_safe,"[""SAFE""]",1,0,255.26636162143214,0.0,0.04458963861124769,621.8540193081103,4.745908960671051,0.0,0.0,0.0,0.0,0.0726836422254091,0.08894793601029335,0.0,0.0,0.0,0.0,0.0,0.0,0.0,0.0,0.0,0.0,0.0,0.0,0.049067757456994425,0.9265944069634514,0.0,0.0,0.0,0.0,0.0,0.0,0.0,0.0,0.0,0.0,0.0,0.0,0.0,0.0,0.0,0.0,0.0,0.0,0.0,8.092449924443946,3.0,0.0,1.203578730151207,0.0,1.0063991229164289,0.8153102701277803,0.0,0.0,0.0,0.0,0.0,0.0,0.0,,,,,,,,,,,,,,,,,,,,,,,,,,,,,,,0.0,0.0,0.0,0.0,0.0,0.0,0.0,0,0,0,0,0,0,0,0,0,0,0,0,0,0,0,0,0,0,0,0,0,0,0,0,0,0,0,0,0,0
synthetic_safe_138,synthetic_safe,"[""SAFE""]",1,0,258.9372504197878,0.0,0.04899992391815792,647.6665421639711,4.747940491099548,0.0,0.0,0.0,0.0,0.07073063722730316,0.06840159983987576,0.0,0.0,0.0,0.0,0.0,0.0,0.0,0.0,0.0,0.0,0.0,0.0,0.026631364685984683,0.9225411297184068,0.0,0.0,0.0,0.0,0.0,0.0,0.0,0.0,0.0,0.0,0.0,0.0,0.0,0.0,0.0,0.0,0.0,0.0,0.0,8.07098982427994,3.0,0.0,1.2261798667546142,0.0,1.2433071419972097,0.777502789369757,0.0,0.0,0.0,0.0,0.0,0.0,0.0,,,,,,,,,,,,,,,,,,,,,,,,,,,,,,,0.0,0.0,0.0,0.0,0.0,0.0,0.0,0,0,0,0,0,0,0,0,0,0,0,0,0,0,0,0,0,0,0,0,0,0,0,0,0,0,0,0,0,0
synthetic_safe_139,synthetic_safe,"[""SAFE""]",1,0,266.64317978704366,0.0,0.05906825162363167,628.9248288366562,4.7353378870073985,0.0,0.0,0.0,0.0,0.06856024215156076,0.03575214480251243,0.0,0.0,0.0,0.0,0.0,0.0,0.0,0.0,0.0,0.0,0.0,0.0,0.03581337384482673,0.955018379322037,0.0,0.0,0.0,0.0,0.0,0.0,0.0,0.0,0.0,0.0,0.0,0.0,0.0,0.0,0.0,0.0,0.0,0.0,0.0,8.030224737640761,3.0,0.0,1.2919762497528446,0.0,1.4206459141706071,0.7515100175404202,0.0,0.0,0.0,0.0,0.0,0.0,0.0,,,,,,,,,,,,,,,,,,,,,,,,,,,,,,,0.0,0.0,0.0,0.0,0.0,0.0,0.0,0,0,0,0,0,0,0,0,0,0,0,0,0,0,0,0,0,0,0,0,0,0,0,0,0,0,0,0,0,0
synthetic_safe_140,synthetic_safe,"[""SAFE""]",1,0,259.42657358144305,0.0,0.055987661486231806,649.3391086050876,4.720318569524372,0.0,0.0,0.0,0.0,0.08858666658732187,0.12818040105772605,0.0,0.0,0.0,0.0,0.0,0.0,0.0,0.0,0.0,0.0,0.0,0.0,0.07731437232217812,0.9398708501317046,0.0,0.0,0.0,0.0,0.0,0.0,0.0,0.0,0.0,0.0,0.0,0.0,0.0,0.0,0.0,0.0,0.0,0.0,0.0,8.06502372463783,3.0,0.0,1.2544446227221961,0.0,1.1810878835952063,0.7981136910291076,0.0,0.0,0.0,0.0,0.0,0.0,0.0,,,,,,,,,,,,,,,,,,,,,,,,,,,,,,,0.0,0.0,0.0,0.0,0.0,0.0,0.0,0,0,0,0,0,0,0,0,0,0,0,0,0,0,0,0,0,0,0,0,0,0,0,0,0,0,0,0,0,0
synthetic_safe_141,synthetic_safe,"[""SAFE""]",1,0,262.14323803548115,0.0,0.047293836913041204,611.9819992550242,4.740680298185229,0.0,0.0,0.0,0.0,0.10757018515653882,0.06645224681371337,0.0,0.0,0.0,0.0,0.0,0.0,0.0,0.0,0.0,0.0,0.0,0.0,0.07444902258640164,0.967738414689621,0.0,0.0,0.0,0.0,0.0,0.0,0.0,0.0,0.0,0.0,0.0,0.0,0.0,0.0,0.0,0.0,0.0,0.0,0.0,8.101512367853173,3.0,0.0,1.4422824544637436,0.0,0.9226808096990584,0.8219528757108592,0.0,0.0,0.0,0.0,0.0,0.0,0.0,,,,,,,,,,,,,,,,,,,,,,,,,,,,,,,0.0,0.0,0.0,0.0,0.0,0.0,0.0,0,0,0,0,0,0,0,0,0,0,0,0,0,0,0,0,0,0,0,0,0,0,0,0,0,0,0,0,0,0
synthetic_safe_142,synthetic_safe,"[""SAFE""]",1,0,262.2522389926962,0.0,0.05265354555269237,598.2883045113148,4.753433029909345,0.0,0.0,0.0,0.0,0.043290019452073135,0.09861026081567854,0.0,0.0,0.0,0.0,0.0,0.0,0.0,0.0,0.0,0.0,0.0,0.0,0.0404549042652022,0.9291528750132737,0.0,0.0,0.0,0.0,0.0,0.0,0.0,0.0,0.0,0.0,0.0,0.0,0.0,0.0,0.0,0.0,0.0,0.0,0.0,8.058855311411135,3.0,0.0,1.35180622774467,0.0,1.0002003669625283,0.8193794577463624,0.0,0.0,0.0,0.0,0.0,0.0,0.0,,,,,,,,,,,,,,,,,,,,,,,,,,,,,,,0.0,0.0,0.0,0.0,0.0,0.0,0.0,0,0,0,0,0,0,0,0,0,0,0,0,0,0,0,0,0,0,0,0,0,0,0,0,0,0,0,0,0,0
synthetic_safe_143,synthetic_safe,"[""SAFE""]",1,0,253.0197946946911,0.0,0.04874398710756034,607.1621006658894,4.719212326369226,0.0,0.0,0.0,0.0,0.10452406188010102,0.10292097135415952,0.0,0.0,0.0,0.0,0.0,0.0,0.0,0.0,0.0,0.0,0.0,0.0,0.06405806976973244,0.8926187129482424,0.0,0.0,0.0,0.0,0.0,0.0,0.0,0.0,0.0,0.0,0.0,0.0,0.0,0.0,0.0,0.0,0.0,0.0,0.0,8.077511687352185,3.0,0.0,1.4626489365888136,0.0,1.0846849500105704,0.762136804670377,0.0,0.0,0.0,0.0,0.0,0.0,0.0,,,,,,,,,,,,,,,,,,,,,,,,,,,,,,,0.0,0.0,0.0,0.0,0.0,0.0,0.0,0,0,0,0,0,0,0,0,0,0,0,0,0,0,0,0,0,0,0,0,0,0,0,0,0,0,0,0,0,0
synthetic_safe_144,synthetic_safe,"[""SAFE""]",1,0,276.7237549131086,0.0,0.052161268872855195,607.4770874193633,4.752423390780174,0.0,0.0,0.0,0.0,0.0871646114191405,0.035158800387116725,0.0,0.0,0.0,0.0,0.0,0.0,0.0,0.0,0.0,0.0,0.0,0.0,0.04904065204013405,0.9030198393307953,0.0,0.0,0.0,0.0,0.0,0.0,0.0,0.0,0.0,0.0,0.0,0.0,0.0,0.0,0.0,0.0,0.0,0.0,0.0,8.094216571071087,3.0,0.0,1.2603684761624756,0.0,1.4157005459911804,0.7676984830715761,0.0,0.0,0.0,0.0,0.0,0.0,0.0,,,,,,,,,,,,,,,,,,,,,,,,,,,,,,,0.0,0.0,0.0,0.0,0.0,0.0,0.0,0,0,0,0,0,0,0,0,0,0,0,0,0,0,0,0,0,0,0,0,0,0,0,0,0,0,0,0,0,0
synthetic_safe_145,synthetic_safe,"[""SAFE""]",1,0,262.995649732953,0.0,0.04923382305198285,535.894690059545,4.7664155471503715,0.0,0.0,0.0,0.0,0.11970563896487207,0.03754276984123662,0.0,0.0,0.0,0.0,0.0,0.0,0.0,0.0,0.0,0.0,0.0,0.0,0.06633853474750906,0.9436043156324485,0.0,0.0,0.0,0.0,0.0,0.0,0.0,0.0,0.0,0.0,0.0,0.0,0.0,0.0,0.0,0.0,0.0,0.0,0.0,8.074308523320514,3.0,0.0,1.1015333770598796,0.0,0.5454874458847427,0.7706174845209843,0.0,0.0,0.0,0.0,0.0,0.0,0.0,,,,,,,,,,,,,,,,,,,,,,,,,,,,,,,0.0,0.0,0.0,0.0,0.0,0.0,0.0,0,0,0,0,0,0,0,0,0,0,0,0,0,0,0,0,0,0,0,0,0,0,0,0,0,0,0,0,0,0
synthetic_safe_146,synthetic_safe,"[""SAFE""]",1,0,264.82081670603475,0.0,0.050136090304926426,616.0310135256574,4.721303314538281,0.0,0.0,0.0,0.0,0.123105817240076,0.06949659763412584,0.0,0.0,0.0,0.0,0.0,0.0,0.0,0.0,0.0,0.0,0.0,0.0,0.06999887812113945,0.9288331106619141,0.0,0.0,0.0,0.0,0.0,0.0,0.0,0.0,0.0,0.0,0.0,0.0,0.0,0.0,0.0,0.0,0.0,0.0,0.0,8.099669767552722,3.0,0.0,1.4206888898883905,0.0,1.001566798972176,0.7836427631472419,0.0,0.0,0.0,0.0,0.0,0.0,0.0,,,,,,,,,,,,,,,,,,,,,,,,,,,,,,,0.0,0.0,0.0,0.0,0.0,0.0,0.0,0,0,0,0,0,0,0,0,0,0,0,0,0,0,0,0,0,0,0,0,0,0,0,0,0,0,0,0,0,0
synthetic_safe_147,synthetic_safe,"[""SAFE""]",1,0,282.45195097244044,0.0,0.055991532092548216,583.3524180411068,4.730322531074232,0.0,0.0,0.0,0.0,0.08995891042918,0.07979037760232718,0.0,0.0,0.0,0.0,0.0,0.0,0.0,0.0,0.0,0.0,0.0,0.0,0.046913303038979434,0.9136839335446865,0.0,0.0,0.0,0.0,0.0,0.0,0.0,0.0,0.0,0.0,0.0,0.0,0.0,0.0,0.0,0.0,0.0,0.0,0.0,8.06793202850153,3.0,0.0,1.3287956793890994,0.0,1.2911027537358981,0.83609059461028,0.0,0.0,0.0,0.0,0.0,0.0,0.0,,,,,,,,,,,,,,,,,,,,,,,,,,,,,,,0.0,0.0,0.0,0.0,0.0,0.0,0.0,0,0,0,0,0,0,0,0,0,0,0,0,0,0,0,0,0,0,0,0,0,0,0,0,0,0,0,0,0,0
synthetic_safe_148,synthetic_safe,"[""SAFE""]",1,0,266.32118270889094,0.0,0.05322204201626348,632.9073529493475,4.716707262364001,0.0,0.0,0.0,0.0,0.13350621026748843,0.1325157769164289,0.0,0.0,0.0,0.0,0.0,0.0,0.0,0.0,0.0,0.0,0.0,0.0,0.0786898624961811,0.9170632227116651,0.0,0.0,0.0,0.0,0.0,0.0,0.0,0.0,0.0,0.0,0.0,0.0,0.0,0.0,0.0,0.0,0.0,0.0,0.0,8.060507388416001,3.0,0.0,1.2652484411661604,0.0,1.1440825569357012,0.777435958362469,0.0,0.0,0.0,0.0,0.0,0.0,0.0,,,,,,,,,,,,,,,,,,,,,,,,,,,,,,,0.0,0.0,0.0,0.0,0.0,0.0,0.0,0,0,0,0,0,0,0,0,0,0,0,0,0,0,0,0,0,0,0,0,0,0,0,0,0,0,0,0,0,0
synthetic_safe_149,synthetic_safe,"[""SAFE""]",1,0,272.4899528864597,0.0,0.04466045942684755,602.1564426183608,4.7399326316658925,0.0,0.0,0.0,0.0,0.07052222073020464,0.054818643844079445,0.0,0.0,0.0,0.0,0.0,0.0,0.0,0.0,0.0,0.0,0.0,0.0,0.03962149155338621,0.8932589294892879,0.0,0.0,0.0,0.0,0.0,0.0,0.0,0.0,0.0,0.0,0.0,0.0,0.0,0.0,0.0,0.0,0.0,0.0,0.0,8.087675382171682,3.0,0.0,1.448543252871165,0.0,1.416153886734422,0.7629343000405282,0.0,0.0,0.0,0.0,0.0,0.0,0.0,,,,,,,,,,,,,,,,,,,,,,,,,,,,,,,0.0,0.0,0.0,0.0,0.0,0.0,0.0,0,0,0,0,0,0,0,0,0,0,0,0,0,0,0,0,0,0,0,0,0,0,0,0,0,0,0,0,0,0
synthetic_safe_150,synthetic_safe,"[""SAFE""]",1,0,258.0199469165968,0.0,0.04690879393130053,614.1429669799024,4.728460192489835,0.0,0.0,0.0,0.0,0.061637862598404564,0.037555083290470866,0.0,0.0,0.0,0.0,0.0,0.0,0.0,0.0,0.0,0.0,0.0,0.0,0.07103072686391111,0.9146982586801526,0.0,0.0,0.0,0.0,0.0,0.0,0.0,0.0,0.0,0.0,0.0,0.0,0.0,0.0,0.0,0.0,0.0,0.0,0.0,8.060536724242088,3.0,0.0,1.349334727113584,0.0,0.7813034146524531,0.8101810653658488,0.0,0.0,0.0,0.0,0.0,0.0,0.0,,,,,,,,,,,,,,,,,,,,,,,,,,,,,,,0.0,0.0,0.0,0.0,0.0,0.0,0.0,0,0,0,0,0,0,0,0,0,0,0,0,0,0,0,0,0,0,0,0,0,0,0,0,0,0,0,0,0,0
synthetic_safe_151,synthetic_safe,"[""SAFE""]",1,0,264.78296550059474,0.0,0.05231674445584651,565.9584169996975,4.752385709777329,0.0,0.0,0.0,0.0,0.07203799322146982,0.034374113498574554,0.0,0.0,0.0,0.0,0.0,0.0,0.0,0.0,0.0,0.0,0.0,0.0,0.04922077031240436,0.8891746284873132,0.0,0.0,0.0,0.0,0.0,0.0,0.0,0.0,0.0,0.0,0.0,0.0,0.0,0.0,0.0,0.0,0.0,0.0,0.0,8.133893350939541,3.0,0.0,1.3665794562162927,0.0,1.1058074376963771,0.7679254223656667,0.0,0.0,0.0,0.0,0.0,0.0,0.0,,,,,,,,,,,,,,,,,,,,,,,,,,,,,,,0.0,0.0,0.0,0.0,0.0,0.0,0.0,0,0,0,0,0,0,0,0,0,0,0,0,0,0,0,0,0,0,0,0,0,0,0,0,0,0,0,0,0,0
synthetic_safe_152,synthetic_safe,"[""SAFE""]",1,0,263.21964072723495,0.0,0.04628865324009157,617.8976791720164,4.743769800709705,0.0,0.0,0.0,0.0,0.0458806604738306,0.11164585185718315,0.0,0.0,0.0,0.0,0.0,0.0,0.0,0.0,0.0,0.0,0.0,0.0,0.07577232073054324,0.9499934300260162,0.0,0.0,0.0,0.0,0.0,0.0,0.0,0.0,0.0,0.0,0.0,0.0,0.0,0.0,0.0,0.0,0.0,0.0,0.0,8.078216564742355,3.0,0.0,1.2816681009402904,0.0,1.2137875806463518,0.7382908835014695,0.0,0.0,0.0,0.0,0.0,0.0,0.0,,,,,,,,,,,,,,,,,,,,,,,,,,,,,,,0.0,0.0,0.0,0.0,0.0,0.0,0.0,0,0,0,0,0,0,0,0,0,0,0,0,0,0,0,0,0,0,0,0,0,0,0,0,0,0,0,0,0,0
synthetic_safe_153,synthetic_safe,"[""SAFE""]",1,0,245.3047827349091,0.0,0.04922571569535073,596.0759725971308,4.755321626650736,0.0,0.0,0.0,0.0,0.08397131081731637,0.09625579266014614,0.0,0.0,0.0,0.0,0.0,0.0,0.0,0.0,0.0,0.0,0.0,0.0,0.07868101593975507,0.9028750105927364,0.0,0.0,0.0,0.0,0.0,0.0,0.0,0.0,0.0,0.0,0.0,0.0,0.0,0.0,0.0,0.0,0.0,0.0,0.0,8.055544553315341,3.0,0.0,1.3811533352420864,0.0,1.375323553977987,0.8262878691463793,0.0,0.0,0.0,0.0,0.0,0.0,0.0,,,,,,,,,,,,,,,,,,,,,,,,,,,,,,,0.0,0.0,0.0,0.0,0.0,0.0,0.0,0,0,0,0,0,0,0,0,0,0,0,0,0,0,0,0,0,0,0,0,0,0,0,0,0,0,0,0,0,0
synthetic_safe_154,synthetic_safe,"[""SAFE""]",1,0,271.8040625415606,0.0,0.0457034499451732,587.023923383149,4.748024841686137,0.0,0.0,0.0,0.0,0.1266942411997874,0.11976927004009083,0.0,0.0,0.0,0.0,0.0,0.0,0.0,0.0,0.0,0.0,0.0,0.0,0.061910141213472256,0.8682497574670485,0.0,0.0,0.0,0.0,0.0,0.0,0.0,0.0,0.0,0.0,0.0,0.0,0.0,0.0,0.0,0.0,0.0,0.0,0.0,8.046291094641452,3.0,0.0,1.1210946247880242,0.0,0.7172056567170249,0.7753623414187093,0.0,0.0,0.0,0.0,0.0,0.0,0.0,,,,,,,,,,,,,,,,,,,,,,,,,,,,,,,0.0,0.0,0.0,0.0,0.0,0.0,0.0,0,0,0,0,0,0,0,0,0,0,0,0,0,0,0,0,0,0,0,0,0,0,0,0,0,0,0,0,0,0
synthetic_safe_155,synthetic_safe,"[""SAFE""]",1,0,259.72739735996896,0.0,0.04689541987221209,614.8976905176133,4.7195674068871805,0.0,0.0,0.0,0.0,0.09353883727408493,0.08179538906261716,0.0,0.0,0.0,0.0,0.0,0.0,0.0,0.0,0.0,0.0,0.0,0.0,0.06582575419121145,0.9069028161872379,0.0,0.0,0.0,0.0,0.0,0.0,0.0,0.0,0.0,0.0,0.0,0.0,0.0,0.0,0.0,0.0,0.0,0.0,0.0,8.045779027326859,3.0,0.0,1.3852629630792022,0.0,1.0070557539279672,0.7636527072421335,0.0,0.0,0.0,0.0,0.0,0.0,0.0,,,,,,,,,,,,,,,,,,,,,,,,,,,,,,,0.0,0.0,0.0,0.0,0.0,0.0,0.0,0,0,0,0,0,0,0,0,0,0,0,0,0,0,0,0,0,0,0,0,0,0,0,0,0,0,0,0,0,0
synthetic_safe_156,synthetic_safe,"[""SAFE""]",1,0,261.01818612127204,0.0,0.049221168601951394,574.8854160602999,4.7389083749109,0.0,0.0,0.0,0.0,0.06601764322815354,0.07787174418433156,0.0,0.0,0.0,0.0,0.0,0.0,0.0,0.0,0.0,0.0,0.0,0.0,0.0740925419276839,0.8543830708016326,0.0,0.0,0.0,0.0,0.0,0.0,0.0,0.0,0.0,0.0,0.0,0.0,0.0,0.0,0.0,0.0,0.0,0.0,0.0,8.05947127232195,3.0,0.0,1.187523338909396,0.0,1.6058523860353864,0.7325611992551024,0.0,0.0,0.0,0.0,0.0,0.0,0.0,,,,,,,,,,,,,,,,,,,,,,,,,,,,,,,0.0,0.0,0.0,0.0,0.0,0.0,0.0,0,0,0,0,0,0,0,0,0,0,0,0,0,0,0,0,0,0,0,0,0,0,0,0,0,0,0,0,0,0
synthetic_safe_157,synthetic_safe,"[""SAFE""]",1,0,274.49598869828196,0.0,0.04474099172103341,603.1078632047086,4.724931089776162,0.0,0.0,0.0,0.0,0.02385656396725771,0.05015752827748207,0.0,0.0,0.0,0.0,0.0,0.0,0.0,0.0,0.0,0.0,0.0,0.0,0.06214485778066979,0.9003545596545934,0.0,0.0,0.0,0.0,0.0,0.0,0.0,0.0,0.0,0.0,0.0,0.0,0.0,0.0,0.0,0.0,0.0,0.0,0.0,8.077093132761055,3.0,0.0,1.366272642759656,0.0,1.0891904639384489,0.7099544726947729,0.0,0.0,0.0,0.0,0.0,0.0,0.0,,,,,,,,,,,,,,,,,,,,,,,,,,,,,,,0.0,0.0,0.0,0.0,0.0,0.0,0.0,0,0,0,0,0,0,0,0,0,0,0,0,0,0,0,0,0,0,0,0,0,0,0,0,0,0,0,0,0,0
synthetic_safe_158,synthetic_safe,"[""SAFE""]",1,0,259.1724667627851,0.0,0.06218926704197491,634.5245542217929,4.723832589210187,0.0,0.0,0.0,0.0,0.10991782736750498,0.08650886057295634,0.0,0.0,0.0,0.0,0.0,0.0,0.0,0.0,0.0,0.0,0.0,0.0,0.0720897790123573,0.9259368902377665,0.0,0.0,0.0,0.0,0.0,0.0,0.0,0.0,0.0,0.0,0.0,0.0,0.0,0.0,0.0,0.0,0.0,0.0,0.0,8.058791535312347,3.0,0.0,1.1225651263148761,0.0,1.5917645270107823,0.7802818652136535,0.0,0.0,0.0,0.0,0.0,0.0,0.0,,,,,,,,,,,,,,,,,,,,,,,,,,,,,,,0.0,0.0,0.0,0.0,0.0,0.0,0.0,0,0,0,0,0,0,0,0,0,0,0,0,0,0,0,0,0,0,0,0,0,0,0,0,0,0,0,0,0,0
synthetic_safe_159,synthetic_safe,"[""SAFE""]",1,0,262.11254288003767,0.0,0.06045650026581022,584.9372670439085,4.718230800325322,0.0,0.0,0.0,0.0,0.0940474660596,0.05824592638184069,0.0,0.0,0.0,0.0,0.0,0.0,0.0,0.0,0.0,0.0,0.0,0.0,0.06690435397847293,0.9264742100939741,0.0,0.0,0.0,0.0,0.0,0.0,0.0,0.0,0.0,0.0,0.0,0.0,0.0,0.0,0.0,0.0,0.0,0.0,0.0,8.072856243231335,3.0,0.0,1.2054251550831316,0.0,0.9931802703204535,0.7632959704733174,0.0,0.0,0.0,0.0,0.0,0.0,0.0,,,,,,,,,,,,,,,,,,,,,,,,,,,,,,,0.0,0.0,0.0,0.0,0.0,0.0,0.0,0,0,0,0,0,0,0,0,0,0,0,0,0,0,0,0,0,0,0,0,0,0,0,0,0,0,0,0,0,0
synthetic_safe_160,synthetic_safe,"[""SAFE""]",1,0,262.1488691237648,0.0,0.058322536555246524,603.2536838224424,4.729011721081722,0.0,0.0,0.0,0.0,0.08229428786201656,0.07700422863763856,0.0,0.0,0.0,0.0,0.0,0.0,0.0,0.0,0.0,0.0,0.0,0.0,0.07655467032047467,0.8966055584124963,0.0,0.0,0.0,0.0,0.0,0.0,0.0,0.0,0.0,0.0,0.0,0.0,0.0,0.0,0.0,0.0,0.0,0.0,0.0,8.090422857260979,3.0,0.0,1.1911008534710703,0.0,1.0205213652429803,0.7892122080540528,0.0,0.0,0.0,0.0,0.0,0.0,0.0,,,,,,,,,,,,,,,,,,,,,,,,,,,,,,,0.0,0.0,0.0,0.0,0.0,0.0,0.0,0,0,0,0,0,0,0,0,0,0,0,0,0,0,0,0,0,0,0,0,0,0,0,0,0,0,0,0,0,0
synthetic_safe_161,synthetic_safe,"[""SAFE""]",1,0,255.823315651615,0.0,0.05812228791877657,644.1233810348334,4.749954428381838,0.0,0.0,0.0,0.0,0.08699076631922827,0.04437242647099685,0.0,0.0,0.0,0.0,0.0,0.0,0.0,0.0,0.0,0.0,0.0,0.0,0.0495837615696814,0.9016161111296271,0.0,0.0,0.0,0.0,0.0,0.0,0.0,0.0,0.0,0.0,0.0,0.0,0.0,0.0,0.0,0.0,0.0,0.0,0.0,8.04555287737462,3.0,0.0,1.2971391500433456,0.0,1.1182747456461515,0.8115987960972071,0.0,0.0,0.0,0.0,0.0,0.0,0.0,,,,,,,,,,,,,,,,,,,,,,,,,,,,,,,0.0,0.0,0.0,0.0,0.0,0.0,0.0,0,0,0,0,0,0,0,0,0,0,0,0,0,0,0,0,0,0,0,0,0,0,0,0,0,0,0,0,0,0
synthetic_safe_162,synthetic_safe,"[""SAFE""]",1,0,277.86836218080356,0.0,0.05012537342255642,630.3296023272445,4.710658228086495,0.0,0.0,0.0,0.0,0.12874669681689288,0.038265530784176466,0.0,0.0,0.0,0.0,0.0,0.0,0.0,0.0,0.0,0.0,0.0,0.0,0.03637142910308414,0.9510777998016973,0.0,0.0,0.0,0.0,0.0,0.0,0.0,0.0,0.0,0.0,0.0,0.0,0.0,0.0,0.0,0.0,0.0,0.0,0.0,8.046052233156088,3.0,0.0,1.2545127624817742,0.0,1.009802118443256,0.7214909732706704,0.0,0.0,0.0,0.0,0.0,0.0,0.0,,,,,,,,,,,,,,,,,,,,,,,,,,,,,,,0.0,0.0,0.0,0.0,0.0,0.0,0.0,0,0,0,0,0,0,0,0,0,0,0,0,0,0,0,0,0,0,0,0,0,0,0,0,0,0,0,0,0,0
synthetic_safe_163,synthetic_safe,"[""SAFE""]",1,0,267.6702579882381,0.0,0.056746880419543164,612.5063301442253,4.740934237489226,0.0,0.0,0.0,0.0,0.08199621413970734,0.025509795025412847,0.0,0.0,0.0,0.0,0.0,0.0,0.0,0.0,0.0,0.0,0.0,0.0,0.11246225804202349,0.8706659784183046,0.0,0.0,0.0,0.0,0.0,0.0,0.0,0.0,0.0,0.0,0.0,0.0,0.0,0.0,0.0,0.0,0.0,0.0,0.0,8.076147344937866,3.0,0.0,1.4263186840438773,0.0,0.8800934845704179,0.7791543416154205,0.0,0.0,0.0,0.0,0.0,0.0,0.0,,,,,,,,,,,,,,,,,,,,,,,,,,,,,,,0.0,0.0,0.0,0.0,0.0,0.0,0.0,0,0,0,0,0,0,0,0,0,0,0,0,0,0,0,0,0,0,0,0,0,0,0,0,0,0,0,0,0,0
synthetic_safe_164,synthetic_safe,"[""SAFE""]",1,0,276.5313098732005,0.0,0.05707412715183945,544.8131941514968,4.745804329055441,0.0,0.0,0.0,0.0,0.06025906098785505,0.09854795818562831,0.0,0.0,0.0,0.0,0.0,0.0,0.0,0.0,0.0,0.0,0.0,0.0,0.09853227246802415,0.8793324787348709,0.0,0.0,0.0,0.0,0.0,0.0,0.0,0.0,0.0,0.0,0.0,0.0,0.0,0.0,0.0,0.0,0.0,0.0,0.0,8.09323562442277,3.0,0.0,1.2085304151160814,0.0,0.9383458867529901,0.8207474821142667,0.0,0.0,0.0,0.0,0.0,0.0,0.0,,,,,,,,,,,,,,,,,,,,,,,,,,,,,,,0.0,0.0,0.0,0.0,0.0,0.0,0.0,0,0,0,0,0,0,0,0,0,0,0,0,0,0,0,0,0,0,0,0,0,0,0,0,0,0,0,0,0,0
synthetic_safe_165,synthetic_safe,"[""SAFE""]",1,0,255.82615859775842,0.0,0.04488931236149893,525.3423956433932,4.7185178283603655,0.0,0.0,0.0,0.0,0.04962037142907364,0.0,0.0,0.0,0.0,0.0,0.0,0.0,0.0,0.0,0.0,0.0,0.0,0.0,0.024376850126496583,0.9186382488950188,0.0,0.0,0.0,0.0,0.0,0.0,0.0,0.0,0.0,0.0,0.0,0.0,0.0,0.0,0.0,0.0,0.0,0.0,0.0,8.132570840175445,3.0,0.0,1.405170311254169,0.0,1.575198289630162,0.7787273227264463,0.0,0.0,0.0,0.0,0.0,0.0,0.0,,,,,,,,,,,,,,,,,,,,,,,,,,,,,,,0.0,0.0,0.0,0.0,0.0,0.0,0.0,0,0,0,0,0,0,0,0,0,0,0,0,0,0,0,0,0,0,0,0,0,0,0,0,0,0,0,0,0,0
synthetic_safe_166,synthetic_safe,"[""SAFE""]",1,0,260.2333801555635,0.0,0.052582216443903027,617.6855849199674,4.748483553434961,0.0,0.0,0.0,0.0,0.11083766664073524,0.06117492084918957,0.0,0.0,0.0,0.0,0.0,0.0,0.0,0.0,0.0,0.0,0.0,0.0,0.0828840506648537,0.9103259909742067,0.0,0.0,0.0,0.0,0.0,0.0,0.0,0.0,0.0,0.0,0.0,0.0,0.0,0.0,0.0,0.0,0.0,0.0,0.0,8.122557012667313,3.0,0.0,1.2316988079145803,0.0,0.9283748835261351,0.7131144988665848,0.0,0.0,0.0,0.0,0.0,0.0,0.0,,,,,,,,,,,,,,,,,,,,,,,,,,,,,,,0.0,0.0,0.0,0.0,0.0,0.0,0.0,0,0,0,0,0,0,0,0,0,0,0,0,0,0,0,0,0,0,0,0,0,0,0,0,0,0,0,0,0,0
synthetic_safe_167,synthetic_safe,"[""SAFE""]",1,0,255.22662078863874,0.0,0.04570525255017983,636.3876029363955,4.727296706486037,0.0,0.0,0.0,0.0,0.07553409102243898,0.11774093765846474,0.0,0.0,0.0,0.0,0.0,0.0,0.0,0.0,0.0,0.0,0.0,0.0,0.039793561798838493,0.898512907303983,0.0,0.0,0.0,0.0,0.0,0.0,0.0,0.0,0.0,0.0,0.0,0.0,0.0,0.0,0.0,0.0,0.0,0.0,0.0,8.066539365678844,3.0,0.0,1.1396831521766109,0.0,1.0563052785653668,0.6944524688816037,0.0,0.0,0.0,0.0,0.0,0.0,0.0,,,,,,,,,,,,,,,,,,,,,,,,,,,,,,,0.0,0.0,0.0,0.0,0.0,0.0,0.0,0,0,0,0,0,0,0,0,0,0,0,0,0,0,0,0,0,0,0,0,0,0,0,0,0,0,0,0,0,0
synthetic_safe_168,synthetic_safe,"[""SAFE""]",1,0,278.6972126422293,0.0,0.06080173953837521,593.9927931916262,4.735992533767539,0.0,0.0,0.0,0.0,0.07112873532564709,0.06563448717047679,0.0,0.0,0.0,0.0,0.0,0.0,0.0,0.0,0.0,0.0,0.0,0.0,0.06729454980210915,0.9485313426769715,0.0,0.0,0.0,0.0,0.0,0.0,0.0,0.0,0.0,0.0,0.0,0.0,0.0,0.0,0.0,0.0,0.0,0.0,0.0,8.084947894309865,3.0,0.0,1.193840938301275,0.0,1.1955477231463765,0.7857876395389098,0.0,0.0,0.0,0.0,0.0,0.0,0.0,,,,,,,,,,,,,,,,,,,,,,,,,,,,,,,0.0,0.0,0.0,0.0,0.0,0.0,0.0,0,0,0,0,0,0,0,0,0,0,0,0,0,0,0,0,0,0,0,0,0,0,0,0,0,0,0,0,0,0
synthetic_safe_169,synthetic_safe,"[""SAFE""]",1,0,264.6817881932912,0.0,0.05141072779770265,623.8829297360014,4.747749155405288,0.0,0.0,0.0,0.0,0.0405211902194296,0.08361856113412813,0.0,0.0,0.0,0.0,0.0,0.0,0.0,0.0,0.0,0.0,0.0,0.0,0.075372787873134,0.9208972065796531,0.0,0.0,0.0,0.0,0.0,0.0,0.0,0.0,0.0,0.0,0.0,0.0,0.0,0.0,0.0,0.0,0.0,0.0,0.0,8.08371530598883,3.0,0.0,1.1226814576134936,0.0,0.8575052596087083,0.7260380243498054,0.0,0.0,0.0,0.0,0.0,0.0,0.0,,,,,,,,,,,,,,,,,,,,,,,,,,,,,,,0.0,0.0,0.0,0.0,0.0,0.0,0.0,0,0,0,0,0,0,0,0,0,0,0,0,0,0,0,0,0,0,0,0,0,0,0,0,0,0,0,0,0,0
synthetic_safe_170,synthetic_safe,"[""SAFE""]",1,0,276.9235694633092,0.0,0.05425086478511027,602.7881539004984,4.748077768614327,0.0,0.0,0.0,0.0,0.09953610068888351,0.044162450796719196,0.0,0.0,0.0,0.0,0.0,0.0,0.0,0.0,0.0,0.0,0.0,0.0,0.07895381909586832,0.9049014077913594,0.0,0.0,0.0,0.0,0.0,0.0,0.0,0.0,0.0,0.0,0.0,0.0,0.0,0.0,0.0,0.0,0.0,0.0,0.0,8.060357539777321,3.0,0.0,1.3283347468928544,0.0,1.027281270403347,0.7854943978052397,0.0,0.0,0.0,0.0,0.0,0.0,0.0,,,,,,,,,,,,,,,,,,,,,,,,,,,,,,,0.0,0.0,0.0,0.0,0.0,0.0,0.0,0,0,0,0,0,0,0,0,0,0,0,0,0,0,0,0,0,0,0,0,0,0,0,0,0,0,0,0,0,0
synthetic_safe_171,synthetic_safe,"[""SAFE""]",1,0,267.56342985098127,0.0,0.05193111724282401,639.7022515618719,4.750277780264413,0.0,0.0,0.0,0.0,0.10634437732240175,0.10187242053274576,0.0,0.0,0.0,0.0,0.0,0.0,0.0,0.0,0.0,0.0,0.0,0.0,0.062003195738918375,0.9180041463099254,0.0,0.0,0.0,0.0,0.0,0.0,0.0,0.0,0.0,0.0,0.0,0.0,0.0,0.0,0.0,0.0,0.0,0.0,0.0,8.12700332097352,3.0,0.0,1.0921834522607707,0.0,1.6438800088503855,0.7774950061315469,0.0,0.0,0.0,0.0,0.0,0.0,0.0,,,,,,,,,,,,,,,,,,,,,,,,,,,,,,,0.0,0.0,0.0,0.0,0.0,0.0,0.0,0,0,0,0,0,0,0,0,0,0,0,0,0,0,0,0,0,0,0,0,0,0,0,0,0,0,0,0,0,0
synthetic_safe_172,synthetic_safe,"[""SAFE""]",1,0,229.68908550996082,0.0,0.056141869148410364,589.5771114780154,4.728329684973255,0.0,0.0,0.0,0.0,0.029046515751838343,0.07247299339888724,0.0,0.0,0.0,0.0,0.0,0.0,0.0,0.0,0.0,0.0,0.0,0.0,0.07356504861782219,0.9609507533487294,0.0,0.0,0.0,0.0,0.0,0.0,0.0,0.0,0.0,0.0,0.0,0.0,0.0,0.0,0.0,0.0,0.0,0.0,0.0,8.100784408899447,3.0,0.0,1.4743108377369867,0.0,1.0792784582462227,0.7825169647984794,0.0,0.0,0.0,0.0,0.0,0.0,0.0,,,,,,,,,,,,,,,,,,,,,,,,,,,,,,,0.0,0.0,0.0,0.0,0.0,0.0,0.0,0,0,0,0,0,0,0,0,0,0,0,0,0,0,0,0,0,0,0,0,0,0,0,0,0,0,0,0,0,0
synthetic_safe_173,synthetic_safe,"[""SAFE""]",1,0,261.991357058064,0.0,0.0518239191262959,644.5821438583381,4.731514951031356,0.0,0.0,0.0,0.0,0.06847311156468804,0.09413267544748877,0.0,0.0,0.0,0.0,0.0,0.0,0.0,0.0,0.0,0.0,0.0,0.0,0.10728077734082897,0.9573709718288732,0.0,0.0,0.0,0.0,0.0,0.0,0.0,0.0,0.0,0.0,0.0,0.0,0.0,0.0,0.0,0.0,0.0,0.0,0.0,8.130977587940864,3.0,0.0,1.438291896767953,0.0,0.634294602779479,0.7152968267771507,0.0,0.0,0.0,0.0,0.0,0.0,0.0,,,,,,,,,,,,,,,,,,,,,,,,,,,,,,,0.0,0.0,0.0,0.0,0.0,0.0,0.0,0,0,0,0,0,0,0,0,0,0,0,0,0,0,0,0,0,0,0,0,0,0,0,0,0,0,0,0,0,0
synthetic_safe_174,synthetic_safe,"[""SAFE""]",1,0,261.53622087607584,0.0,0.048046875210527085,558.5464801293022,4.733107163197771,0.0,0.0,0.0,0.0,0.05480480882990822,0.08747681132440879,0.0,0.0,0.0,0.0,0.0,0.0,0.0,0.0,0.0,0.0,0.0,0.0,0.10744248458666986,0.8835553336458579,0.0,0.0,0.0,0.0,0.0,0.0,0.0,0.0,0.0,0.0,0.0,0.0,0.0,0.0,0.0,0.0,0.0,0.0,0.0,8.097292385156397,3.0,0.0,1.3773740758155888,0.0,1.149951961419124,0.8275347027616521,0.0,0.0,0.0,0.0,0.0,0.0,0.0,,,,,,,,,,,,,,,,,,,,,,,,,,,,,,,0.0,0.0,0.0,0.0,0.0,0.0,0.0,0,0,0,0,0,0,0,0,0,0,0,0,0,0,0,0,0,0,0,0,0,0,0,0,0,0,0,0,0,0
synthetic_safe_175,synthetic_safe,"[""SAFE""]",1,0,246.29200118495163,0.0,0.05720560690937737,622.5358435432124,4.736318468861534,0.0,0.0,0.0,0.0,0.0712881957783473,0.07246735644950246,0.0,0.0,0.0,0.0,0.0,0.0,0.0,0.0,0.0,0.0,0.0,0.0,0.0758654142825773,0.9172377344406195,0.0,0.0,0.0,0.0,0.0,0.0,0.0,0.0,0.0,0.0,0.0,0.0,0.0,0.0,0.0,0.0,0.0,0.0,0.0,8.100265755794195,3.0,0.0,1.2819688064675525,0.0,0.7887003645146866,0.753003590306262,0.0,0.0,0.0,0.0,0.0,0.0,0.0,,,,,,,,,,,,,,,,,,,,,,,,,,,,,,,0.0,0.0,0.0,0.0,0.0,0.0,0.0,0,0,0,0,0,0,0,0,0,0,0,0,0,0,0,0,0,0,0,0,0,0,0,0,0,0,0,0,0,0
synthetic_safe_176,synthetic_safe,"[""SAFE""]",1,0,262.5778360184729,0.0,0.04957733406206487,617.2110229792798,4.714288227840016,0.0,0.0,0.0,0.0,0.03052007542116554,0.06079292874892911,0.0,0.0,0.0,0.0,0.0,0.0,0.0,0.0,0.0,0.0,0.0,0.0,0.035043401522124824,1.0142630118662344,0.0,0.0,0.0,0.0,0.0,0.0,0.0,0.0,0.0,0.0,0.0,0.0,0.0,0.0,0.0,0.0,0.0,0.0,0.0,8.060481784374758,3.0,0.0,1.185511088274982,0.0,1.3786440278443859,0.733542680187008,0.0,0.0,0.0,0.0,0.0,0.0,0.0,,,,,,,,,,,,,,,,,,,,,,,,,,,,,,,0.0,0.0,0.0,0.0,0.0,0.0,0.0,0,0,0,0,0,0,0,0,0,0,0,0,0,0,0,0,0,0,0,0,0,0,0,0,0,0,0,0,0,0
synthetic_safe_177,synthetic_safe,"[""SAFE""]",1,0,263.99091245407664,0.0,0.05054264164808184,642.8127119276345,4.751668684121879,0.0,0.0,0.0,0.0,0.07581264457966373,0.11944119482314489,0.0,0.0,0.0,0.0,0.0,0.0,0.0,0.0,0.0,0.0,0.0,0.0,0.09345540301115285,0.8967257635299442,0.0,0.0,0.0,0.0,0.0,0.0,0.0,0.0,0.0,0.0,0.0,0.0,0.0,0.0,0.0,0.0,0.0,0.0,0.0,8.050643302525744,3.0,0.0,1.4381590125427464,0.0,1.184403659819358,0.7915315181520554,0.0,0.0,0.0,0.0,0.0,0.0,0.0,,,,,,,,,,,,,,,,,,,,,,,,,,,,,,,0.0,0.0,0.0,0.0,0.0,0.0,0.0,0,0,0,0,0,0,0,0,0,0,0,0,0,0,0,0,0,0,0,0,0,0,0,0,0,0,0,0,0,0
synthetic_safe_178,synthetic_safe,"[""SAFE""]",1,0,272.5077293409062,0.0,0.05020039881529983,603.5029520541137,4.726421309694738,0.0,0.0,0.0,0.0,0.05697268288199909,0.0733015653338854,0.0,0.0,0.0,0.0,0.0,0.0,0.0,0.0,0.0,0.0,0.0,0.0,0.11286564887851198,0.923425712170172,0.0,0.0,0.0,0.0,0.0,0.0,0.0,0.0,0.0,0.0,0.0,0.0,0.0,0.0,0.0,0.0,0.0,0.0,0.0,8.066741161814267,3.0,0.0,1.407877616150662,0.0,1.3037697519599,0.7554414968356776,0.0,0.0,0.0,0.0,0.0,0.0,0.0,,,,,,,,,,,,,,,,,,,,,,,,,,,,,,,0.0,0.0,0.0,0.0,0.0,0.0,0.0,0,0,0,0,0,0,0,0,0,0,0,0,0,0,0,0,0,0,0,0,0,0,0,0,0,0,0,0,0,0
synthetic_safe_179,synthetic_safe,"[""SAFE""]",1,0,264.5302172942097,0.0,0.051043966316184804,595.6851247320277,4.744748004471449,0.0,0.0,0.0,0.0,0.09106480474680838,0.09682956699418582,0.0,0.0,0.0,0.0,0.0,0.0,0.0,0.0,0.0,0.0,0.0,0.0,0.09141309997397536,0.9106350843999405,0.0,0.0,0.0,0.0,0.0,0.0,0.0,0.0,0.0,0.0,0.0,0.0,0.0,0.0,0.0,0.0,0.0,0.0,0.0,8.050354938896195,3.0,0.0,1.5242393974869173,0.0,1.3724965064554902,0.7914631527161465,0.0,0.0,0.0,0.0,0.0,0.0,0.0,,,,,,,,,,,,,,,,,,,,,,,,,,,,,,,0.0,0.0,0.0,0.0,0.0,0.0,0.0,0,0,0,0,0,0,0,0,0,0,0,0,0,0,0,0,0,0,0,0,0,0,0,0,0,0,0,0,0,0
synthetic_safe_180,synthetic_safe,"[""SAFE""]",1,0,268.68571954958225,0.0,0.0439697852431268,655.1403416750973,4.743298501160839,0.0,0.0,0.0,0.0,0.07418817200920942,0.1324464159717149,0.0,0.0,0.0,0.0,0.0,0.0,0.0,0.0,0.0,0.0,0.0,0.0,0.04085507706487044,0.9628457228705621,0.0,0.0,0.0,0.0,0.0,0.0,0.0,0.0,0.0,0.0,0.0,0.0,0.0,0.0,0.0,0.0,0.0,0.0,0.0,8.101137572838677,3.0,0.0,0.97110140878686,0.0,0.6632255527909314,0.7975737833366744,0.0,0.0,0.0,0.0,0.0,0.0,0.0,,,,,,,,,,,,,,,,,,,,,,,,,,,,,,,0.0,0.0,0.0,0.0,0.0,0.0,0.0,0,0,0,0,0,0,0,0,0,0,0,0,0,0,0,0,0,0,0,0,0,0,0,0,0,0,0,0,0,0
synthetic_safe_181,synthetic_safe,"[""SAFE""]",1,0,269.87822139395814,0.0,0.047094082742376066,603.0176230713238,4.718909779758948,0.0,0.0,0.0,0.0,0.1130598094891154,0.058478410920695806,0.0,0.0,0.0,0.0,0.0,0.0,0.0,0.0,0.0,0.0,0.0,0.0,0.1214063180347005,0.9419195721229966,0.0,0.0,0.0,0.0,0.0,0.0,0.0,0.0,0.0,0.0,0.0,0.0,0.0,0.0,0.0,0.0,0.0,0.0,0.0,8.101040679259533,3.0,0.0,1.2761644928930902,0.0,1.2382398064447742,0.8001016624853324,0.0,0.0,0.0,0.0,0.0,0.0,0.0,,,,,,,,,,,,,,,,,,,,,,,,,,,,,,,0.0,0.0,0.0,0.0,0.0,0.0,0.0,0,0,0,0,0,0,0,0,0,0,0,0,0,0,0,0,0,0,0,0,0,0,0,0,0,0,0,0,0,0
synthetic_safe_182,synthetic_safe,"[""SAFE""]",1,0,257.3740843076108,0.0,0.054481927148082546,548.5763762913924,4.713393487229668,0.0,0.0,0.0,0.0,0.07982177473905436,0.09351338738143582,0.0,0.0,0.0,0.0,0.0,0.0,0.0,0.0,0.0,0.0,0.0,0.0,0.0890536123326277,0.9074385840607265,0.0,0.0,0.0,0.0,0.0,0.0,0.0,0.0,0.0,0.0,0.0,0.0,0.0,0.0,0.0,0.0,0.0,0.0,0.0,8.067037567238314,3.0,0.0,1.2738212982190864,0.0,0.9211038256679964,0.7728857046530024,0.0,0.0,0.0,0.0,0.0,0.0,0.0,,,,,,,,,,,,,,,,,,,,,,,,,,,,,,,0.0,0.0,0.0,0.0,0.0,0.0,0.0,0,0,0,0,0,0,0,0,0,0,0,0,0,0,0,0,0,0,0,0,0,0,0,0,0,0,0,0,0,0
synthetic_safe_183,synthetic_safe,"[""SAFE""]",1,0,260.34698777199736,0.0,0.05370925252834606,544.9793903726014,4.751296881011196,0.0,0.0,0.0,0.0,0.07019272023453159,0.14848749804918404,0.0,0.0,0.0,0.0,0.0,0.0,0.0,0.0,0.0,0.0,0.0,0.0,0.09285368800722965,0.9092823741954554,0.0,0.0,0.0,0.0,0.0,0.0,0.0,0.0,0.0,0.0,0.0,0.0,0.0,0.0,0.0,0.0,0.0,0.0,0.0,8.1229318441744,3.0,0.0,1.395032770548058,0.0,1.5811082746454224,0.771156275644545,0.0,0.0,0.0,0.0,0.0,0.0,0.0,,,,,,,,,,,,,,,,,,,,,,,,,,,,,,,0.0,0.0,0.0,0.0,0.0,0.0,0.0,0,0,0,0,0,0,0,0,0,0,0,0,0,0,0,0,0,0,0,0,0,0,0,0,0,0,0,0,0,0
synthetic_safe_184,synthetic_safe,"[""SAFE""]",1,0,262.943984064188,0.0,0.046271250777853296,569.3149169563497,4.722847283908307,0.0,0.0,0.0,0.0,0.0018287158444460772,0.08420745503354747,0.0,0.0,0.0,0.0,0.0,0.0,0.0,0.0,0.0,0.0,0.0,0.0,0.06857663361999544,0.9409026896110233,0.0,0.0,0.0,0.0,0.0,0.0,0.0,0.0,0.0,0.0,0.0,0.0,0.0,0.0,0.0,0.0,0.0,0.0,0.0,8.077364303719875,3.0,0.0,1.30376420501505,0.0,0.975078009207945,0.7424140273252339,0.0,0.0,0.0,0.0,0.0,0.0,0.0,,,,,,,,,,,,,,,,,,,,,,,,,,,,,,,0.0,0.0,0.0,0.0,0.0,0.0,0.0,0,0,0,0,0,0,0,0,0,0,0,0,0,0,0,0,0,0,0,0,0,0,0,0,0,0,0,0,0,0
synthetic_safe_185,synthetic_safe,"[""SAFE""]",1,0,267.58363904865047,0.0,0.06459762525224122,555.3385572961181,4.749953919294732,0.0,0.0,0.0,0.0,0.11313342635549517,0.057139392105325516,0.0,0.0,0.0,0.0,0.0,0.0,0.0,0.0,0.0,0.0,0.0,0.0,0.10514432094905969,0.9102379327500763,0.0,0.0,0.0,0.0,0.0,0.0,0.0,0.0,0.0,0.0,0.0,0.0,0.0,0.0,0.0,0.0,0.0,0.0,0.0,8.118049461020751,3.0,0.0,1.3403104985700725,0.0,0.8158904102308171,0.7891783926688157,0.0,0.0,0.0,0.0,0.0,0.0,0.0,,,,,,,,,,,,,,,,,,,,,,,,,,,,,,,0.0,0.0,0.0,0.0,0.0,0.0,0.0,0,0,0,0,0,0,0,0,0,0,0,0,0,0,0,0,0,0,0,0,0,0,0,0,0,0,0,0,0,0
synthetic_safe_186,synthetic_safe,"[""SAFE""]",1,0,268.5328903623006,0.0,0.05227127455000614,592.2360800968593,4.745561419688099,0.0,0.0,0.0,0.0,0.08142233943538042,0.03156828523838202,0.0,0.0,0.0,0.0,0.0,0.0,0.0,0.0,0.0,0.0,0.0,0.0,0.09086199322116124,0.9139551696599374,0.0,0.0,0.0,0.0,0.0,0.0,0.0,0.0,0.0,0.0,0.0,0.0,0.0,0.0,0.0,0.0,0.0,0.0,0.0,8.066300589951673,3.0,0.0,1.3159322337968768,0.0,1.3243114211120592,0.7185312302957625,0.0,0.0,0.0,0.0,0.0,0.0,0.0,,,,,,,,,,,,,,,,,,,,,,,,,,,,,,,0.0,0.0,0.0,0.0,0.0,0.0,0.0,0,0,0,0,0,0,0,0,0,0,0,0,0,0,0,0,0,0,0,0,0,0,0,0,0,0,0,0,0,0
synthetic_SQLi_0,synthetic_single,"[""SQLi""]",0,1,196.3710461637887,0.0,0.0006487807333125075,0.0,4.431760729616658,0.0,0.0,0.0,0.0,0.08894312710676258,0.0,0.009944068491093238,0.008268246313953346,0.008598937190272812,0.0,0.06371123146631681,0.0,0.0,0.0,0.0,0.0,0.0,0.0,0.007491569983253364,0.0,0.0,0.0,0.0,0.0,0.0,0.0,0.0,0.0,0.0,0.0,0.0,0.0,0.0,0.0,0.0,0.0,0.0,0.0,0.0,7.991697897924764,2.9969044024773543,0.0,0.3820858120284919,0.0013039232621935614,1.0988434080767269,0.044341251549529885,0.0,0.0,0.0,0.012822202427711257,0.0,0.0,0.0,,,,,,,,,,,,,,,,,,,,,,,,,,,,,,,277.9285281268812,0.0,0.0007879605264189923,0.0,0.0,0.0,0.26167648292455314,1,0,0,0,0,0,0,0,0,0,0,0,0,0,0,0,0,0,0,0,0,0,0,0,0,0,0,0,0,0
synthetic_SQLi_1,synthetic_single,"[""SQLi""]",0,1,205.09270642611733,0.0,0.0,106.52847467723915,4.450879352546228,0.021996818171530975,0.0,0.0,0.0,0.005276266855168306,0.0,0.0,0.0,0.050230918124172574,0.0,0.0,0.003640711373582991,0.0,0.0,0.0,0.0,0.0,0.0,0.014523375293973698,0.0025784905948079877,0.0,0.0,0.004611588804117732,0.0,0.0,0.0,0.0,0.0,0.0,0.0,0.0,0.0,0.0,0.0,0.0,0.0,0.004093186398683851,0.0,0.0,9.53071908976019,3.38616478332759,0.38419919311959805,0.4437867210689754,0.005383992843855923,0.7963856393865276,0.0,0.0,0.0,0.0,0.0020008132877968937,0.0,0.0,0.0,,,,,,,,,,,,,,,,,,,,,,,,,,,,,,,200.46792098879823,0.0,0.06699368258436333,0.0,0.09011659860749442,0.11621156045516542,15.831126237512034,1,0,0,0,0,0,0,0,0,0,0,0,0,0,0,0,0,0,0,0,0,0,0,0,0,0,0,0,0,0
synthetic_SQLi_2,synthetic_single,"[""SQLi""]",0,1,197.29611645109244,0.0,0.0,0.0,4.447588909918982,0.0,0.0,0.0,0.0,0.0,0.015371124147429728,0.0,0.0,0.0,0.0,0.0,0.018357872431663615,0.0,0.0,0.0,0.0,0.0,0.0,0.00860043776772886,0.0,0.0,0.0,0.0020747668685664623,0.0,0.0,0.0,0.0,0.0,0.0,0.0,0.0,0.0,0.0,0.0,0.0,0.0,0.0,0.0,0.0,8.017948239393835,2.9966918049472735,0.0,0.5892990041613043,0.019794354301082166,0.7980750246873898,0.0,0.0,0.0,0.006067743801589223,0.0,0.0,0.0,0.0,,,,,,,,,,,,,,,,,,,,,,,,,,,,,,,280.71145934594136,0.0,0.001245172001523448,0.0,0.0,0.0,0.15162293969937518,1,0,0,0,0,0,0,0,0,0,0,0,0,0,0,0,0,0,0,0,0,0,0,0,0,0,0,0,0,0
synthetic_SQLi_3,synthetic_single,"[""SQLi""]",0,1,202.8279190131548,0.0,0.0007468764528534929,51.84122921422778,4.487455848771828,0.0,0.0,0.0,0.0,0.0,0.0036910594014609144,0.004461349370022247,0.0,0.08225392487014219,0.0,0.0,0.0,0.0,0.0,0.0,0.0,0.0,0.0,0.021722793836552526,0.02840048608554786,0.0,0.0,0.0,0.0,0.0,0.0,0.0,0.0,0.0,0.0,0.0,0.0,0.0,0.0,0.0,0.0,0.0,0.009179266496473546,0.0,10.295949646045269,3.5752208261755465,0.5839963900714196,0.5621465362380177,0.0,1.1848423747694516,0.15859797579394858,0.0,0.0,0.0,0.0,0.0,0.0,0.0,,,,,,,,,,,,,,,,,,,,,,,,,,,,,,,205.5042228639606,0.0,0.10081087727882519,0.0,0.15112634961303895,0.15933249320295104,23.171609747401174,1,0,0,0,0,0,0,0,0,0,0,0,0,0,0,0,0,0,0,0,0,0,0,0,0,0,0,0,0,0
synthetic_SQLi_4,synthetic_single,"[""SQLi""]",0,1,201.25118742601387,0.0,0.0026305656464606867,118.74478622221896,4.330237555989344,0.0004838640530275793,0.0,0.0,0.0,0.0,0.012058950621577216,0.0,0.013690912928698827,0.0,0.0,0.012496260939354692,0.0,0.0,0.0,0.0,0.0,0.0,0.0,0.0038792092075202746,0.01579103577455307,0.0,0.0,0.006664346923306708,0.0,0.0,0.0,0.0,0.0,0.0,0.0,0.0,0.0,0.0,0.0,0.0,0.0,0.0,0.0,0.0,7.952305932596126,3.0028337702450822,0.003992840222845285,0.4271074144369811,0.008479413058458767,0.5701224913706179,0.0,0.0,0.0,0.004656444575556873,0.0,0.0,0.0,0.0,,,,,,,,,,,,,,,,,,,,,,,,,,,,,,,241.91338793737583,0.0,0.0,0.0,0.0058227135755067085,0.025541478963803946,0.4657797275994985,1,0,0,0,0,0,0,0,0,0,0,0,0,0,0,0,0,0,0,0,0,0,0,0,0,0,0,0,0,0
synthetic_SQLi_5,synthetic_single,"[""SQLi""]",0,1,197.10316977991147,0.0,0.006265798614772654,229.54035329078454,4.43575658743704,0.0,0.0,0.0,0.0,0.0054928452825261575,0.0,0.004839218433643476,0.0,0.0,0.0,0.048657699255843595,0.020517802976128333,0.0,0.0,0.0,0.0,0.0,0.0,0.006444786038002895,0.0,0.0,0.0,0.00011836678969276251,0.0,0.0,0.0,0.0,0.0,0.0,0.0,0.0,0.0,0.0,0.0,0.0,0.0,0.0,0.0,0.0,9.34478328971525,3.33930269394549,0.33576948503074544,0.41051753918907313,0.008800337360783483,0.29635589323574557,0.06468611423998437,0.0,0.0,0.0,4.657345717507371e-05,0.0,0.0,0.0,,,,,,,,,,,,,,,,,,,,,,,,,,,,,,,231.1295638942859,0.0,0.059118484957058924,0.0,0.07903865596448119,0.08066164073221094,14.284557095555604,1,0,0,0,0,0,0,0,0,0,0,0,0,0,0,0,0,0,0,0,0,0,0,0,0,0,0,0,0,0
synthetic_SQLi_6,synthetic_single,"[""SQLi""]",0,1,198.6633459097555,0.0,0.009149636086216217,121.52183934651123,4.530701964780946,0.0,0.0,0.0,0.0,0.0,0.0,0.00875452843952037,0.0,0.0,0.0,0.0,0.012498131627236881,0.0,0.0,0.0,0.0,0.0,0.0,0.0,0.0,0.0,0.0,0.0,0.0,0.0,0.0,0.0,0.0,0.0,0.0,0.0,0.0,0.0,0.0,0.0,0.0,0.0013756736577557524,0.010156548513374155,0.0,7.978350089719388,3.004955804158079,0.0,1.2745428281080469,0.0173291100720342,3.4351015775937745,0.0,0.0,0.0,0.002336593515739739,0.006363999851995357,0.0,0.0,0.0,,,,,,,,,,,,,,,,,,,,,,,,,,,,,,,396.8493914318177,0.0,0.002440546040575414,0.0,0.0024822860746135014,0.26710018288849374,0.40200754020138,1,0,0,0,0,0,0,0,0,0,0,0,0,0,0,0,0,0,0,0,0,0,0,0,0,0,0,0,0,0
synthetic_SQLi_7,synthetic_single,"[""SQLi""]",0,1,201.3365086284321,0.0,0.002293996846603298,52.148923215373664,4.378704815717089,0.02337347923606898,0.0,0.0,0.0,0.0,0.006233711937183303,0.004555992353352603,0.026455426880168244,0.016308469901851495,0.0,0.011029725584843763,0.0,0.007213422518271979,0.0,0.0,0.0,0.0,0.0,0.002123100602224056,0.0,0.0,0.0,0.00043756619333959115,0.0,0.0,0.0,0.0,0.0,0.0,0.0,0.0,0.0,0.0,0.0,0.0,0.0,0.004784530476736923,0.005409926356167716,0.0,10.18880822114676,3.54959340394185,0.5423336176320891,0.8527779069325937,0.006867009383841303,2.229827625993382,0.006818021094262628,0.0,0.0,0.0,0.0,0.0,0.0,0.0,,,,,,,,,,,,,,,,,,,,,,,,,,,,,,,202.6170323396143,0.0,0.09817776652103842,0.0,0.1315381555439761,0.1452338033759961,22.754968423140596,1,0,0,0,0,0,0,0,0,0,0,0,0,0,0,0,0,0,0,0,0,0,0,0,0,0,0,0,0,0
synthetic_SQLi_8,synthetic_single,"[""SQLi""]",0,1,190.9723619549272,0.0,0.005666681107722195,0.0,4.274008477690132,0.012569303062769831,0.0,0.0,0.0,0.0008609240101827013,0.0,0.0,0.006208479749581664,0.006296659240808868,0.0,0.0,0.03140774542223388,0.011440781032472976,0.0,0.0,0.0,0.0,0.0,0.0,0.0,0.0,0.0,0.009280439927380304,0.0,0.0,0.0,0.0,0.0,0.0,0.0,0.0,0.0,0.0,0.0,0.0,0.0,0.012345378710108792,0.0,0.0,7.994374384374466,2.99938277509168,0.0070539465836266715,0.6193141861123759,0.0,1.0527077866673302,0.13859890650632478,0.0,0.0,0.004687990958958791,0.011497426934080606,0.0,0.0,0.0,,,,,,,,,,,,,,,,,,,,,,,,,,,,,,,256.29772884886677,0.0,0.0013812296444751806,0.0,0.00393468282068389,0.010216006431192911,0.0,1,0,0,0,0,0,0,0,0,0,0,0,0,0,0,0,0,0,0,0,0,0,0,0,0,0,0,0,0,0
synthetic_SQLi_9,synthetic_single,"[""SQLi""]",0,1,193.02376584864325,0.0,0.00773159052464432,196.83994154606145,4.433569733690452,0.007824657045419759,0.0,0.0,0.0,0.0010817185397984522,0.0,0.0017934756775455384,0.011263760999097816,0.0,0.0,0.00312600497631382,0.0,0.004291811523417761,0.0,0.0,0.0,0.0,0.0,0.0,0.0,0.0,0.0,0.006323322336402203,0.0,0.0,0.0,0.0,0.0,0.0,0.0,0.0,0.0,0.0,0.0,0.0,0.0,0.0008690461325437212,0.007115317240471153,0.0,7.981870628698367,2.9968089000265317,0.0,1.508960454581994,0.0,4.221150559519849,0.0727671202764487,0.0,0.0,0.0,0.0,0.0,0.0,0.0,,,,,,,,,,,,,,,,,,,,,,,,,,,,,,,372.5021661323659,0.0,0.0,0.0,3.1906955670956056e-05,0.24429465093805933,0.266020123688537,1,0,0,0,0,0,0,0,0,0,0,0,0,0,0,0,0,0,0,0,0,0,0,0,0,0,0,0,0,0
synthetic_SQLi_10,synthetic_single,"[""SQLi""]",0,1,206.83546568423571,0.0,0.0009749671158098773,126.24261631132441,4.465390563578862,0.03480522824823679,0.0,0.0,0.0,0.0,0.00914057426591035,0.0,0.0,0.0,0.0,0.029107023478899274,0.0,0.006326961038881829,0.0,0.0,0.0,0.0,0.0,0.002712020456814747,0.008584689430077855,0.0,0.0,0.0,0.0,0.0,0.0,0.0,0.0,0.0,0.0,0.0,0.0,0.0,0.0,0.0,0.0,0.0,0.0,0.0,9.45625194725025,3.3725285680306762,0.3590940405154215,0.9908538979177538,0.009290104906761992,1.9335077276219392,0.120259340523608,0.0,0.0,0.0,0.0,0.0,0.0,0.0,,,,,,,,,,,,,,,,,,,,,,,,,,,,,,,216.2811931350043,0.0,0.06263466850003349,0.0,0.08572527775594131,0.09562401812031282,15.628852678457852,1,0,0,0,0,0,0,0,0,0,0,0,0,0,0,0,0,0,0,0,0,0,0,0,0,0,0,0,0,0
synthetic_SQLi_11,synthetic_single,"[""SQLi""]",0,1,196.82204149294617,0.0,0.004052901621757033,224.11848274411392,4.560616842815213,0.0,0.0,0.0,0.0,0.017439968690218292,0.0,0.0,0.0,0.0,0.0,0.0,0.02618141438217428,0.0,0.0,0.0,0.0,0.0,0.0,0.0038671031648768142,0.0,0.0,0.0,0.00480408550798737,0.0,0.0,0.0,0.0,0.0,0.0,0.0,0.0,0.0,0.0,0.0,0.0,0.0,0.0,0.006295844003488507,0.0,7.964927587921454,3.0092297961849916,0.0,1.3470057827037463,0.008296568818861403,3.9537276677286464,0.0325845460980226,0.0,0.0,0.004805866750288493,0.0,0.0,0.0,0.0,,,,,,,,,,,,,,,,,,,,,,,,,,,,,,,428.0203328191303,0.0,0.0010250965610175563,0.0,0.0,0.3246285814198272,0.41315169208512537,1,0,0,0,0,0,0,0,0,0,0,0,0,0,0,0,0,0,0,0,0,0,0,0,0,0,0,0,0,0
synthetic_SQLi_12,synthetic_single,"[""SQLi""]",0,1,203.01963644048217,0.0,0.009859690557364693,76.28050085288369,4.307568967334625,0.0,0.0,0.0,0.0,0.0,0.0037246389971332286,0.0,0.00028653121730693414,0.006516778527722151,0.0,0.0,0.006052959540734686,0.003252033081728917,0.0,0.0,0.0,0.0,0.0,0.0,0.0,0.0,0.0,0.004566890915189063,0.0,0.0,0.0,0.0,0.0,0.0,0.0,0.0,0.0,0.0,0.0,0.0,0.0,0.0,0.0,0.0,7.9964069491965155,3.0156592352556686,0.00919465352669471,1.0719851546384924,0.008723777672939297,2.065993949765994,0.14686160034318205,0.0,0.0,0.0,0.0,0.0,0.0,0.0,,,,,,,,,,,,,,,,,,,,,,,,,,,,,,,261.8097063383591,0.0,0.000613428822622509,0.0,0.00034053595686520593,0.003988937695897933,0.0,1,0,0,0,0,0,0,0,0,0,0,0,0,0,0,0,0,0,0,0,0,0,0,0,0,0,0,0,0,0
synthetic_SQLi_13,synthetic_single,"[""SQLi""]",0,1,202.9847158496368,0.0,0.008614067152788098,76.8437905526283,4.4412249567686155,0.022380594205273246,0.0,0.0,0.0,0.013465526922475537,0.015577514869368283,0.0002770283656630212,0.02309577183016176,0.017855978439166125,0.0,0.026490415720101388,0.0,0.0014503584268090463,0.0,0.0,0.0,0.0,0.0,0.0,0.031128309375054352,0.0,0.0,0.008014123392862307,0.0,0.0,0.0,0.0,0.0,0.0,0.0,0.0,0.0,0.0,0.0,0.0,0.0,0.0,0.0006087229408983107,0.0,9.483373722545762,3.3811532614759523,0.37345510842968443,0.4313594356606248,0.0,1.4034510999915788,0.057712242509442124,0.0,0.0,0.0,0.0,0.0,0.0,0.0,,,,,,,,,,,,,,,,,,,,,,,,,,,,,,,240.35165082626807,0.0,0.06578377607690562,0.0,0.09664742630241148,0.10474140329134811,15.824193554912805,1,0,0,0,0,0,0,0,0,0,0,0,0,0,0,0,0,0,0,0,0,0,0,0,0,0,0,0,0,0
synthetic_CMDi_0,synthetic_single,"[""CMDi""]",0,1,198.16926220196186,0.0,0.00905729445273722,109.15481817222944,4.6031375141129836,0.07011019285636602,0.0,0.0,0.0,0.01829786098724322,0.0,0.0016674196395989522,0.006121659490205469,0.03548987431445113,0.0,0.014966720569199822,0.0325603532900487,0.010898563545359386,0.0,0.0,0.0,0.0,0.0,0.0,0.0046185212287816165,0.0,0.0,0.0,0.0,0.0,0.0,0.0,0.0,0.0,0.0,0.0,0.0,0.0,0.0,0.0,0.0,0.009116555323849583,0.0029240773983932222,0.0,8.012601038299284,3.0098034835588154,0.0,0.0,0.0,0.0,0.03265159306398919,0.0,0.0,0.0,0.0,0.0,0.0,0.0,,,,,,,,,,,,,,,,,,,,,,,,,,,,,,,384.4226302079334,0.0,0.0020282572178952156,0.0,0.0020100115765805606,0.23507430637775362,1.349899006923082,0,1,0,0,0,0,0,0,0,0,0,0,0,0,0,0,0,0,0,0,0,0,0,0,0,0,0,0,0,0
synthetic_CMDi_1,synthetic_single,"[""CMDi""]",0,1,204.93414915104506,0.0,0.01017950250575048,117.34202672440007,4.5385633119123066,0.0033477884184851116,0.0,0.0,0.0,0.0,0.003966065338063399,0.0,0.0,0.015507812665103643,0.0,0.0,0.0,0.011059964362986592,0.0,0.0,0.0,0.0,0.0,0.0012899316877108386,0.0030453697986602348,0.0,0.0,0.0,0.0,0.0,0.0,0.0,0.0,0.0,0.0,0.0,0.0,0.0,0.0,0.0,0.0,0.0,0.0,0.0,7.9334961403528155,3.006620315426763,0.00755392951429535,0.017354050768435856,0.0017322564733841432,0.13024342382465698,0.0,0.0,0.0,0.005297761856926016,0.005059986477502845,0.0,0.0,0.0,,,,,,,,,,,,,,,,,,,,,,,,,,,,,,,345.16971859442015,0.0,0.00040279600008553414,0.0,0.0033329965134542634,0.1750496000521272,0.8487673071832897,0,1,0,0,0,0,0,0,0,0,0,0,0,0,0,0,0,0,0,0,0,0,0,0,0,0,0,0,0,0
synthetic_CMDi_2,synthetic_single,"[""CMDi""]",0,1,193.0854060550165,0.0,0.00816364799851927,39.07071074174307,4.566713832598521,0.0,0.0,0.0,0.0,0.007388423738527149,0.0,0.012687178178906836,0.013879115199921709,0.002329953344242968,0.0,0.011640543927063016,0.01772409710986299,0.0014695445923142572,0.0,0.0,0.0,0.0,0.0,0.0072088847613693795,0.02853332322842165,0.0,0.0,0.0,0.0,0.0,0.0,0.0,0.0,0.0,0.0,0.0,0.0,0.0,0.0,0.0,0.0,0.0,0.0,0.0,8.04503802626507,3.0004034985322834,0.009527150500295442,0.0,0.003937989332540753,0.0,0.0,0.0,0.0,0.0034243575177383407,0.004389026172347437,0.0,0.0,0.0,,,,,,,,,,,,,,,,,,,,,,,,,,,,,,,360.4174840968939,0.0,0.0007656150419671593,0.0,0.0,0.20078659686363554,0.5326936927950319,0,1,0,0,0,0,0,0,0,0,0,0,0,0,0,0,0,0,0,0,0,0,0,0,0,0,0,0,0,0
synthetic_CMDi_3,synthetic_single,"[""CMDi""]",0,1,197.95070627941448,0.0,0.01145340881233452,86.82040435122842,4.573610963311225,0.017836942986715332,0.0,0.0,0.0,0.0,0.0,0.0018577027767189567,0.00525629209157648,0.005875698541050902,0.0,0.0,0.0068425324982079715,0.0,0.0,0.0,0.0,0.0,0.0,0.016092428994280795,0.0,0.0,0.0,0.007143102485665301,0.0,0.0,0.0,0.0,0.0,0.0,0.0,0.0,0.0,0.0,0.0,0.0,0.0,0.0,0.0013343330925373084,0.0,7.953456717097646,2.9993868038324574,0.0017890359917089112,0.0,0.0035249936577357857,0.18566686252207368,0.09545346819619617,0.0,0.0,0.002869903924475004,0.0020572481362322293,0.0,0.0,0.0,,,,,,,,,,,,,,,,,,,,,,,,,,,,,,,341.17628260885584,0.0,0.0012203314847919697,0.0,0.0,0.2038109628948563,1.2866836663780838,0,1,0,0,0,0,0,0,0,0,0,0,0,0,0,0,0,0,0,0,0,0,0,0,0,0,0,0,0,0
synthetic_CMDi_4,synthetic_single,"[""CMDi""]",0,1,202.3249720696901,0.0,0.007523114907848729,120.2054841841875,4.640852974159147,0.0,0.0,0.0,0.0,0.09600968189579424,0.0037261632897229854,0.0,0.004829131760322988,0.01965290421646256,0.0,0.0,0.02255124846235916,0.0,0.0,0.0,0.0,0.0,0.0,0.0,0.0,0.0,0.0,0.0,0.0,0.0,0.0,0.0,0.0,0.0,0.0,0.0,0.0,0.0,0.0,0.0,0.0,0.007349150565820254,0.0,0.0,8.0126958262874,3.0183976988312704,0.010902833953595696,0.04367929819009961,0.0,0.034327084537444215,0.0,0.0,0.0,0.0,0.0004683730007456893,0.0,0.0,0.0,,,,,,,,,,,,,,,,,,,,,,,,,,,,,,,409.1504097030045,0.0,0.0,0.0,0.001111206444936814,0.3076884419234032,0.9991436943048179,0,1,0,0,0,0,0,0,0,0,0,0,0,0,0,0,0,0,0,0,0,0,0,0,0,0,0,0,0,0
synthetic_CMDi_5,synthetic_single,"[""CMDi""]",0,1,200.9955340038908,0.0,0.01145320990509943,131.9912241975311,4.63527817383044,0.01132667175230917,0.0,0.0,0.0,0.04696632805382615,0.0,0.0023182843942251823,0.0,0.0,0.0,0.004642669899475829,0.04873627593080771,0.0,0.0,0.0,0.0,0.0,0.0,0.00035355608258103683,0.005663096506348708,0.0,0.0,0.004384641434904231,0.0,0.0,0.0,0.0,0.0,0.0,0.0,0.0,0.0,0.0,0.0,0.0,0.0,0.007799966951453256,0.0051016087121095255,0.0,7.958011931405097,3.0096290358557405,0.0,0.0,0.0,0.08091656119019053,0.0183891260081399,0.0,0.0,0.0,0.015532540936630179,0.0,0.0,0.0,,,,,,,,,,,,,,,,,,,,,,,,,,,,,,,430.9502773018478,0.0,0.0,0.0,0.0,0.328809487905926,1.2912822189500766,0,1,0,0,0,0,0,0,0,0,0,0,0,0,0,0,0,0,0,0,0,0,0,0,0,0,0,0,0,0
synthetic_CMDi_6,synthetic_single,"[""CMDi""]",0,1,202.1640669298455,0.0,0.013064949960298167,176.84571794975534,4.613534851041052,0.0,0.0,0.0,0.0,0.0,0.0032554377673890867,0.0,0.012830399782141228,0.013516668526129927,0.0,0.0,0.023980498323074518,0.012158167272928486,0.0,0.0,0.0,0.0,0.0,0.0,0.0,0.0,0.0,0.003706849066366257,0.0,0.0,0.0,0.0,0.0,0.0,0.0,0.0,0.0,0.0,0.0,0.0,0.0,0.0004572783219957249,0.0,0.0,7.994589839351506,3.009653537677623,0.004032243643239521,0.0,0.0,0.013198219201780909,0.0,0.0,0.0,0.004158215300371709,0.0030078613815204404,0.0,0.0,0.0,,,,,,,,,,,,,,,,,,,,,,,,,,,,,,,398.73047535966646,0.0,0.0029618217725179957,0.0,0.006736261261747732,0.27665494930604817,0.5069177156196794,0,1,0,0,0,0,0,0,0,0,0,0,0,0,0,0,0,0,0,0,0,0,0,0,0,0,0,0,0,0
synthetic_CMDi_7,synthetic_single,"[""CMDi""]",0,1,205.22006799580447,0.0,0.007743654385117153,156.28379330893515,4.771924570870998,0.033734423986114065,0.0,0.0,0.0,0.05416090856792513,0.0,0.0,0.0007967837945113788,0.0,0.0,0.0,0.05739586653400998,0.0007859159412702797,0.0,0.0,0.0,0.0,0.0,0.003297272886240383,0.0127298568641473,0.0,0.0,0.008013423035329603,0.0,0.0,0.0,0.0,0.0,0.0,0.0,0.0,0.0,0.0,0.0,0.0,0.0,0.0006194152367110188,0.0,0.0,7.943414714812256,2.9924681834165408,0.01042017332756543,0.0,0.00038222379228882895,0.0,0.0,0.0,0.0,0.010123116429738975,0.007753561995772011,0.0,0.0,0.0,,,,,,,,,,,,,,,,,,,,,,,,,,,,,,,510.1573250981794,0.0,0.00033145210358219765,0.0,0.007898252647652534,0.47538410926575697,2.0208317918176038,0,1,0,0,0,0,0,0,0,0,0,0,0,0,0,0,0,0,0,0,0,0,0,0,0,0,0,0,0,0
synthetic_CMDi_8,synthetic_single,"[""CMDi""]",0,1,191.6217167186204,0.0,0.008694280556606336,381.82212715707635,4.75453302034792,0.0008219300425362641,0.0,0.0,0.0,0.11553969402964999,0.0,0.0,0.009998235442061777,0.0,0.0,0.03254949376523673,0.00044384038004626657,0.0,0.0,0.0,0.0,0.0,0.0,0.008951843471833216,0.023185378357235095,0.0,0.0,0.011364858817988299,0.0,0.0,0.0,0.0,0.0,0.0,0.0,0.0,0.0,0.0,0.0,0.0,0.0,0.0030114310623752614,0.006652308685366608,0.0,8.01316070042907,2.993206329856902,0.005101636990760888,0.0,0.0,0.19117058836352616,0.0,0.0,0.0,0.0054649168331964955,0.004739517556770418,0.0,0.0,0.0,,,,,,,,,,,,,,,,,,,,,,,,,,,,,,,486.11256419088863,0.0,0.004516200346072287,0.0,0.0040572797420879644,0.47520695643880045,1.456672544578276,0,1,0,0,0,0,0,0,0,0,0,0,0,0,0,0,0,0,0,0,0,0,0,0,0,0,0,0,0,0
synthetic_CMDi_9,synthetic_single,"[""CMDi""]",0,1,201.0386330820604,0.0,0.013828440594223125,0.0,4.562005829735838,0.0205844734464829,0.0,0.0,0.0,0.0,0.0,0.0,0.0,0.0,0.0,0.0,0.0,0.0040427330897130406,0.0,0.0,0.0,0.0,0.0,0.0008881647121859006,0.0,0.0,0.0,0.0,0.0,0.0,0.0,0.0,0.0,0.0,0.0,0.0,0.0,0.0,0.0,0.0,0.0,0.0,0.0,0.0,7.993908307678366,2.9963408195475085,0.0,0.0,0.0,0.04155485826207567,0.28502476704018925,0.0,0.0,0.0,0.0,0.0,0.0,0.0,,,,,,,,,,,,,,,,,,,,,,,,,,,,,,,357.5195885935669,0.0,0.0,0.0,0.004954511842354154,0.18361483738808326,0.24290204554524703,0,1,0,0,0,0,0,0,0,0,0,0,0,0,0,0,0,0,0,0,0,0,0,0,0,0,0,0,0,0
synthetic_CMDi_10,synthetic_single,"[""CMDi""]",0,1,201.74239475533224,0.0,0.0033994526480855434,122.34679022231093,4.525936749636462,0.06112166719000681,0.0,0.0,0.0,0.0,0.0,0.009154922974381068,0.01103822192745113,0.06732772776240654,0.0,0.006649218833254137,0.0,0.0,0.0,0.0,0.0,0.0,0.0,0.002837678198773458,0.03562368730697357,0.0,0.0,0.011844395413348757,0.0,0.0,0.0,0.0,0.0,0.0,0.0,0.0,0.0,0.0,0.0,0.0,0.0,0.0,0.0027748101449932925,0.0,8.003799365455311,3.0008315628002933,0.00014693377774775506,0.11101711423124401,0.0,0.0,0.18075032901795615,0.0,0.0,0.0,0.0,0.0,0.0,0.0,,,,,,,,,,,,,,,,,,,,,,,,,,,,,,,360.43086563778667,0.0,0.0,0.0,0.0002551850068431504,0.21045680756834323,0.9960793742244975,0,1,0,0,0,0,0,0,0,0,0,0,0,0,0,0,0,0,0,0,0,0,0,0,0,0,0,0,0,0
synthetic_CMDi_11,synthetic_single,"[""CMDi""]",0,1,202.57518230813264,0.0,0.011820107282957246,161.76121750244323,4.629834413418009,0.016865454569949173,0.0,0.0,0.0,0.0,0.0010497617183410888,0.0,0.0,0.0007132646621462463,0.0,0.0,0.0,0.0,0.0,0.0,0.0,0.0,0.0,0.0,0.0,0.0,0.0,0.005538251951139098,0.0,0.0,0.0,0.0,0.0,0.0,0.0,0.0,0.0,0.0,0.0,0.0,0.0,0.0,0.0,0.0,7.97472500862425,3.0076357371103217,0.0,0.08826638765570573,0.02812579868627236,0.0,0.01141012183255488,0.0,0.0,0.0,0.004474095700438384,0.0,0.0,0.0,,,,,,,,,,,,,,,,,,,,,,,,,,,,,,,414.3381859897271,0.0,0.004196234323753939,0.0,0.0,0.2907886160323055,1.1306568943399427,0,1,0,0,0,0,0,0,0,0,0,0,0,0,0,0,0,0,0,0,0,0,0,0,0,0,0,0,0,0
synthetic_CMDi_12,synthetic_single,"[""CMDi""]",0,1,199.8202675184579,0.0,0.009251476626249318,144.1324176781985,4.597852831120594,0.0,0.0,0.0,0.0,0.028612582975566625,0.0,0.0,0.0,0.0,0.0,0.07588053882307796,0.016054171496135212,0.01579607334512149,0.0,0.0,0.0,0.0,0.0,0.0,0.005384261001557694,0.0,0.0,0.008968297536468911,0.0,0.0,0.0,0.0,0.0,0.0,0.0,0.0,0.0,0.0,0.0,0.0,0.0,0.000854809877653817,0.0,0.0,7.987630171444345,3.0050834909482824,0.0027009738392854187,0.0,0.004010022760904285,0.31437997615323027,0.0,0.0,0.0,0.002465191448173614,0.0,0.0,0.0,0.0,,,,,,,,,,,,,,,,,,,,,,,,,,,,,,,362.66045978924916,0.0,0.0,0.0,0.0,0.2274854641873758,1.25973972386141,0,1,0,0,0,0,0,0,0,0,0,0,0,0,0,0,0,0,0,0,0,0,0,0,0,0,0,0,0,0
synthetic_CMDi_13,synthetic_single,"[""CMDi""]",0,1,200.72920229843376,0.0,0.009431944178154437,98.56592785171443,4.688440344903792,0.020258277895361672,0.0,0.0,0.0,0.0,0.0,0.01098070068355584,0.0,0.06648585451734111,0.0,0.0,0.0,0.0,0.0,0.0,0.0,0.0,0.0,0.0,0.0,0.0,0.0,0.009337824793460852,0.0,0.0,0.0,0.0,0.0,0.0,0.0,0.0,0.0,0.0,0.0,0.0,0.0,0.00309377149992945,0.0,0.0,8.048379063159064,2.9955227488403016,0.0010126275542133734,0.0,0.0,0.0,0.0,0.0,0.0,0.0,0.0,0.0,0.0,0.0,,,,,,,,,,,,,,,,,,,,,,,,,,,,,,,421.09701530069873,0.0,0.004200280839066874,0.0,0.005923201918355881,0.29103086542035317,1.0633526453489772,0,1,0,0,0,0,0,0,0,0,0,0,0,0,0,0,0,0,0,0,0,0,0,0,0,0,0,0,0,0
synthetic_CMDi_14,synthetic_single,"[""CMDi""]",0,1,197.15552437453684,0.0,0.007608660815806629,0.0,4.5977991431350675,0.0,0.0,0.0,0.0,0.10575384775738314,0.0,0.0,0.006462415165637262,0.0,0.0,0.0,0.04231098994489387,0.0019905592323600715,0.0,0.0,0.0,0.0,0.0,0.0,0.0,0.0,0.0,0.0,0.0,0.0,0.0,0.0,0.0,0.0,0.0,0.0,0.0,0.0,0.0,0.0,0.0,0.010502447054362566,0.002699545015878892,0.0,7.916766735423458,2.9954530696375232,0.0,0.0,0.0,0.0,0.0476782676692661,0.0,0.0,0.0,0.0,0.0,0.0,0.0,,,,,,,,,,,,,,,,,,,,,,,,,,,,,,,374.9168416020915,0.0,0.0,0.0,0.0,0.24543580330292164,0.5028311614157425,0,1,0,0,0,0,0,0,0,0,0,0,0,0,0,0,0,0,0,0,0,0,0,0,0,0,0,0,0,0
synthetic_CMDi_15,synthetic_single,"[""CMDi""]",0,1,205.19159363666148,0.0,0.01040674213969404,184.6282326685954,4.579216602667122,0.0,0.0,0.0,0.0,0.0,0.006195298556613585,0.0,0.0,0.0,0.0,0.05526425170230755,0.016691814599763835,0.0010889538641175884,0.0,0.0,0.0,0.0,0.0,0.0,0.04125980411515093,0.0,0.0,0.0,0.0,0.0,0.0,0.0,0.0,0.0,0.0,0.0,0.0,0.0,0.0,0.0,0.0,0.010974786543772298,0.0,0.0,8.055787463721769,2.989162909387947,0.0,0.0,0.003325429966314068,0.38064287997610247,0.0,0.0,0.0,0.0027112165604052402,0.002547499301071888,0.0,0.0,0.0,,,,,,,,,,,,,,,,,,,,,,,,,,,,,,,364.202643543996,0.0,0.0,0.0,0.0,0.18196980096146284,0.9307815471072162,0,1,0,0,0,0,0,0,0,0,0,0,0,0,0,0,0,0,0,0,0,0,0,0,0,0,0,0,0,0
synthetic_CMDi_16,synthetic_single,"[""CMDi""]",0,1,198.3142300492417,0.0,0.010459726757253525,0.0,4.579305698631069,0.034396701263236386,0.0,0.0,0.0,0.0,0.004821235838101545,0.0,0.019742645471981433,0.04028714136774271,0.0,0.01652628352115205,0.0,0.00019605016790951113,0.0,0.0,0.0,0.0,0.0,0.009104745739832217,0.011723131524352394,0.0,0.0,0.010417770765230112,0.0,0.0,0.0,0.0,0.0,0.0,0.0,0.0,0.0,0.0,0.0,0.0,0.0,0.0,0.0,0.0,7.993185524680371,3.003974690100696,0.002755507614291916,0.09473482821918104,0.0,0.11649878456555166,0.09791209287256188,0.0,0.0,0.0,0.00489551894003296,0.0,0.0,0.0,,,,,,,,,,,,,,,,,,,,,,,,,,,,,,,365.7517513107274,0.0,0.0002452580611895225,0.0,0.0,0.195487908634311,1.1948639138894923,0,1,0,0,0,0,0,0,0,0,0,0,0,0,0,0,0,0,0,0,0,0,0,0,0,0,0,0,0,0
synthetic_InsecDeser_0,synthetic_single,"[""InsecDeser""]",0,1,201.27544907232286,0.0,0.011406909127011235,185.55130239816944,4.488252928288284,0.0,0.0,0.0,0.0,0.0,0.012229962963988601,0.0029526573515456346,0.007005914605608118,0.0,0.0,0.0063565961544674535,0.0,0.008223104126333312,0.0,0.0,0.0,0.0,0.0,0.0025829435813883787,0.0,0.0,0.0,0.0,0.0,0.0,0.0,0.0,0.0,0.0,0.0,0.0,0.0,0.0,0.0,0.0,0.0,0.0,0.0,0.0,7.967686455444638,3.0000730605828267,0.00022039621634090012,0.0,0.0,0.0,0.10002485696930158,0.0,0.0,0.0033821928375005837,0.003299734017057779,0.0,0.0,0.0,,,,,,,,,,,,,,,,,,,,,,,,,,,,,,,358.6831719309885,0.0,0.09780378591566075,0.0,0.16761118900744904,0.12446589992651491,13.004647465705988,0,0,1,0,0,0,0,0,0,0,0,0,0,0,0,0,0,0,0,0,0,0,0,0,0,0,0,0,0,0
synthetic_InsecDeser_1,synthetic_single,"[""InsecDeser""]",0,1,197.2740907361942,0.0,0.009427534849071016,0.0,4.6355367935071286,0.0,0.0,0.0,0.0,0.0,0.009700311164757454,0.00845356998839286,0.013680244176781382,0.01705852981918087,0.0,0.0,0.0,0.0,0.0,0.0,0.0,0.0,0.0,0.005491432294393297,0.013033729509935161,0.0,0.0,0.00024898479169661565,0.0,0.0,0.0,0.0,0.0,0.0,0.0,0.0,0.0,0.0,0.0,0.0,0.0,0.0,0.0,0.0,8.074537569674277,3.00433915230499,0.006352944178130416,0.0,0.033728718783444425,0.06399640032322056,0.10536845985603238,0.0,0.0,0.009601578962515423,0.0031160961178492703,0.0,0.0,0.0,,,,,,,,,,,,,,,,,,,,,,,,,,,,,,,406.72389303687066,0.0,0.18861574543950899,0.0,0.3132313542523279,0.27193747019862474,23.040497000643875,0,0,1,0,0,0,0,0,0,0,0,0,0,0,0,0,0,0,0,0,0,0,0,0,0,0,0,0,0,0
synthetic_InsecDeser_2,synthetic_single,"[""InsecDeser""]",0,1,192.9182922018328,0.0,0.009488971322525706,39.59455298982873,4.611568578769458,0.0,0.0,0.0,0.0,0.0,0.0,0.0,0.0,0.0,0.0,0.0172613028965099,0.0,0.0,0.0,0.0,0.0,0.0,0.0,0.004062878422419257,0.0,0.0,0.0,0.009886503391617982,0.0,0.0,0.0,0.0,0.0,0.0,0.0,0.0,0.0,0.0,0.0,0.0,0.0,0.0,0.0,0.0,8.001284917756859,2.9934715635869185,0.0,0.0,0.005220049093182022,0.29969447646095587,0.0,0.0,0.0,0.0,0.004807113123604862,0.0,0.0,0.0,,,,,,,,,,,,,,,,,,,,,,,,,,,,,,,398.15203111877634,0.0,0.00013916201942424064,0.0,0.0002082616378657118,0.3114622181869059,0.4293867918287054,0,0,1,0,0,0,0,0,0,0,0,0,0,0,0,0,0,0,0,0,0,0,0,0,0,0,0,0,0,0
synthetic_InsecDeser_3,synthetic_single,"[""InsecDeser""]",0,1,204.00083081428684,0.0,0.007651794393615123,5.207140699260421,4.628212213789975,0.03103737386633559,0.0,0.0,0.0,0.0,0.0,0.0,0.0,0.01829526441090913,0.0,0.0,0.0,0.0063215367414033545,0.0,0.0,0.0,0.0,0.0,0.002967486146148044,0.0,0.0,0.0,0.003202070245453189,0.0,0.0,0.0,0.0,0.0,0.0,0.0,0.0,0.0,0.0,0.0,0.0,0.0,0.0011694756070361153,0.004441890723907354,0.0,8.036319080284349,3.0107533216908893,0.008759359521865566,0.0,0.0,0.10272899441113605,0.0,0.0,0.0,0.0,6.443050448244137e-05,0.0,0.0,0.0,,,,,,,,,,,,,,,,,,,,,,,,,,,,,,,409.585600274668,0.0,0.16748624641209467,0.0,0.267655256754701,0.2429173443662377,20.348978517216008,0,0,1,0,0,0,0,0,0,0,0,0,0,0,0,0,0,0,0,0,0,0,0,0,0,0,0,0,0,0
synthetic_InsecDeser_4,synthetic_single,"[""InsecDeser""]",0,1,204.23341981003256,0.0,0.005038598345804958,224.76232184578885,4.60408212316283,0.011438173888158416,0.0,0.0,0.0,0.0,0.0,0.0009978315887028272,0.0,0.04717614845354992,0.0,0.0,0.019539096844758675,0.008697309677853687,0.0,0.0,0.0,0.0,0.0,0.012224283366863131,0.0,0.0,0.0,0.017950267644019146,0.0,0.0,0.0,0.0,0.0,0.0,0.0,0.0,0.0,0.0,0.0,0.0,0.0,0.00034215602701219764,0.00045202156405944595,0.0,8.024225779346096,3.0044127222424017,0.0017691702575379524,0.006145019756518397,0.02110988723240377,0.0,0.0,0.0,0.0,0.0,0.0022549750683207087,0.0,0.0,0.0,,,,,,,,,,,,,,,,,,,,,,,,,,,,,,,410.16291005110816,0.0,0.1759810016689259,0.0,0.26787845776294994,0.2311987154152834,21.356326654933035,0,0,1,0,0,0,0,0,0,0,0,0,0,0,0,0,0,0,0,0,0,0,0,0,0,0,0,0,0,0
synthetic_InsecDeser_5,synthetic_single,"[""InsecDeser""]",0,1,202.3056864942584,0.0,0.009024971775961042,126.57246955278791,4.624569237820508,0.0,0.0,0.0,0.0,0.07773158205834702,0.0,0.0,0.00531873205513901,0.01855213921010761,0.0,0.01428824630752423,0.009700153581333621,0.0,0.0,0.0,0.0,0.0,0.0,0.013828310954234925,0.0,0.0,0.0,0.008613240017657656,0.0,0.0,0.0,0.0,0.0,0.0,0.0,0.0,0.0,0.0,0.0,0.0,0.0,0.0,0.0,0.0,8.011703113880447,3.0103983722433876,0.003374245184905134,0.011929650593153429,0.0,0.0,0.016150053411959697,0.0,0.0,0.004738745078181203,0.0,0.0,0.0,0.0,,,,,,,,,,,,,,,,,,,,,,,,,,,,,,,412.7277361033108,0.0,0.1809840466940913,0.0,0.2978811767188343,0.26554596964597954,22.47768915601576,0,0,1,0,0,0,0,0,0,0,0,0,0,0,0,0,0,0,0,0,0,0,0,0,0,0,0,0,0,0
synthetic_InsecDeser_6,synthetic_single,"[""InsecDeser""]",0,1,202.78589678363252,0.0,0.006976006719678067,162.59545352004528,4.795782195470805,0.0,0.0,0.0,0.0,0.05174252083605265,0.0,0.0,0.0,0.0,0.0,0.007928120570689503,0.011983829586939188,0.003777195816876876,0.0,0.0,0.0,0.0,0.0,0.0,0.0,0.0,0.0,0.0047461759245958305,0.0,0.0,0.0,0.0,0.0,0.0,0.0,0.0,0.0,0.0,0.0,0.0,0.0,0.0,0.0,0.0,7.991773373983582,3.0042689383694294,0.004172657361980525,0.0,0.0,0.486706640535992,0.0715329656682532,0.0,0.0,0.0018479686668449054,0.002396856553605037,0.0,0.0,0.0,,,,,,,,,,,,,,,,,,,,,,,,,,,,,,,483.1573026617814,0.0,0.12043099677900349,0.0,0.19497017828331337,0.45086100245314364,14.735513346829697,0,0,1,0,0,0,0,0,0,0,0,0,0,0,0,0,0,0,0,0,0,0,0,0,0,0,0,0,0,0
synthetic_InsecDeser_7,synthetic_single,"[""InsecDeser""]",0,1,200.96498002790898,0.0,0.008988644505205234,0.0,4.530964653101333,0.0,0.0,0.0,0.0,0.031990335883067336,0.005353409308561574,0.006190267818616699,0.004516117454889926,0.018941769581439165,0.0,0.0,0.013974540051473182,0.0,0.0,0.0,0.0,0.0,0.0,0.0,0.0049273971124547495,0.0,0.0,0.0030617458444669294,0.0,0.0,0.0,0.0,0.0,0.0,0.0,0.0,0.0,0.0,0.0,0.0,0.0,0.0059158494993726595,0.006612532731106678,0.0,8.047685929906866,3.00593103946634,0.0,0.0,0.0,0.0,0.16254732288455534,0.0,0.0,0.0,0.00031797934606789133,0.0,0.0,0.0,,,,,,,,,,,,,,,,,,,,,,,,,,,,,,,376.22504478731656,0.0,0.003528423606742862,0.0,0.0,0.24921337383063633,0.59277759936481,0,0,1,0,0,0,0,0,0,0,0,0,0,0,0,0,0,0,0,0,0,0,0,0,0,0,0,0,0,0
synthetic_InsecDeser_8,synthetic_single,"[""InsecDeser""]",0,1,196.55148760397066,0.0,0.013111578530830233,234.7563576811271,4.8417169540610345,0.0,0.0,0.0,0.0,0.0,0.0,0.00495502813622776,0.0,0.06788172092867682,0.0,0.011882369856830902,0.03581872653236429,0.0007472814116611404,0.0,0.0,0.0,0.0,0.0,0.0,0.0,0.0,0.0,0.0020079634967312496,0.0,0.0,0.0,0.0,0.0,0.0,0.0,0.0,0.0,0.0,0.0,0.0,0.0,0.0,0.0,0.0,8.032280323067745,2.992323623471348,0.0021626842598932825,0.0,0.024183975788180396,0.1863428133972725,0.0,0.0,0.0,0.0,0.0052439185308638375,0.0,0.0,0.0,,,,,,,,,,,,,,,,,,,,,,,,,,,,,,,481.5962736743546,0.0,0.13940807692161813,0.0,0.20744385012710623,0.4515740973327173,17.46406663548201,0,0,1,0,0,0,0,0,0,0,0,0,0,0,0,0,0,0,0,0,0,0,0,0,0,0,0,0,0,0
synthetic_InsecDeser_9,synthetic_single,"[""InsecDeser""]",0,1,196.13273688800166,0.0,0.0097199983373014,0.0,4.598119892241534,0.02575434336565072,0.0,0.0,0.0,0.041087909090276875,0.0,0.004556678997025362,0.0,0.012194438790985964,0.0,0.021545241626666694,0.0,0.0,0.0,0.0,0.0,0.0,0.0,0.004265602636862699,0.0,0.0,0.0,0.010844290137278412,0.0,0.0,0.0,0.0,0.0,0.0,0.0,0.0,0.0,0.0,0.0,0.0,0.0,0.0,0.004178242822314692,0.0,7.973861560967275,2.996810770818692,0.0,0.0,0.0,0.0,0.0,0.0,0.0,0.0,0.0070394200204156815,0.0,0.0,0.0,,,,,,,,,,,,,,,,,,,,,,,,,,,,,,,393.2872856841844,0.0,0.16439171653136797,0.0,0.26730987582916366,0.22855433542075707,19.67486293796055,0,0,1,0,0,0,0,0,0,0,0,0,0,0,0,0,0,0,0,0,0,0,0,0,0,0,0,0,0,0
synthetic_InsecDeser_10,synthetic_single,"[""InsecDeser""]",0,1,201.87628871872596,0.0,0.011088437783290613,395.7490452804004,4.805906126970022,0.003905116869217089,0.0,0.0,0.0,0.0,0.012763827737556709,0.0027905857602981503,0.0,0.011078007649741789,0.0,0.012526519647297896,0.006022018371897639,0.0,0.0,0.0,0.0,0.0,0.0,0.0,0.004944048623439448,0.0,0.0,7.126467691965279e-05,0.0,0.0,0.0,0.0,0.0,0.0,0.0,0.0,0.0,0.0,0.0,0.0,0.0,0.0,0.005847592942155782,0.0,7.9600740917708155,2.9958007475658412,0.0,0.0,0.0,0.1740647148396836,0.028895633782776514,0.0,0.0,0.0,0.0019052156344179997,0.0,0.0,0.0,,,,,,,,,,,,,,,,,,,,,,,,,,,,,,,493.66771600341076,0.0,0.1607258153236861,0.0,0.2609423046662227,0.4293659570451934,19.817366804667625,0,0,1,0,0,0,0,0,0,0,0,0,0,0,0,0,0,0,0,0,0,0,0,0,0,0,0,0,0,0
synthetic_InsecDeser_11,synthetic_single,"[""InsecDeser""]",0,1,202.53962048678434,0.0,0.009896105257121892,212.54319563985632,4.8429114106626985,0.00732232211222203,0.0,0.0,0.0,0.04839641709531529,0.0,0.0,0.00064302360921761,0.0,0.0,0.0,0.018220655329532542,0.0,0.0,0.0,0.0,0.0,0.0,0.0,0.0,0.0,0.0,3.422963952219909e-05,0.0,0.0,0.0,0.0,0.0,0.0,0.0,0.0,0.0,0.0,0.0,0.0,0.0,0.0053972765632957385,0.0,0.0,8.017352368214498,2.9952693636266403,0.0,0.004457239882972685,0.03727934373295572,0.05078857367020947,0.264703916699836,0.0,0.0,0.008126265165384153,0.0,0.0,0.0,0.0,,,,,,,,,,,,,,,,,,,,,,,,,,,,,,,499.8946558518163,0.0,0.18873755713495044,0.0,0.30266179756624056,0.43030859519247705,23.32665658322166,0,0,1,0,0,0,0,0,0,0,0,0,0,0,0,0,0,0,0,0,0,0,0,0,0,0,0,0,0,0
synthetic_InsecDeser_12,synthetic_single,"[""InsecDeser""]",0,1,202.81928820396618,0.0,0.014708299613293948,185.9383691396442,4.80837539966655,0.014758061614803432,0.0,0.0,0.0,0.0,0.008609083050138171,0.0,0.0,0.011287797208789932,0.0,0.0,0.017526032182409702,0.0,0.0,0.0,0.0,0.0,0.0,0.0,0.025542211261177762,0.0,0.0,0.0028315823427319726,0.0,0.0,0.0,0.0,0.0,0.0,0.0,0.0,0.0,0.0,0.0,0.0,0.0,0.004664083433339237,0.00015407198482823799,0.0,8.091793250348438,3.00318417835418,0.0,0.0,0.011720440621458375,0.01948535754689914,0.0,0.0,0.0,0.0,0.012625533177790952,0.0,0.0,0.0,,,,,,,,,,,,,,,,,,,,,,,,,,,,,,,494.2526163895538,0.0,0.1429358009431837,0.0,0.23025706781155011,0.4357644767984423,17.404838579304457,0,0,1,0,0,0,0,0,0,0,0,0,0,0,0,0,0,0,0,0,0,0,0,0,0,0,0,0,0,0
synthetic_InsecDeser_13,synthetic_single,"[""InsecDeser""]",0,1,200.79576931598834,0.0,0.009003981751315114,232.3614070623919,4.815628667161081,0.011751985779999185,0.0,0.0,0.0,0.04359745567170469,0.00800502955610856,0.011013999277490123,0.0,0.0,0.0,0.022158518704584067,0.0,0.0,0.0,0.0,0.0,0.0,0.0,0.02612862436952072,0.022007247020551967,0.0,0.0,0.004940326305896579,0.0,0.0,0.0,0.0,0.0,0.0,0.0,0.0,0.0,0.0,0.0,0.0,0.0,0.0,0.0021248543803792396,0.0,8.069052879270705,3.0008460656222895,0.011023009134221879,0.0,0.0,0.0,0.11570095585393983,0.0,0.0,0.005773072079824938,0.0,0.0,0.0,0.0,,,,,,,,,,,,,,,,,,,,,,,,,,,,,,,488.69811714566947,0.0,0.17890993652066292,0.0,0.2926888891798963,0.4390820940409257,22.177547445250728,0,0,1,0,0,0,0,0,0,0,0,0,0,0,0,0,0,0,0,0,0,0,0,0,0,0,0,0,0,0
synthetic_InsecDeser_14,synthetic_single,"[""InsecDeser""]",0,1,197.57937184284282,0.0,0.00961304732598589,121.17883932187262,4.484674169202123,0.052896225074321575,0.0,0.0,0.0,0.0385885301227397,0.0,0.009794779543956139,0.0,0.02380248881917535,0.0,0.0,0.012625127654093128,0.010850783355249752,0.0,0.0,0.0,0.0,0.0,0.0,0.0,0.0,0.0,0.0,0.0,0.0,0.0,0.0,0.0,0.0,0.0,0.0,0.0,0.0,0.0,0.0,0.0,0.0,0.0004934105418843867,0.0,7.960071460578614,2.9974510628640987,0.014481791195926103,0.0,0.0038714649827669752,0.0,0.0,0.0,0.0,0.009352975427447782,0.0,0.0,0.0,0.0,,,,,,,,,,,,,,,,,,,,,,,,,,,,,,,354.32151180384733,0.0,0.0007766534311499439,0.0,0.0011811366366662466,0.2019059645786615,0.41560383155499386,0,0,1,0,0,0,0,0,0,0,0,0,0,0,0,0,0,0,0,0,0,0,0,0,0,0,0,0,0,0
synthetic_InsecDeser_15,synthetic_single,"[""InsecDeser""]",0,1,196.328319022243,0.0,0.008963073782213626,109.19343162932051,4.465173538804275,0.0,0.0,0.0,0.0,0.001131981263613593,0.0,0.0,0.013440992416414069,0.0,0.0,0.026600233527440547,0.0,0.0,0.0,0.0,0.0,0.0,0.0,0.0077379596551726245,0.0036264258580079364,0.0,0.0,0.0,0.0,0.0,0.0,0.0,0.0,0.0,0.0,0.0,0.0,0.0,0.0,0.0,0.0,0.0,0.0,0.0,7.938472984511864,2.992612979758803,0.0,0.0,0.00781832018524275,0.06765434103561005,0.17002815067110927,0.0,0.0,0.0,0.0,0.0,0.0,0.0,,,,,,,,,,,,,,,,,,,,,,,,,,,,,,,374.96692066391,0.0,0.0033009670016239468,0.0,0.0020386736444198417,0.19620972979381882,0.7632471875175116,0,0,1,0,0,0,0,0,0,0,0,0,0,0,0,0,0,0,0,0,0,0,0,0,0,0,0,0,0,0
synthetic_InsecDeser_16,synthetic_single,"[""InsecDeser""]",0,1,200.5571266847567,0.0,0.012801940224550883,137.67511972189808,4.513137825053914,0.0,0.0,0.0,0.0,0.018799064370171523,0.004442938653350865,0.0026916873839566958,0.0,0.0,0.0,0.0,0.0028620850649886008,0.0032633681783845324,0.0,0.0,0.0,0.0,0.0,0.0,0.012644234699693774,0.0,0.0,0.00033167569247321985,0.0,0.0,0.0,0.0,0.0,0.0,0.0,0.0,0.0,0.0,0.0,0.0,0.0,0.00032008790152081784,0.0,0.0,8.03703129059643,3.0088812446932294,0.009570983047230712,0.0006354144171851867,0.010728748267956193,0.07932939046556428,0.0,0.0,0.0,0.0005569871190460071,0.0,0.0,0.0,0.0,,,,,,,,,,,,,,,,,,,,,,,,,,,,,,,380.188162033923,0.0,0.0018902909260222326,0.0,0.0,0.22728308641653572,0.6682829854719938,0,0,1,0,0,0,0,0,0,0,0,0,0,0,0,0,0,0,0,0,0,0,0,0,0,0,0,0,0,0
synthetic_InsecUpload_0,synthetic_single,"[""InsecUpload""]",0,1,218.2059019197436,0.0,0.014076028475254115,401.6287857850089,4.592167499906006,0.12104896085078463,0.0,0.0,0.0,0.18936504206678256,0.0,0.01941021586080675,0.0,0.0,0.0,0.0,0.0250949057209025,0.0,0.0,0.0,0.0,0.0,0.0,0.08005101469479231,0.28538356203210213,0.0,0.0,0.025507964987866262,0.0,0.0,0.0,0.0,0.0,0.0,0.0,0.0,0.0,0.0,0.0,0.0,0.0,0.006580567227698565,0.0,0.0,8.192156100651314,3.024729152173196,0.03739432213610174,0.8897307954773632,0.04648597179627375,3.1541944690345716,0.3596058239624879,0.0,0.0,0.0,0.010782342483595431,0.0,0.0,0.0,,,,,,,,,,,,,,,,,,,,,,,,,,,,,,,313.0732113261993,0.0,0.012190498569736738,0.0,0.04881120104678824,0.09283075686125822,0.6733903894852424,0,0,0,1,0,0,0,0,0,0,0,0,0,0,0,0,0,0,0,0,0,0,0,0,0,0,0,0,0,0
synthetic_InsecUpload_1,synthetic_single,"[""InsecUpload""]",0,1,229.16588445464862,0.0,0.01832484422963397,824.0703235475878,4.556183356841991,0.0,0.0,0.0,0.0,0.2519455283346891,0.03015369262493225,0.029369511371495155,0.0,0.1084116369463921,0.0,0.13649382513565278,0.024990577541034353,0.00502251297459836,0.0,0.0,0.0,0.0,0.0,0.04121628690789025,0.10722853908842724,0.0,0.0,0.004562767071794732,0.0,0.0,0.0,0.0,0.0,0.0,0.0,0.0,0.0,0.0,0.0,0.0,0.0,0.018575597450713955,0.0,0.0,8.160355673611718,3.0269532048846894,0.046372826434542505,1.214971984025625,0.03991941822509101,1.7726788529414959,0.0,0.0,0.0,0.0,0.0,0.0,0.0,0.0,,,,,,,,,,,,,,,,,,,,,,,,,,,,,,,297.1418035310096,0.0,0.004470492203766788,0.0,0.018560387388261337,0.17363780288408295,0.0,0,0,0,1,0,0,0,0,0,0,0,0,0,0,0,0,0,0,0,0,0,0,0,0,0,0,0,0,0,0
synthetic_InsecUpload_2,synthetic_single,"[""InsecUpload""]",0,1,246.3740882693242,0.0,0.031780816949509155,333.25340779101685,4.58036898666787,0.15346329864696806,0.0,0.0,0.0,0.0,0.03903324627574367,0.0,0.004045573963377978,0.0,0.0,0.0,0.0,0.0,0.0,0.0,0.0,0.0,0.0,0.038207984841835275,0.1749452907816151,0.0,0.0,0.010716242581451306,0.0,0.0,0.0,0.0,0.0,0.0,0.0,0.0,0.0,0.0,0.0,0.0,0.0,0.017857061135520436,0.05557026649521961,0.0,7.89587626155154,2.9888946566555967,0.0,1.3597492503808513,0.039743282113628466,3.150705502464862,0.4952929472735228,0.0,0.0,0.006461362338337615,0.027955456053042844,0.0,0.0,0.0,,,,,,,,,,,,,,,,,,,,,,,,,,,,,,,324.6361032509374,0.0,0.0023986164340778515,0.0,0.03869300450506139,0.1063734809847324,0.0,0,0,0,1,0,0,0,0,0,0,0,0,0,0,0,0,0,0,0,0,0,0,0,0,0,0,0,0,0,0
synthetic_InsecUpload_3,synthetic_single,"[""InsecUpload""]",0,1,214.13051760440138,0.0,0.01820155311247635,65.59760738714328,4.528810488654444,0.0,0.0,0.0,0.0,0.3690128604494343,0.0,0.012214270114212626,0.0,0.0,0.0,0.0,0.0,0.031096217185160216,0.0,0.0,0.0,0.0,0.0,0.05805096945012651,0.2652598550265318,0.0,0.0,0.008956164773171793,0.0,0.0,0.0,0.0,0.0,0.0,0.0,0.0,0.0,0.0,0.0,0.0,0.0,0.029417252708117153,0.0031064589853830107,0.0,8.156510262030045,2.9922615068647582,0.06823512898905028,1.1924641155436313,0.0,2.495599224362176,0.1903721689680658,0.0,0.0,0.0424039842653013,0.019082018624977826,0.0,0.0,0.0,,,,,,,,,,,,,,,,,,,,,,,,,,,,,,,289.47043696680686,0.0,0.002869584860978637,0.0,0.041597670021739426,0.0856585030982101,0.7200964774530024,0,0,0,1,0,0,0,0,0,0,0,0,0,0,0,0,0,0,0,0,0,0,0,0,0,0,0,0,0,0
synthetic_InsecUpload_4,synthetic_single,"[""InsecUpload""]",0,1,216.14104925173726,0.0,0.020291643797410785,129.29276395954878,4.603294118448864,0.09572144497987167,0.0,0.0,0.0,0.21176705376805519,0.016475935773949596,0.028413441629359243,0.0488103288383408,0.07365281516809273,0.0,0.16826742173859385,0.0,0.003401769825737956,0.0,0.0,0.0,0.0,0.0,0.0,0.3143756469082182,0.0,0.0,0.021561035646899658,0.0,0.0,0.0,0.0,0.0,0.0,0.0,0.0,0.0,0.0,0.0,0.0,0.0,0.0019306315335137075,0.019348101860618038,0.0,7.900353505873129,3.019644615236214,0.052057074168451165,0.8640225641379103,0.010397447550425393,2.224399602398931,0.6189945163241245,0.0,0.0,0.013443593766176634,0.0,0.0,0.0,0.0,,,,,,,,,,,,,,,,,,,,,,,,,,,,,,,326.94123506784103,0.0,0.004613588473481964,0.0,0.022219445262108898,0.11360808472127261,1.2214043496054847,0,0,0,1,0,0,0,0,0,0,0,0,0,0,0,0,0,0,0,0,0,0,0,0,0,0,0,0,0,0
synthetic_InsecUpload_5,synthetic_single,"[""InsecUpload""]",0,1,210.86442790813217,0.0,0.02321930265069858,1508.1560321830611,4.5477544032093205,0.00877737163100948,0.0,0.0,0.0,0.06582224104074058,0.020890345889084908,0.006365161695285591,0.0186680534459753,0.036112306713874394,0.0,0.0,0.0,0.009209987396960741,0.0,0.0,0.0,0.0,0.0,0.062278116592699835,0.24662649835291844,0.0,0.0,0.0069416799287963646,0.0,0.0,0.0,0.0,0.0,0.0,0.0,0.0,0.0,0.0,0.0,0.0,0.0,0.0005557844099102725,0.010262283423853028,0.0,8.063129044937904,3.0204909214348628,0.05814806064759688,1.039150637621181,0.05589173501328115,3.5881688444912685,0.8343746043768787,0.0,0.0,0.019900399554145548,0.0,0.0,0.0,0.0,,,,,,,,,,,,,,,,,,,,,,,,,,,,,,,294.8263708950025,0.0,0.005379042496548647,0.0,0.03032314123777785,0.08387675227378255,0.6183596875259386,0,0,0,1,0,0,0,0,0,0,0,0,0,0,0,0,0,0,0,0,0,0,0,0,0,0,0,0,0,0
synthetic_InsecUpload_6,synthetic_single,"[""InsecUpload""]",0,1,242.8746075521425,0.0,0.029646731706805582,0.0,4.48269217505474,0.13221968806232165,0.0,0.0,0.0,0.04637178093778664,0.02745080830552187,0.005564873372787368,0.04496098642410984,0.08385870573526336,0.0,0.09732331358405859,0.14023234836068532,0.03621431384404994,0.0,0.0,0.0,0.0,0.0,0.057535346349929434,0.1483656889586468,0.0,0.0,0.015708131907459472,0.0,0.0,0.0,0.0,0.0,0.0,0.0,0.0,0.0,0.0,0.0,0.0,0.0,0.0,0.025524427743609954,0.0,8.425581542334866,3.0113540486419574,0.021162858734577503,1.1837410679373186,0.041141657934001895,1.001757441872343,0.30031524481651606,0.0,0.0,0.03536722822861141,0.02722350121907796,0.0,0.0,0.0,,,,,,,,,,,,,,,,,,,,,,,,,,,,,,,278.4558723350309,0.0,0.0032178984898990222,0.0,0.01273801657714194,0.09200167267515282,1.5532084874182943,0,0,0,1,0,0,0,0,0,0,0,0,0,0,0,0,0,0,0,0,0,0,0,0,0,0,0,0,0,0
synthetic_InsecUpload_7,synthetic_single,"[""InsecUpload""]",0,1,253.24941379348218,0.0,0.028716442686532638,77.09033133098876,4.558986521302902,0.0,0.0,0.0,0.0,0.0,0.0051426553606223994,0.0,0.04922430653827896,0.08980914582522347,0.0,0.061447819223328315,0.0,0.018908124270001117,0.0,0.0,0.0,0.0,0.0,0.05243913691568484,0.2658337487722849,0.0,0.0,0.0033484264401441328,0.0,0.0,0.0,0.0,0.0,0.0,0.0,0.0,0.0,0.0,0.0,0.0,0.0,0.012857854261426056,0.020693098941250772,0.0,8.151677250706037,3.0171303158457246,0.03693544920592571,1.135815877741752,0.0,2.1803315973378643,0.1493685160782055,0.0,0.0,0.01200648979371656,0.01268353347253977,0.0,0.0,0.0,,,,,,,,,,,,,,,,,,,,,,,,,,,,,,,325.8714923560859,0.0,0.00961383175460672,0.0,0.0,0.15458660234043606,0.05231432968068073,0,0,0,1,0,0,0,0,0,0,0,0,0,0,0,0,0,0,0,0,0,0,0,0,0,0,0,0,0,0
synthetic_InsecUpload_8,synthetic_single,"[""InsecUpload""]",0,1,229.0942649102042,0.0,0.02523646558914974,669.3620236650386,4.5235008692992045,0.06726160193250084,0.0,0.0,0.0,0.16592161815217613,0.022826575202980225,0.0,0.08087550596031233,0.1774056760670626,0.0,0.12042800196602249,0.02849390590852853,0.018833279526430553,0.0,0.0,0.0,0.0,0.0,0.03946477111168721,0.15747782446469644,0.0,0.0,0.020335089832968375,0.0,0.0,0.0,0.0,0.0,0.0,0.0,0.0,0.0,0.0,0.0,0.0,0.0,0.0015623138696602146,0.0,0.0,8.09792965085966,2.998741096317087,0.012631476074990442,1.300978531658113,0.10809701878138284,1.603510589622797,0.9458340996435592,0.0,0.0,0.005875742095360968,0.020886775600019794,0.0,0.0,0.0,,,,,,,,,,,,,,,,,,,,,,,,,,,,,,,306.9419876432845,0.0,0.0005422186228087912,0.0,0.03341158125348253,0.1403483402500719,1.572026661047891,0,0,0,1,0,0,0,0,0,0,0,0,0,0,0,0,0,0,0,0,0,0,0,0,0,0,0,0,0,0
synthetic_InsecUpload_9,synthetic_single,"[""InsecUpload""]",0,1,219.07916487006634,0.0,0.02483561911544029,119.25049757383476,4.470921305368241,0.0350560689099532,0.0,0.0,0.0,0.20604658451484967,0.04407053342263407,0.0,0.039551040809795664,0.18326765936562728,0.0,0.024796359706905677,0.0,0.016959128927966645,0.0,0.0,0.0,0.0,0.0,0.04897368105544615,0.07525607504917227,0.0,0.0,0.014497842815659249,0.0,0.0,0.0,0.0,0.0,0.0,0.0,0.0,0.0,0.0,0.0,0.0,0.0,0.028355364344823927,0.002750872087499903,0.0,8.201573058312473,3.0290982279380243,0.0,1.2016240483862435,0.07569025394019221,0.9492982126246894,0.5793118766813758,0.0,0.0,0.0,0.013655633900345762,0.0,0.0,0.0,,,,,,,,,,,,,,,,,,,,,,,,,,,,,,,309.6170022950598,0.0,0.011086654571946223,0.0,0.01616333904367334,0.15553929271564276,0.0,0,0,0,1,0,0,0,0,0,0,0,0,0,0,0,0,0,0,0,0,0,0,0,0,0,0,0,0,0,0
synthetic_InsecUpload_10,synthetic_single,"[""InsecUpload""]",0,1,231.88032282276833,0.0,0.01378541929733686,640.719232684556,4.548727359892436,0.0,0.0,0.0,0.0,0.40307795025157245,0.027385594284837195,0.0,0.02163155866830685,0.0,0.0,0.0,0.0,0.03026643302987707,0.0,0.0,0.0,0.0,0.0,0.0713162278631626,0.15229336136304863,0.0,0.0,0.007187860181206196,0.0,0.0,0.0,0.0,0.0,0.0,0.0,0.0,0.0,0.0,0.0,0.0,0.0,0.0,0.007017004705738816,0.0,8.015664456030233,3.003259371450409,0.0,1.3007620367994783,0.07419881808721254,1.724452348943213,0.3605981057024099,0.0,0.0,0.021926904378814158,0.0,0.0,0.0,0.0,,,,,,,,,,,,,,,,,,,,,,,,,,,,,,,316.8085901806246,0.0,0.005328880905068682,0.0,0.023613022746211312,0.14206112663994605,0.7177816475230688,0,0,0,1,0,0,0,0,0,0,0,0,0,0,0,0,0,0,0,0,0,0,0,0,0,0,0,0,0,0
synthetic_InsecUpload_11,synthetic_single,"[""InsecUpload""]",0,1,249.63167435680344,0.0,0.016003710833736712,758.2366958713172,4.4781282820561055,0.06891571917054895,0.0,0.0,0.0,0.0,0.046627868363177755,0.0,0.06795260989467852,0.020130630161727427,0.0,0.0,0.0,0.0,0.0,0.0,0.0,0.0,0.0,0.005596632979134673,0.17965409110172903,0.0,0.0,0.03418037297308779,0.0,0.0,0.0,0.0,0.0,0.0,0.0,0.0,0.0,0.0,0.0,0.0,0.0,0.0,0.018136083434105006,0.0,8.121547235149741,3.039045349108126,0.04490776595755505,0.8944114743061844,0.0,2.4710388436422552,1.0070097172187917,0.0,0.0,0.025479227779338927,0.04109990223855691,0.0,0.0,0.0,,,,,,,,,,,,,,,,,,,,,,,,,,,,,,,332.9157105816627,0.0,0.011613974104914649,0.0,0.04537082629242792,0.1001223690322526,0.4594553569983235,0,0,0,1,0,0,0,0,0,0,0,0,0,0,0,0,0,0,0,0,0,0,0,0,0,0,0,0,0,0
synthetic_InsecUpload_12,synthetic_single,"[""InsecUpload""]",0,1,229.67038536819564,0.0,0.016266757814540952,672.7603704218226,4.539807722792652,0.10583516646026472,0.0,0.0,0.0,0.262795928792109,0.023999797434282707,0.01749495471961577,0.030273044024862177,0.24363731632839158,0.0,0.029561025175451658,0.09014665592522214,0.013712801259332549,0.0,0.0,0.0,0.0,0.0,0.03502637851786763,0.1980213441411774,0.0,0.0,0.01349680935369373,0.0,0.0,0.0,0.0,0.0,0.0,0.0,0.0,0.0,0.0,0.0,0.0,0.0,0.0382837828108651,0.02876842548060471,0.0,8.215408995864932,2.974785188211149,0.0382298127225736,0.7998183151691136,0.12697073097500583,2.023597903622083,0.6752089795651763,0.0,0.0,0.023596661684653193,0.0,0.0,0.0,0.0,,,,,,,,,,,,,,,,,,,,,,,,,,,,,,,273.34058526582226,0.0,0.004601948298333203,0.0,0.020209563601720514,0.08855487476799803,1.632899266787752,0,0,0,1,0,0,0,0,0,0,0,0,0,0,0,0,0,0,0,0,0,0,0,0,0,0,0,0,0,0
synthetic_InsecUpload_13,synthetic_single,"[""InsecUpload""]",0,1,223.634998333218,0.0,0.025863384048022985,1467.836918581398,4.623316977788669,0.07457262071995782,0.0,0.0,0.0,0.0,0.006164665802936967,0.04169470949032461,0.08219959527367279,0.0874453890534915,0.0,0.011437305058426071,0.05124444997093479,0.0,0.0,0.0,0.0,0.0,0.0,0.0819574162617592,0.22190530688529697,0.0,0.0,0.004837460093028878,0.0,0.0,0.0,0.0,0.0,0.0,0.0,0.0,0.0,0.0,0.0,0.0,0.0,0.022550642021727366,0.0,0.0,8.218615442116455,2.9881193866296214,0.005455759292848059,0.8360897170659454,0.029467653296320638,1.2544459502829155,0.5359003519497421,0.0,0.0,0.018481802586630767,0.01637374869789739,0.0,0.0,0.0,,,,,,,,,,,,,,,,,,,,,,,,,,,,,,,278.681048897372,0.0,0.012307588481348273,0.0,0.052291305701095706,0.10629838811176084,2.5113809828069726,0,0,0,1,0,0,0,0,0,0,0,0,0,0,0,0,0,0,0,0,0,0,0,0,0,0,0,0,0,0
synthetic_InsecUpload_14,synthetic_single,"[""InsecUpload""]",0,1,220.96228619183216,0.0,0.025916683118000154,750.86834760094,4.559186716088128,0.042297935962241476,0.0,0.0,0.0,0.1503918910569011,0.0,0.014505017179290357,0.039118603633352955,0.29125518224728464,0.0,0.0,0.08570803570093188,0.0351142547340156,0.0,0.0,0.0,0.0,0.0,0.05280777153691736,0.08944632328280903,0.0,0.0,0.015418021789136652,0.0,0.0,0.0,0.0,0.0,0.0,0.0,0.0,0.0,0.0,0.0,0.0,0.0,0.00598638339009732,0.0,0.0,8.178179589595317,3.021807754297557,0.025019842081411885,1.2992372876915939,0.0,2.032321818206287,0.0,0.0,0.0,0.010275960779103945,0.0,0.0,0.0,0.0,,,,,,,,,,,,,,,,,,,,,,,,,,,,,,,264.57029891289665,0.0,0.0,0.0,0.03128159317924843,0.12986770053299238,2.7989810120039365,0,0,0,1,0,0,0,0,0,0,0,0,0,0,0,0,0,0,0,0,0,0,0,0,0,0,0,0,0,0
synthetic_InsecUpload_15,synthetic_single,"[""InsecUpload""]",0,1,233.3609884571013,0.0,0.024177592869845894,0.0,4.476728898618663,0.0,0.0,0.0,0.0,0.2131970544912663,0.04836824209639256,0.014960393221528832,0.009370104293159445,0.0,0.0,0.0,0.10398606068008595,0.006233113937919432,0.0,0.0,0.0,0.0,0.0,0.11871411492276629,0.10115425943073954,0.0,0.0,0.0035218414671028264,0.0,0.0,0.0,0.0,0.0,0.0,0.0,0.0,0.0,0.0,0.0,0.0,0.0,0.017145657842403413,0.008735063806173674,0.0,8.182928922233822,2.9926704520072565,0.03950919497915385,0.7815909269772012,0.0,1.7418780877360156,0.7223414144778973,0.0,0.0,0.027003500789604964,0.020480849516216842,0.0,0.0,0.0,,,,,,,,,,,,,,,,,,,,,,,,,,,,,,,209.8876847519861,0.0,0.013042327933721811,0.0,0.02698396510565448,0.11688013184940753,2.0588628726791285,0,0,0,1,0,0,0,0,0,0,0,0,0,0,0,0,0,0,0,0,0,0,0,0,0,0,0,0,0,0
synthetic_InsecUpload_16,synthetic_single,"[""InsecUpload""]",0,1,226.48735879180288,0.0,0.022248333182625972,860.522844589246,4.583239085160667,0.03385471381515886,0.0,0.0,0.0,0.24246681083714733,0.014994599442581934,0.0,0.06501319309086553,0.20670819093787207,0.0,0.02248880970214704,0.11406054535950452,0.020015575264546174,0.0,0.0,0.0,0.0,0.0,0.06309840468830945,0.20208729912865184,0.0,0.0,0.015312113303391732,0.0,0.0,0.0,0.0,0.0,0.0,0.0,0.0,0.0,0.0,0.0,0.0,0.0,0.030773725406913643,0.01217080471172102,0.0,8.071025355531406,2.994342324251783,0.04358677082914484,0.8554910350240708,0.0,1.2147562797752736,1.1259888637029631,0.0,0.0,0.0,0.00624516303976283,0.0,0.0,0.0,,,,,,,,,,,,,,,,,,,,,,,,,,,,,,,286.1196467300538,0.0,0.011203064156403056,0.0,0.02508258894194309,0.1402026748489598,1.4619253580769473,0,0,0,1,0,0,0,0,0,0,0,0,0,0,0,0,0,0,0,0,0,0,0,0,0,0,0,0,0,0
synthetic_InsecUpload_17,synthetic_single,"[""InsecUpload""]",0,1,242.0344352181619,0.0,0.022867653825653315,876.9341894449215,4.6023888076141795,0.0,0.0,0.0,0.0,0.13592970505957777,0.0,0.020596482509954835,0.04596765649035095,0.0720589435878893,0.0,0.0364342875548255,0.199977611244112,0.004320177751029138,0.0,0.0,0.0,0.0,0.0,0.10234045918737697,0.21022855536151688,0.0,0.0,0.018768698126321235,0.0,0.0,0.0,0.0,0.0,0.0,0.0,0.0,0.0,0.0,0.0,0.0,0.0,0.02037673974758073,0.0,0.0,8.093895307272867,3.009020705716701,0.024646692763941203,1.0295835948281846,0.03500274240866458,2.387195737091237,0.42896391717521287,0.0,0.0,0.044209220962563814,0.020849825757140755,0.0,0.0,0.0,,,,,,,,,,,,,,,,,,,,,,,,,,,,,,,284.01341002442604,0.0,0.0,0.0,0.04821035841889372,0.09311720810695297,0.15382997870867543,0,0,0,1,0,0,0,0,0,0,0,0,0,0,0,0,0,0,0,0,0,0,0,0,0,0,0,0,0,0
synthetic_BufOvr_0,synthetic_single,"[""BufOvr""]",0,1,238.43099780778067,0.0,0.02959504354739281,1439.8305991019377,4.6449888779333035,0.0,0.0,0.0,0.0,0.2837107647097773,0.03340231464530462,0.038560159326673026,0.0,0.022978482534399658,0.0,0.12653979081610292,0.0,0.009168118274715094,0.0,0.0,0.0,0.0,0.0,0.0,0.17503876355177544,0.0,0.0,0.028802183455675003,0.0,0.0,0.0,0.0,0.0,0.0,0.0,0.0,0.0,0.0,0.0,0.0,0.0,0.029879356962868815,0.018687882278276457,0.0,8.358579192070945,3.0069898518176603,0.02157495357233813,1.038971656358286,0.03549823537225612,2.4496788235857023,0.24946153947074567,0.0,0.0,0.0,0.0176922043364275,0.0,0.0,0.0,,,,,,,,,,,,,,,,,,,,,,,,,,,,,,,318.9008296719067,0.0,0.003273419153460583,0.0,0.04231070060254741,0.12446567730265246,0.7294339480808474,0,0,0,0,1,0,0,0,0,0,0,0,0,0,0,0,0,0,0,0,0,0,0,0,0,0,0,0,0,0
synthetic_BufOvr_1,synthetic_single,"[""BufOvr""]",0,1,234.3562976186332,0.0,0.0252247234254996,1093.2316943707,4.559396482371395,0.0,0.0,0.0,0.0,0.26516941211714523,0.03645176559002884,0.015239790764921584,0.10044557031557472,0.0,0.0,0.08673373859326486,0.11555499931611442,0.02959467149109126,0.0,0.0,0.0,0.0,0.0,0.07298360320875319,0.18527056260261324,0.0,0.0,0.0,0.0,0.0,0.0,0.0,0.0,0.0,0.0,0.0,0.0,0.0,0.0,0.0,0.0,0.0,0.04377395192150186,0.0,8.14629099186113,3.0019776073744593,0.054354463702624124,0.687380071037425,0.10766938034709769,1.5417601435574677,0.428976207793596,0.0,0.0,0.0,0.004069729387760531,0.0,0.0,0.0,,,,,,,,,,,,,,,,,,,,,,,,,,,,,,,301.6808475946475,0.0,0.011095712390787528,0.0,0.01778968824504098,0.13791374281805835,1.0035583145622442,0,0,0,0,1,0,0,0,0,0,0,0,0,0,0,0,0,0,0,0,0,0,0,0,0,0,0,0,0,0
synthetic_BufOvr_2,synthetic_single,"[""BufOvr""]",0,1,220.11516489356472,0.0,0.019725634375311593,820.3193025237697,4.506406179567637,0.1343308841408007,0.0,0.0,0.0,0.3066828178792499,0.028328015423627093,0.0199622418294167,0.01867407840789533,0.0,0.0,0.0012259846936802585,0.11602439333715617,0.0259047717330907,0.0,0.0,0.0,0.0,0.0,0.005040629195551892,0.23434038577991803,0.0,0.0,0.0,0.0,0.0,0.0,0.0,0.0,0.0,0.0,0.0,0.0,0.0,0.0,0.0,0.0,0.012417108691261542,0.02301971821028842,0.0,8.395689216965911,3.026368808746943,0.012092380304954,0.7599576474330556,0.054739582717407934,2.0984775594701417,0.25974010501776074,0.0,0.0,0.014450747336658605,0.014670242917252429,0.0,0.0,0.0,,,,,,,,,,,,,,,,,,,,,,,,,,,,,,,288.37216245673426,0.0,0.009323539942614006,0.0,0.053170483327511314,0.0865014991272468,0.749456028644364,0,0,0,0,1,0,0,0,0,0,0,0,0,0,0,0,0,0,0,0,0,0,0,0,0,0,0,0,0,0
synthetic_BufOvr_3,synthetic_single,"[""BufOvr""]",0,1,216.0735732740429,0.0,0.018279091490887918,836.2941185408134,4.617114850028157,0.16974003555718947,0.0,0.0,0.0,0.22706503894188404,0.082973744068168,0.00952590058909171,0.02937186424064044,0.31287484848167274,0.0,0.011965291383237646,0.0,0.016954611935495564,0.0,0.0,0.0,0.0,0.0,0.03562228711115334,0.24444085333066407,0.0,0.0,0.02515332440078758,0.0,0.0,0.0,0.0,0.0,0.0,0.0,0.0,0.0,0.0,0.0,0.0,0.0,0.0,0.01972579066956361,0.0,8.16005311486504,3.0076083362609043,0.025988492139623474,1.1234239795539267,0.07229511941331143,2.417664766938977,0.8635377479492163,0.0,0.0,0.0,0.011473725055159341,0.0,0.0,0.0,,,,,,,,,,,,,,,,,,,,,,,,,,,,,,,357.03545081548276,0.0,0.0038647883898749757,0.0,0.030435919414993424,0.1342441612436738,0.8460962915337773,0,0,0,0,1,0,0,0,0,0,0,0,0,0,0,0,0,0,0,0,0,0,0,0,0,0,0,0,0,0
synthetic_BufOvr_4,synthetic_single,"[""BufOvr""]",0,1,222.75416161043148,0.0,0.02211011825856356,128.50850379003566,4.472131108610632,0.10744879830899282,0.0,0.0,0.0,0.26117678661205995,0.024075627380613314,0.0064167284891519984,0.03260627933658401,0.08792658038394568,0.0,0.030215121411432032,0.10395977077192647,0.027618824333986956,0.0,0.0,0.0,0.0,0.0,0.013419850168500138,0.14401164271991,0.0,0.0,0.02594854730837416,0.0,0.0,0.0,0.0,0.0,0.0,0.0,0.0,0.0,0.0,0.0,0.0,0.0,0.0207147723422991,0.02557158483658138,0.0,7.959889320734708,3.0130538144797563,0.018952222753574346,0.9336045820743857,0.0,2.382742086748396,0.6446276601580009,0.0,0.0,0.0024335373457317483,0.0,0.0,0.0,0.0,,,,,,,,,,,,,,,,,,,,,,,,,,,,,,,304.3170035462108,0.0,0.001579727519794332,0.0,0.0336234107457076,0.14483858093131716,2.2484762305015047,0,0,0,0,1,0,0,0,0,0,0,0,0,0,0,0,0,0,0,0,0,0,0,0,0,0,0,0,0,0
synthetic_BufOvr_5,synthetic_single,"[""BufOvr""]",0,1,219.8751004963693,0.0,0.025975507238243607,193.9027473802684,4.506140129162348,0.018806187988657165,0.0,0.0,0.0,0.07744852052080928,0.03319806547082967,0.030620727914420387,0.053152461529882414,0.09833300425266069,0.0,0.09899075776366505,0.1090707537943314,0.01050924334069154,0.0,0.0,0.0,0.0,0.0,0.002015982917825704,0.08576735406855952,0.0,0.0,0.0,0.0,0.0,0.0,0.0,0.0,0.0,0.0,0.0,0.0,0.0,0.0,0.0,0.0,0.024073882925674698,0.01883867272913212,0.0,8.223842969347793,2.999438408814311,0.056830440810249905,0.8148999377325439,0.0,0.7424946190346484,0.6604187955962618,0.0,0.0,0.0,0.021768154624490846,0.0,0.0,0.0,,,,,,,,,,,,,,,,,,,,,,,,,,,,,,,317.64454616028064,0.0,0.011436725025078937,0.0,0.015461128943785001,0.15484553260027226,0.5608819246858363,0,0,0,0,1,0,0,0,0,0,0,0,0,0,0,0,0,0,0,0,0,0,0,0,0,0,0,0,0,0
synthetic_BufOvr_6,synthetic_single,"[""BufOvr""]",0,1,239.98698894958795,0.0,0.01947269604835989,499.61208974070337,4.511498946230439,0.0,0.0,0.0,0.0,0.1313088682145137,0.0020918731801329513,0.0,0.022990652160665915,0.025170785835051203,0.0,0.004677480917675947,0.0947209866502321,0.002583948477115388,0.0,0.0,0.0,0.0,0.0,0.042969467643241686,0.16275580630741962,0.0,0.0,0.035204018847089,0.0,0.0,0.0,0.0,0.0,0.0,0.0,0.0,0.0,0.0,0.0,0.0,0.0,0.03475211385185788,0.019232043572980063,0.0,8.191705238374308,3.0077427705359527,0.045116126040558355,1.2447896365029394,0.042143959694524745,1.2182547714796796,0.11328222366785212,0.0,0.0,0.019637062801538437,0.009252233831582813,0.0,0.0,0.0,,,,,,,,,,,,,,,,,,,,,,,,,,,,,,,275.9886389329004,0.0,0.009345636078617992,0.0,0.017218619198990745,0.07903142654412038,2.018398216003679,0,0,0,0,1,0,0,0,0,0,0,0,0,0,0,0,0,0,0,0,0,0,0,0,0,0,0,0,0,0
synthetic_BufOvr_7,synthetic_single,"[""BufOvr""]",0,1,243.4038127378345,0.0,0.019852641202989123,146.96892986849474,4.519214222288821,0.1034583125918859,0.0,0.0,0.0,0.2349000606105054,0.022989839916758837,0.0334268511592088,0.015314311528394657,0.12524825549267288,0.0,0.09015772779400616,0.08320848281733004,0.033899032921647074,0.0,0.0,0.0,0.0,0.0,0.07841914831768286,0.305088713821037,0.0,0.0,0.0371986161761453,0.0,0.0,0.0,0.0,0.0,0.0,0.0,0.0,0.0,0.0,0.0,0.0,0.0,0.0337139024349252,0.001763523611572882,0.0,8.20288543317473,3.0298329848610255,0.03568730619849381,1.1968955542406878,0.13440918876182684,0.590969357518941,1.1895123036995443,0.0,0.0,0.021366233068774228,0.024348725091817555,0.0,0.0,0.0,,,,,,,,,,,,,,,,,,,,,,,,,,,,,,,273.7715727588301,0.0,0.014448157345252873,0.0,0.01029487224733186,0.0394333306515946,2.5440782726406628,0,0,0,0,1,0,0,0,0,0,0,0,0,0,0,0,0,0,0,0,0,0,0,0,0,0,0,0,0,0
synthetic_BufOvr_8,synthetic_single,"[""BufOvr""]",0,1,252.02789966639259,0.0,0.01861886752850539,86.34435653249824,4.556433820227767,0.1370084447703615,0.0,0.0,0.0,0.23905156505458652,0.0,0.0202039030326866,0.013989847523975748,0.2703941819475945,0.0,0.10236707991051572,0.0,0.009498096477823247,0.0,0.0,0.0,0.0,0.0,0.024481593415629742,0.23699083040595992,0.0,0.0,0.014905073350510544,0.0,0.0,0.0,0.0,0.0,0.0,0.0,0.0,0.0,0.0,0.0,0.0,0.0,0.017338588542052065,0.0,0.0,8.224082379150422,2.9636915169033906,0.0032129867852862017,0.8335154085355372,0.12028714713479552,2.0793870146147015,0.6149108996415227,0.0,0.0,0.01758729276547545,0.015507672632884585,0.0,0.0,0.0,,,,,,,,,,,,,,,,,,,,,,,,,,,,,,,303.40715164301423,0.0,0.002174942374571865,0.0,0.0036027335623125822,0.15042497145948172,0.0,0,0,0,0,1,0,0,0,0,0,0,0,0,0,0,0,0,0,0,0,0,0,0,0,0,0,0,0,0,0
synthetic_BufOvr_9,synthetic_single,"[""BufOvr""]",0,1,237.32891235394777,0.0,0.03543504132309122,398.2645762669755,4.509200244627171,0.05224188071758541,0.0,0.0,0.0,0.28375008805829494,0.027729235165329793,0.01068175783754415,0.0,0.1867321283046025,0.0,0.05252117130558776,0.0,0.029865730498946655,0.0,0.0,0.0,0.0,0.0,0.04300824202368468,0.18928497164569347,0.0,0.0,0.009055962824794208,0.0,0.0,0.0,0.0,0.0,0.0,0.0,0.0,0.0,0.0,0.0,0.0,0.0,0.006065464092442845,0.0,0.0,8.153494618852553,3.0285370566501304,0.017053996162400747,1.0907382652495023,0.030701992812744522,1.8620063470138022,0.41315045663737193,0.0,0.0,0.011363470253034257,0.044179148741691675,0.0,0.0,0.0,,,,,,,,,,,,,,,,,,,,,,,,,,,,,,,316.02786182368897,0.0,0.01321009108624768,0.0,0.049971326835060434,0.09302739919121233,2.6344145304728324,0,0,0,0,1,0,0,0,0,0,0,0,0,0,0,0,0,0,0,0,0,0,0,0,0,0,0,0,0,0
synthetic_BufOvr_10,synthetic_single,"[""BufOvr""]",0,1,212.63712548761728,0.0,0.033879227976131784,1233.2537576406337,4.531094142582522,0.03307996349713963,0.0,0.0,0.0,0.09200539252440679,0.0,0.003916111290241836,0.0,0.15958537434104514,0.0,0.04562579169294832,0.03595965651567499,0.04738725771001332,0.0,0.0,0.0,0.0,0.0,0.020814777025856428,0.14898808199861827,0.0,0.0,0.024342255337680287,0.0,0.0,0.0,0.0,0.0,0.0,0.0,0.0,0.0,0.0,0.0,0.0,0.0,0.027579283514668977,0.0170118855729322,0.0,7.936640012080997,2.992778344845682,0.0,1.1232482063482738,0.0,2.248093181349301,0.8281636260443497,0.0,0.0,0.020343393543433976,0.015440952115671494,0.0,0.0,0.0,,,,,,,,,,,,,,,,,,,,,,,,,,,,,,,321.81991974350996,0.0,0.0035451654062077236,0.0,0.0289740336929505,0.12716764775799394,1.3105657375914737,0,0,0,0,1,0,0,0,0,0,0,0,0,0,0,0,0,0,0,0,0,0,0,0,0,0,0,0,0,0
synthetic_BufOvr_11,synthetic_single,"[""BufOvr""]",0,1,216.34524674001702,0.0,0.01679433400969412,527.02096929919,4.650610297462043,0.09011001169276861,0.0,0.0,0.0,0.3056205070761299,0.0,0.009290470007893094,0.04816677309109253,0.0724570451208457,0.0,0.017880178245948716,0.0751846397128871,0.0,0.0,0.0,0.0,0.0,0.0,0.036337542782574284,0.11798537633466706,0.0,0.0,0.034162743399034,0.0,0.0,0.0,0.0,0.0,0.0,0.0,0.0,0.0,0.0,0.0,0.0,0.0,0.0,0.0009863032844084334,0.0,8.023360397651228,3.0386622534616614,0.0428371282403878,0.9226543385679248,0.009484595013946655,1.64403416968507,1.2865020066212682,0.0,0.0,0.024892231731118222,0.03079472462327921,0.0,0.0,0.0,,,,,,,,,,,,,,,,,,,,,,,,,,,,,,,355.7445578183534,0.0,0.005738696731939734,0.0,0.02124287146384273,0.12958100628679106,1.6600167617498045,0,0,0,0,1,0,0,0,0,0,0,0,0,0,0,0,0,0,0,0,0,0,0,0,0,0,0,0,0,0
synthetic_BufOvr_12,synthetic_single,"[""BufOvr""]",0,1,240.704638344312,0.0,0.023501151479592707,53.11256848310205,4.618195380731723,0.026327869292894067,0.0,0.0,0.0,0.14664940022193537,0.0,0.01241522294028354,0.08461117348595243,0.15325962461020787,0.0,0.00045874802753900074,0.11694679138870384,0.024360307514762425,0.0,0.0,0.0,0.0,0.0,0.06738388363708385,0.17995661157690376,0.0,0.0,0.012473651761882667,0.0,0.0,0.0,0.0,0.0,0.0,0.0,0.0,0.0,0.0,0.0,0.0,0.0,0.01965365476532959,0.0,0.0,8.081563965127854,3.011805127592956,0.05679648603841837,0.943241153704288,0.10231711902746404,1.837421892678501,0.6312537404547365,0.0,0.0,0.01557595328393327,0.0006451140422297011,0.0,0.0,0.0,,,,,,,,,,,,,,,,,,,,,,,,,,,,,,,333.7514179472909,0.0,0.01874599455947016,0.0,0.01583468450385057,0.09506384035840452,0.24369704038806428,0,0,0,0,1,0,0,0,0,0,0,0,0,0,0,0,0,0,0,0,0,0,0,0,0,0,0,0,0,0
synthetic_BufOvr_13,synthetic_single,"[""BufOvr""]",0,1,238.08956889763826,0.0,0.003581964744239767,0.0,4.471995348864696,0.08310366115052928,0.0,0.0,0.0,0.08785137497563125,0.06917724260639205,0.007423938014202258,0.03444199875257871,0.011795872996732695,0.0,0.08626087472215228,0.09885810800092101,0.015379390300612514,0.0,0.0,0.0,0.0,0.0,0.06920687795373556,0.12851309270477596,0.0,0.0,0.0056353583824169445,0.0,0.0,0.0,0.0,0.0,0.0,0.0,0.0,0.0,0.0,0.0,0.0,0.0,0.0,0.005303988384429345,0.0,8.142326730442333,3.055932475991321,0.04569856122844601,1.2458707052798896,0.08268197908868588,1.6882271445275348,0.6230724101593683,0.0,0.0,0.008345705945036436,0.038040439428148796,0.0,0.0,0.0,,,,,,,,,,,,,,,,,,,,,,,,,,,,,,,303.7317758672487,0.0,0.003980199337697353,0.0,0.0,0.060776128372515344,0.7889362960026076,0,0,0,0,1,0,0,0,0,0,0,0,0,0,0,0,0,0,0,0,0,0,0,0,0,0,0,0,0,0
synthetic_BufOvr_14,synthetic_single,"[""BufOvr""]",0,1,226.5577692174211,0.0,0.013016160678307756,419.4557238909951,4.576761036173023,0.13029652340078118,0.0,0.0,0.0,0.3065974697914953,0.0,0.005375448232201865,0.03436276911434861,0.0,0.0,0.16051215749849757,0.13817505295761273,0.010254503447120316,0.0,0.0,0.0,0.0,0.0,0.04307251924796808,0.21139706384077353,0.0,0.0,0.008894757296108552,0.0,0.0,0.0,0.0,0.0,0.0,0.0,0.0,0.0,0.0,0.0,0.0,0.0,0.030080708557777884,0.005886237616270184,0.0,8.178173560957067,3.0153069264314234,0.02506814556225748,0.7224040611778111,0.02680631243374748,1.6238816498056068,0.35887342590758153,0.0,0.0,0.005133365913534138,0.0,0.0,0.0,0.0,,,,,,,,,,,,,,,,,,,,,,,,,,,,,,,328.3272640224615,0.0,0.003867955705234899,0.0,0.0,0.11942335349880076,1.9669779323809098,0,0,0,0,1,0,0,0,0,0,0,0,0,0,0,0,0,0,0,0,0,0,0,0,0,0,0,0,0,0
synthetic_BufOvr_15,synthetic_single,"[""BufOvr""]",0,1,221.60891826583742,0.0,0.01556464644029939,956.1122183830462,4.487860527231279,0.0,0.0,0.0,0.0,0.20086318818040144,0.005029335561419688,0.0,0.07209521379438176,0.05872196078018313,0.0,0.02124688748426245,0.20108163812723917,0.01527947500288309,0.0,0.0,0.0,0.0,0.0,0.06526990185960957,0.19909173878768513,0.0,0.0,0.039792148055009115,0.0,0.0,0.0,0.0,0.0,0.0,0.0,0.0,0.0,0.0,0.0,0.0,0.0,0.0,0.02076202743544425,0.0,8.2957900524609,3.0161021161843897,0.045707625350811715,0.8068823764015742,0.05803107357164693,2.339905194658246,0.832818321135188,0.0,0.0,0.024119625740403813,0.0341419937889433,0.0,0.0,0.0,,,,,,,,,,,,,,,,,,,,,,,,,,,,,,,306.25452105471,0.0,0.0099133298545886,0.0,0.0,0.1058037698750511,1.592478543999577,0,0,0,0,1,0,0,0,0,0,0,0,0,0,0,0,0,0,0,0,0,0,0,0,0,0,0,0,0,0
synthetic_BufOvr_16,synthetic_single,"[""BufOvr""]",0,1,243.92440222265859,0.0,0.03117704631139648,742.1043245394849,4.544854257475336,0.04953057025952924,0.0,0.0,0.0,0.28933875803127085,0.048065763971757124,0.034083215081526085,0.0,0.0,0.0,0.04774807186812484,0.07126634363505023,0.0,0.0,0.0,0.0,0.0,0.0,0.013738067332682805,0.04205726899907597,0.0,0.0,0.0,0.0,0.0,0.0,0.0,0.0,0.0,0.0,0.0,0.0,0.0,0.0,0.0,0.0,0.0277470685496772,0.010678061326854003,0.0,8.147873097014195,2.993037204653007,0.0,0.9086574211827732,0.04528774749124939,2.906269502701683,0.17995057127308411,0.0,0.0,0.035332312839636636,0.0011977915735385206,0.0,0.0,0.0,,,,,,,,,,,,,,,,,,,,,,,,,,,,,,,263.94867909986203,0.0,0.002479134933294358,0.0,0.010599977139266314,0.04194605812887475,2.9685217155759656,0,0,0,0,1,0,0,0,0,0,0,0,0,0,0,0,0,0,0,0,0,0,0,0,0,0,0,0,0,0
synthetic_BufOvr_17,synthetic_single,"[""BufOvr""]",0,1,236.77643727924018,0.0,0.020555210366798936,199.73446775404238,4.43014897423491,0.04547168225639766,0.0,0.0,0.0,0.024699675364843868,0.017505245252859188,0.0,0.06604529515506424,0.16824340935279006,0.0,0.09037037357921979,0.0,0.005342482593208948,0.0,0.0,0.0,0.0,0.0,0.0,0.16603498536601735,0.0,0.0,0.012875815842360774,0.0,0.0,0.0,0.0,0.0,0.0,0.0,0.0,0.0,0.0,0.0,0.0,0.0,0.02170244558171805,0.003365436286654342,0.0,7.987106803943161,3.0075529036872157,0.030941156658619157,0.9552883609074418,0.13106552405803004,2.241225288415534,0.987418447810215,0.0,0.0,0.021210934040445297,0.0,0.0,0.0,0.0,,,,,,,,,,,,,,,,,,,,,,,,,,,,,,,334.04233998149493,0.0,0.0,0.0,0.027266730086962808,0.13398935451273875,3.0254343886508295,0,0,0,0,1,0,0,0,0,0,0,0,0,0,0,0,0,0,0,0,0,0,0,0,0,0,0,0,0,0
synthetic_CredsExpose_0,synthetic_single,"[""CredsExpose""]",0,1,237.70934413141882,0.0,0.02788975295510408,432.77272759913035,4.534411491318049,0.0,0.0,0.0,0.0,0.03197190615569111,0.04423607943357033,0.0,0.0,0.023737286330503864,0.0,0.0,0.06745514083427132,0.028478492799833898,0.0,0.0,0.0,0.0,0.0,0.0,0.21457577444619033,0.0,0.0,0.04909454729245654,0.0,0.0,0.0,0.0,0.0,0.0,0.0,0.0,0.0,0.0,0.0,0.0,0.0,0.0,0.026942819461441368,0.0,8.184982317474532,3.026458951581908,0.002588094852614412,0.7859194296011912,0.02650407917420868,1.3049838246786252,0.8127335371352551,0.0,0.0,0.0,0.028138867523878765,0.0,0.0,0.0,,,,,,,,,,,,,,,,,,,,,,,,,,,,,,,286.71012592130734,0.0,0.013750802632377827,0.0,0.01515806634801464,0.13449983253341405,0.06272168243725029,0,0,0,0,0,1,0,0,0,0,0,0,0,0,0,0,0,0,0,0,0,0,0,0,0,0,0,0,0,0
synthetic_CredsExpose_1,synthetic_single,"[""CredsExpose""]",0,1,238.27078029080673,0.0,0.030053233565436398,725.8945782904843,4.508235018321158,0.027154464042256885,0.0,0.0,0.0,0.17623876734900806,0.05012848206039488,0.0,0.027223656754117483,0.10577963021134221,0.0,0.05489232992592631,0.031084622827650503,0.052432098422586546,0.0,0.0,0.0,0.0,0.0,0.06684508468272468,0.16538929897797575,0.0,0.0,0.0,0.0,0.0,0.0,0.0,0.0,0.0,0.0,0.0,0.0,0.0,0.0,0.0,0.0,0.038910748566975725,0.0,0.0,8.016183576510192,3.025886108624914,0.008129726208937798,1.1720739292676179,0.0,1.4406616057130597,1.2884264787534714,0.0,0.0,0.025393765030438737,0.0,0.0,0.0,0.0,,,,,,,,,,,,,,,,,,,,,,,,,,,,,,,284.11016036018566,0.0,0.004978684661625666,0.0,0.024755528971517282,0.10567495778003583,1.2710373468973688,0,0,0,0,0,1,0,0,0,0,0,0,0,0,0,0,0,0,0,0,0,0,0,0,0,0,0,0,0,0
synthetic_CredsExpose_2,synthetic_single,"[""CredsExpose""]",0,1,203.60909844671482,0.0,0.008382517564458666,820.4349137364372,4.57877519319452,0.0,0.0,0.0,0.0,0.26390068624233787,0.0,0.0,0.08258461948165328,0.0,0.0,0.0009635829137811247,0.0,0.013009799504445802,0.0,0.0,0.0,0.0,0.0,0.0,0.19745673300968994,0.0,0.0,0.019792472196544997,0.0,0.0,0.0,0.0,0.0,0.0,0.0,0.0,0.0,0.0,0.0,0.0,0.0,0.0034040556412869814,0.020919841011773327,0.0,8.165654804509924,3.01293248670348,0.06865195136834586,0.9784646226105485,0.010831216098647147,1.2025982055378226,0.9606726795533039,0.0,0.0,0.0,0.03457317803015663,0.0,0.0,0.0,,,,,,,,,,,,,,,,,,,,,,,,,,,,,,,335.0636497718169,0.0,0.0026415399705016205,0.0,0.044456246983386766,0.138751248631761,1.445884358832204,0,0,0,0,0,1,0,0,0,0,0,0,0,0,0,0,0,0,0,0,0,0,0,0,0,0,0,0,0,0
synthetic_CredsExpose_3,synthetic_single,"[""CredsExpose""]",0,1,226.67999060614778,0.0,0.004949177863850282,1058.6793748145428,4.442427302791838,0.0,0.0,0.0,0.0,0.33097268243214406,0.07036999501055603,0.04015442494679562,0.055609847369187185,0.3361238317613921,0.0,0.028234087456392082,0.05411382408195116,0.03808504266604619,0.0,0.0,0.0,0.0,0.0,0.07032366514473198,0.1551105371987549,0.0,0.0,0.04465199354516668,0.0,0.0,0.0,0.0,0.0,0.0,0.0,0.0,0.0,0.0,0.0,0.0,0.0,0.008519264232024157,0.021526012469912127,0.0,8.149430220476724,2.993363928936402,0.01311435234486237,1.3584934408299012,0.03303886550772783,2.0202866782678464,0.32946845410336795,0.0,0.0,0.03239084292152297,0.031568303028567266,0.0,0.0,0.0,,,,,,,,,,,,,,,,,,,,,,,,,,,,,,,323.70794690003027,0.0,0.015276186641994502,0.0,0.04706322525477866,0.08842640498601373,1.32935825434721,0,0,0,0,0,1,0,0,0,0,0,0,0,0,0,0,0,0,0,0,0,0,0,0,0,0,0,0,0,0
synthetic_CredsExpose_4,synthetic_single,"[""CredsExpose""]",0,1,239.73966730543745,0.0,0.019664524189806503,0.0,4.4898696032931005,0.0,0.0,0.0,0.0,0.29565674551753585,0.00634767533532752,0.0031433140962093854,0.0063575802465390616,0.15857123078644486,0.0,0.003996313958107289,0.011996595845884209,0.03206176995774433,0.0,0.0,0.0,0.0,0.0,0.07344654707867079,0.17695098276585883,0.0,0.0,0.0014450014863769366,0.0,0.0,0.0,0.0,0.0,0.0,0.0,0.0,0.0,0.0,0.0,0.0,0.0,0.04366868245652383,0.0,0.0,8.428993997421228,3.0166193662033374,0.011810876753455189,0.8530626509309607,0.02400661460952951,2.0686848421647177,0.46829267087525245,0.0,0.0,0.0054214370531451145,0.0061935368564009115,0.0,0.0,0.0,,,,,,,,,,,,,,,,,,,,,,,,,,,,,,,296.71428943807376,0.0,0.014432702680609923,0.0,0.008430667064457109,0.12443979463034933,0.7375146596333919,0,0,0,0,0,1,0,0,0,0,0,0,0,0,0,0,0,0,0,0,0,0,0,0,0,0,0,0,0,0
synthetic_CredsExpose_5,synthetic_single,"[""CredsExpose""]",0,1,222.72874839392114,0.0,0.01685227805426871,93.83747318858406,4.502364215935579,0.0920282909510451,0.0,0.0,0.0,0.15061634776261051,0.00264983224860146,0.0,0.006885989073495486,0.0,0.0,0.03201685960612401,0.1506220653580877,0.0,0.0,0.0,0.0,0.0,0.0,0.0,0.17725324230042958,0.0,0.0,0.01595854175896432,0.0,0.0,0.0,0.0,0.0,0.0,0.0,0.0,0.0,0.0,0.0,0.0,0.0,0.0,0.0,0.0,8.201222942400346,3.002576231348085,0.055234482492396916,1.3736752278886466,0.1311153296118471,1.5687624883949227,0.4662246518796529,0.0,0.0,0.0,0.009138157186030353,0.0,0.0,0.0,,,,,,,,,,,,,,,,,,,,,,,,,,,,,,,286.6617156002591,0.0,0.0,0.0,0.016353614893835404,0.1265766192070131,1.4837348616819752,0,0,0,0,0,1,0,0,0,0,0,0,0,0,0,0,0,0,0,0,0,0,0,0,0,0,0,0,0,0
synthetic_CredsExpose_6,synthetic_single,"[""CredsExpose""]",0,1,219.55436845434005,0.0,0.02147738016448023,346.21573163692983,4.548520223504917,0.11880119669145545,0.0,0.0,0.0,0.33487042805140455,0.0,0.03328604797719717,0.0,0.15336324315921693,0.0,0.10506546197568226,0.028269627532866305,0.0,0.0,0.0,0.0,0.0,0.0,0.01604943072113093,0.1344783203030174,0.0,0.0,0.00815990714537384,0.0,0.0,0.0,0.0,0.0,0.0,0.0,0.0,0.0,0.0,0.0,0.0,0.0,0.009854434227438879,0.020379618008186204,0.0,8.109233087275461,2.9867700569939504,0.01786248805234688,1.1869964887699527,0.04882539976171382,0.9965912856458682,0.5548751190234773,0.0,0.0,0.010688957561890224,0.0009720446053993383,0.0,0.0,0.0,,,,,,,,,,,,,,,,,,,,,,,,,,,,,,,297.80564305881154,0.0,0.010669530857290365,0.0,0.033137621354195665,0.13662615879267026,0.2220379334564211,0,0,0,0,0,1,0,0,0,0,0,0,0,0,0,0,0,0,0,0,0,0,0,0,0,0,0,0,0,0
synthetic_CredsExpose_7,synthetic_single,"[""CredsExpose""]",0,1,232.7477524355553,0.0,0.020022031794712482,753.3818723652149,4.542702431042531,0.1178837536209544,0.0,0.0,0.0,0.14919986407561361,0.03831542022446557,0.0,0.040658121955651674,0.0891181390053376,0.0,0.08380094822151235,0.03425471152356907,0.007453584621989968,0.0,0.0,0.0,0.0,0.0,0.035043813984849376,0.2957036023134499,0.0,0.0,0.02812398718297251,0.0,0.0,0.0,0.0,0.0,0.0,0.0,0.0,0.0,0.0,0.0,0.0,0.0,0.0,0.012554548699042314,0.0,8.13461231489886,3.030328848381613,0.0,1.0800199717796075,0.09174898887822872,1.5733627502008425,0.6390288816475059,0.0,0.0,0.027503591723560025,0.02589065175208509,0.0,0.0,0.0,,,,,,,,,,,,,,,,,,,,,,,,,,,,,,,269.87628995145764,0.0,0.0010013700876237257,0.0,0.04238587796317762,0.07783632787241612,1.9752098016391928,0,0,0,0,0,1,0,0,0,0,0,0,0,0,0,0,0,0,0,0,0,0,0,0,0,0,0,0,0,0
synthetic_CredsExpose_8,synthetic_single,"[""CredsExpose""]",0,1,217.4874020085258,0.0,0.029939934341299376,225.1873624525224,4.483601512091417,0.06351774194771195,0.0,0.0,0.0,0.18032428868771033,0.018675435218449516,0.015292040638709214,0.06300093245158069,0.04280918535755755,0.0,0.05196592746264307,0.03158079165658875,0.007899670595232706,0.0,0.0,0.0,0.0,0.0,0.05847328930207646,0.14776854173900994,0.0,0.0,0.0,0.0,0.0,0.0,0.0,0.0,0.0,0.0,0.0,0.0,0.0,0.0,0.0,0.0,0.02846496839129372,0.0,0.0,8.164202207125484,3.0247238425976706,0.00370078856384062,0.9536101012720081,0.0008045411508632236,1.9981362033886612,0.3208991671583726,0.0,0.0,0.0,0.0,0.0,0.0,0.0,,,,,,,,,,,,,,,,,,,,,,,,,,,,,,,273.0110780503887,0.0,0.015478957239571673,0.0,0.03795178423167235,0.10874817296048843,1.5679916858148584,0,0,0,0,0,1,0,0,0,0,0,0,0,0,0,0,0,0,0,0,0,0,0,0,0,0,0,0,0,0
synthetic_CredsExpose_9,synthetic_single,"[""CredsExpose""]",0,1,228.77837121497595,0.0,0.012192749306612396,551.1332127825831,4.533712412559997,0.08753867248167543,0.0,0.0,0.0,0.16499948234329076,0.06884869398662696,0.0041645815499349904,0.0,0.03153766078001762,0.0,0.10197969666266829,0.05311318590169976,0.020232196904881004,0.0,0.0,0.0,0.0,0.0,0.031007109155595593,0.19939891148034303,0.0,0.0,0.0,0.0,0.0,0.0,0.0,0.0,0.0,0.0,0.0,0.0,0.0,0.0,0.0,0.0,0.004607215561213126,0.007021641468403281,0.0,8.17749855765779,2.9905927317511445,0.07025816976371656,0.8584864807245531,0.0643637040660778,0.9914172923838159,1.1686360850348068,0.0,0.0,0.010234890296673883,0.0,0.0,0.0,0.0,,,,,,,,,,,,,,,,,,,,,,,,,,,,,,,315.08710943726624,0.0,0.0,0.0,0.015314153558364612,0.10575714817396442,1.346549645867663,0,0,0,0,0,1,0,0,0,0,0,0,0,0,0,0,0,0,0,0,0,0,0,0,0,0,0,0,0,0
synthetic_CredsExpose_10,synthetic_single,"[""CredsExpose""]",0,1,217.54282373545777,0.0,0.01240878230646191,927.0256679557697,4.521247917675759,0.09742457485186021,0.0,0.0,0.0,0.1498249334919735,0.039369748108834215,0.009209587718528832,0.03966701126342756,0.24639976784330408,0.0,0.07530824727907716,0.0,0.02412932647802045,0.0,0.0,0.0,0.0,0.0,0.07615015008123432,0.23903082956504765,0.0,0.0,0.04516700022012235,0.0,0.0,0.0,0.0,0.0,0.0,0.0,0.0,0.0,0.0,0.0,0.0,0.0,0.019130744857656107,0.042127551108048354,0.0,8.046514145706587,3.0128860379845093,0.0509426433163583,0.6316077015907725,0.05796039366389674,0.8559858829577464,0.6869572730631297,0.0,0.0,0.03654954358287958,0.017676115809185988,0.0,0.0,0.0,,,,,,,,,,,,,,,,,,,,,,,,,,,,,,,299.0206027630643,0.0,0.008445768838596374,0.0,0.04231774112065733,0.17067645569269693,1.8584235940010863,0,0,0,0,0,1,0,0,0,0,0,0,0,0,0,0,0,0,0,0,0,0,0,0,0,0,0,0,0,0
synthetic_CredsExpose_11,synthetic_single,"[""CredsExpose""]",0,1,238.6296239561439,0.0,0.017495397960778605,10.639146088230461,4.5219520271735485,0.000516313044042406,0.0,0.0,0.0,0.03325435249395217,0.0,0.010409357255186337,0.011533841164737633,0.04197057314320805,0.0,0.18949160655444133,0.028608003970128207,0.020019972446122844,0.0,0.0,0.0,0.0,0.0,0.0,0.18373161367273522,0.0,0.0,0.0,0.0,0.0,0.0,0.0,0.0,0.0,0.0,0.0,0.0,0.0,0.0,0.0,0.0,0.0,0.021006001956639327,0.0,7.806075901580757,2.984374764114299,0.04384139263359117,1.2254645861828477,0.035702794774357366,2.3403734405646084,0.6671140106764091,0.0,0.0,0.014731487790199664,0.020060716832123217,0.0,0.0,0.0,,,,,,,,,,,,,,,,,,,,,,,,,,,,,,,347.4964925227971,0.0,0.005932321237167731,0.0,0.03510733268446757,0.10897732598954235,0.9541400445680455,0,0,0,0,0,1,0,0,0,0,0,0,0,0,0,0,0,0,0,0,0,0,0,0,0,0,0,0,0,0
synthetic_CredsExpose_12,synthetic_single,"[""CredsExpose""]",0,1,238.17009869742708,0.0,0.0128802941036603,852.0717354424826,4.587400176941989,0.0,0.0,0.0,0.0,0.3730132025528803,0.022352932930418096,0.00422220116867365,0.07382565805729814,0.0,0.0,0.09209548581926137,0.09895303791461921,0.0,0.0,0.0,0.0,0.0,0.0,0.02048541116188028,0.1100063054785865,0.0,0.0,0.039983045927835595,0.0,0.0,0.0,0.0,0.0,0.0,0.0,0.0,0.0,0.0,0.0,0.0,0.0,0.0650461317914684,0.03446457529805638,0.0,8.231836564308928,3.022840395361486,0.03355439244070911,1.0562107962106702,0.0,1.4479807161469043,1.241266345830598,0.0,0.0,0.010905316992564473,0.004081089971880109,0.0,0.0,0.0,,,,,,,,,,,,,,,,,,,,,,,,,,,,,,,284.8369627992971,0.0,0.009924472876929701,0.0,0.03983702057171096,0.10843142919563409,2.8076258698920507,0,0,0,0,0,1,0,0,0,0,0,0,0,0,0,0,0,0,0,0,0,0,0,0,0,0,0,0,0,0
synthetic_CredsExpose_13,synthetic_single,"[""CredsExpose""]",0,1,230.37117448549634,0.0,0.018331578753817915,807.9169548378522,4.534356393427589,0.07790650005305308,0.0,0.0,0.0,0.0,0.0483687228686175,0.0583662942236696,0.04582351971280389,0.30101812112391113,0.0,0.07154462142146764,0.07928951188954327,0.010261060411760505,0.0,0.0,0.0,0.0,0.0,0.04606262828425081,0.2258524281418816,0.0,0.0,0.0,0.0,0.0,0.0,0.0,0.0,0.0,0.0,0.0,0.0,0.0,0.0,0.0,0.0,0.0,0.03356837922827078,0.0,8.21124742710058,3.0234470961054396,0.0,1.09333987060607,0.0,1.1619774224093817,0.8739477715310664,0.0,0.0,0.0,0.030041364350430227,0.0,0.0,0.0,,,,,,,,,,,,,,,,,,,,,,,,,,,,,,,329.6221490752649,0.0,0.0,0.0,0.06049154217075721,0.15088765853030175,1.3959969686986995,0,0,0,0,0,1,0,0,0,0,0,0,0,0,0,0,0,0,0,0,0,0,0,0,0,0,0,0,0,0
synthetic_CredsExpose_14,synthetic_single,"[""CredsExpose""]",0,1,231.40299297551692,0.0,0.030729974062242413,339.9317114564831,4.486492949335781,0.11412667661047475,0.0,0.0,0.0,0.0,0.02523625710362614,0.018834480361323156,0.017042001036471157,0.051590847771530515,0.0,0.16178040382777062,0.0,0.003031847121802019,0.0,0.0,0.0,0.0,0.0,0.00951257216129826,0.14915204800081308,0.0,0.0,0.018765126612353092,0.0,0.0,0.0,0.0,0.0,0.0,0.0,0.0,0.0,0.0,0.0,0.0,0.0,0.03210987687818543,0.016624728595758576,0.0,8.282550599438794,3.006420890058601,0.03402447188480849,1.0420237164894786,0.04700069612641616,2.1178799284710217,0.3705516324146845,0.0,0.0,0.021208191675304477,0.016977401783505857,0.0,0.0,0.0,,,,,,,,,,,,,,,,,,,,,,,,,,,,,,,277.98915275953397,0.0,0.005519166959481748,0.0,0.034436389977955784,0.14576787556674287,1.5449963314704536,0,0,0,0,0,1,0,0,0,0,0,0,0,0,0,0,0,0,0,0,0,0,0,0,0,0,0,0,0,0
synthetic_CredsExpose_15,synthetic_single,"[""CredsExpose""]",0,1,226.98169876321276,0.0,0.031176634811110986,247.09952475439957,4.530630596457569,0.0,0.0,0.0,0.0,0.0,0.06596494222514886,0.048501175117326475,0.011706041562428866,0.12629365719823527,0.0,0.1078844543237538,0.05667234308606126,0.04447342411469786,0.0,0.0,0.0,0.0,0.0,0.0,0.36807498251495874,0.0,0.0,0.011737746200173099,0.0,0.0,0.0,0.0,0.0,0.0,0.0,0.0,0.0,0.0,0.0,0.0,0.0,0.013765497013367003,0.0,0.0,8.126547369706836,2.9963688029729423,0.039040170440495306,0.870450057570052,0.0,3.4279844926990037,0.0,0.0,0.0,0.004937301382737659,0.0,0.0,0.0,0.0,,,,,,,,,,,,,,,,,,,,,,,,,,,,,,,290.7825959321019,0.0,0.004795666420953796,0.0,0.03754417556183785,0.12156000406914906,1.5487243210635595,0,0,0,0,0,1,0,0,0,0,0,0,0,0,0,0,0,0,0,0,0,0,0,0,0,0,0,0,0,0
synthetic_CredsExpose_16,synthetic_single,"[""CredsExpose""]",0,1,235.3814779802023,0.0,0.01563422880951911,611.5149544715593,4.503881406126159,0.26637183652625596,0.0,0.0,0.0,0.24846388971354594,0.030103431932186408,0.038286652072408424,0.004357871565699802,0.06746804222256578,0.0,0.04259042839157729,0.036862097750887834,0.025901072366427757,0.0,0.0,0.0,0.0,0.0,0.02550648026254794,0.2052047601053577,0.0,0.0,0.035499602616758774,0.0,0.0,0.0,0.0,0.0,0.0,0.0,0.0,0.0,0.0,0.0,0.0,0.0,0.01094864249269776,0.0,0.0,8.157419648556992,3.0066002625698496,0.03497500389356621,0.8387383429381676,0.030875569407850682,3.523344988133581,0.8575461281361885,0.0,0.0,0.040152552023296186,0.023702804494990445,0.0,0.0,0.0,,,,,,,,,,,,,,,,,,,,,,,,,,,,,,,338.2102727597049,0.0,0.004599282621580625,0.0,0.05152062321502014,0.19240539896430842,1.4205437403942438,0,0,0,0,0,1,0,0,0,0,0,0,0,0,0,0,0,0,0,0,0,0,0,0,0,0,0,0,0,0
synthetic_CredsExpose_17,synthetic_single,"[""CredsExpose""]",0,1,226.45262432651998,0.0,0.009538175189971606,117.50198513716015,4.537732987931598,0.13700638073755567,0.0,0.0,0.0,0.029521349671981348,0.0006458061317044898,0.036401481584020574,0.0823141454054026,0.004228364845808824,0.0,0.09646633975010742,0.1730548465466465,0.04128723213442347,0.0,0.0,0.0,0.0,0.0,5.7666758035146426e-05,0.15189717239983644,0.0,0.0,0.02145768243867876,0.0,0.0,0.0,0.0,0.0,0.0,0.0,0.0,0.0,0.0,0.0,0.0,0.0,0.002122838921373252,0.005871437781546808,0.0,8.194809195769624,2.9913689608263097,0.013328543132330273,0.9485753665899812,0.0,1.2049918773215433,0.2096847309129019,0.0,0.0,0.0,0.061195347432057345,0.0,0.0,0.0,,,,,,,,,,,,,,,,,,,,,,,,,,,,,,,317.9687731597158,0.0,0.012649520040145796,0.0,0.02826716652998259,0.1158633133685306,0.8287135320460652,0,0,0,0,0,1,0,0,0,0,0,0,0,0,0,0,0,0,0,0,0,0,0,0,0,0,0,0,0,0
synthetic_CredsExpose_18,synthetic_single,"[""CredsExpose""]",0,1,219.2274965564891,0.0,0.024938284924476556,521.2554014739624,4.514188899298137,0.014927003649848773,0.0,0.0,0.0,0.1331874728448489,0.015849567705202728,0.0017145215713372797,0.026958498892072053,0.14752888437518882,0.0,0.0,0.0,0.031939908351728385,0.0,0.0,0.0,0.0,0.0,0.04411074874210646,0.137429351428401,0.0,0.0,0.0,0.0,0.0,0.0,0.0,0.0,0.0,0.0,0.0,0.0,0.0,0.0,0.0,0.0,0.04675115379575635,0.0,0.0,8.22523905268475,2.9992023981986313,0.07434883853306269,0.9720713891468102,0.04715865054928374,0.6567774226760845,0.0,0.0,0.0,0.0,0.015850934966435686,0.0,0.0,0.0,,,,,,,,,,,,,,,,,,,,,,,,,,,,,,,306.1187929157031,0.0,0.002018862601946607,0.0,0.018120415911137007,0.0867850077821059,1.2979019852938471,0,0,0,0,0,1,0,0,0,0,0,0,0,0,0,0,0,0,0,0,0,0,0,0,0,0,0,0,0,0
synthetic_CredsExpose_19,synthetic_single,"[""CredsExpose""]",0,1,230.74870390051794,0.0,0.02163104592927873,336.8152554773879,4.567468058725574,0.07498307514686924,0.0,0.0,0.0,0.2933472850990323,0.041007156282569006,0.026465218316599048,0.05174845543725362,0.20633527938409635,0.0,0.06366126611174731,0.02513031723715162,0.028505673996841598,0.0,0.0,0.0,0.0,0.0,0.07438656816849248,0.22900095003484083,0.0,0.0,0.0097606152170179,0.0,0.0,0.0,0.0,0.0,0.0,0.0,0.0,0.0,0.0,0.0,0.0,0.0,0.026622309943643507,0.020839172246905416,0.0,8.09657301078745,3.009282502644634,0.048609634731340993,1.2535573280060368,0.13471138004408678,1.2332639591251082,0.6481651514142857,0.0,0.0,0.0015193907443727221,0.027135527971214088,0.0,0.0,0.0,,,,,,,,,,,,,,,,,,,,,,,,,,,,,,,328.65233189660415,0.0,0.0,0.0,0.058284716424322494,0.11831352328268457,1.1695257758887874,0,0,0,0,0,1,0,0,0,0,0,0,0,0,0,0,0,0,0,0,0,0,0,0,0,0,0,0,0,0
synthetic_BrokenAuth_0,synthetic_single,"[""BrokenAuth""]",0,1,320.09175202836474,0.0,0.008806935945315482,321.334064386815,4.697462444476138,0.009454984632487352,0.0,0.0,0.0,0.04197676839370865,0.001680694518958457,0.0,0.0,0.0,0.0,0.015035272001516945,0.027315597822474814,0.0,0.0,0.0,0.0,0.0,0.0,0.020421096690312803,0.026984341688014724,0.0,0.0,0.0,0.0,0.0,0.0,0.0,0.0,0.0,0.0,0.0,0.0,0.0,0.0,0.0,0.0,0.006817339576843601,0.0,0.0,8.055499433678746,2.9897639736932384,0.00023516378957223286,1.4095016320617386,0.0,2.4296382250178112,0.6270890020165706,0.0,0.0,0.0,0.0,0.0,0.0,0.0,,,,,,,,,,,,,,,,,,,,,,,,,,,,,,,491.1018536156586,0.0,0.0014414795748833448,0.0,0.0004561235765663061,0.20850983092995293,0.6849836894096392,0,0,0,0,0,0,1,0,0,0,0,0,0,0,0,0,0,0,0,0,0,0,0,0,0,0,0,0,0,0
synthetic_BrokenAuth_1,synthetic_single,"[""BrokenAuth""]",0,1,329.92473952812145,0.0,0.00859800444206417,375.08932504446784,4.724276795140906,0.007159794064175693,0.0,0.0,0.0,0.026656475468594752,0.0,0.009759154708011964,0.004718009932522277,0.01542466352791921,0.0,0.0,0.010279780605929384,0.0,0.0,0.0,0.0,0.0,0.0,0.0,0.000723204058667149,0.0,0.0,0.0,0.0,0.0,0.0,0.0,0.0,0.0,0.0,0.0,0.0,0.0,0.0,0.0,0.0,0.005556039445685622,0.004495700373267423,0.0,8.036505994389998,3.000861612907244,0.0,2.0254783996420267,1.074525653546051,4.350723012675472,2.0340751678397857,0.0,0.0,0.004543263982204098,0.0,0.0,0.0,0.0,,,,,,,,,,,,,,,,,,,,,,,,,,,,,,,399.972616457315,0.0,0.0,0.0,0.0,0.0,0.0,0,0,0,0,0,0,1,0,0,0,0,0,0,0,0,0,0,0,0,0,0,0,0,0,0,0,0,0,0,0
synthetic_BrokenAuth_2,synthetic_single,"[""BrokenAuth""]",0,1,197.8453653668851,0.0,0.01239423322631058,83.13529301660249,4.594395492904694,0.052078534055747396,0.0,0.0,0.0,0.0,0.0,0.0,0.0,0.029210783235145362,0.0,0.0,0.02304501234658458,0.0,0.0,0.0,0.0,0.0,0.0,0.012469708634481198,0.0,0.0,0.0,0.0,0.0,0.0,0.0,0.0,0.0,0.0,0.0,0.0,0.0,0.0,0.0,0.0,0.0,0.0,0.0008654510760633688,0.0,7.935300692328002,3.003786255387528,0.0,2.686266986590468,1.0855802359358508,8.45365359061245,1.5152093632818455,0.0,0.0,0.00305895266641047,0.005010519325466527,0.0,0.0,0.0,,,,,,,,,,,,,,,,,,,,,,,,,,,,,,,419.1563388322968,0.0,0.0,0.0,0.0013465352239187323,0.2980001537137033,0.5851511848355065,0,0,0,0,0,0,1,0,0,0,0,0,0,0,0,0,0,0,0,0,0,0,0,0,0,0,0,0,0,0
synthetic_BrokenAuth_3,synthetic_single,"[""BrokenAuth""]",0,1,302.84936665407685,0.0,0.008297724137320604,306.65131227718774,4.645210452089708,0.03757923457638818,0.0,0.0,0.0,0.08401834372580014,0.0,0.0023384395115562256,0.0,0.029236645314250142,0.0,0.05535689617709708,0.011132232267395088,0.004180559827355405,0.0,0.0,0.0,0.0,0.0,0.0,0.0013386044769362218,0.0,0.0,0.006216126263717913,0.0,0.0,0.0,0.0,0.0,0.0,0.0,0.0,0.0,0.0,0.0,0.0,0.0,0.0050124134682542785,0.0,0.0,7.9931453270879445,2.993685125196987,0.005815968418159226,1.4869835260974051,0.0,3.003971730589964,0.37918500327422666,0.0,0.0,0.007981190503471812,0.0,0.0,0.0,0.0,,,,,,,,,,,,,,,,,,,,,,,,,,,,,,,499.6139593901898,0.0,0.0,0.0,0.0016752389277305596,0.2425205512849178,0.2601844448550027,0,0,0,0,0,0,1,0,0,0,0,0,0,0,0,0,0,0,0,0,0,0,0,0,0,0,0,0,0,0
synthetic_BrokenAuth_4,synthetic_single,"[""BrokenAuth""]",0,1,202.65055668705494,0.0,0.006901071489367127,135.4408492206737,4.608426900981649,0.060385441992785054,0.0,0.0,0.0,0.02333564649228565,0.0,0.0,0.0,0.0,0.0,0.0,0.027359377512576635,0.0,0.0,0.0,0.0,0.0,0.0,0.00855775125053653,0.030414372883248365,0.0,0.0,0.008864253345971547,0.0,0.0,0.0,0.0,0.0,0.0,0.0,0.0,0.0,0.0,0.0,0.0,0.0,0.0,0.0007389411622220815,0.0,8.006282895385938,2.9956449046687887,0.0,2.9868899358712824,1.4308844578459117,9.011499667067099,1.8332090976036484,0.0,0.0,0.0017137321102174234,0.0,0.0,0.0,0.0,,,,,,,,,,,,,,,,,,,,,,,,,,,,,,,390.5619843627622,0.0,0.0,0.0,0.0,0.22938551371925742,0.5375433839727815,0,0,0,0,0,0,1,0,0,0,0,0,0,0,0,0,0,0,0,0,0,0,0,0,0,0,0,0,0,0
synthetic_BrokenAuth_5,synthetic_single,"[""BrokenAuth""]",0,1,337.2190996664862,0.0,0.010356062892008635,266.4975085699815,4.724709808006551,0.0,0.0,0.0,0.0,0.0,0.004196600469295596,0.0,0.01292763598029236,0.0,0.0,0.0,0.021644288252308547,0.0,0.0,0.0,0.0,0.0,0.0,0.0,0.0,0.0,0.0,0.007302995324644953,0.0,0.0,0.0,0.0,0.0,0.0,0.0,0.0,0.0,0.0,0.0,0.0,0.0,0.0,0.0,0.0,8.031940650560024,2.9986637100137234,0.006502164724223015,1.8893808920115551,0.9492758470698484,3.7915270419251232,2.103544781406687,0.0,0.0,0.0,0.000750087144346736,0.0,0.0,0.0,,,,,,,,,,,,,,,,,,,,,,,,,,,,,,,433.5750496548282,0.0,0.0,0.0,0.0,0.028197968363841135,0.5507476008558186,0,0,0,0,0,0,1,0,0,0,0,0,0,0,0,0,0,0,0,0,0,0,0,0,0,0,0,0,0,0
synthetic_BrokenAuth_6,synthetic_single,"[""BrokenAuth""]",0,1,298.39830142408067,0.0,0.0026243496500411934,315.2566939449632,4.690390873777814,0.0,0.0,0.0,0.0,0.05143469737654039,0.01463070127429821,0.0,0.0,0.022754507908396233,0.0,0.0,0.0,0.0042004967210622,0.0,0.0,0.0,0.0,0.0,0.0,0.0,0.0,0.0,0.005846781169037188,0.0,0.0,0.0,0.0,0.0,0.0,0.0,0.0,0.0,0.0,0.0,0.0,0.0,0.0018916260151819583,0.00033125791435364516,0.0,8.003643385242906,2.988410825531771,0.0,2.6758634731418507,1.5557567166551116,6.450189971339461,2.5130572538194493,0.0,0.0,0.014237038086212751,0.0014620958072217058,0.0,0.0,0.0,,,,,,,,,,,,,,,,,,,,,,,,,,,,,,,370.76401936221635,0.0,0.0016720508625628927,0.0,0.003675953114621875,0.0,0.0,0,0,0,0,0,0,1,0,0,0,0,0,0,0,0,0,0,0,0,0,0,0,0,0,0,0,0,0,0,0
synthetic_BrokenAuth_7,synthetic_single,"[""BrokenAuth""]",0,1,201.98037586294112,0.0,0.011616033801518866,10.264937497771797,4.615454021127158,0.0,0.0,0.0,0.0,0.06287475223868517,0.0,0.0016856656928425399,0.005145847945599342,0.021520942393446187,0.0,0.042044500318563986,0.02139706711368167,0.005500123550241513,0.0,0.0,0.0,0.0,0.0,0.0040942500151693526,0.0,0.0,0.0,0.0,0.0,0.0,0.0,0.0,0.0,0.0,0.0,0.0,0.0,0.0,0.0,0.0,0.0,0.010656738891873017,0.00030381400930797205,0.0,7.963371615211652,2.9953708684269116,0.00293717340864576,3.2479395759245886,1.9366195843427938,10.21717304211117,2.602361314678611,0.0,0.0,0.004316329763567404,0.0,0.0,0.0,0.0,,,,,,,,,,,,,,,,,,,,,,,,,,,,,,,339.9638441010762,0.0,0.0,0.0,0.0,0.15253105567185532,0.67637498780198,0,0,0,0,0,0,1,0,0,0,0,0,0,0,0,0,0,0,0,0,0,0,0,0,0,0,0,0,0,0
synthetic_BrokenAuth_8,synthetic_single,"[""BrokenAuth""]",0,1,315.53774826168416,0.0,0.009401105356642191,329.942932448855,4.6780252444832975,0.04923676144624161,0.0,0.0,0.0,0.07901048918491474,0.007994484727489997,0.0,0.0,0.0,0.0,0.0,0.02926022708076199,0.0,0.0,0.0,0.0,0.0,0.0,0.00918025613470472,0.0,0.0,0.0,0.0013241553097663198,0.0,0.0,0.0,0.0,0.0,0.0,0.0,0.0,0.0,0.0,0.0,0.0,0.0,0.0005900780102629315,0.0,0.0,7.952376963966514,2.995996289339111,0.0,1.4132901597007235,0.000123345726073874,2.9038018678508726,0.5737945284259026,0.0,0.0,0.0022647993532360173,0.0,0.0,0.0,0.0,,,,,,,,,,,,,,,,,,,,,,,,,,,,,,,496.9011725211514,0.0,0.0,0.0,0.0,0.21165657900015594,0.4093669164941496,0,0,0,0,0,0,1,0,0,0,0,0,0,0,0,0,0,0,0,0,0,0,0,0,0,0,0,0,0,0
synthetic_BrokenAuth_9,synthetic_single,"[""BrokenAuth""]",0,1,296.09484328165104,0.0,0.011791426001225352,151.32257498601012,4.691481936039082,0.0,0.0,0.0,0.0,0.03103409171551053,0.0,0.004479055167363508,0.006707523002829115,0.0,0.0,0.0,0.0027269661925109338,0.0,0.0,0.0,0.0,0.0,0.0,0.0,0.0,0.0,0.0,0.0038403356358582305,0.0,0.0,0.0,0.0,0.0,0.0,0.0,0.0,0.0,0.0,0.0,0.0,0.0,0.0,0.001186564920530146,0.0,8.089781994699731,2.9993020593207516,0.002846469613595107,2.5119970002466463,1.483333441483809,5.903564175230396,2.355138806456283,0.0,0.0,0.0028149174552778017,0.016861459211579596,0.0,0.0,0.0,,,,,,,,,,,,,,,,,,,,,,,,,,,,,,,371.02337609730716,0.0,0.0,0.0,0.0031042549061343514,0.00819743183645449,0.2008774754033143,0,0,0,0,0,0,1,0,0,0,0,0,0,0,0,0,0,0,0,0,0,0,0,0,0,0,0,0,0,0
synthetic_BrokenAuth_10,synthetic_single,"[""BrokenAuth""]",0,1,200.4686254187452,0.0,0.006875580944349261,182.79875817894904,4.607125353459008,0.0,0.0,0.0,0.0,0.0033713188468575597,0.002609597090226064,0.0,0.002823344303604516,0.0,0.0,0.0,0.020761737531932386,0.0,0.0,0.0,0.0,0.0,0.0,0.0010993675652481024,0.06115718975836043,0.0,0.0,0.005539211566661122,0.0,0.0,0.0,0.0,0.0,0.0,0.0,0.0,0.0,0.0,0.0,0.0,0.0,0.0008518952519328303,0.0,0.0,8.019807919358303,2.9956083746175786,0.0,2.823812867572573,1.046508315358167,8.310845708169435,1.4168886869091732,0.0,0.0,0.0033897010762618425,0.0,0.0,0.0,0.0,,,,,,,,,,,,,,,,,,,,,,,,,,,,,,,392.96225683434886,0.0,0.0,0.0,0.007878219507691218,0.2916182779909861,0.721101175946342,0,0,0,0,0,0,1,0,0,0,0,0,0,0,0,0,0,0,0,0,0,0,0,0,0,0,0,0,0,0
synthetic_BrokenAuth_11,synthetic_single,"[""BrokenAuth""]",0,1,202.33302919191897,0.0,0.005751381893480284,76.54565551897568,4.629548316345236,0.05437942957690709,0.0,0.0,0.0,0.0,0.012898184857627561,0.0,0.005179123806669319,0.0,0.0,0.0,0.0,0.0005660318826964828,0.0,0.0,0.0,0.0,0.0,0.001091845062129612,0.0082528826482957,0.0,0.0,0.0023615323304898472,0.0,0.0,0.0,0.0,0.0,0.0,0.0,0.0,0.0,0.0,0.0,0.0,0.0,0.0013334334653821297,0.0012377907585044068,0.0,8.003345712424702,2.9981829268162157,0.006479094596973617,3.1645837044657608,1.695069763738686,9.380376664118275,2.2455352745941677,0.0,0.0,0.0,0.0,0.0,0.0,0.0,,,,,,,,,,,,,,,,,,,,,,,,,,,,,,,344.4608842634763,0.0,0.0,0.0,0.00047766318147953314,0.20492482734593734,0.26673189347162707,0,0,0,0,0,0,1,0,0,0,0,0,0,0,0,0,0,0,0,0,0,0,0,0,0,0,0,0,0,0
synthetic_BrokenAuth_12,synthetic_single,"[""BrokenAuth""]",0,1,300.3521702388029,0.0,0.011156843823605421,418.1050778452868,4.717171256526228,0.0,0.0,0.0,0.0,0.05669787990164985,0.0008165625694607655,0.00031894855701981037,0.007428278404910275,0.005536887560390628,0.0,0.006078135200644911,0.0,0.0,0.0,0.0,0.0,0.0,0.0,0.0054730815888267845,0.016713466977109463,0.0,0.0,0.0,0.0,0.0,0.0,0.0,0.0,0.0,0.0,0.0,0.0,0.0,0.0,0.0,0.0,0.003378261403804085,0.0,0.0,7.997572059791859,3.00634607421761,0.0,2.5410279222803376,1.5675907904485245,6.774002752609809,2.435098668715309,0.0,0.0,0.0,0.0,0.0,0.0,0.0,,,,,,,,,,,,,,,,,,,,,,,,,,,,,,,386.6570677543573,0.0,0.0003856494807801631,0.0,0.0,0.0,0.5844055650023945,0,0,0,0,0,0,1,0,0,0,0,0,0,0,0,0,0,0,0,0,0,0,0,0,0,0,0,0,0,0
synthetic_BrokenAuth_13,synthetic_single,"[""BrokenAuth""]",0,1,265.1074983778745,0.0,0.010968201758261586,404.7604981278488,4.676974970490157,0.011088479168811399,0.0,0.0,0.0,0.0,0.0,0.0,0.007399629171322538,0.0,0.0,0.0002907289599175282,0.0,0.0018631189449108967,0.0,0.0,0.0,0.0,0.0,0.0,0.0,0.0,0.0,0.0,0.0,0.0,0.0,0.0,0.0,0.0,0.0,0.0,0.0,0.0,0.0,0.0,0.0,0.0,0.0,0.0,7.9440990433598255,3.0056187652963127,0.0,2.9819585428862614,2.027375087246552,8.651843406409007,3.022404083847406,0.0,0.0,0.005015609294207455,0.017042694218878388,0.0,0.0,0.0,,,,,,,,,,,,,,,,,,,,,,,,,,,,,,,341.4460806830132,0.0,0.0,0.0,0.0,0.0,0.4759175328729095,0,0,0,0,0,0,1,0,0,0,0,0,0,0,0,0,0,0,0,0,0,0,0,0,0,0,0,0,0,0
synthetic_BrokenAuth_14,synthetic_single,"[""BrokenAuth""]",0,1,275.2941779172363,0.0,0.008536890494846568,95.36684524144047,4.6179633183492355,0.017859759423486516,0.0,0.0,0.0,0.033487561938455465,0.0,0.002126979320816942,0.0,0.0,0.0,0.018753215979419664,0.013128372661244853,0.0024033754040767514,0.0,0.0,0.0,0.0,0.0,0.0,0.0,0.0,0.0,0.0,0.0,0.0,0.0,0.0,0.0,0.0,0.0,0.0,0.0,0.0,0.0,0.0,0.0,0.004465509575451144,0.00887009284315278,0.0,8.025841920778808,2.997313694369024,0.009708922058203605,1.5865551967416807,0.012177415231789354,3.9440471029956496,0.23669162622329684,0.0,0.0,0.006234995407072767,0.0,0.0,0.0,0.0,,,,,,,,,,,,,,,,,,,,,,,,,,,,,,,503.26417706567224,0.0,0.0011874637091346877,0.0,0.0,0.27906083297103057,1.0772518141208238,0,0,0,0,0,0,1,0,0,0,0,0,0,0,0,0,0,0,0,0,0,0,0,0,0,0,0,0,0,0
synthetic_BrokenAuth_15,synthetic_single,"[""BrokenAuth""]",0,1,282.80429294546667,0.0,0.008774819038755802,344.38736295046374,4.64282182901719,0.0,0.0,0.0,0.0,0.030716703589501557,0.005015270438039925,0.0,0.010056833208465312,0.06379428614161867,0.0,0.0015590042350734125,0.02136474094925435,0.0,0.0,0.0,0.0,0.0,0.0,0.0,0.01034551804310537,0.0,0.0,0.0,0.0,0.0,0.0,0.0,0.0,0.0,0.0,0.0,0.0,0.0,0.0,0.0,0.0,0.0,0.0008611892399833618,0.0,7.968955833921813,3.004601366132375,0.0,1.6681787196740696,0.019744706234381078,3.944775302607553,0.5828625015925364,0.0,0.0,0.0035774468060241612,0.00041156742755465455,0.0,0.0,0.0,,,,,,,,,,,,,,,,,,,,,,,,,,,,,,,499.7788410750709,0.0,0.0,0.0,0.0,0.31425566700735624,1.185530647787422,0,0,0,0,0,0,1,0,0,0,0,0,0,0,0,0,0,0,0,0,0,0,0,0,0,0,0,0,0,0
synthetic_BrokenAuth_16,synthetic_single,"[""BrokenAuth""]",0,1,312.9000075762224,0.0,0.00886946288021485,231.94144999667736,4.689542857537223,0.0045999833907023405,0.0,0.0,0.0,0.0,0.002268004762863081,0.0,0.026674747287089875,0.030990786569742156,0.0,0.020788645290538307,0.0,0.0,0.0,0.0,0.0,0.0,0.0,0.013578328006664094,0.040974076661590135,0.0,0.0,0.0,0.0,0.0,0.0,0.0,0.0,0.0,0.0,0.0,0.0,0.0,0.0,0.0,0.0,0.0,0.0,0.0,7.9818332993607966,2.999297623821215,0.0,2.3669337204838388,1.331535562962199,5.729103752224851,2.2123920934419163,0.0,0.0,0.0035657663188083484,0.0,0.0,0.0,0.0,,,,,,,,,,,,,,,,,,,,,,,,,,,,,,,388.04812085037173,0.0,0.0,0.0,0.0,0.0,0.6102664744530645,0,0,0,0,0,0,1,0,0,0,0,0,0,0,0,0,0,0,0,0,0,0,0,0,0,0,0,0,0,0
synthetic_XSS_0,synthetic_single,"[""XSS""]",0,1,201.8589121117772,0.0,0.003421661849114352,35.14127850011832,4.28457502729461,0.01964536785326032,0.0,0.0,0.0,0.0019438984143788861,0.011518896778273417,0.005846452367198661,0.01150119267812434,0.06146146326494384,0.0,0.0,0.007384668211452471,0.0,0.0,0.0,0.0,0.0,0.0,0.0,0.0,0.0,0.0,0.008299680036236356,0.0,0.0,0.0,0.0,0.0,0.0,0.0,0.0,0.0,0.0,0.0,0.0,0.0,0.0,0.001998480312700853,0.0,8.027909561744355,3.0015318722397777,0.0,0.5074913483797523,0.0,0.9084093119011227,0.007217818765610446,0.0,0.0,0.010197405306781785,0.0,0.0,0.0,0.0,,,,,,,,,,,,,,,,,,,,,,,,,,,,,,,259.9470492191829,0.0,0.0005464805114706448,0.0,0.0,0.006628925066975821,0.37171731355650156,0,0,0,0,0,0,0,1,0,0,0,0,0,0,0,0,0,0,0,0,0,0,0,0,0,0,0,0,0,0
synthetic_XSS_1,synthetic_single,"[""XSS""]",0,1,202.84783540566758,0.0,0.011761767525222032,362.00702634190833,4.420172841569412,0.023647233606207498,0.0,0.0,0.0,0.0,0.0,0.0078597193357608,0.0,0.0,0.0,0.04378816684282287,0.012934651804826551,0.0,0.0,0.0,0.0,0.0,0.0,0.0,0.007033746464307124,0.0,0.0,0.0,0.0,0.0,0.0,0.0,0.0,0.0,0.0,0.0,0.0,0.0,0.0,0.0,0.0,0.0023628028169374858,0.0,0.0,7.947884973589654,2.9944005230187405,0.0,0.3459457045594068,0.004839210042100892,0.6824586578825944,0.0,0.0,0.0,0.0,0.0046374249358882,0.0,0.0,0.0,,,,,,,,,,,,,,,,,,,,,,,,,,,,,,,268.2119784886347,0.0,0.0,0.0,0.0,0.0,0.0,0,0,0,0,0,0,0,1,0,0,0,0,0,0,0,0,0,0,0,0,0,0,0,0,0,0,0,0,0,0
synthetic_XSS_2,synthetic_single,"[""XSS""]",0,1,207.06609395792103,0.0,0.012529679577030692,53.4706042971113,4.400405338926543,0.0,0.0,0.0,0.0,0.0,0.018828199943401933,0.004689185467999421,0.00947973858875516,0.03211816973784888,0.0,0.016278143198437862,0.0525637933455865,0.0043844774697327496,0.0,0.0,0.0,0.0,0.0,0.0,0.0,0.0,0.0,0.0,0.0,0.0,0.0,0.0,0.0,0.0,0.0,0.0,0.0,0.0,0.0,0.0,0.0,0.0,0.0020251158717593835,0.0,8.04376101734184,2.9907619253198434,0.0,0.43935256397424727,0.012323087480007783,0.8845008672017322,0.06115529224678214,0.0,0.0,0.008455945271618012,0.002879620224247054,0.0,0.0,0.0,,,,,,,,,,,,,,,,,,,,,,,,,,,,,,,272.1724662036861,0.0,0.0,0.0,0.0,0.00779645860328144,0.0,0,0,0,0,0,0,0,1,0,0,0,0,0,0,0,0,0,0,0,0,0,0,0,0,0,0,0,0,0,0
synthetic_XSS_3,synthetic_single,"[""XSS""]",0,1,197.7710168092808,0.0,0.008574381147873063,0.0,4.279102262990797,0.0,0.0,0.0,0.0,0.0,0.00441916290526679,0.0,0.012914972315543541,0.049735494640025,0.0,0.0,0.0,0.0,0.0,0.0,0.0,0.0,0.0,0.018820503100116015,0.005516125148239487,0.0,0.0,0.005396770842151964,0.0,0.0,0.0,0.0,0.0,0.0,0.0,0.0,0.0,0.0,0.0,0.0,0.0,0.0037347083703897334,0.012344067519791752,0.0,7.97054737296553,2.993753382554074,0.0,0.6794721183163763,0.0,0.950924453293943,0.0,0.0,0.0,0.0,0.006816446876160689,0.0,0.0,0.0,,,,,,,,,,,,,,,,,,,,,,,,,,,,,,,261.7493142151406,0.0,0.00012926953643021855,0.0,0.0,0.015728743792063536,0.17034600236211767,0,0,0,0,0,0,0,1,0,0,0,0,0,0,0,0,0,0,0,0,0,0,0,0,0,0,0,0,0,0
synthetic_XSS_4,synthetic_single,"[""XSS""]",0,1,188.60335174980557,0.0,0.0014680268643697987,107.31269578359839,4.532748604290644,0.0,0.0,0.0,0.0,0.04952247113256673,0.0,0.00011154047930513397,0.0037589452279264478,0.018240546372529778,0.0,0.0,0.0,0.008712304340206404,0.0,0.0,0.0,0.0,0.0,0.01272747962425954,0.0,0.0,0.0,0.0007141574285758478,0.0,0.0,0.0,0.0,0.0,0.0,0.0,0.0,0.0,0.0,0.0,0.0,0.0,0.0,0.0,0.0,8.00011019149689,2.995424470995066,0.0,0.0032495847360026913,0.0,0.22306969149238443,0.0,0.0,0.0,0.006671067737371262,0.00017933508257342125,0.0,0.0,0.0,,,,,,,,,,,,,,,,,,,,,,,,,,,,,,,417.6098220803751,0.0,0.0024172554522453272,0.0,0.0,0.30010487348788467,1.2701597347873506,0,0,0,0,0,0,0,1,0,0,0,0,0,0,0,0,0,0,0,0,0,0,0,0,0,0,0,0,0,0
synthetic_XSS_5,synthetic_single,"[""XSS""]",0,1,202.93199657362638,0.0,0.006782968800123902,0.0,4.253682887469291,0.0,0.0,0.0,0.0,0.03303574185671797,0.004138044888504088,0.0,0.011090943185725174,0.0,0.0,0.0,0.03233867739341346,0.0,0.0,0.0,0.0,0.0,0.0,4.068967376878578e-05,0.0024860328416888605,0.0,0.0,0.0,0.0,0.0,0.0,0.0,0.0,0.0,0.0,0.0,0.0,0.0,0.0,0.0,0.0,0.0,0.0,0.0,8.006489996441191,3.0109598442613055,0.004710607439133435,0.6032035167492498,0.0,1.203784891881304,0.10891708106159353,0.0,0.0,0.0,0.0004236188165730294,0.0,0.0,0.0,,,,,,,,,,,,,,,,,,,,,,,,,,,,,,,346.89856106988196,0.0,0.0017093960536472643,0.0,0.0057914613540470394,0.1851447817344121,0.6326788581711489,0,0,0,0,0,0,0,1,0,0,0,0,0,0,0,0,0,0,0,0,0,0,0,0,0,0,0,0,0,0
synthetic_XSS_6,synthetic_single,"[""XSS""]",0,1,198.2612168938202,0.0,0.010167483979013743,0.0,4.389533257952715,0.0,0.0,0.0,0.0,0.0,0.00438729398346602,0.0030858021932974582,0.0,0.06227232209819792,0.0,0.0,0.0013696095422502338,0.0,0.0,0.0,0.0,0.0,0.0,0.0,0.0,0.0,0.0,0.0,0.0,0.0,0.0,0.0,0.0,0.0,0.0,0.0,0.0,0.0,0.0,0.0,0.0,0.005214311656425683,0.0,0.0,8.061969414928752,2.9901006216847716,0.002193517792386612,0.3935407065345407,0.028341043416883285,0.6752920074880141,0.08261859595136209,0.0,0.0,0.005310028143260222,0.0,0.0,0.0,0.0,,,,,,,,,,,,,,,,,,,,,,,,,,,,,,,257.56660302622856,0.0,0.0002149157160282496,0.0,0.002375293566888569,0.0,0.0,0,0,0,0,0,0,0,1,0,0,0,0,0,0,0,0,0,0,0,0,0,0,0,0,0,0,0,0,0,0
synthetic_XSS_7,synthetic_single,"[""XSS""]",0,1,198.50982483612174,0.0,0.0012660940474836999,0.0,4.48209487902757,0.0,0.0,0.0,0.0,0.05366779279530559,0.013659690990354268,0.0,0.0012625138144857545,0.0,0.0,0.01178810634816082,0.008195060761661087,0.0,0.0,0.0,0.0,0.0,0.0,0.0,0.007442657880334752,0.0,0.0,0.0,0.0,0.0,0.0,0.0,0.0,0.0,0.0,0.0,0.0,0.0,0.0,0.0,0.0,0.0034139885388456133,0.0,0.0,7.983028162737708,2.994807466401033,0.004948842612353691,0.10015186764373576,0.007212194762260251,0.30132264870533104,0.20708282498166927,0.0,0.0,0.0,0.0024531759110622293,0.0,0.0,0.0,,,,,,,,,,,,,,,,,,,,,,,,,,,,,,,342.17433715970736,0.0,0.0009930151579200556,0.0,0.0,0.16736045350783282,1.1428145629992104,0,0,0,0,0,0,0,1,0,0,0,0,0,0,0,0,0,0,0,0,0,0,0,0,0,0,0,0,0,0
synthetic_XSS_8,synthetic_single,"[""XSS""]",0,1,202.046519862641,0.0,0.005728985967299592,0.0,4.56978577126472,0.003006890217006917,0.0,0.0,0.0,0.0,0.0012598568388369515,0.0,0.005440929331630719,0.0,0.0,0.023260370288027694,0.0,0.002959424799086306,0.0,0.0,0.0,0.0,0.0,0.0,0.03172399200079028,0.0,0.0,0.00246038057639304,0.0,0.0,0.0,0.0,0.0,0.0,0.0,0.0,0.0,0.0,0.0,0.0,0.0,0.0,0.0,0.0,8.054039689049157,3.0055547395589146,0.0,0.0,0.0,0.35993487551619596,0.061136390273496495,0.0,0.0,0.0005507378699612672,0.0,0.0,0.0,0.0,,,,,,,,,,,,,,,,,,,,,,,,,,,,,,,258.44620176479754,0.0,0.0,0.0,0.0018407157933694432,0.0,0.0,0,0,0,0,0,0,0,1,0,0,0,0,0,0,0,0,0,0,0,0,0,0,0,0,0,0,0,0,0,0
synthetic_XSS_9,synthetic_single,"[""XSS""]",0,1,195.26838006331934,0.0,0.005944551835644431,0.0,4.549492452383692,0.015624335780417942,0.0,0.0,0.0,0.02529747464561012,0.014314765561836808,0.008084461549246105,0.021846422790082053,0.008348594507942932,0.0,0.0,0.0,0.0,0.0,0.0,0.0,0.0,0.0,0.007746088424035987,0.0,0.0,0.0,0.0,0.0,0.0,0.0,0.0,0.0,0.0,0.0,0.0,0.0,0.0,0.0,0.0,0.0,0.00018066146486024238,0.0,0.0,8.011800037303642,3.003073257288483,0.0,0.0,0.018627041064895735,0.0,0.0,0.0,0.0,0.0007013253401195609,0.0,0.0,0.0,0.0,,,,,,,,,,,,,,,,,,,,,,,,,,,,,,,262.31736155967826,0.0,0.0,0.0,0.0,0.016488176608505288,0.0930309729085555,0,0,0,0,0,0,0,1,0,0,0,0,0,0,0,0,0,0,0,0,0,0,0,0,0,0,0,0,0,0
synthetic_XSS_10,synthetic_single,"[""XSS""]",0,1,198.34486901740567,0.0,0.0023692588185236997,67.7732414550741,4.530342079293517,0.0,0.0,0.0,0.0,0.0,0.005239464090645862,0.0027904532390956994,0.008033479131268619,0.0,0.0,0.0107925501400643,0.0,0.0,0.0,0.0,0.0,0.0,0.0,0.006430631455192441,0.0036750645257501006,0.0,0.0,0.012288714391058414,0.0,0.0,0.0,0.0,0.0,0.0,0.0,0.0,0.0,0.0,0.0,0.0,0.0,0.0,0.0003569853248410612,0.0,8.05019019958185,2.9980937738023385,0.0,0.0,0.011346669545023953,0.0,0.0,0.0,0.0,0.0,0.0,0.0,0.0,0.0,,,,,,,,,,,,,,,,,,,,,,,,,,,,,,,409.1007068764385,0.0,0.00018080204404084859,0.0,0.008774791122255191,0.30035663025188425,1.640544016566403,0,0,0,0,0,0,0,1,0,0,0,0,0,0,0,0,0,0,0,0,0,0,0,0,0,0,0,0,0,0
synthetic_XSS_11,synthetic_single,"[""XSS""]",0,1,196.21613002090152,0.0,0.0014769954400401268,0.0,4.309176552575928,0.0,0.0,0.0,0.0,0.09721936039678972,0.0007519309644905841,0.00027919390958077643,0.0,0.0,0.0,0.0,0.026933678518632504,0.0,0.0,0.0,0.0,0.0,0.0,0.0,0.0,0.0,0.0,0.0,0.0,0.0,0.0,0.0,0.0,0.0,0.0,0.0,0.0,0.0,0.0,0.0,0.0,0.0011890765613924489,0.010178502769659713,0.0,8.017119218145925,2.9928940109873725,0.012512445695736521,0.639215484152033,0.0,1.5422059895850273,0.1330323524182791,0.0,0.0,0.00650193922844611,0.0,0.0,0.0,0.0,,,,,,,,,,,,,,,,,,,,,,,,,,,,,,,357.9278784971169,0.0,0.0,0.0,0.0,0.19884180725340947,0.9915561240466171,0,0,0,0,0,0,0,1,0,0,0,0,0,0,0,0,0,0,0,0,0,0,0,0,0,0,0,0,0,0
synthetic_XSS_12,synthetic_single,"[""XSS""]",0,1,198.19469853423175,0.0,0.007480506432957444,51.12952103465666,4.343602631672062,0.036952098032176146,0.0,0.0,0.0,0.0,0.003274801361544735,0.001321146921204674,0.003645846440428257,0.0,0.0,0.0,0.01423244421316318,0.0028913317613930597,0.0,0.0,0.0,0.0,0.0,0.0,0.020052696178612453,0.0,0.0,0.0034365940270456737,0.0,0.0,0.0,0.0,0.0,0.0,0.0,0.0,0.0,0.0,0.0,0.0,0.0,0.0,0.0,0.0,8.039124830757284,2.9936722847295907,0.005124676417875802,0.28495909820252996,0.0,0.30604907184648583,0.09700262407177901,0.0,0.0,0.0,0.003046953975514416,0.0,0.0,0.0,,,,,,,,,,,,,,,,,,,,,,,,,,,,,,,262.7340956034496,0.0,0.0,0.0,0.007809937913115665,0.00790609956308164,0.06867603468002796,0,0,0,0,0,0,0,1,0,0,0,0,0,0,0,0,0,0,0,0,0,0,0,0,0,0,0,0,0,0
synthetic_XSS_13,synthetic_single,"[""XSS""]",0,1,197.85296007596938,0.0,0.009849987980601419,168.2727426457697,4.291305796265605,0.009463966898264793,0.0,0.0,0.0,0.0,0.0,0.008490406667015313,0.0,0.0,0.0,0.0,0.0,0.006993037768793471,0.0,0.0,0.0,0.0,0.0,0.0,0.009297109534901937,0.0,0.0,0.0,0.0,0.0,0.0,0.0,0.0,0.0,0.0,0.0,0.0,0.0,0.0,0.0,0.0,0.0,0.0,0.0,8.058967129792176,2.9850467791347426,0.0,0.5436502025645462,0.002722575254431313,0.8435713111581573,0.1673492343927367,0.0,0.0,0.0003351697863387216,0.0,0.0,0.0,0.0,,,,,,,,,,,,,,,,,,,,,,,,,,,,,,,252.80088990672863,0.0,0.0012294447533791688,0.0,0.0034124337044835118,0.001479340666475273,0.4302585437061347,0,0,0,0,0,0,0,1,0,0,0,0,0,0,0,0,0,0,0,0,0,0,0,0,0,0,0,0,0,0
synthetic_XSS_14,synthetic_single,"[""XSS""]",0,1,207.39391044989475,0.0,0.011546614033483754,109.34850261642039,4.267446757582307,0.04486775936481607,0.0,0.0,0.0,0.0,0.014809934887545648,0.0,0.0,0.0,0.0,0.03164610400921676,0.041323832794645125,0.0,0.0,0.0,0.0,0.0,0.0,0.0018654272505531737,0.033640530192903,0.0,0.0,0.0018819517528213783,0.0,0.0,0.0,0.0,0.0,0.0,0.0,0.0,0.0,0.0,0.0,0.0,0.0,0.0,0.0,0.0,8.047027671964313,3.0034180972452282,0.0,0.6557297202285994,0.0,1.6571862963656985,0.0,0.0,0.0,0.0,0.011114645803254622,0.0,0.0,0.0,,,,,,,,,,,,,,,,,,,,,,,,,,,,,,,262.59885694416545,0.0,0.0005288786353329694,0.0,0.005879204900568323,0.0012314681346796087,0.0,0,0,0,0,0,0,0,1,0,0,0,0,0,0,0,0,0,0,0,0,0,0,0,0,0,0,0,0,0,0
synthetic_XSS_15,synthetic_single,"[""XSS""]",0,1,192.91417077816422,0.0,0.0,120.67224425857707,4.593876093607589,0.0,0.0,0.0,0.0,0.0,0.0,0.0,0.0,0.054493166158181394,0.0,0.0,0.02469605474816672,0.002441646960243586,0.0,0.0,0.0,0.0,0.0,0.0,0.0,0.0,0.0,0.0,0.0,0.0,0.0,0.0,0.0,0.0,0.0,0.0,0.0,0.0,0.0,0.0,0.0,0.0033851750798274795,0.01627595219715414,0.0,8.026175582497553,3.007837562946139,0.0,0.08314330290728239,0.0,0.12577932424061458,0.12521777782756244,0.0,0.0,0.0,0.0,0.0,0.0,0.0,,,,,,,,,,,,,,,,,,,,,,,,,,,,,,,419.5562231690079,0.0,0.0,0.0,0.0016901337677769958,0.3127452974747349,1.6174078007970474,0,0,0,0,0,0,0,1,0,0,0,0,0,0,0,0,0,0,0,0,0,0,0,0,0,0,0,0,0,0
synthetic_DirTrav_0,synthetic_single,"[""DirTrav""]",0,1,328.69716637787116,0.0,0.0025656658223828176,121.78106068500787,4.556364316530463,0.0,0.0,0.0,0.0,0.0,0.0028213132417209616,0.0007591956257920513,0.011098377178922423,0.0,0.0,0.0,0.007853778673715037,0.0,0.0,0.0,0.0,0.0,0.0,0.0,0.0,0.0,0.0,0.0,0.0,0.0,0.0,0.0,0.0,0.0,0.0,0.0,0.0,0.0,0.0,0.0,0.0,0.0024922855860550364,0.0,0.0,8.052876446433809,3.000450521083034,0.0,0.5881178212554485,0.025140497394546303,0.0,0.6968467292352122,0.0,0.0,0.0027739075811879558,0.0,0.0,0.0,0.0,,,,,,,,,,,,,,,,,,,,,,,,,,,,,,,415.96120779123225,0.0,0.0,0.0,0.0036673233695624138,0.0,0.09782564376247387,0,0,0,0,0,0,0,0,1,0,0,0,0,0,0,0,0,0,0,0,0,0,0,0,0,0,0,0,0,0
synthetic_DirTrav_1,synthetic_single,"[""DirTrav""]",0,1,404.7704493564556,0.0,0.014665847693549339,0.0,4.206642736113239,0.0,0.0,0.0,0.0,0.05799257028070516,0.0,0.0024285887539009857,0.0,0.03498235119891716,0.0,0.023960609881917654,0.02392688311155828,0.0,0.0,0.0,0.0,0.0,0.0,0.004121157142254625,0.02095356021185376,0.0,0.0,0.0,0.0,0.0,0.0,0.0,0.0,0.0,0.0,0.0,0.0,0.0,0.0,0.0,0.0,0.004013018007460531,0.0010093084403218545,0.0,7.967657517573488,2.9986545275577163,0.008644790463912769,0.4436863992128222,0.017853103589946153,0.7533774190660034,0.03875531221554726,0.0,0.0,0.0,0.001794582021818297,0.0,0.0,0.0,,,,,,,,,,,,,,,,,,,,,,,,,,,,,,,252.26916544601823,0.0,0.0,0.0,0.004994074658498872,0.013774077369865845,0.006920836090119925,0,0,0,0,0,0,0,0,1,0,0,0,0,0,0,0,0,0,0,0,0,0,0,0,0,0,0,0,0,0
synthetic_DirTrav_2,synthetic_single,"[""DirTrav""]",0,1,262.7705272289255,0.0,0.002359874408016366,0.0,4.403462504359348,0.0,0.0,0.0,0.0,0.0,0.0,0.0,0.0,0.08389899891913871,0.0,0.03915849410117628,0.0,0.00788007700403902,0.0,0.0,0.0,0.0,0.0,0.0008078238280011501,0.04319071308151313,0.0,0.0,0.0,0.0,0.0,0.0,0.0,0.0,0.0,0.0,0.0,0.0,0.0,0.0,0.0,0.0,0.0,0.0022258419046200456,0.0,8.030308182395801,3.0114276879739,0.017766414954112675,0.326968209769362,0.005835146923345396,0.6983695927774932,0.0,0.0,0.0,0.0,0.006674830851342293,0.0,0.0,0.0,,,,,,,,,,,,,,,,,,,,,,,,,,,,,,,278.7239697147062,0.0,0.0003674217727030152,0.0,0.002164171124813444,0.014024966279398457,0.0,0,0,0,0,0,0,0,0,1,0,0,0,0,0,0,0,0,0,0,0,0,0,0,0,0,0,0,0,0,0
synthetic_DirTrav_3,synthetic_single,"[""DirTrav""]",0,1,320.5848171905803,0.0,0.010878550002489398,281.26764560939506,4.513507479128418,0.0,0.0,0.0,0.0,0.019572252789723153,0.0010001127029657525,0.004699094933491454,0.0037269236614310233,0.07168350993273494,0.0,0.0,0.03242898315774257,0.0011729063011194625,0.0,0.0,0.0,0.0,0.0,0.007863318790805261,0.0,0.0,0.0,0.0,0.0,0.0,0.0,0.0,0.0,0.0,0.0,0.0,0.0,0.0,0.0,0.0,0.0,0.0,0.004858012323286099,0.0,8.022518819844107,3.0031871191888753,0.0,0.5993763270624426,0.0,0.3207193236616388,0.510011424088368,0.0,0.0,0.0,0.009488972218522254,0.0,0.0,0.0,,,,,,,,,,,,,,,,,,,,,,,,,,,,,,,394.395118798951,0.0,0.00037863191498142585,0.0,0.0,0.0,0.14658818443313854,0,0,0,0,0,0,0,0,1,0,0,0,0,0,0,0,0,0,0,0,0,0,0,0,0,0,0,0,0,0
synthetic_DirTrav_4,synthetic_single,"[""DirTrav""]",0,1,309.99201961129756,0.0,0.0024850207732930174,130.62278949670696,4.543246979473927,0.01825567515419055,0.0,0.0,0.0,0.0016162567347943971,0.007962555804549628,0.009528174577723552,0.022115780485172994,0.0,0.0,0.016243925767760237,0.0,0.0071801319913255375,0.0,0.0,0.0,0.0,0.0,0.0,0.026465809541253722,0.0,0.0,0.006425136449799916,0.0,0.0,0.0,0.0,0.0,0.0,0.0,0.0,0.0,0.0,0.0,0.0,0.0,0.0012976866853913525,0.005768743477982695,0.0,7.940578190339346,3.0135766436976024,0.0,0.5533731957119881,0.012745915958074405,0.06997180382806426,0.5090668184934782,0.0,0.0,0.0,0.0,0.0,0.0,0.0,,,,,,,,,,,,,,,,,,,,,,,,,,,,,,,369.6712083191495,0.0,0.0015689826886611216,0.0,0.0,0.0031144403991354565,0.24063983584731513,0,0,0,0,0,0,0,0,1,0,0,0,0,0,0,0,0,0,0,0,0,0,0,0,0,0,0,0,0,0
synthetic_DirTrav_5,synthetic_single,"[""DirTrav""]",0,1,308.2744904111339,0.0,0.002505061763747113,84.93395934087586,4.5620498022687705,0.01902276023218935,0.0,0.0,0.0,0.0,0.0,0.003485491832210017,0.0,0.0,0.0,0.004628407234453414,0.0,0.0,0.0,0.0,0.0,0.0,0.0,0.0,0.0,0.0,0.0,0.004966109575425001,0.0,0.0,0.0,0.0,0.0,0.0,0.0,0.0,0.0,0.0,0.0,0.0,0.0,0.0019533446057316624,0.005675808160576188,0.0,8.02696937306157,3.0012124210488498,0.0,0.6308920914385618,0.0,0.0,0.6799510609551831,0.0,0.0,0.0019612224320547677,0.002987117991283866,0.0,0.0,0.0,,,,,,,,,,,,,,,,,,,,,,,,,,,,,,,395.4120568323759,0.0,0.0,0.0,0.00187616930520246,0.004005484768299526,0.39187063470433126,0,0,0,0,0,0,0,0,1,0,0,0,0,0,0,0,0,0,0,0,0,0,0,0,0,0,0,0,0,0
synthetic_DirTrav_6,synthetic_single,"[""DirTrav""]",0,1,337.1279488872557,0.0,0.006060646463181141,0.0,3.864230403064528,0.0,0.0,0.0,0.0,0.012379845088163815,0.0046682482852034276,0.00226519230865799,0.012085734062040025,0.0,0.0,0.008444961649199459,0.025029232895668354,0.0,0.0,0.0,0.0,0.0,0.0,0.004615947329814415,0.04491320702411908,0.0,0.0,0.0,0.0,0.0,0.0,0.0,0.0,0.0,0.0,0.0,0.0,0.0,0.0,0.0,0.0,0.006469961827068082,0.0007987232287192616,0.0,8.020920233019421,3.008251014967932,0.004180892965254677,0.0,0.0025320390059365436,0.13439612031332884,0.0,0.0,0.0,0.0036616341063228993,0.008455666277790323,0.0,0.0,0.0,,,,,,,,,,,,,,,,,,,,,,,,,,,,,,,257.20902072586273,0.0,0.002223846693090791,0.0,0.0,0.0,0.26929503946315153,0,0,0,0,0,0,0,0,1,0,0,0,0,0,0,0,0,0,0,0,0,0,0,0,0,0,0,0,0,0
synthetic_DirTrav_7,synthetic_single,"[""DirTrav""]",0,1,404.8739604322399,0.0,0.010609052393750052,104.03404899036757,4.746344272177016,0.0,0.0,0.0,0.0,0.0,0.0077312845217900735,0.0,0.0,0.002738907683804694,0.0,0.0,0.04425951040501525,0.0019441367609903985,0.0,0.0,0.0,0.0,0.0,0.0,0.0,0.0,0.0,0.0035283824565393025,0.0,0.0,0.0,0.0,0.0,0.0,0.0,0.0,0.0,0.0,0.0,0.0,0.0,0.0024821191072710988,0.0,0.0,7.948008164193338,3.0041292034978486,0.0,1.0004746199867387,0.015328316797090213,0.0,0.6213367940398852,0.0,0.0,0.0,0.0,0.0,0.0,0.0,,,,,,,,,,,,,,,,,,,,,,,,,,,,,,,433.33027485113973,0.0,0.0011657213312776774,0.0,0.01602294828717463,0.001014626347137645,0.4313476054249087,0,0,0,0,0,0,0,0,1,0,0,0,0,0,0,0,0,0,0,0,0,0,0,0,0,0,0,0,0,0
synthetic_DirTrav_8,synthetic_single,"[""DirTrav""]",0,1,331.620080831451,0.0,0.006661548627984786,38.48482956410687,4.636335020371842,0.03887070422082025,0.0,0.0,0.0,0.07383347221327712,0.0,0.0043083857141350615,0.0072457225154949,0.0,0.0,0.0,0.0013621476067475003,0.0,0.0,0.0,0.0,0.0,0.0,0.0,0.008762374858513248,0.0,0.0,0.008406287975133087,0.0,0.0,0.0,0.0,0.0,0.0,0.0,0.0,0.0,0.0,0.0,0.0,0.0,0.0011673424385108728,0.009748517583814635,0.0,7.925979296716782,2.9989105767773756,0.0023910200705411604,0.7069075209701785,0.002680144526464438,1.1463519362696002,0.017400366728405524,0.0,0.0,0.005452071092507218,0.009798085068140358,0.0,0.0,0.0,,,,,,,,,,,,,,,,,,,,,,,,,,,,,,,253.60731796395885,0.0,0.0,0.0,0.0,0.004537013347304114,0.08952514348971197,0,0,0,0,0,0,0,0,1,0,0,0,0,0,0,0,0,0,0,0,0,0,0,0,0,0,0,0,0,0
synthetic_DirTrav_9,synthetic_single,"[""DirTrav""]",0,1,268.85645071882067,0.0,0.003778920630063656,1.7763715776239906,4.067146635590623,0.0,0.0,0.0,0.0,0.0,0.005418740486968827,0.0,0.0,0.043256921604460964,0.0,0.0,0.001054139016179512,0.0,0.0,0.0,0.0,0.0,0.0,0.0,0.0,0.0,0.0,0.0,0.0,0.0,0.0,0.0,0.0,0.0,0.0,0.0,0.0,0.0,0.0,0.0,0.0,0.006657839126378422,0.0,0.0,7.958367713161295,2.9984030448857686,0.006008125141317145,0.0,0.017714148584246872,0.0,0.014832574351650484,0.0,0.0,0.0,0.0,0.0,0.0,0.0,,,,,,,,,,,,,,,,,,,,,,,,,,,,,,,255.18012055741613,0.0,0.0,0.0,0.0015313221931378,0.006223408753838432,0.0481947872062428,0,0,0,0,0,0,0,0,1,0,0,0,0,0,0,0,0,0,0,0,0,0,0,0,0,0,0,0,0,0
synthetic_DirTrav_10,synthetic_single,"[""DirTrav""]",0,1,204.79645309669328,0.0,0.003691275070287053,9.461344744777548,4.375202578480725,0.0,0.0,0.0,0.0,0.0,0.0,0.0,0.0,0.0,0.0,0.03409257608481278,0.0,0.008924726164564427,0.0,0.0,0.0,0.0,0.0,0.013080471395952939,0.0,0.0,0.0,0.0,0.0,0.0,0.0,0.0,0.0,0.0,0.0,0.0,0.0,0.0,0.0,0.0,0.0,4.273569073531927e-05,0.004244901744230843,0.0,8.039690207089926,3.0015410897251567,0.0010996892251843825,0.058465205817708345,0.020084322097178222,0.25389582730568633,0.0,0.0,0.0,0.0,0.0,0.0,0.0,0.0,,,,,,,,,,,,,,,,,,,,,,,,,,,,,,,273.0150767115496,0.0,0.0007291961745672178,0.0,0.0,0.0,0.0,0,0,0,0,0,0,0,0,1,0,0,0,0,0,0,0,0,0,0,0,0,0,0,0,0,0,0,0,0,0
synthetic_DirTrav_11,synthetic_single,"[""DirTrav""]",0,1,327.795234239005,0.0,0.005923819891257891,131.34748300533232,4.622295447574213,0.03973955516662939,0.0,0.0,0.0,0.05312233319303823,0.010900172263568502,0.0027400109605333974,0.01423641118002079,0.006154357448152086,0.0,0.02722146674762019,0.011261047842314107,0.0,0.0,0.0,0.0,0.0,0.0,0.003836663365727877,0.014076954987388611,0.0,0.0,0.007791186605869589,0.0,0.0,0.0,0.0,0.0,0.0,0.0,0.0,0.0,0.0,0.0,0.0,0.0,0.0022123507214847652,0.0,0.0,8.04605611499703,2.997564915036425,0.0,0.5811751022943851,0.0,0.8185104344013108,0.0,0.0,0.0,0.0,0.006331187193759709,0.0,0.0,0.0,,,,,,,,,,,,,,,,,,,,,,,,,,,,,,,250.0747104440409,0.0,0.0,0.0,0.0,0.0,0.023724209085160486,0,0,0,0,0,0,0,0,1,0,0,0,0,0,0,0,0,0,0,0,0,0,0,0,0,0,0,0,0,0
synthetic_DirTrav_12,synthetic_single,"[""DirTrav""]",0,1,399.9933397006562,0.0,0.012339381094290908,29.840289032607956,4.275686157607163,0.0,0.0,0.0,0.0,0.0,0.0014178008728556912,0.0,0.0,0.04977573947787301,0.0,0.0,0.0,2.53356410406437e-05,0.0,0.0,0.0,0.0,0.0,0.007422260744061448,0.001727511470891724,0.0,0.0,0.0,0.0,0.0,0.0,0.0,0.0,0.0,0.0,0.0,0.0,0.0,0.0,0.0,0.0,0.0013035850159310665,0.0,0.0,8.045409133086743,2.994570488215796,0.0019258567769973602,0.608174830643777,0.030992205669962046,0.05417881974448598,0.7301164348071426,0.0,0.0,0.01597194278266309,0.0,0.0,0.0,0.0,,,,,,,,,,,,,,,,,,,,,,,,,,,,,,,395.70427883182714,0.0,0.0011583917184824848,0.0,0.004736568198325614,0.0,0.20153737441639055,0,0,0,0,0,0,0,0,1,0,0,0,0,0,0,0,0,0,0,0,0,0,0,0,0,0,0,0,0,0
synthetic_DirTrav_13,synthetic_single,"[""DirTrav""]",0,1,327.632196069083,0.0,0.0047820608193259425,404.31711443678694,4.59990837627888,0.0,0.0,0.0,0.0,0.0,0.0028909970464272017,0.005885912356465024,0.0,0.021249343249094492,0.0,0.007010040252317723,0.0,0.004729294374567266,0.0,0.0,0.0,0.0,0.0,0.0,0.007507142960193208,0.0,0.0,0.0070799332678867805,0.0,0.0,0.0,0.0,0.0,0.0,0.0,0.0,0.0,0.0,0.0,0.0,0.0,0.0,0.0,0.0,8.057825502291832,3.009144952098113,0.0,0.5894906554155882,0.0421563115138022,0.45215540304666124,0.20005551403081617,0.0,0.0,0.0,0.0,0.0,0.0,0.0,,,,,,,,,,,,,,,,,,,,,,,,,,,,,,,259.55611206521087,0.0,0.0011613367746491333,0.0,0.0,0.0,0.4959221990781258,0,0,0,0,0,0,0,0,1,0,0,0,0,0,0,0,0,0,0,0,0,0,0,0,0,0,0,0,0,0
synthetic_DirTrav_14,synthetic_single,"[""DirTrav""]",0,1,279.8495078316699,0.0,0.007878894707952618,170.97349544768585,4.543358957542837,0.0,0.0,0.0,0.0,0.07487382089370652,0.0,0.0,0.007323721379301448,0.0,0.0,0.0,0.014747481153970855,0.0,0.0,0.0,0.0,0.0,0.0,0.0,0.0,0.0,0.0,0.0,0.0,0.0,0.0,0.0,0.0,0.0,0.0,0.0,0.0,0.0,0.0,0.0,0.0,0.0,0.0065380478738864215,0.0,8.043173002586439,2.9985734454461523,0.0,0.45211316727901607,0.0,0.8560229159142968,0.0034582504475238083,0.0,0.0,0.0,0.0008103856197951712,0.0,0.0,0.0,,,,,,,,,,,,,,,,,,,,,,,,,,,,,,,248.9122402018598,0.0,0.0,0.0,0.0,0.0,0.0,0,0,0,0,0,0,0,0,1,0,0,0,0,0,0,0,0,0,0,0,0,0,0,0,0,0,0,0,0,0
synthetic_XXE_0,synthetic_single,"[""XXE""]",0,1,201.21350572119024,0.0,0.0,270.1935343764944,4.58017986916219,0.0,0.0,0.0,0.0,0.0,0.0,0.008178399529638586,0.0,0.0,0.0,0.0,0.005493093689598333,0.002794260767936189,0.0,0.0,0.0,0.0,0.0,0.0,0.01270577853239971,0.0,0.0,0.0,0.0,0.0,0.0,0.0,0.0,0.0,0.0,0.0,0.0,0.0,0.0,0.0,0.0,0.0020757079336774908,0.0,0.0,7.978337014399249,2.9959485752754516,0.0,0.4427288278533896,0.0,1.398225132789893,0.0,0.0,0.0,0.0,0.0,0.0,0.0,0.0,,,,,,,,,,,,,,,,,,,,,,,,,,,,,,,372.9114462258842,0.0,0.0,0.0,0.0065838782137101195,0.19250734387498877,0.22138655200856378,0,0,0,0,0,0,0,0,0,1,0,0,0,0,0,0,0,0,0,0,0,0,0,0,0,0,0,0,0,0
synthetic_XXE_1,synthetic_single,"[""XXE""]",0,1,209.03119364573604,0.0,0.0,52.169242451518215,4.426967763033107,0.0,0.0,0.0,0.0,0.013766721121946598,0.002871388444240682,0.0019548093452330224,0.0,0.0,0.0,0.012177319165819394,0.0,0.001116415210169854,0.0,0.0,0.0,0.0,0.0,0.008240962111437405,0.0,0.0,0.0,0.0023196487771262324,0.0,0.0,0.0,0.0,0.0,0.0,0.0,0.0,0.0,0.0,0.0,0.0,0.0,0.0,0.003415465838559482,0.0,8.084465999185282,3.0028778723354552,0.00045376701591332805,0.04038294225121879,0.023270507193904066,0.3444498060053258,0.11462292902493555,0.0,0.0,0.005249794461759622,0.0,0.0,0.0,0.0,,,,,,,,,,,,,,,,,,,,,,,,,,,,,,,403.8664844086874,0.0,0.002499416655439401,0.0,0.2712727968785487,0.2626576570329274,1.1523386170857168,0,0,0,0,0,0,0,0,0,1,0,0,0,0,0,0,0,0,0,0,0,0,0,0,0,0,0,0,0,0
synthetic_XXE_2,synthetic_single,"[""XXE""]",0,1,205.97522053701405,0.0,0.0018670701675417868,357.73652945028294,4.442546225837438,0.0,0.0,0.0,0.0,0.08337454643540168,0.0,0.0,0.016500678859383996,0.0,0.0,0.032373668938876825,0.0049950245095463745,0.0,0.0,0.0,0.0,0.0,0.0,0.0,0.0,0.0,0.0,0.0,0.0,0.0,0.0,0.0,0.0,0.0,0.0,0.0,0.0,0.0,0.0,0.0,0.0,0.0,0.0,0.0,7.954120808365073,3.0027412159167355,0.0,0.0,0.0,0.16166013082019953,0.0,0.0,0.0,0.0,0.0,0.0,0.0,0.0,,,,,,,,,,,,,,,,,,,,,,,,,,,,,,,366.5913610988695,0.0,0.0010676325697104774,0.0,0.20095135937009567,0.17543013983535324,0.5240927386705792,0,0,0,0,0,0,0,0,0,1,0,0,0,0,0,0,0,0,0,0,0,0,0,0,0,0,0,0,0,0
synthetic_XXE_3,synthetic_single,"[""XXE""]",0,1,202.05936536940445,0.0,0.003256832538963675,311.5260762761021,4.582342227156617,0.0,0.0,0.0,0.0,0.0,0.0,0.0032219690139124748,0.0,0.0,0.0,0.0,0.013003682550062125,0.011905978318215684,0.0,0.0,0.0,0.0,0.0,5.932924966047839e-05,0.015407568421085037,0.0,0.0,0.0,0.0,0.0,0.0,0.0,0.0,0.0,0.0,0.0,0.0,0.0,0.0,0.0,0.0,0.0,0.0,0.0,7.892628740971866,2.997616244298424,0.0,0.33138414612385747,0.00694320167133395,1.1303069499704765,0.0,0.0,0.0,0.002619808384179713,0.0,0.0,0.0,0.0,,,,,,,,,,,,,,,,,,,,,,,,,,,,,,,356.6401203337686,0.0,0.0,0.0,0.0,0.18869964177985007,0.1855073477634044,0,0,0,0,0,0,0,0,0,1,0,0,0,0,0,0,0,0,0,0,0,0,0,0,0,0,0,0,0,0
synthetic_XXE_4,synthetic_single,"[""XXE""]",0,1,200.3173491162593,0.0,0.0036643804472460996,217.73697052925263,4.470952656362611,0.0,0.0,0.0,0.0,0.0031494812709122904,0.0,0.0017095347147508746,0.012834201496704513,0.0,0.0,0.026429805281596445,0.05695458982825774,0.0,0.0,0.0,0.0,0.0,0.0,0.0,0.0,0.0,0.0,0.0,0.0,0.0,0.0,0.0,0.0,0.0,0.0,0.0,0.0,0.0,0.0,0.0,0.0,0.0,0.015199851343607866,0.0,7.978750078174081,2.998231015277531,0.0012050155675532737,0.10582743597386787,0.0164594404403126,0.2092413815421824,0.0,0.0,0.0,0.007699373102094415,0.0,0.0,0.0,0.0,,,,,,,,,,,,,,,,,,,,,,,,,,,,,,,353.8649470849001,0.0,0.0,0.0,0.16550297699886635,0.17024793271752395,0.14879917104581336,0,0,0,0,0,0,0,0,0,1,0,0,0,0,0,0,0,0,0,0,0,0,0,0,0,0,0,0,0,0
synthetic_XXE_5,synthetic_single,"[""XXE""]",0,1,196.75182300402236,0.0,0.0026438760844109408,96.9163216815925,4.592653910347379,0.0316081020715992,0.0,0.0,0.0,0.01136244517899173,0.004377052269191776,0.0,0.0,0.0230659927887219,0.0,0.0,0.004497148742996499,0.0,0.0,0.0,0.0,0.0,0.0,0.012052345404536029,0.0,0.0,0.0,0.0,0.0,0.0,0.0,0.0,0.0,0.0,0.0,0.0,0.0,0.0,0.0,0.0,0.0,0.004390996267017355,0.002535237925442872,0.0,8.018476432768841,3.005896181235373,0.0,0.4028919337566853,0.0026449623939630387,1.1405586830742662,0.10566192935592471,0.0,0.0,0.0,0.0,0.0,0.0,0.0,,,,,,,,,,,,,,,,,,,,,,,,,,,,,,,391.79824068668034,0.0,0.0,0.0,0.0,0.1863044637535058,0.7882055239519709,0,0,0,0,0,0,0,0,0,1,0,0,0,0,0,0,0,0,0,0,0,0,0,0,0,0,0,0,0,0
synthetic_XXE_6,synthetic_single,"[""XXE""]",0,1,198.16113268546047,0.0,0.00042253562215612694,67.77595239661603,4.421462734967578,0.0,0.0,0.0,0.0,0.0,0.000968208024245527,0.0,0.0,0.00987141066534765,0.0,0.019556935602354393,0.0,0.0,0.0,0.0,0.0,0.0,0.0,0.0,0.0,0.0,0.0,0.003065266669562479,0.0,0.0,0.0,0.0,0.0,0.0,0.0,0.0,0.0,0.0,0.0,0.0,0.0,0.001916559575954108,0.00044600997510172504,0.0,7.996922694265614,3.0057845021315392,0.005012072059336119,0.043270425565053935,0.0,0.0,0.0,0.0,0.0,0.0,0.001278432000542013,0.0,0.0,0.0,,,,,,,,,,,,,,,,,,,,,,,,,,,,,,,413.49459715578166,0.0,0.004125933702409462,0.0,0.27517296090421733,0.2532202685496579,0.8181637141516119,0,0,0,0,0,0,0,0,0,1,0,0,0,0,0,0,0,0,0,0,0,0,0,0,0,0,0,0,0,0
synthetic_XXE_7,synthetic_single,"[""XXE""]",0,1,199.4128776647566,0.0,0.003859700549104211,221.2636187722086,4.643959053603247,0.072968453605645,0.0,0.0,0.0,0.0,0.0,0.012288129381923129,0.011570502557182248,0.0,0.0,0.0,0.0,0.0,0.0,0.0,0.0,0.0,0.0,0.0070719988460995,0.0,0.0,0.0,0.003061088386021248,0.0,0.0,0.0,0.0,0.0,0.0,0.0,0.0,0.0,0.0,0.0,0.0,0.0,0.0,0.0,0.0,7.958673087015703,3.0020358154016082,0.003586111426186483,0.49866356871711953,0.0,1.4615527616639534,0.050342910962230245,0.0,0.0,0.0,0.006818718723693577,0.0,0.0,0.0,,,,,,,,,,,,,,,,,,,,,,,,,,,,,,,390.5628183147291,0.0,0.0,0.0,0.003128073377949462,0.25682650226415976,0.8925785803260011,0,0,0,0,0,0,0,0,0,1,0,0,0,0,0,0,0,0,0,0,0,0,0,0,0,0,0,0,0,0
synthetic_XXE_8,synthetic_single,"[""XXE""]",0,1,195.49927990560468,0.0,0.0,77.79225210138678,4.598442817109477,0.00031571835016025386,0.0,0.0,0.0,0.041963967106750724,0.0,0.0,0.0002705708983248,0.030256323294809342,0.0,0.01167066528957234,0.0,0.0,0.0,0.0,0.0,0.0,0.0,0.0,0.017459188479607327,0.0,0.0,0.0059245503097252045,0.0,0.0,0.0,0.0,0.0,0.0,0.0,0.0,0.0,0.0,0.0,0.0,0.0,0.0016711689264209183,0.005386110251690713,0.0,8.009902876961181,3.004018602170134,0.01252770319040703,0.7909414144824555,0.001210007177788577,2.280980216658842,0.0,0.0,0.0,0.0,0.002546717927900508,0.0,0.0,0.0,,,,,,,,,,,,,,,,,,,,,,,,,,,,,,,488.604839917883,0.0,0.0035423053801219317,0.0,0.16563891164108296,0.43354649696529785,0.7226092004621567,0,0,0,0,0,0,0,0,0,1,0,0,0,0,0,0,0,0,0,0,0,0,0,0,0,0,0,0,0,0
synthetic_XXE_9,synthetic_single,"[""XXE""]",0,1,202.23279466980756,0.0,0.0,136.97829875391432,4.422027991769586,0.0104615549269081,0.0,0.0,0.0,0.0,0.0,0.0,0.008263772172576858,0.0,0.0,0.0,0.0,0.009990589281795356,0.0,0.0,0.0,0.0,0.0,0.0,0.0,0.0,0.0,0.0,0.0,0.0,0.0,0.0,0.0,0.0,0.0,0.0,0.0,0.0,0.0,0.0,0.0,0.0070622017718870314,0.0,0.0,8.000724143358932,2.999831485454992,0.007917377475428254,0.12787692339240522,0.011427273584846373,0.04178865697085889,0.15642711493497594,0.0,0.0,0.0021845736689234192,0.004048729750284957,0.0,0.0,0.0,,,,,,,,,,,,,,,,,,,,,,,,,,,,,,,403.4228202594704,0.0,0.00039754855092445293,0.0,0.2890770246573152,0.23931553294870198,0.7527178295623277,0,0,0,0,0,0,0,0,0,1,0,0,0,0,0,0,0,0,0,0,0,0,0,0,0,0,0,0,0,0
synthetic_XXE_10,synthetic_single,"[""XXE""]",0,1,194.14577565542692,0.0,0.0,311.5284601199581,4.611564094755448,0.05390030705127421,0.0,0.0,0.0,0.0,0.0012107028281359536,0.0031313043995155835,0.0037090470510953233,0.0,0.0,0.043014113445755314,0.014647329184201283,0.002052495715295866,0.0,0.0,0.0,0.0,0.0,0.0,0.0,0.0,0.0,0.009572678970692665,0.0,0.0,0.0,0.0,0.0,0.0,0.0,0.0,0.0,0.0,0.0,0.0,0.0,0.0,0.0,0.0,8.004937317148443,3.0018282362767117,0.0029900587305831837,0.5160841442938658,0.02308126262326601,1.2887738437882739,0.06541339851348792,0.0,0.0,0.0,0.0,0.0,0.0,0.0,,,,,,,,,,,,,,,,,,,,,,,,,,,,,,,420.5600275317641,0.0,0.0,0.0,0.0,0.23507520110457317,1.0907067734936189,0,0,0,0,0,0,0,0,0,1,0,0,0,0,0,0,0,0,0,0,0,0,0,0,0,0,0,0,0,0
synthetic_XXE_11,synthetic_single,"[""XXE""]",0,1,201.95010107640536,0.0,0.0,440.07728831999714,4.486943039279449,0.009607966935607254,0.0,0.0,0.0,0.0,0.0,0.00320853165647924,0.001774871900026359,0.0063043298091359536,0.0,0.01402062909125701,0.0,0.0,0.0,0.0,0.0,0.0,0.0,0.004307825728922021,0.02001793072034545,0.0,0.0,0.003642683440087867,0.0,0.0,0.0,0.0,0.0,0.0,0.0,0.0,0.0,0.0,0.0,0.0,0.0,0.005396489626234081,0.0,0.0,8.019871085749108,2.9981550889306945,0.01117716823139336,0.5067654692084699,0.0,1.7437538332610596,0.0,0.0,0.0,0.0,0.0,0.0,0.0,0.0,,,,,,,,,,,,,,,,,,,,,,,,,,,,,,,498.8429932050803,0.0,0.0,0.0,0.283684912931224,0.40931376198330877,0.7742759227263891,0,0,0,0,0,0,0,0,0,1,0,0,0,0,0,0,0,0,0,0,0,0,0,0,0,0,0,0,0,0
synthetic_XXE_12,synthetic_single,"[""XXE""]",0,1,195.12840970357786,0.0,0.0010052095238373083,57.51735729255285,4.415415427464649,0.023962096962744366,0.0,0.0,0.0,0.015915212704868693,0.0,0.0,0.0,0.0,0.0,0.026113529016643287,0.0,0.0,0.0,0.0,0.0,0.0,0.0,0.006171248891065224,0.022316933573354954,0.0,0.0,0.003505266717489399,0.0,0.0,0.0,0.0,0.0,0.0,0.0,0.0,0.0,0.0,0.0,0.0,0.0,0.0,0.0,0.0,7.971390604133129,2.9911093066637964,0.0,0.0,0.0,0.18017536942475512,0.12944545269593347,0.0,0.0,0.0,0.007804357995261694,0.0,0.0,0.0,,,,,,,,,,,,,,,,,,,,,,,,,,,,,,,378.11705132405154,0.0,0.004354411241693494,0.0,0.24574804346572945,0.21416800375952247,0.5805140445564793,0,0,0,0,0,0,0,0,0,1,0,0,0,0,0,0,0,0,0,0,0,0,0,0,0,0,0,0,0,0
synthetic_XXE_13,synthetic_single,"[""XXE""]",0,1,203.01976412294476,0.0,0.0,228.9438063301689,4.4777727338556765,0.008717721738826185,0.0,0.0,0.0,0.0819159686292176,0.0,0.004471527165362242,0.0,0.0,0.0,0.026645903942766756,0.0,0.0007565332595279091,0.0,0.0,0.0,0.0,0.0,0.0025952312103864074,0.0,0.0,0.0,0.0,0.0,0.0,0.0,0.0,0.0,0.0,0.0,0.0,0.0,0.0,0.0,0.0,0.0,0.0,0.0,0.0,8.011775283176279,3.0015950577040487,0.0,0.44595603085696567,0.0,1.0870512466726359,0.011331578258195333,0.0,0.0,0.0,0.0,0.0,0.0,0.0,,,,,,,,,,,,,,,,,,,,,,,,,,,,,,,494.98886786761574,0.0,2.811187626961042e-06,0.0,0.28109358077447155,0.4289967667669887,1.1306074334976863,0,0,0,0,0,0,0,0,0,1,0,0,0,0,0,0,0,0,0,0,0,0,0,0,0,0,0,0,0,0
synthetic_XXE_14,synthetic_single,"[""XXE""]",0,1,200.3469246539509,0.0,0.0007309866136582441,246.3615749540391,4.518400473241803,0.004032916473780301,0.0,0.0,0.0,0.0,0.0,0.0,0.003990958841138794,0.0,0.0,0.01371807126468956,0.0,0.0,0.0,0.0,0.0,0.0,0.0,8.352932185378263e-05,0.03570052806003585,0.0,0.0,0.0003585987861615413,0.0,0.0,0.0,0.0,0.0,0.0,0.0,0.0,0.0,0.0,0.0,0.0,0.0,0.0,0.006068881108671561,0.0,8.022181499251612,3.001923848302694,0.013357533741018848,0.49609607905139175,0.043311963662443304,1.9231654915525096,0.14551309831245182,0.0,0.0,0.0,0.0,0.0,0.0,0.0,,,,,,,,,,,,,,,,,,,,,,,,,,,,,,,492.41218189048215,0.0,0.0,0.0,0.20442256149298338,0.4247485567813916,1.1846356762366372,0,0,0,0,0,0,0,0,0,1,0,0,0,0,0,0,0,0,0,0,0,0,0,0,0,0,0,0,0,0
synthetic_XXE_15,synthetic_single,"[""XXE""]",0,1,200.44639267374006,0.0,0.004993901360822452,292.64466862499967,4.447903445374592,0.0,0.0,0.0,0.0,0.0,0.008610745532570517,0.0006224316737137518,0.0,0.0,0.0,0.0073267730921655625,0.0,0.004558173214088278,0.0,0.0,0.0,0.0,0.0,0.011191017160610262,0.03943674157278254,0.0,0.0,0.0,0.0,0.0,0.0,0.0,0.0,0.0,0.0,0.0,0.0,0.0,0.0,0.0,0.0,0.0025280560075714937,0.007748244596008258,0.0,8.018833503617776,3.0043767769801244,0.0067350727431307765,0.0,0.0,0.0,0.2382073943953292,0.0,0.0,0.002114463106874969,0.0,0.0,0.0,0.0,,,,,,,,,,,,,,,,,,,,,,,,,,,,,,,375.8364240154799,0.0,0.0,0.0,0.2383877281664805,0.20758622008080535,0.3297580585504324,0,0,0,0,0,0,0,0,0,1,0,0,0,0,0,0,0,0,0,0,0,0,0,0,0,0,0,0,0,0
synthetic_XXE_16,synthetic_single,"[""XXE""]",0,1,200.23125260211953,0.0,0.0,0.0,4.621465982412275,0.02987247053498098,0.0,0.0,0.0,0.0,0.0008886692559653874,0.0017147377719340855,0.012474874253718246,0.0630340598668336,0.0,0.010172445183764067,0.015615899224745045,0.0,0.0,0.0,0.0,0.0,0.0,0.009917313166257755,0.0,0.0,0.0,0.0,0.0,0.0,0.0,0.0,0.0,0.0,0.0,0.0,0.0,0.0,0.0,0.0,0.0,0.002854803601554918,0.0,0.0,7.9931558851199345,3.004408200178472,0.007784215131439616,0.5696813355152595,0.01528114832000375,1.5846832118745922,0.0,0.0,0.0,0.011972305698955622,0.0,0.0,0.0,0.0,,,,,,,,,,,,,,,,,,,,,,,,,,,,,,,410.54050673069605,0.0,0.0004177449332149325,0.0,0.0,0.27661696806017494,0.6123434484490491,0,0,0,0,0,0,0,0,0,1,0,0,0,0,0,0,0,0,0,0,0,0,0,0,0,0,0,0,0,0
synthetic_NoSQLi_0,synthetic_single,"[""NoSQLi""]",0,1,241.88518974599697,0.0,0.016382620147705026,690.8395491812984,4.486328248037097,0.008386005535010545,0.0,0.0,0.0,0.0,0.05818484833821712,0.02611217480378907,0.08094840622727759,0.4059739761851973,0.0,0.11746542071987853,0.0,0.0,0.0,0.0,0.0,0.0,0.0,0.030480303010413795,0.19474338339041286,0.0,0.0,0.034718882887632356,0.0,0.0,0.0,0.0,0.0,0.0,0.0,0.0,0.0,0.0,0.0,0.0,0.0,0.0,0.03248647766225031,0.0,8.05483753100198,2.9943028723564353,0.04307324481016684,0.9572636046233646,0.12255466263797671,0.8541341876834494,0.41243805034786307,0.0,0.0,0.01343931170501386,0.018867248938222083,0.0,0.0,0.0,,,,,,,,,,,,,,,,,,,,,,,,,,,,,,,311.3538562820285,0.0,0.008757126175403987,0.0,0.012208090883665989,0.09303584443706121,1.8704134949115774,0,0,0,0,0,0,0,0,0,0,1,0,0,0,0,0,0,0,0,0,0,0,0,0,0,0,0,0,0,0
synthetic_NoSQLi_1,synthetic_single,"[""NoSQLi""]",0,1,231.41483589117504,0.0,0.025800512708808822,814.4292463874024,4.500184238156044,0.0,0.0,0.0,0.0,0.14727537389656503,0.05627088017042425,0.007211230527658648,0.008092005524037073,0.2876221192134894,0.0,0.0003604389668953531,0.06296444903397,0.019026207484226492,0.0,0.0,0.0,0.0,0.0,0.07521188733272466,0.24643958901479862,0.0,0.0,0.004878539941731026,0.0,0.0,0.0,0.0,0.0,0.0,0.0,0.0,0.0,0.0,0.0,0.0,0.0,0.018944186882825207,0.03304575324279128,0.0,8.4243131450335,3.011403757106433,0.024243030002063168,0.8471367349237003,0.04445145743888308,1.92571339834301,0.7308644064132214,0.0,0.0,0.0,0.006835133802532841,0.0,0.0,0.0,,,,,,,,,,,,,,,,,,,,,,,,,,,,,,,277.4391089131781,0.0,0.018494423654205568,0.0,0.03742491160266153,0.14968548566164985,2.825540243341037,0,0,0,0,0,0,0,0,0,0,1,0,0,0,0,0,0,0,0,0,0,0,0,0,0,0,0,0,0,0
synthetic_NoSQLi_2,synthetic_single,"[""NoSQLi""]",0,1,217.93710896171257,0.0,0.016781866011927875,756.4357374453178,4.534027091558312,0.11460265917688836,0.0,0.0,0.0,0.23072378301834606,0.055749506261340113,0.032647853045260855,0.03916612938998916,0.16514902825273692,0.0,0.0889166706163031,0.002781947736113906,0.02343206822752955,0.0,0.0,0.0,0.0,0.0,0.017803365218455162,0.0906043930780129,0.0,0.0,0.014958567621649745,0.0,0.0,0.0,0.0,0.0,0.0,0.0,0.0,0.0,0.0,0.0,0.0,0.0,0.015349686907638821,0.010910707654661062,0.0,8.2812277812726,3.027983778475966,0.027349727259501237,1.2779691043601875,0.08536166455250292,1.4457406796511305,0.11520225406262552,0.0,0.0,0.023677147175659295,0.036874288552938894,0.0,0.0,0.0,,,,,,,,,,,,,,,,,,,,,,,,,,,,,,,266.9091059445013,0.0,0.00838559489294121,0.0,0.01284054042002989,0.09582834490183215,0.0,0,0,0,0,0,0,0,0,0,0,1,0,0,0,0,0,0,0,0,0,0,0,0,0,0,0,0,0,0,0
synthetic_NoSQLi_3,synthetic_single,"[""NoSQLi""]",0,1,233.60271738670644,0.0,0.03343856534140692,685.3272747000169,4.517758923495349,0.009663761588696938,0.0,0.0,0.0,0.03533189084393336,0.0023579863481421916,0.01986480560529812,0.044481349359607555,0.03233752315257751,0.0,0.0,0.05736304646078386,0.009547413143242723,0.0,0.0,0.0,0.0,0.0,0.0015685252985494363,0.08343328507706985,0.0,0.0,0.00992055480370018,0.0,0.0,0.0,0.0,0.0,0.0,0.0,0.0,0.0,0.0,0.0,0.0,0.0,0.0008657969103641749,0.020291425485780522,0.0,8.04852918940253,3.020156976531553,0.0277602221293139,1.0849635384413843,0.07620642429806587,1.9073200277027247,0.6119118350206041,0.0,0.0,0.011655917280722529,0.0,0.0,0.0,0.0,,,,,,,,,,,,,,,,,,,,,,,,,,,,,,,326.0640849841693,0.0,0.005199849152669698,0.0,0.023442923059713485,0.09572713740530289,0.5108475161230301,0,0,0,0,0,0,0,0,0,0,1,0,0,0,0,0,0,0,0,0,0,0,0,0,0,0,0,0,0,0
synthetic_NoSQLi_4,synthetic_single,"[""NoSQLi""]",0,1,240.8074958989058,0.0,0.03483365798860239,910.8150831299763,4.490293366486715,0.12091292055026107,0.0,0.0,0.0,0.0,0.007306877939003201,0.0004353588773738249,0.0,0.020492802429053172,0.0,0.17776692618760737,0.0,0.035218021195463,0.0,0.0,0.0,0.0,0.0,0.04928990943413655,0.2030792602692189,0.0,0.0,0.02285141453559838,0.0,0.0,0.0,0.0,0.0,0.0,0.0,0.0,0.0,0.0,0.0,0.0,0.0,0.01884371986425018,0.012602821740157161,0.0,8.12580890292289,3.0054715758292803,0.053557278204746255,0.8608450570346167,0.08621826613332416,2.553166367508436,0.8366909612057437,0.0,0.0,0.009834590752990443,0.00474237422576242,0.0,0.0,0.0,,,,,,,,,,,,,,,,,,,,,,,,,,,,,,,297.8567314628015,0.0,0.013057539353789976,0.0,0.008149450745731507,0.07260242836372602,1.7321804217265027,0,0,0,0,0,0,0,0,0,0,1,0,0,0,0,0,0,0,0,0,0,0,0,0,0,0,0,0,0,0
synthetic_NoSQLi_5,synthetic_single,"[""NoSQLi""]",0,1,222.43076422747367,0.0,0.010683106819893621,304.84244812870713,4.460885353323861,0.09044470102272455,0.0,0.0,0.0,0.028760974914299894,0.032367251490086846,0.0,0.01831350716346379,0.23764142853505793,0.0,0.0,0.011250786214843142,0.0024094218131599458,0.0,0.0,0.0,0.0,0.0,0.006458868973949587,0.25535073973581646,0.0,0.0,0.03306461907343951,0.0,0.0,0.0,0.0,0.0,0.0,0.0,0.0,0.0,0.0,0.0,0.0,0.0,0.0005436154755877349,0.0174443233537013,0.0,8.177990850235316,2.9987700284137744,0.024943360684745848,0.5758000528660558,0.047534749272650306,2.6030148219779834,0.09875150114880882,0.0,0.0,0.0272330610466289,0.01608118779324305,0.0,0.0,0.0,,,,,,,,,,,,,,,,,,,,,,,,,,,,,,,311.60967711289646,0.0,0.00681571469826356,0.0,0.031056301393760723,0.10766703240943522,0.7671983774612909,0,0,0,0,0,0,0,0,0,0,1,0,0,0,0,0,0,0,0,0,0,0,0,0,0,0,0,0,0,0
synthetic_NoSQLi_6,synthetic_single,"[""NoSQLi""]",0,1,233.4299305786124,0.0,0.028885761726542006,354.55515420426445,4.428978449501185,0.030483095439777487,0.0,0.0,0.0,0.0,0.01785149380360694,0.04007534225156332,0.0,0.08128916366461537,0.0,0.15615206452081432,0.10722053444700945,0.032280357523135544,0.0,0.0,0.0,0.0,0.0,0.02284385140953254,0.1354240666312308,0.0,0.0,0.007776119429450697,0.0,0.0,0.0,0.0,0.0,0.0,0.0,0.0,0.0,0.0,0.0,0.0,0.0,0.018660306128550557,0.0001953250659453079,0.0,8.097058927944621,3.0211301558877173,0.02267295729232729,1.0302017187485322,0.028863186998470795,2.042311179916952,0.6239288476350255,0.0,0.0,0.0,0.0,0.0,0.0,0.0,,,,,,,,,,,,,,,,,,,,,,,,,,,,,,,274.4686230476648,0.0,0.00024355130459778173,0.0,0.021792518126065134,0.13395387870714862,1.9077344502332734,0,0,0,0,0,0,0,0,0,0,1,0,0,0,0,0,0,0,0,0,0,0,0,0,0,0,0,0,0,0
synthetic_NoSQLi_7,synthetic_single,"[""NoSQLi""]",0,1,237.78137152903878,0.0,0.02074935169308668,442.053920344963,4.450992975831455,0.05900810098697723,0.0,0.0,0.0,0.05630660223605219,0.04918938247394261,0.0,0.02444045731476619,0.0,0.0,0.08969349325815562,0.0,0.0,0.0,0.0,0.0,0.0,0.0,0.05677223955360872,0.2719395907701349,0.0,0.0,0.02800154741198834,0.0,0.0,0.0,0.0,0.0,0.0,0.0,0.0,0.0,0.0,0.0,0.0,0.0,0.02202331497893663,0.0,0.0,8.241275284934643,3.037991348714823,0.0,0.8538692342542644,0.04122736250462674,1.1293927402446071,0.32189611687850994,0.0,0.0,0.0,0.01038059981818354,0.0,0.0,0.0,,,,,,,,,,,,,,,,,,,,,,,,,,,,,,,349.0938961034474,0.0,0.01392553424363957,0.0,0.0293439201093367,0.08356617804799926,2.231719005975111,0,0,0,0,0,0,0,0,0,0,1,0,0,0,0,0,0,0,0,0,0,0,0,0,0,0,0,0,0,0
synthetic_NoSQLi_8,synthetic_single,"[""NoSQLi""]",0,1,229.76663059476743,0.0,0.01841848755571758,756.1606588857102,4.545671593299328,0.0,0.0,0.0,0.0,0.39455196056729125,0.03403807922883823,0.030784289126646137,0.0,0.2891925082767574,0.0,0.04989663198886838,0.04192285645321726,0.0,0.0,0.0,0.0,0.0,0.0,0.004543653568791335,0.18764320578124677,0.0,0.0,0.0,0.0,0.0,0.0,0.0,0.0,0.0,0.0,0.0,0.0,0.0,0.0,0.0,0.0,0.005173416403658053,0.035841091059085034,0.0,7.996590451341959,2.984713201939378,0.05630545462742508,0.890287480038843,0.0,0.13966867350129752,0.480040847423851,0.0,0.0,0.0,0.003817865896592781,0.0,0.0,0.0,,,,,,,,,,,,,,,,,,,,,,,,,,,,,,,334.4965790030218,0.0,0.00728693427575317,0.0,0.028893293705825662,0.10407872547397354,0.5977177156267196,0,0,0,0,0,0,0,0,0,0,1,0,0,0,0,0,0,0,0,0,0,0,0,0,0,0,0,0,0,0
synthetic_NoSQLi_9,synthetic_single,"[""NoSQLi""]",0,1,218.77135240598378,0.0,0.020340930580722907,647.1091641211619,4.5336130868717595,0.09091840583947433,0.0,0.0,0.0,0.0,0.0,0.007004112744017156,0.0,0.0,0.0,0.06886494364458878,0.022029166534365832,0.05267815709331814,0.0,0.0,0.0,0.0,0.0,0.0,0.19275691751691784,0.0,0.0,0.04700523750565811,0.0,0.0,0.0,0.0,0.0,0.0,0.0,0.0,0.0,0.0,0.0,0.0,0.0,0.0,0.008789253800327157,0.0,8.067716534335643,3.0246009558441997,0.040120366641393596,0.9093606820868652,0.1003680259638475,1.8157861883421376,1.0350963320276951,0.0,0.0,0.024504281342635586,0.002290332933978328,0.0,0.0,0.0,,,,,,,,,,,,,,,,,,,,,,,,,,,,,,,277.5444891173665,0.0,0.003227255204365828,0.0,0.03330322410280664,0.17668969863136666,1.8821972577669168,0,0,0,0,0,0,0,0,0,0,1,0,0,0,0,0,0,0,0,0,0,0,0,0,0,0,0,0,0,0
synthetic_NoSQLi_10,synthetic_single,"[""NoSQLi""]",0,1,243.91339352144442,0.0,0.02316650201663444,988.0898673731365,4.558986322791003,0.07358243863579789,0.0,0.0,0.0,0.03324306452925738,0.061345123012561315,0.045625925254644935,0.0,0.01047605918202367,0.0,0.09029668273239054,0.1001976471766689,0.028862923301508726,0.0,0.0,0.0,0.0,0.0,0.07662610930432256,0.16534941048720264,0.0,0.0,0.008402798688656912,0.0,0.0,0.0,0.0,0.0,0.0,0.0,0.0,0.0,0.0,0.0,0.0,0.0,0.0,0.014806790434285226,0.0,8.01390554676813,3.0180210402714427,0.026848253128033055,0.7373531240794162,0.08778176763406703,2.3609007521313674,0.5193095574734082,0.0,0.0,0.009857745742572196,0.0,0.0,0.0,0.0,,,,,,,,,,,,,,,,,,,,,,,,,,,,,,,341.04741585316145,0.0,0.006247410256673084,0.0,0.036680232867605925,0.09248737013644145,1.339492901466524,0,0,0,0,0,0,0,0,0,0,1,0,0,0,0,0,0,0,0,0,0,0,0,0,0,0,0,0,0,0
synthetic_NoSQLi_11,synthetic_single,"[""NoSQLi""]",0,1,231.56090285745387,0.0,0.02299800446722394,1558.6674101024105,4.4684763137756285,0.13140734108841962,0.0,0.0,0.0,0.36675613416611375,0.0,0.0014988069863227718,0.06725492858494363,0.04153687390408496,0.0,0.0,0.0,0.004125090114304659,0.0,0.0,0.0,0.0,0.0,0.027737749508412398,0.07758575486509287,0.0,0.0,0.024694817985267476,0.0,0.0,0.0,0.0,0.0,0.0,0.0,0.0,0.0,0.0,0.0,0.0,0.0,0.013485434191583339,0.0,0.0,7.991146176013388,2.992431015436853,0.04079098838156742,0.9962914344832664,0.07053080392220358,1.5036095388614932,0.919583840588557,0.0,0.0,0.019302654867647002,0.009748042366462213,0.0,0.0,0.0,,,,,,,,,,,,,,,,,,,,,,,,,,,,,,,308.9064279877344,0.0,0.0048396847341108246,0.0,0.040002424637461745,0.11210238396708766,0.32271045995443304,0,0,0,0,0,0,0,0,0,0,1,0,0,0,0,0,0,0,0,0,0,0,0,0,0,0,0,0,0,0
synthetic_NoSQLi_12,synthetic_single,"[""NoSQLi""]",0,1,220.81190261863597,0.0,0.031051465276162316,420.63992153319833,4.497019798224639,0.0,0.0,0.0,0.0,0.2681829937624375,0.022658973196949615,0.014798486088285151,0.07823335058079771,0.0986625934621489,0.0,0.1136468562436058,0.09787692267469233,0.011113378184678198,0.0,0.0,0.0,0.0,0.0,0.05765464456514052,0.15819757143837618,0.0,0.0,0.003388156225815798,0.0,0.0,0.0,0.0,0.0,0.0,0.0,0.0,0.0,0.0,0.0,0.0,0.0,0.030155329702291817,0.0,0.0,8.118994351690043,3.0211671768408164,0.04204268870836775,0.8569323000159845,0.0,2.4999962279323587,0.2116901511987042,0.0,0.0,0.01614694430526694,0.04193354467513363,0.0,0.0,0.0,,,,,,,,,,,,,,,,,,,,,,,,,,,,,,,298.2579500954681,0.0,0.011846814609793475,0.0,0.033066300794863196,0.09338768212083845,2.2565829679372045,0,0,0,0,0,0,0,0,0,0,1,0,0,0,0,0,0,0,0,0,0,0,0,0,0,0,0,0,0,0
synthetic_NoSQLi_13,synthetic_single,"[""NoSQLi""]",0,1,232.49868461031704,0.0,0.017180833992501296,924.5645135650244,4.604842062730154,0.0,0.0,0.0,0.0,0.15404491411395482,0.006397400569028322,0.0,0.0,0.0,0.0,0.0,0.025957223563377818,0.0009794960503769056,0.0,0.0,0.0,0.0,0.0,0.015229429558766827,0.13479868882893276,0.0,0.0,0.011935136387374536,0.0,0.0,0.0,0.0,0.0,0.0,0.0,0.0,0.0,0.0,0.0,0.0,0.0,0.014797016824386392,0.0,0.0,8.251247289725482,3.016608633733423,0.012844366753656652,0.8295414230334017,0.07226403052140407,1.9120235337686378,0.17663352977081298,0.0,0.0,0.0,0.022473304880255843,0.0,0.0,0.0,,,,,,,,,,,,,,,,,,,,,,,,,,,,,,,264.59615681050565,0.0,0.008444679054346826,0.0,0.021907717513306255,0.10353493280719306,2.042922784990985,0,0,0,0,0,0,0,0,0,0,1,0,0,0,0,0,0,0,0,0,0,0,0,0,0,0,0,0,0,0
synthetic_NoSQLi_14,synthetic_single,"[""NoSQLi""]",0,1,223.28707305480623,0.0,0.021117679128122867,356.7560462750513,4.5254086898691455,0.1902109122318339,0.0,0.0,0.0,0.28700750767746386,0.04221328616599271,0.0,0.04536556617973887,0.02665898701163367,0.0,0.06232445981256918,0.0906792995398939,0.015959262110631065,0.0,0.0,0.0,0.0,0.0,0.04045639374317001,0.13215284016464396,0.0,0.0,0.003019136933240029,0.0,0.0,0.0,0.0,0.0,0.0,0.0,0.0,0.0,0.0,0.0,0.0,0.0,0.0015433255081491043,0.0,0.0,8.208630940222235,3.0083975166550423,0.037418655747909244,0.8766767126252539,0.0,1.7628416385180836,0.8189853486330938,0.0,0.0,0.0001597208163307568,0.0407323181294883,0.0,0.0,0.0,,,,,,,,,,,,,,,,,,,,,,,,,,,,,,,297.2609972617609,0.0,0.010705563247506218,0.0,0.03692460036555504,0.12884207684521992,0.9811808826719827,0,0,0,0,0,0,0,0,0,0,1,0,0,0,0,0,0,0,0,0,0,0,0,0,0,0,0,0,0,0
synthetic_NoSQLi_15,synthetic_single,"[""NoSQLi""]",0,1,223.56443544458455,0.0,0.028027864093371217,89.03706832920113,4.561650530809273,0.10664807435842016,0.0,0.0,0.0,0.0,0.0227715625156342,0.017798815017733692,0.022680497056158728,0.3779584806857998,0.0,0.06352761761107205,0.08309629188652286,0.005689463953666511,0.0,0.0,0.0,0.0,0.0,0.025163074247205958,0.20469833074096846,0.0,0.0,0.009308707568761503,0.0,0.0,0.0,0.0,0.0,0.0,0.0,0.0,0.0,0.0,0.0,0.0,0.0,0.0,0.03308765572149224,0.0,8.105094098197394,2.9813087898968775,0.04817266594807491,1.176472646385497,0.08394776145708754,0.6086760160246336,0.8516360735516015,0.0,0.0,0.016885381213585404,0.018705864267520675,0.0,0.0,0.0,,,,,,,,,,,,,,,,,,,,,,,,,,,,,,,316.58578892630965,0.0,0.0009478826102310252,0.0,0.05364855661573852,0.15784981357782069,2.0507911602755096,0,0,0,0,0,0,0,0,0,0,1,0,0,0,0,0,0,0,0,0,0,0,0,0,0,0,0,0,0,0
synthetic_NoSQLi_16,synthetic_single,"[""NoSQLi""]",0,1,223.3976124474334,0.0,0.026611344181817514,668.0331733895887,4.507787893201778,0.14227462455296208,0.0,0.0,0.0,0.1404801200666973,0.04320880716321948,0.0,0.041423154868636354,0.0,0.0,0.09020028221842769,0.005651480678796013,0.014729293954307408,0.0,0.0,0.0,0.0,0.0,0.04449191804890508,0.2353777528400941,0.0,0.0,0.014564888268211033,0.0,0.0,0.0,0.0,0.0,0.0,0.0,0.0,0.0,0.0,0.0,0.0,0.0,0.024697672996491078,0.0,0.0,7.945144480308075,3.022151887733354,0.0,0.9262769453881637,0.06846295248749644,0.9583546580102033,0.9830140245674797,0.0,0.0,0.025423075466653094,0.007111805312382856,0.0,0.0,0.0,,,,,,,,,,,,,,,,,,,,,,,,,,,,,,,284.5847940027198,0.0,0.004263250256659645,0.0,0.016311044337658207,0.1463229527542367,0.3073334446058458,0,0,0,0,0,0,0,0,0,0,1,0,0,0,0,0,0,0,0,0,0,0,0,0,0,0,0,0,0,0
synthetic_NoSQLi_17,synthetic_single,"[""NoSQLi""]",0,1,229.18151222961086,0.0,0.027709124432140887,1008.7683588351296,4.497183827565159,0.11670356686051941,0.0,0.0,0.0,0.05258796385459552,0.017864156233561135,0.004787811596764996,0.0,0.16900110228141346,0.0,0.06728926647596609,0.06468012781376087,0.014281222821405037,0.0,0.0,0.0,0.0,0.0,0.02677084662222607,0.1790860549541545,0.0,0.0,0.0,0.0,0.0,0.0,0.0,0.0,0.0,0.0,0.0,0.0,0.0,0.0,0.0,0.0,0.023249166251462755,0.008795847705691218,0.0,8.008150520964413,2.9834395489138306,0.0,0.5713354412863068,0.07497892964171227,2.1554356562790273,1.074187535041638,0.0,0.0,0.014317554960683829,0.016218696137263115,0.0,0.0,0.0,,,,,,,,,,,,,,,,,,,,,,,,,,,,,,,337.7074773011523,0.0,0.0,0.0,0.03138197058796387,0.15281395997037356,0.31056914789890677,0,0,0,0,0,0,0,0,0,0,1,0,0,0,0,0,0,0,0,0,0,0,0,0,0,0,0,0,0,0
synthetic_LDAPi_0,synthetic_single,"[""LDAPi""]",0,1,234.41778021404932,0.0,0.024116193566038037,477.8587336445491,4.62119627476026,0.0,0.0,0.0,0.0,0.0,0.032757452320124496,0.0,0.0,0.10107222728843485,0.0,0.05609417411071852,0.042094461010696665,0.04501097739166648,0.0,0.0,0.0,0.0,0.0,0.020593765501022234,0.18086187208808321,0.0,0.0,0.0,0.0,0.0,0.0,0.0,0.0,0.0,0.0,0.0,0.0,0.0,0.0,0.0,0.0,0.012440282423440805,0.026054928787144473,0.0,8.14291871432741,3.019390829116045,0.05619207352092391,1.004125396667885,0.06486519136364487,1.495726133724005,1.2087317124329071,0.0,0.0,0.01120890941253336,0.030271201408561085,0.0,0.0,0.0,,,,,,,,,,,,,,,,,,,,,,,,,,,,,,,333.94642299208874,0.0,0.005608499945547535,0.0,0.03691304755088239,0.11239089111555857,1.8748347746049971,0,0,0,0,0,0,0,0,0,0,0,1,0,0,0,0,0,0,0,0,0,0,0,0,0,0,0,0,0,0
synthetic_LDAPi_1,synthetic_single,"[""LDAPi""]",0,1,230.16813216081812,0.0,0.026294446211337065,845.9154472111968,4.516096963736349,0.20243444217049694,0.0,0.0,0.0,0.11972174487904641,0.029449392238586395,0.0,0.016540503698755107,0.06276955668498485,0.0,0.0,0.04396151536264934,0.0067975057219670405,0.0,0.0,0.0,0.0,0.0,0.029778780443890186,0.22468833302913555,0.0,0.0,0.011647164650546736,0.0,0.0,0.0,0.0,0.0,0.0,0.0,0.0,0.0,0.0,0.0,0.0,0.0,0.0040272146811928655,0.03779109331309872,0.0,8.182126463074457,3.0340148337566126,0.03594669208529731,1.1919587807231258,0.06929147620664478,2.0679254895509707,0.7625910369188436,0.0,0.0,0.0,0.029857849946141254,0.0,0.0,0.0,,,,,,,,,,,,,,,,,,,,,,,,,,,,,,,261.1057023390623,0.0,0.0,0.0,0.02805304558842079,0.09721147116513885,1.7160098151478893,0,0,0,0,0,0,0,0,0,0,0,1,0,0,0,0,0,0,0,0,0,0,0,0,0,0,0,0,0,0
synthetic_LDAPi_2,synthetic_single,"[""LDAPi""]",0,1,229.32145533567032,0.0,0.007843130435390852,178.92229600831814,4.486126507383944,0.0,0.0,0.0,0.0,0.16704423414106,0.006566919607329302,0.020701626934645626,0.0,0.0,0.0,0.10093293645488213,0.11342853638618768,0.041260758125578195,0.0,0.0,0.0,0.0,0.0,0.01704055201815075,0.2652908203364759,0.0,0.0,0.0,0.0,0.0,0.0,0.0,0.0,0.0,0.0,0.0,0.0,0.0,0.0,0.0,0.0,0.0,0.032200932687831536,0.0,8.214701472361657,3.014543627799716,0.0,1.03929787841613,0.019665875667912686,1.5833743405166278,0.0,0.0,0.0,0.015384506638537057,0.029002460554485014,0.0,0.0,0.0,,,,,,,,,,,,,,,,,,,,,,,,,,,,,,,318.3171790133763,0.0,0.012279678061218224,0.0,0.03607384625932627,0.10847203743669089,0.0940208016937194,0,0,0,0,0,0,0,0,0,0,0,1,0,0,0,0,0,0,0,0,0,0,0,0,0,0,0,0,0,0
synthetic_LDAPi_3,synthetic_single,"[""LDAPi""]",0,1,226.6707042532938,0.0,0.0217876732497278,0.0,4.470985164504898,0.15191264093673854,0.0,0.0,0.0,0.04568878015873354,0.0,0.010634200790696238,0.11159346076957509,0.0,0.0,0.14422627270427596,0.10523166252968219,0.010757068581471138,0.0,0.0,0.0,0.0,0.0,0.021647875997687006,0.17455543801189857,0.0,0.0,0.026908791631968645,0.0,0.0,0.0,0.0,0.0,0.0,0.0,0.0,0.0,0.0,0.0,0.0,0.0,0.006496069346440582,0.0,0.0,8.045579358035695,3.015451362351209,0.027987817012785205,1.1367404890960566,0.09660523673890817,2.2591430067992637,0.7574382123449086,0.0,0.0,0.0,0.02635698707966862,0.0,0.0,0.0,,,,,,,,,,,,,,,,,,,,,,,,,,,,,,,283.1553800748711,0.0,0.006161100429688666,0.0,0.01962189978405721,0.15643511950353223,1.4437108597855015,0,0,0,0,0,0,0,0,0,0,0,1,0,0,0,0,0,0,0,0,0,0,0,0,0,0,0,0,0,0
synthetic_LDAPi_4,synthetic_single,"[""LDAPi""]",0,1,231.2972798451662,0.0,0.02593142237297231,117.8746702465649,4.548491494393897,0.09402060144142091,0.0,0.0,0.0,0.12781411441481041,0.026981578538586064,0.014403425900887496,0.031166939017951565,0.08626053554230739,0.0,0.042787849308929954,0.07168951088002481,0.015018423541671627,0.0,0.0,0.0,0.0,0.0,0.03987132037639241,0.18647645732276846,0.0,0.0,0.034646998033546525,0.0,0.0,0.0,0.0,0.0,0.0,0.0,0.0,0.0,0.0,0.0,0.0,0.0,0.013193443618036139,0.0026135301627163605,0.0,8.143786481032013,2.9911992290511935,0.0,0.9560789514930033,0.0,1.3883767951755321,0.7122709922198082,0.0,0.0,0.033962171896488424,0.0,0.0,0.0,0.0,,,,,,,,,,,,,,,,,,,,,,,,,,,,,,,265.4330739292955,0.0,0.0012390751105008872,0.0,0.038329987756021255,0.11088919421047015,1.5274194918151998,0,0,0,0,0,0,0,0,0,0,0,1,0,0,0,0,0,0,0,0,0,0,0,0,0,0,0,0,0,0
synthetic_LDAPi_5,synthetic_single,"[""LDAPi""]",0,1,216.15819061200858,0.0,0.032604479917996046,542.4354007166045,4.571806704509882,0.0752307244966792,0.0,0.0,0.0,0.3639676289631095,0.04992924611236421,0.03628945424500272,0.026432334268554663,0.024182263965969474,0.0,0.0,0.10924812927454366,0.022222409476680423,0.0,0.0,0.0,0.0,0.0,0.008458847911350986,0.20412491666768065,0.0,0.0,0.023800190490077935,0.0,0.0,0.0,0.0,0.0,0.0,0.0,0.0,0.0,0.0,0.0,0.0,0.0,0.006988080890588043,0.029455610826055863,0.0,8.420305003753981,3.042633577893227,0.0,0.8836650668524065,0.038816023683347765,1.6986373027557709,0.6524310497193748,0.0,0.0,0.000974611526278181,0.04180523363046809,0.0,0.0,0.0,,,,,,,,,,,,,,,,,,,,,,,,,,,,,,,315.2968443599327,0.0,0.011737511909304213,0.0,0.020252946321062816,0.13670576984973254,0.0,0,0,0,0,0,0,0,0,0,0,0,1,0,0,0,0,0,0,0,0,0,0,0,0,0,0,0,0,0,0
synthetic_LDAPi_6,synthetic_single,"[""LDAPi""]",0,1,247.37790471776452,0.0,0.02196299778355007,0.0,4.46304228250714,0.027876348591568092,0.0,0.0,0.0,0.08284908149881076,0.02123103533516156,0.017725691927826623,0.035996089452748604,0.005962249127909644,0.0,0.0,0.022127397484382094,0.015995179553524988,0.0,0.0,0.0,0.0,0.0,0.04452857190050811,0.18793161270313116,0.0,0.0,0.020737078122383505,0.0,0.0,0.0,0.0,0.0,0.0,0.0,0.0,0.0,0.0,0.0,0.0,0.0,0.020849950255595825,0.017754184412127942,0.0,8.128849255004619,3.008973339858993,0.06956264698340124,1.0492475645170778,0.010210202393976759,1.5610388635327208,1.0180451241331652,0.0,0.0,0.0,0.0,0.0,0.0,0.0,,,,,,,,,,,,,,,,,,,,,,,,,,,,,,,301.175812287697,0.0,0.0,0.0,0.0,0.10919745217764679,3.3118906981711476,0,0,0,0,0,0,0,0,0,0,0,1,0,0,0,0,0,0,0,0,0,0,0,0,0,0,0,0,0,0
synthetic_LDAPi_7,synthetic_single,"[""LDAPi""]",0,1,238.7525377260399,0.0,0.02610554078468076,311.8082861419,4.486885006750789,0.18577864559696117,0.0,0.0,0.0,0.0020528578452427004,0.04249512294744684,0.008022960393305238,0.049665195046976515,0.14089726230556826,0.0,0.17185124274677016,0.007237516707678117,0.03669645521153086,0.0,0.0,0.0,0.0,0.0,0.030095575170712464,0.13476373268949915,0.0,0.0,0.02244649830789641,0.0,0.0,0.0,0.0,0.0,0.0,0.0,0.0,0.0,0.0,0.0,0.0,0.0,0.002873588471806972,0.0006145291262325946,0.0,8.291059374227801,3.0259086941126645,0.0004663888994706801,1.0417662308868352,0.019704747698647742,1.270600282276753,0.07615138473597582,0.0,0.0,0.01243330468897485,0.0,0.0,0.0,0.0,,,,,,,,,,,,,,,,,,,,,,,,,,,,,,,299.729585331029,0.0,0.0063134515608619214,0.0,0.019891521251489158,0.07256308216749094,0.3571407938166442,0,0,0,0,0,0,0,0,0,0,0,1,0,0,0,0,0,0,0,0,0,0,0,0,0,0,0,0,0,0
synthetic_LDAPi_8,synthetic_single,"[""LDAPi""]",0,1,239.37901796225145,0.0,0.015753714600320906,0.0,4.441794825885322,0.005000806956213702,0.0,0.0,0.0,0.04877117926518619,0.04220954489238037,0.0072408307299762775,0.0,0.05204957729279851,0.0,0.1773401563015224,0.08704134933285942,0.010959405014115962,0.0,0.0,0.0,0.0,0.0,0.03064980276933678,0.11041087277765477,0.0,0.0,0.012788391619882239,0.0,0.0,0.0,0.0,0.0,0.0,0.0,0.0,0.0,0.0,0.0,0.0,0.0,0.009249359862745755,0.0013357693545055123,0.0,8.110287303088874,3.0146409972079056,0.05151523755468453,1.130301145498592,0.011416314088073826,2.108577230535623,0.20875887485723238,0.0,0.0,0.019897448439668522,0.008181439058446635,0.0,0.0,0.0,,,,,,,,,,,,,,,,,,,,,,,,,,,,,,,275.0501962001185,0.0,0.009611378477007427,0.0,0.02026998074626414,0.12471521854391743,1.6433263955004938,0,0,0,0,0,0,0,0,0,0,0,1,0,0,0,0,0,0,0,0,0,0,0,0,0,0,0,0,0,0
synthetic_LDAPi_9,synthetic_single,"[""LDAPi""]",0,1,251.65578496013003,0.0,0.016575215585595836,635.166613447371,4.513607542447506,0.05029527114639727,0.0,0.0,0.0,0.0,0.0,0.054982651267273586,0.04738781865616347,0.17888952781406642,0.0,0.1058985690538846,0.0,0.03131718935936354,0.0,0.0,0.0,0.0,0.0,0.0,0.19303464596692596,0.0,0.0,0.03610871104617227,0.0,0.0,0.0,0.0,0.0,0.0,0.0,0.0,0.0,0.0,0.0,0.0,0.0,0.031308676845059426,0.012487410264922512,0.0,8.2727739692836,3.0416327966828787,0.001836616394102604,0.7657355815984404,0.04207752224414359,2.445726318734768,0.20654940687216516,0.0,0.0,0.02547204941652998,0.0,0.0,0.0,0.0,,,,,,,,,,,,,,,,,,,,,,,,,,,,,,,304.08838870004143,0.0,0.0029609437928684638,0.0,0.0,0.04227818151496396,0.0,0,0,0,0,0,0,0,0,0,0,0,1,0,0,0,0,0,0,0,0,0,0,0,0,0,0,0,0,0,0
synthetic_LDAPi_10,synthetic_single,"[""LDAPi""]",0,1,246.35292495774038,0.0,0.0167534144921344,900.0279220611795,4.50632634501742,0.07796783139057843,0.0,0.0,0.0,0.24176143839536707,0.022168105309049828,0.005356276809205352,0.01480168880911039,0.0,0.0,0.0,0.09696152631939037,0.011767141967350011,0.0,0.0,0.0,0.0,0.0,0.03453199928321514,0.12744962171653695,0.0,0.0,0.015300978141697882,0.0,0.0,0.0,0.0,0.0,0.0,0.0,0.0,0.0,0.0,0.0,0.0,0.0,0.003960009622146847,0.021917137116872168,0.0,8.156744030809573,2.999331627949807,0.01207534871723771,1.0155623097763757,0.05219629116159974,1.4609156672301675,0.5268411818301272,0.0,0.0,0.02524042742446364,0.02461674455933805,0.0,0.0,0.0,,,,,,,,,,,,,,,,,,,,,,,,,,,,,,,251.2085306327763,0.0,0.014757020998255424,0.0,0.011241106105448304,0.12399149284570722,2.6234093207055516,0,0,0,0,0,0,0,0,0,0,0,1,0,0,0,0,0,0,0,0,0,0,0,0,0,0,0,0,0,0
synthetic_LDAPi_11,synthetic_single,"[""LDAPi""]",0,1,228.24070244619026,0.0,0.006618796563736318,975.2119079426992,4.525226036793084,0.0030382126252061006,0.0,0.0,0.0,0.10289144531586776,0.06613673993374056,0.011018278843967144,0.08276162886686451,0.1386247506760841,0.0,0.04548542821762957,0.12081103243706637,0.015290408156154352,0.0,0.0,0.0,0.0,0.0,0.07128401215588255,0.2060595596800087,0.0,0.0,0.022822810800169964,0.0,0.0,0.0,0.0,0.0,0.0,0.0,0.0,0.0,0.0,0.0,0.0,0.0,0.024900902431815416,0.0026815369069832368,0.0,8.237803554789224,3.0437142501516252,0.03975519372160047,0.9849475807368303,0.01316719959000328,1.0352072875679896,1.0378018572816696,0.0,0.0,0.007625327369154536,0.002087323830776781,0.0,0.0,0.0,,,,,,,,,,,,,,,,,,,,,,,,,,,,,,,350.5775207919434,0.0,0.011672939003989248,0.0,0.007738527832840729,0.08995888935058022,1.1155822808495048,0,0,0,0,0,0,0,0,0,0,0,1,0,0,0,0,0,0,0,0,0,0,0,0,0,0,0,0,0,0
synthetic_LDAPi_12,synthetic_single,"[""LDAPi""]",0,1,221.2280759686688,0.0,0.019278722110369316,877.8074524121885,4.5513732336607475,0.07763445284965652,0.0,0.0,0.0,0.37540323316706753,0.0,0.026869513488222002,0.0,0.04719091659867897,0.0,0.019614090454126286,0.04074689634270827,0.0,0.0,0.0,0.0,0.0,0.0,0.0039000271826371766,0.16359767592645041,0.0,0.0,0.014167552934630089,0.0,0.0,0.0,0.0,0.0,0.0,0.0,0.0,0.0,0.0,0.0,0.0,0.0,0.03492501486209382,0.021073177588073633,0.0,8.171969642076158,3.021391495631716,0.03896957275987763,1.370416317362577,0.02987307244458938,1.6423469209558093,0.1683571059507099,0.0,0.0,0.03038511376839729,0.00391673178504922,0.0,0.0,0.0,,,,,,,,,,,,,,,,,,,,,,,,,,,,,,,306.361609828473,0.0,0.00011587841761409937,0.0,0.02704417472562516,0.07278128140445184,0.0,0,0,0,0,0,0,0,0,0,0,0,1,0,0,0,0,0,0,0,0,0,0,0,0,0,0,0,0,0,0
synthetic_LDAPi_13,synthetic_single,"[""LDAPi""]",0,1,224.61546662558695,0.0,0.0065968050167654994,973.7467683856897,4.521376800102142,0.0378742324447844,0.0,0.0,0.0,0.11500629407928799,0.008239801437714609,0.002808895795997926,0.0,0.03778200223527659,0.0,0.023383865760608642,0.057154553156717275,0.011973470716971246,0.0,0.0,0.0,0.0,0.0,0.024949160767012576,0.22836526569846186,0.0,0.0,0.02392627765879745,0.0,0.0,0.0,0.0,0.0,0.0,0.0,0.0,0.0,0.0,0.0,0.0,0.0,0.027846015490255976,0.0,0.0,8.086795897542615,3.0104910855702425,0.0161244447449091,0.7476145466345525,0.12156502237146949,1.7944379205849288,1.0295538468120684,0.0,0.0,0.03439727514769447,0.022052723804146135,0.0,0.0,0.0,,,,,,,,,,,,,,,,,,,,,,,,,,,,,,,344.98640373356386,0.0,0.005820312237137102,0.0,0.0024492954296139215,0.0976500032364176,1.161151076782428,0,0,0,0,0,0,0,0,0,0,0,1,0,0,0,0,0,0,0,0,0,0,0,0,0,0,0,0,0,0
synthetic_LDAPi_14,synthetic_single,"[""LDAPi""]",0,1,256.7631742628999,0.0,0.00782496057190266,0.0,4.570635501512181,0.013187209406696591,0.0,0.0,0.0,0.16195914420873725,0.03968782415627109,0.005873799408377918,0.020905274707392854,0.10514474299914564,0.0,0.0,0.0,0.025104058760369447,0.0,0.0,0.0,0.0,0.0,0.06524675700855033,0.1902710580986274,0.0,0.0,0.01615591226942843,0.0,0.0,0.0,0.0,0.0,0.0,0.0,0.0,0.0,0.0,0.0,0.0,0.0,0.0496546450763243,0.021849154682929476,0.0,8.175441727905206,3.0226086826913057,0.009937562864895607,0.7632913789198588,0.044492546101890455,1.5016523805661377,1.174732142014738,0.0,0.0,0.020710797823761985,0.035280636562329715,0.0,0.0,0.0,,,,,,,,,,,,,,,,,,,,,,,,,,,,,,,303.3437902712791,0.0,0.0044160861737636455,0.0,0.03469465556167217,0.15489070603117563,0.9490089898006266,0,0,0,0,0,0,0,0,0,0,0,1,0,0,0,0,0,0,0,0,0,0,0,0,0,0,0,0,0,0
synthetic_LDAPi_15,synthetic_single,"[""LDAPi""]",0,1,259.08588182843374,0.0,0.030901964611121595,770.6204603783023,4.624695092181438,0.03602172611982872,0.0,0.0,0.0,0.15041253788497727,0.03396119058106758,0.01681198138112948,0.02623603199495348,0.09383782448306596,0.0,0.09629178685648798,0.11724661757928431,0.016637911972476997,0.0,0.0,0.0,0.0,0.0,0.04726962185810284,0.22178164454679136,0.0,0.0,0.03932684996864017,0.0,0.0,0.0,0.0,0.0,0.0,0.0,0.0,0.0,0.0,0.0,0.0,0.0,0.0007825920031739615,0.016466329613385993,0.0,8.27045421963243,3.0283528661077397,0.029024948214405627,1.0167048067429227,0.05720320793069991,0.7059363067109117,0.5687244150207839,0.0,0.0,0.0,0.0,0.0,0.0,0.0,,,,,,,,,,,,,,,,,,,,,,,,,,,,,,,333.52024767812196,0.0,0.006503677808718826,0.0,0.036802992955902586,0.12635210456970403,0.5979796299871801,0,0,0,0,0,0,0,0,0,0,0,1,0,0,0,0,0,0,0,0,0,0,0,0,0,0,0,0,0,0
synthetic_LDAPi_16,synthetic_single,"[""LDAPi""]",0,1,223.5980943002756,0.0,0.027893881537961525,391.51822679074337,4.522778976013315,0.1080189161904021,0.0,0.0,0.0,0.024986079905638295,0.09159745734275129,0.009935020895470052,0.07395367402974397,0.2550057212114309,0.0,0.07885889922260889,0.060433250835883176,0.0,0.0,0.0,0.0,0.0,0.0,0.0977315352560781,0.15627352928150917,0.0,0.0,0.023089835163008398,0.0,0.0,0.0,0.0,0.0,0.0,0.0,0.0,0.0,0.0,0.0,0.0,0.0,0.009053119816940201,0.03703951424977899,0.0,7.876736483663684,3.028635888372327,0.0,1.120575067143487,0.0868442493065888,1.9965958251032028,0.8281183008398791,0.0,0.0,0.027075938161701115,0.03347748784441492,0.0,0.0,0.0,,,,,,,,,,,,,,,,,,,,,,,,,,,,,,,276.91140469440603,0.0,0.008341149812660847,0.0,0.04717043211599784,0.10990383281191013,1.27102971249064,0,0,0,0,0,0,0,0,0,0,0,1,0,0,0,0,0,0,0,0,0,0,0,0,0,0,0,0,0,0
synthetic_LDAPi_17,synthetic_single,"[""LDAPi""]",0,1,233.57008558071817,0.0,0.015304874891500278,968.5850362315177,4.4992360406126854,0.1466053464399701,0.0,0.0,0.0,0.20659641129707587,0.0369560242135885,0.01087595634826411,0.0,0.21990253452229375,0.0,0.0,0.08502769362038168,0.00046800685178807755,0.0,0.0,0.0,0.0,0.0,0.0366316280635359,0.26656046142763024,0.0,0.0,0.015910111368930887,0.0,0.0,0.0,0.0,0.0,0.0,0.0,0.0,0.0,0.0,0.0,0.0,0.0,0.00690981458577036,0.01626593305466901,0.0,8.23454999164012,3.0163949704261905,0.01985677036134719,0.6000462789490142,0.05264266624298591,1.537974848597957,0.6041602578229083,0.0,0.0,0.02817256042932837,0.03811388811940427,0.0,0.0,0.0,,,,,,,,,,,,,,,,,,,,,,,,,,,,,,,351.26726700873786,0.0,0.004664372183448673,0.0,0.04079988830762628,0.13781816743337957,1.0238878099125015,0,0,0,0,0,0,0,0,0,0,0,1,0,0,0,0,0,0,0,0,0,0,0,0,0,0,0,0,0,0
synthetic_InsecPerm_0,synthetic_single,"[""InsecPerm""]",0,1,205.88038547211323,0.0,0.009781691442006102,53.878468601557216,4.6830555681415245,0.06021967378304196,0.0,0.0,0.0,0.0,0.0006775869461980761,0.0,0.007624423542241841,0.0,0.0,0.0007662833229925787,0.0,0.003451211105646067,0.0,0.0,0.0,0.0,0.0,0.009691107504640785,0.0,0.0,0.0,0.0,0.0,0.0,0.0,0.0,0.0,0.0,0.0,0.0,0.0,0.0,0.0,0.0,0.0,0.0,5.701947423749791e-05,0.0,7.976569294245013,2.9965950451498267,0.0,1.715815408052384,0.023367867761476754,2.678592340758257,0.5627041399237378,0.0,0.0,0.0,0.010733604329139956,0.0,0.0,0.0,,,,,,,,,,,,,,,,,,,,,,,,,,,,,,,252.49141137426145,0.0,0.0005543870862631695,0.0,0.0024794067716343185,0.00939481579819853,0.06369526471112566,0,0,0,0,0,0,0,0,0,0,0,0,1,0,0,0,0,0,0,0,0,0,0,0,0,0,0,0,0,0
synthetic_InsecPerm_1,synthetic_single,"[""InsecPerm""]",0,1,300.0853062344774,0.0,0.007290236120885977,369.9235823301604,4.6197916341297365,0.03647964306229287,0.0,0.0,0.0,0.08494113029178875,0.00994213660749341,0.0028525980045311706,0.0,0.0,0.0,0.012512744857583556,0.026833183182672037,0.0,0.0,0.0,0.0,0.0,0.0,0.0,0.015544411471939731,0.0,0.0,0.0,0.0,0.0,0.0,0.0,0.0,0.0,0.0,0.0,0.0,0.0,0.0,0.0,0.0,0.0,0.001876556440274511,0.0,7.955122031418032,3.0098525161709646,0.004046858496155604,1.0095337955581967,0.01708644045054747,1.0683640256566727,0.36793391512197693,0.0,0.0,0.0003814523232094267,0.0031898231997931764,0.0,0.0,0.0,,,,,,,,,,,,,,,,,,,,,,,,,,,,,,,373.76709013497003,0.0,0.0027968297792175393,0.0,0.0,0.0,0.0238594843723854,0,0,0,0,0,0,0,0,0,0,0,0,1,0,0,0,0,0,0,0,0,0,0,0,0,0,0,0,0,0
synthetic_InsecPerm_2,synthetic_single,"[""InsecPerm""]",0,1,297.0386045771947,0.0,0.002986237658037604,68.48717991526459,4.6268705668348185,0.037867577234151385,0.0,0.0,0.0,0.0,0.0,0.017070467103540633,0.0021893107967564046,0.0,0.0,0.0,0.03820885443602353,0.008671446254550711,0.0,0.0,0.0,0.0,0.0,0.004401003085892671,0.0,0.0,0.0,0.0037160555840537505,0.0,0.0,0.0,0.0,0.0,0.0,0.0,0.0,0.0,0.0,0.0,0.0,0.0,0.0038942229378438613,0.002260092465087609,0.0,8.01737329653635,2.9926996641588093,0.0021879651301965775,0.9648718505368049,0.0,0.9616318433084957,0.5071706135240097,0.0,0.0,0.0075477527175229295,0.0019415182816107045,0.0,0.0,0.0,,,,,,,,,,,,,,,,,,,,,,,,,,,,,,,377.23178166699375,0.0,0.00420354637582003,0.0,0.007950767363589554,0.0,0.3600008273403802,0,0,0,0,0,0,0,0,0,0,0,0,1,0,0,0,0,0,0,0,0,0,0,0,0,0,0,0,0,0
synthetic_InsecPerm_3,synthetic_single,"[""InsecPerm""]",0,1,205.4867403559871,0.0,0.012738397860445312,440.7982573055559,4.513514689497101,0.0,0.0,0.0,0.0,0.0,0.0,0.0,0.003494922738329887,0.0,0.0,0.009372329030274856,0.03834012212680969,0.010804973384125349,0.0,0.0,0.0,0.0,0.0,0.0,0.0,0.0,0.0,0.006467232779739848,0.0,0.0,0.0,0.0,0.0,0.0,0.0,0.0,0.0,0.0,0.0,0.0,0.0,0.0009673970129137729,0.0,0.0,7.951353028484079,2.999022103248259,0.0,1.5290994321504954,0.0,3.7370295543094594,0.6270566176408899,0.0,0.0,0.0,0.0031992243346872598,0.0,0.0,0.0,,,,,,,,,,,,,,,,,,,,,,,,,,,,,,,253.409526517017,0.0,0.002592681207703914,0.0,0.0023840678451893743,0.0,0.1110171942322553,0,0,0,0,0,0,0,0,0,0,0,0,1,0,0,0,0,0,0,0,0,0,0,0,0,0,0,0,0,0
synthetic_InsecPerm_4,synthetic_single,"[""InsecPerm""]",0,1,264.40573994025897,0.0,0.0022808364611428492,150.2615523479491,4.651256328667423,0.0,0.0,0.0,0.0,0.0,0.0,0.0008125459613236354,0.0,0.0,0.0,0.025519826185318784,0.04340693390792306,0.0,0.0,0.0,0.0,0.0,0.0,0.008663528929085366,0.0,0.0,0.0,0.000916738044047894,0.0,0.0,0.0,0.0,0.0,0.0,0.0,0.0,0.0,0.0,0.0,0.0,0.0,0.006073676617312536,0.004996168955555089,0.0,7.9685012702808935,2.997703566350058,0.010477616413514142,0.995504312359351,0.002628799623927235,1.3725123146599971,0.5014437278659585,0.0,0.0,0.006780213169877507,0.006717835688983439,0.0,0.0,0.0,,,,,,,,,,,,,,,,,,,,,,,,,,,,,,,343.3840024904062,0.0,0.0,0.0,0.0,0.0,0.4975287573938172,0,0,0,0,0,0,0,0,0,0,0,0,1,0,0,0,0,0,0,0,0,0,0,0,0,0,0,0,0,0
synthetic_InsecPerm_5,synthetic_single,"[""InsecPerm""]",0,1,198.3947346608497,0.0,0.013795580487448136,374.39920214736236,4.542752353568774,0.027561559846522102,0.0,0.0,0.0,0.12551280993821431,0.003460328534210899,0.0011019866033807311,0.0,0.041861451027557735,0.0,0.0,0.0,0.0,0.0,0.0,0.0,0.0,0.0,0.0,0.0,0.0,0.0,0.0,0.0,0.0,0.0,0.0,0.0,0.0,0.0,0.0,0.0,0.0,0.0,0.0,0.0,0.0,0.0,0.0,8.008170542404164,3.012374729271082,0.0,1.323954728001033,0.030987930177017894,2.8905145479701635,0.4952259222559233,0.0,0.0,0.0,0.005193265454722468,0.0,0.0,0.0,,,,,,,,,,,,,,,,,,,,,,,,,,,,,,,249.76271121820233,0.0,0.0030805580191194553,0.0,0.0,0.0042075096941283025,0.0,0,0,0,0,0,0,0,0,0,0,0,0,1,0,0,0,0,0,0,0,0,0,0,0,0,0,0,0,0,0
synthetic_InsecPerm_6,synthetic_single,"[""InsecPerm""]",0,1,304.4441225353499,0.0,0.0023455572097355807,214.80664269647013,4.696153037430253,0.0,0.0,0.0,0.0,0.015046901826844572,0.004448315919509825,0.0,0.0,0.0,0.0,0.0,0.0066646356573012416,0.006742529421907888,0.0,0.0,0.0,0.0,0.0,0.004265352567903628,0.0,0.0,0.0,0.0023324476687309145,0.0,0.0,0.0,0.0,0.0,0.0,0.0,0.0,0.0,0.0,0.0,0.0,0.0,0.0,0.00322710885286924,0.0,7.9789774514765925,2.997983971746434,0.0,1.4722749421769,0.027212835360617228,1.4639399124034935,1.1043115625966102,0.0,0.0,0.01151430595551715,0.0,0.0,0.0,0.0,,,,,,,,,,,,,,,,,,,,,,,,,,,,,,,373.6925036579953,0.0,0.0005050502525199942,0.0,0.0,0.0,0.0,0,0,0,0,0,0,0,0,0,0,0,0,1,0,0,0,0,0,0,0,0,0,0,0,0,0,0,0,0,0
synthetic_InsecPerm_7,synthetic_single,"[""InsecPerm""]",0,1,204.2451562432281,0.0,0.010746172696650642,404.8734028226793,4.551024419140339,0.0,0.0,0.0,0.0,0.0,0.005293690811457053,0.0073587315762650134,0.009774212514187548,0.02584661234652198,0.0,0.02318611749620511,0.0,0.012729447756859292,0.0,0.0,0.0,0.0,0.0,0.0,0.0,0.0,0.0,0.0,0.0,0.0,0.0,0.0,0.0,0.0,0.0,0.0,0.0,0.0,0.0,0.0,0.0,0.0036740772961103944,0.0,0.0,7.981737268052317,2.9894946376197145,0.0,1.3393090812147814,0.0007977140616639777,2.6699192895802777,0.3814926805137964,0.0,0.0,0.0,0.00666640897797723,0.0,0.0,0.0,,,,,,,,,,,,,,,,,,,,,,,,,,,,,,,264.71006209525626,0.0,0.0,0.0,0.0,0.003217818822063879,0.38331509822154775,0,0,0,0,0,0,0,0,0,0,0,0,1,0,0,0,0,0,0,0,0,0,0,0,0,0,0,0,0,0
synthetic_InsecPerm_8,synthetic_single,"[""InsecPerm""]",0,1,332.99144924048215,0.0,0.00182994954995326,219.29273601647552,4.666966736000888,0.0,0.0,0.0,0.0,0.056311665141717863,0.0029281058060022405,0.001699951486212052,0.0,0.045042361136898565,0.0,0.0,0.0,0.0020983374209013845,0.0,0.0,0.0,0.0,0.0,0.0,0.0,0.0,0.0,0.0,0.0,0.0,0.0,0.0,0.0,0.0,0.0,0.0,0.0,0.0,0.0,0.0,0.0,0.006545986554809345,0.0030217512359194325,0.0,7.969267688512202,3.0054451148010672,0.0,1.0649701809272307,0.005770231500548514,0.5364032962705005,0.9231177521033922,0.0,0.0,0.0005966196546626834,0.0,0.0,0.0,0.0,,,,,,,,,,,,,,,,,,,,,,,,,,,,,,,418.60979133032896,0.0,0.0028212579017993537,0.0,0.0,0.0010224852567630208,0.21170743363047861,0,0,0,0,0,0,0,0,0,0,0,0,1,0,0,0,0,0,0,0,0,0,0,0,0,0,0,0,0,0
synthetic_InsecPerm_9,synthetic_single,"[""InsecPerm""]",0,1,204.8953461442521,0.0,0.00915953886572846,549.3914398902798,4.628908185251261,0.000623872613331128,0.0,0.0,0.0,0.041843840709419045,0.010165671666698005,0.0,0.0,0.0,0.0,0.03850260266191312,0.050691631435654916,0.001989908743657201,0.0,0.0,0.0,0.0,0.0,0.011224932161374797,0.0238884024286092,0.0,0.0,0.0,0.0,0.0,0.0,0.0,0.0,0.0,0.0,0.0,0.0,0.0,0.0,0.0,0.0,0.0,0.001190419488755705,0.0,8.008572857725149,3.000876124073915,0.0,1.989779753046239,0.0005479172326933651,3.653430282601981,0.9918877423579563,0.0,0.0,0.0011623560160120055,0.0,0.0,0.0,0.0,,,,,,,,,,,,,,,,,,,,,,,,,,,,,,,264.9221793626573,0.0,0.0015914615365740866,0.0,0.0039066453758256235,0.0,0.3071876240972178,0,0,0,0,0,0,0,0,0,0,0,0,1,0,0,0,0,0,0,0,0,0,0,0,0,0,0,0,0,0
synthetic_InsecPerm_10,synthetic_single,"[""InsecPerm""]",0,1,336.57821994285507,0.0,0.005044697140153721,224.61892009988384,4.665606633005661,0.021763059280382562,0.0,0.0,0.0,0.0,0.0,0.005719258497123982,0.0,0.0,0.0,0.0,0.0,0.0007187727685966597,0.0,0.0,0.0,0.0,0.0,0.0013960602099502056,0.04075678509547225,0.0,0.0,0.0013255579355945023,0.0,0.0,0.0,0.0,0.0,0.0,0.0,0.0,0.0,0.0,0.0,0.0,0.0,0.00032252595968552494,0.001738682449330958,0.0,7.9824715082977065,3.0023202494111016,0.012625841334244641,1.3490418200552872,0.0,1.811754847035263,0.9591964649180185,0.0,0.0,0.0,0.0,0.0,0.0,0.0,,,,,,,,,,,,,,,,,,,,,,,,,,,,,,,425.8505802550347,0.0,0.0,0.0,0.0,0.0,0.0,0,0,0,0,0,0,0,0,0,0,0,0,1,0,0,0,0,0,0,0,0,0,0,0,0,0,0,0,0,0
synthetic_InsecPerm_11,synthetic_single,"[""InsecPerm""]",0,1,202.56756784858268,0.0,0.00890737029973817,162.04920006064262,4.5200969828670035,0.0,0.0,0.0,0.0,0.0,0.0,0.007280749846850797,0.0,0.0,0.0,0.0,0.010655191704593866,0.009736015157246964,0.0,0.0,0.0,0.0,0.0,0.0055187667366332184,0.019200962044983956,0.0,0.0,0.0023469676619051762,0.0,0.0,0.0,0.0,0.0,0.0,0.0,0.0,0.0,0.0,0.0,0.0,0.0,0.0,0.0,0.0,7.9859746412467665,3.0027506794373786,0.00314735179135132,1.3896300034959603,0.0228353780302476,2.607099905923618,0.36468134503473976,0.0,0.0,0.0,0.0002945717536715745,0.0,0.0,0.0,,,,,,,,,,,,,,,,,,,,,,,,,,,,,,,255.0570127815329,0.0,0.0,0.0,0.0,0.001906178899363691,0.5269347747089818,0,0,0,0,0,0,0,0,0,0,0,0,1,0,0,0,0,0,0,0,0,0,0,0,0,0,0,0,0,0
synthetic_InsecPerm_12,synthetic_single,"[""InsecPerm""]",0,1,337.2717634533867,0.0,0.0030830100339111085,568.8945489626207,4.685640838895382,0.02375903934463968,0.0,0.0,0.0,0.0687765324355683,0.00044200957500804583,0.0,0.005316211714038855,0.0,0.0,0.004412813661060046,0.054899643408208396,0.001839141268546611,0.0,0.0,0.0,0.0,0.0,0.0,0.0,0.0,0.0,0.0,0.0,0.0,0.0,0.0,0.0,0.0,0.0,0.0,0.0,0.0,0.0,0.0,0.0,0.01165419457421232,0.0,0.0,7.999389165193622,3.0018502736063577,0.0,1.0108508887258134,0.0,0.7126170937409769,0.574758999816721,0.0,0.0,0.0,0.002734970607314208,0.0,0.0,0.0,,,,,,,,,,,,,,,,,,,,,,,,,,,,,,,420.5037943790222,0.0,0.0,0.0,0.0033159199402652273,0.0,0.23260193286878456,0,0,0,0,0,0,0,0,0,0,0,0,1,0,0,0,0,0,0,0,0,0,0,0,0,0,0,0,0,0
synthetic_InsecPerm_13,synthetic_single,"[""InsecPerm""]",0,1,330.707785407817,0.0,0.005279722946413148,41.664672051944365,4.690269810064637,0.009714722322426058,0.0,0.0,0.0,0.11205183668180983,0.014595151945102669,0.0,9.51191614604886e-06,0.05156833813819547,0.0,0.0,0.0,0.004877694339925289,0.0,0.0,0.0,0.0,0.0,0.00867931891785939,0.0,0.0,0.0,0.0005961364609515105,0.0,0.0,0.0,0.0,0.0,0.0,0.0,0.0,0.0,0.0,0.0,0.0,0.0,0.0,0.002557068724971351,0.0,8.010410819354165,2.990634123818056,0.00722868966812263,0.9767312732800776,0.03855929303017615,0.8469277686984357,0.5910087724265907,0.0,0.0,0.00967652812935188,0.013711176066993997,0.0,0.0,0.0,,,,,,,,,,,,,,,,,,,,,,,,,,,,,,,400.5925702429079,0.0,0.0,0.0,0.0,0.0,0.6224193852933253,0,0,0,0,0,0,0,0,0,0,0,0,1,0,0,0,0,0,0,0,0,0,0,0,0,0,0,0,0,0
synthetic_InsecPerm_14,synthetic_single,"[""InsecPerm""]",0,1,342.1782138240301,0.0,0.0036226266475449112,93.2118282575111,4.687035509596998,0.02344820241778542,0.0,0.0,0.0,0.006539421840609698,0.01091553162848037,0.0,0.0,0.0,0.0,0.0,0.0,0.0,0.0,0.0,0.0,0.0,0.0,0.009056012770296787,0.0,0.0,0.0,0.00021967892658020466,0.0,0.0,0.0,0.0,0.0,0.0,0.0,0.0,0.0,0.0,0.0,0.0,0.0,0.0028319245963638216,0.0010433363453085866,0.0,7.999321560770915,2.995370026558863,0.0,0.9785238383051005,0.0,0.6477666795469241,0.6262534127035828,0.0,0.0,0.010191789188174543,0.0,0.0,0.0,0.0,,,,,,,,,,,,,,,,,,,,,,,,,,,,,,,409.61898904413977,0.0,0.0,0.0,0.002895537646889325,0.02082416506945,0.6262273980690347,0,0,0,0,0,0,0,0,0,0,0,0,1,0,0,0,0,0,0,0,0,0,0,0,0,0,0,0,0,0
synthetic_InsecPerm_15,synthetic_single,"[""InsecPerm""]",0,1,196.95246761047463,0.0,0.003303626888290602,265.8354529055233,4.529649980271604,0.0034707486581627245,0.0,0.0,0.0,0.07817843698974845,0.003224070106737023,0.0,0.0,0.044602247783806434,0.0,0.0,0.0,0.0,0.0,0.0,0.0,0.0,0.0,0.005521267743359666,0.02316089278228768,0.0,0.0,0.0,0.0,0.0,0.0,0.0,0.0,0.0,0.0,0.0,0.0,0.0,0.0,0.0,0.0,0.0,0.0,0.0,7.984800363730153,2.9962554718835572,0.008313927538146948,1.2403554014580522,0.010135354182000265,3.0844290797846385,0.3844352954397,0.0,0.0,0.002261735609651031,0.0,0.0,0.0,0.0,,,,,,,,,,,,,,,,,,,,,,,,,,,,,,,267.4440154557088,0.0,0.0002696955113562474,0.0,0.005770724158581562,0.0,0.3635905405753778,0,0,0,0,0,0,0,0,0,0,0,0,1,0,0,0,0,0,0,0,0,0,0,0,0,0,0,0,0,0
synthetic_IDOR_0,synthetic_single,"[""IDOR""]",0,1,214.8806938673649,0.0,0.03382718402277808,931.7854939713129,4.56717913875031,0.0,0.0,0.0,0.0,0.20781376087213915,0.06520458274516887,0.0,0.007034069169787289,0.24967557557561293,0.0,0.06853314629889314,0.0,0.007313033498557366,0.0,0.0,0.0,0.0,0.0,0.0,0.31842035671906566,0.0,0.0,0.03985893049705002,0.0,0.0,0.0,0.0,0.0,0.0,0.0,0.0,0.0,0.0,0.0,0.0,0.0,0.004982415780473485,0.006716081517544005,0.0,8.188278173937027,3.008811142123321,0.050225586505707506,0.7561763604504127,0.0,1.2920886923748216,0.2499221813313397,0.0,0.0,0.0,0.0,0.0,0.0,0.0,,,,,,,,,,,,,,,,,,,,,,,,,,,,,,,300.08465359113,0.0,0.005348298591032067,0.0,0.06938409976478863,0.10685994525664264,0.9207864545348141,0,0,0,0,0,0,0,0,0,0,0,0,0,1,0,0,0,0,0,0,0,0,0,0,0,0,0,0,0,0
synthetic_IDOR_1,synthetic_single,"[""IDOR""]",0,1,236.0980337660782,0.0,0.02597719956110469,470.896783723995,4.517237231952006,0.09096785476846928,0.0,0.0,0.0,0.15107934843057647,0.0,0.012344339939109333,0.05795091817056992,0.034421104736009046,0.0,0.0020522178707883185,0.0760988150445294,0.0,0.0,0.0,0.0,0.0,0.0,0.047439495809517535,0.18913146186513716,0.0,0.0,0.005832977371704183,0.0,0.0,0.0,0.0,0.0,0.0,0.0,0.0,0.0,0.0,0.0,0.0,0.0,0.0,0.022935074738398592,0.0,8.21696860795227,2.995160074720146,0.017337802090782575,0.8889094492767109,0.1291890269726078,1.9722828285431393,0.66758356388465,0.0,0.0,0.020314070991516917,0.005046378964590096,0.0,0.0,0.0,,,,,,,,,,,,,,,,,,,,,,,,,,,,,,,320.1724664031304,0.0,0.006981480167607906,0.0,0.013418608577767414,0.1731291518922719,1.0626069754784284,0,0,0,0,0,0,0,0,0,0,0,0,0,1,0,0,0,0,0,0,0,0,0,0,0,0,0,0,0,0
synthetic_IDOR_2,synthetic_single,"[""IDOR""]",0,1,216.1864926652318,0.0,0.030898097946589376,1434.2165014193024,4.544409236956444,0.1171125541374625,0.0,0.0,0.0,0.389471279866598,0.04708443368572776,0.008616984799809475,0.03919683849487715,0.273572598108503,0.0,0.0,0.09570255433943756,0.0,0.0,0.0,0.0,0.0,0.0,0.02972206463015835,0.2389026045604459,0.0,0.0,0.011351926931571934,0.0,0.0,0.0,0.0,0.0,0.0,0.0,0.0,0.0,0.0,0.0,0.0,0.0,0.0035937030564837918,0.01618680433366722,0.0,8.117844267582477,2.981065730457975,0.03076007306284429,1.0110425546336657,0.059183492805120926,1.7328352958346165,0.6772432089334608,0.0,0.0,0.00426214426088972,0.00886828614697023,0.0,0.0,0.0,,,,,,,,,,,,,,,,,,,,,,,,,,,,,,,337.1144309987861,0.0,0.01782933077365785,0.0,0.030525796089451225,0.10027743690295537,1.3356042697527934,0,0,0,0,0,0,0,0,0,0,0,0,0,1,0,0,0,0,0,0,0,0,0,0,0,0,0,0,0,0
synthetic_IDOR_3,synthetic_single,"[""IDOR""]",0,1,209.18732305790678,0.0,0.010775895264848456,716.71419202706,4.502666645422703,0.06738850413808485,0.0,0.0,0.0,0.04564467263669984,0.004724339007451648,0.0,0.056281818788762615,0.0,0.0,0.20662185130902383,0.005643594532247484,0.0,0.0,0.0,0.0,0.0,0.0,0.05297564562163752,0.22333315383856278,0.0,0.0,0.004304105268215315,0.0,0.0,0.0,0.0,0.0,0.0,0.0,0.0,0.0,0.0,0.0,0.0,0.0,0.025719118884066406,0.002465473097370101,0.0,8.045257513538655,3.032973084615072,0.0,0.8369393767151865,0.07685060188302167,1.3073004442323237,0.37922477647069314,0.0,0.0,0.013837863854290748,0.0038043598158159168,0.0,0.0,0.0,,,,,,,,,,,,,,,,,,,,,,,,,,,,,,,271.8053805720452,0.0,0.005882392859780657,0.0,0.04817400904833779,0.0868750703434719,1.384061697974892,0,0,0,0,0,0,0,0,0,0,0,0,0,1,0,0,0,0,0,0,0,0,0,0,0,0,0,0,0,0
synthetic_IDOR_4,synthetic_single,"[""IDOR""]",0,1,208.8583871459262,0.0,0.01920695908193147,1803.9253008463718,4.498595578695626,0.1096668226489769,0.0,0.0,0.0,0.0,0.020599732856900817,0.0,0.0,0.11964455172872454,0.0,0.023174588628973498,0.11836546540462006,0.004646472353750684,0.0,0.0,0.0,0.0,0.0,0.010852727968226741,0.17164356278430162,0.0,0.0,0.01713279473108632,0.0,0.0,0.0,0.0,0.0,0.0,0.0,0.0,0.0,0.0,0.0,0.0,0.0,0.0,0.017748389161251328,0.0,8.350064710488812,3.0158719250400865,0.022649583689628126,0.7218341579180261,0.04414809861104388,0.9147724856032063,0.26649875021326874,0.0,0.0,0.019488118997219684,0.029769730425752802,0.0,0.0,0.0,,,,,,,,,,,,,,,,,,,,,,,,,,,,,,,318.13711805732584,0.0,0.010336779331749011,0.0,0.06379685290015176,0.17124583436472526,0.29346945893362597,0,0,0,0,0,0,0,0,0,0,0,0,0,1,0,0,0,0,0,0,0,0,0,0,0,0,0,0,0,0
synthetic_IDOR_5,synthetic_single,"[""IDOR""]",0,1,252.0584670806919,0.0,0.014668239448238602,317.29486314171004,4.512036010974978,0.2199477369350617,0.0,0.0,0.0,0.15686368155397004,0.012098005986800883,0.011729556700636383,0.0561566511971868,0.17997237490213133,0.0,0.10692224303439249,0.012587204370248455,0.010283205388216955,0.0,0.0,0.0,0.0,0.0,0.04440173548493398,0.026086026765883313,0.0,0.0,0.002349814169476872,0.0,0.0,0.0,0.0,0.0,0.0,0.0,0.0,0.0,0.0,0.0,0.0,0.0,0.031486009470630294,0.006857700717817922,0.0,8.28305487998747,3.012415594258222,0.03973649277159563,0.8629743525842237,0.10858605458069265,1.4357497436274302,0.7429519319996662,0.0,0.0,0.0,0.028682249965814456,0.0,0.0,0.0,,,,,,,,,,,,,,,,,,,,,,,,,,,,,,,334.27555813309283,0.0,0.010657094943486451,0.0,0.041914639616455814,0.10681161247407554,0.0,0,0,0,0,0,0,0,0,0,0,0,0,0,1,0,0,0,0,0,0,0,0,0,0,0,0,0,0,0,0
synthetic_IDOR_6,synthetic_single,"[""IDOR""]",0,1,239.2557994160502,0.0,0.01075630005283705,727.0019016412032,4.550617772649478,0.13883856323643562,0.0,0.0,0.0,0.06496250152828315,0.02381371843988335,0.015448459812931827,0.01844607474157263,0.12116033114489966,0.0,0.07826383731356573,0.000752084562469349,0.00984434077838005,0.0,0.0,0.0,0.0,0.0,0.023435009722652455,0.12503373578809904,0.0,0.0,0.0,0.0,0.0,0.0,0.0,0.0,0.0,0.0,0.0,0.0,0.0,0.0,0.0,0.0,0.01668087032363351,0.020406772531860722,0.0,8.127336461302043,3.010169161825651,0.0007075395582120565,0.8058197615817388,0.051618165158823934,2.024629209529839,0.5849097098008305,0.0,0.0,0.05637930233400213,0.0159779221202809,0.0,0.0,0.0,,,,,,,,,,,,,,,,,,,,,,,,,,,,,,,288.95536875616705,0.0,0.0,0.0,0.018401754046006136,0.118473112576003,2.8182914777786054,0,0,0,0,0,0,0,0,0,0,0,0,0,1,0,0,0,0,0,0,0,0,0,0,0,0,0,0,0,0
synthetic_IDOR_7,synthetic_single,"[""IDOR""]",0,1,244.540324387726,0.0,0.019198937848944768,459.45049678436385,4.63423900367142,0.07075341331198383,0.0,0.0,0.0,0.29679940484919887,0.05294421133068321,0.02427287374080092,0.0055248118595651735,0.0,0.0,0.12561223853975959,0.17111436091902024,0.015253246318988382,0.0,0.0,0.0,0.0,0.0,0.0364998767515786,0.2161421913487855,0.0,0.0,0.037644005442821246,0.0,0.0,0.0,0.0,0.0,0.0,0.0,0.0,0.0,0.0,0.0,0.0,0.0,0.00292152963894032,0.003779116939084195,0.0,8.105042732260262,3.0237251193163766,0.06977913664092422,0.7077254307853669,0.029594399544768866,1.1388773658198958,0.13074685050459062,0.0,0.0,0.017362045272842574,0.010516732062165418,0.0,0.0,0.0,,,,,,,,,,,,,,,,,,,,,,,,,,,,,,,275.55037448661324,0.0,0.00023944053884183622,0.0,0.054671088626079056,0.130825250749645,2.3386839923577307,0,0,0,0,0,0,0,0,0,0,0,0,0,1,0,0,0,0,0,0,0,0,0,0,0,0,0,0,0,0
synthetic_IDOR_8,synthetic_single,"[""IDOR""]",0,1,222.83576703734903,0.0,0.022986760490397804,79.14143208761499,4.576182517003728,0.07571977141222092,0.0,0.0,0.0,0.22516411931867303,0.021738191506444397,0.015701128924968555,0.0,0.02552439913309052,0.0,0.05627783809852993,0.10617701235994716,0.0,0.0,0.0,0.0,0.0,0.0,0.03676685210435099,0.2685995187740946,0.0,0.0,0.0017564087123363888,0.0,0.0,0.0,0.0,0.0,0.0,0.0,0.0,0.0,0.0,0.0,0.0,0.0,0.0013594263110744617,0.025693468549787858,0.0,7.916683774500597,3.017280312999983,0.05090536461376301,1.3706205343030955,0.0,1.1001044343445736,0.0,0.0,0.0,0.0,0.004088465001021517,0.0,0.0,0.0,,,,,,,,,,,,,,,,,,,,,,,,,,,,,,,302.8036185518681,0.0,0.002923413612326652,0.0,0.016260362143236326,0.17682737401474086,1.5303652976809086,0,0,0,0,0,0,0,0,0,0,0,0,0,1,0,0,0,0,0,0,0,0,0,0,0,0,0,0,0,0
synthetic_IDOR_9,synthetic_single,"[""IDOR""]",0,1,224.3378410570688,0.0,0.017799248424370754,1196.2978020197497,4.543473370644208,0.0,0.0,0.0,0.0,0.24922230151455893,0.044400101292886185,0.022200228542718786,0.021071619115883816,0.17419946910519557,0.0,0.14535205939353507,0.08783393553894844,0.016578444820011088,0.0,0.0,0.0,0.0,0.0,0.0,0.24173215367648876,0.0,0.0,0.0,0.0,0.0,0.0,0.0,0.0,0.0,0.0,0.0,0.0,0.0,0.0,0.0,0.0,0.018901715903163217,0.03508944249227814,0.0,8.073829155186528,3.0139483844848853,0.03597991020841495,1.048977974294929,0.027219185681386947,2.6425942176403074,0.3013976973865933,0.0,0.0,0.0,0.01962129045501646,0.0,0.0,0.0,,,,,,,,,,,,,,,,,,,,,,,,,,,,,,,297.2322167567723,0.0,0.008994842511033893,0.0,0.017340751307708763,0.0630380100172761,2.140703074480225,0,0,0,0,0,0,0,0,0,0,0,0,0,1,0,0,0,0,0,0,0,0,0,0,0,0,0,0,0,0
synthetic_IDOR_10,synthetic_single,"[""IDOR""]",0,1,209.50892177422145,0.0,0.027492821308487993,173.12502817057606,4.5035442175206,0.0,0.0,0.0,0.0,0.15145982733669744,0.0322954299160204,0.03837342924487823,0.00981741463634402,0.13784912200395383,0.0,0.16944263828661624,0.061890999694965365,0.009747284814844727,0.0,0.0,0.0,0.0,0.0,0.01685166195025526,0.07427429456921113,0.0,0.0,0.0,0.0,0.0,0.0,0.0,0.0,0.0,0.0,0.0,0.0,0.0,0.0,0.0,0.0,0.012251836970235084,0.04760347421581712,0.0,7.949194787760289,3.012299816903981,0.03147960162373168,0.842942504165174,0.0008169372644344711,0.9011491268772657,0.8050694764555386,0.0,0.0,0.010443553514963197,0.015978255679541455,0.0,0.0,0.0,,,,,,,,,,,,,,,,,,,,,,,,,,,,,,,302.45903592017675,0.0,0.00588855277415187,0.0,0.05567994031550401,0.11978228808383759,1.871315173781886,0,0,0,0,0,0,0,0,0,0,0,0,0,1,0,0,0,0,0,0,0,0,0,0,0,0,0,0,0,0
synthetic_IDOR_11,synthetic_single,"[""IDOR""]",0,1,232.60074771048133,0.0,0.01639522825062327,1361.8910602685128,4.494144578664064,0.0769342514948344,0.0,0.0,0.0,0.16713007437189062,0.03269423508951939,0.0076375272349145686,0.016640996865704874,0.09602349269943831,0.0,0.13471382969102674,0.08669809069448012,0.005906405274894587,0.0,0.0,0.0,0.0,0.0,0.057824900776048446,0.14570683783888433,0.0,0.0,0.021282758437016165,0.0,0.0,0.0,0.0,0.0,0.0,0.0,0.0,0.0,0.0,0.0,0.0,0.0,0.0,0.0,0.0,8.294228459353658,3.03813690394752,0.0,0.628149804558159,0.033914779758688174,2.2684619217365762,0.4853671779493943,0.0,0.0,0.031279912387684024,0.03180654701781471,0.0,0.0,0.0,,,,,,,,,,,,,,,,,,,,,,,,,,,,,,,251.81588816121467,0.0,0.0,0.0,0.03603039545053212,0.12242531905461769,2.710053400264203,0,0,0,0,0,0,0,0,0,0,0,0,0,1,0,0,0,0,0,0,0,0,0,0,0,0,0,0,0,0
synthetic_IDOR_12,synthetic_single,"[""IDOR""]",0,1,233.19558503577824,0.0,0.019760903456623274,478.35067004600086,4.550680820824643,0.12145150355804886,0.0,0.0,0.0,0.2506568226982536,0.0,0.026552902852651404,0.0,0.0,0.0,0.214305027980483,0.049655501632000595,0.008327039868243208,0.0,0.0,0.0,0.0,0.0,0.02281607270659459,0.27676382583047243,0.0,0.0,0.007413706703262637,0.0,0.0,0.0,0.0,0.0,0.0,0.0,0.0,0.0,0.0,0.0,0.0,0.0,0.018419771179830725,0.0,0.0,8.124187692644314,3.020902365325356,0.042813584719774464,1.1927740138814469,0.0,2.015845132917451,0.6218655779697762,0.0,0.0,0.020817405758246095,0.03808315400573819,0.0,0.0,0.0,,,,,,,,,,,,,,,,,,,,,,,,,,,,,,,321.00487138084134,0.0,0.018605875382814566,0.0,0.02808637459174115,0.09068952508261126,1.3589688159284956,0,0,0,0,0,0,0,0,0,0,0,0,0,1,0,0,0,0,0,0,0,0,0,0,0,0,0,0,0,0
synthetic_IDOR_13,synthetic_single,"[""IDOR""]",0,1,229.14624901983072,0.0,0.025623564170269612,991.5296095017862,4.520883523820788,0.03232475369727783,0.0,0.0,0.0,0.06985980893324693,0.0,0.0,0.06221040832531051,0.04503236436577694,0.0,0.039881370438716174,0.054095490051183845,0.007534851003273162,0.0,0.0,0.0,0.0,0.0,0.05910603421096983,0.14405707575182586,0.0,0.0,0.014848844663874924,0.0,0.0,0.0,0.0,0.0,0.0,0.0,0.0,0.0,0.0,0.0,0.0,0.0,0.0,0.0016089951812780154,0.0,8.204123395227503,3.020174997604642,0.01276466294761821,0.896144877669823,0.07094400132434289,1.5054557226907486,0.406052935679344,0.0,0.0,0.0,0.007868424075947882,0.0,0.0,0.0,,,,,,,,,,,,,,,,,,,,,,,,,,,,,,,304.6208742083511,0.0,0.0035790911091694794,0.0,0.011858080872290209,0.10634941938240924,1.547974030920377,0,0,0,0,0,0,0,0,0,0,0,0,0,1,0,0,0,0,0,0,0,0,0,0,0,0,0,0,0,0
synthetic_IDOR_14,synthetic_single,"[""IDOR""]",0,1,229.46276899656363,0.0,0.009299168789697547,416.0605851543592,4.4146455521966645,0.04532572858616854,0.0,0.0,0.0,0.19431762920425616,0.03347727734492397,0.0,0.01885402064841468,0.0,0.0,0.08108892159530036,0.0,0.0026995224716757117,0.0,0.0,0.0,0.0,0.0,0.057118251971320304,0.23515121880013654,0.0,0.0,0.014980935961161422,0.0,0.0,0.0,0.0,0.0,0.0,0.0,0.0,0.0,0.0,0.0,0.0,0.0,0.009834005298600818,0.0,0.0,8.182465390318773,3.0274908313553803,0.010878153687522221,1.1312979656748794,0.1526877394902385,2.7062823993975402,0.35822654814797267,0.0,0.0,0.014427086165412998,0.0288746329800514,0.0,0.0,0.0,,,,,,,,,,,,,,,,,,,,,,,,,,,,,,,322.40964350639535,0.0,0.006224785460483421,0.0,0.04799791662037248,0.07914811257325388,0.0,0,0,0,0,0,0,0,0,0,0,0,0,0,1,0,0,0,0,0,0,0,0,0,0,0,0,0,0,0,0
synthetic_IDOR_15,synthetic_single,"[""IDOR""]",0,1,214.92347614506377,0.0,0.005421532876747686,0.0,4.558796312478498,0.0,0.0,0.0,0.0,0.0,0.0,0.0,0.022872495121142717,0.09769138502181618,0.0,0.028208728720392304,0.07318733639251195,0.0,0.0,0.0,0.0,0.0,0.0,0.0008107561486799114,0.13682130599490142,0.0,0.0,0.015296130201492265,0.0,0.0,0.0,0.0,0.0,0.0,0.0,0.0,0.0,0.0,0.0,0.0,0.0,0.01575749020005545,0.022987050201606088,0.0,8.199118115998369,3.06209073040727,0.026776278716940126,0.6900702973550369,0.007414706358852809,1.4304280460554564,0.29842342447472836,0.0,0.0,0.0,0.0,0.0,0.0,0.0,,,,,,,,,,,,,,,,,,,,,,,,,,,,,,,322.57746719254203,0.0,0.0016207170795181887,0.0,0.021144752371672584,0.13924721826674813,0.10265393031265857,0,0,0,0,0,0,0,0,0,0,0,0,0,1,0,0,0,0,0,0,0,0,0,0,0,0,0,0,0,0
synthetic_IDOR_16,synthetic_single,"[""IDOR""]",0,1,245.8342219560382,0.0,0.009679588109186711,595.1922456682578,4.6441019564558585,0.0,0.0,0.0,0.0,0.0017191863694583642,0.04944452768756831,0.0,0.034368101448122565,0.15657836987865198,0.0,0.0,0.0,0.009913432713722872,0.0,0.0,0.0,0.0,0.0,0.0035505111245001594,0.2435429916138588,0.0,0.0,0.0,0.0,0.0,0.0,0.0,0.0,0.0,0.0,0.0,0.0,0.0,0.0,0.0,0.0,0.011921172475167795,0.0013933431918501903,0.0,8.243431363816594,3.017271512713917,0.0559345092357319,1.1824797070868038,0.06998112996268704,2.5113898365274485,0.825680009858984,0.0,0.0,0.0,0.0023423039352559218,0.0,0.0,0.0,,,,,,,,,,,,,,,,,,,,,,,,,,,,,,,334.25653384058495,0.0,0.010384761951468695,0.0,0.03835278861678515,0.1526969293789005,1.8341863395425466,0,0,0,0,0,0,0,0,0,0,0,0,0,1,0,0,0,0,0,0,0,0,0,0,0,0,0,0,0,0
synthetic_IDOR_17,synthetic_single,"[""IDOR""]",0,1,209.32187167771912,0.0,0.026897863091029373,398.9200358652864,4.497343407883326,0.06708949448528977,0.0,0.0,0.0,0.0072482645296571835,0.04283290859832556,0.021556261279725392,0.05496323691738317,0.0,0.0,0.17710844302965775,0.050364151308422755,0.011491183422037955,0.0,0.0,0.0,0.0,0.0,0.1125517948680044,0.1320516563072502,0.0,0.0,0.009350262266196101,0.0,0.0,0.0,0.0,0.0,0.0,0.0,0.0,0.0,0.0,0.0,0.0,0.0,0.007247225989089988,0.04998465220685273,0.0,8.08938347118236,3.023767837183626,0.047883140163481955,0.9152027711579064,0.0065170899158786405,1.664190101436465,0.483141194487247,0.0,0.0,0.021278058895904423,0.04466293453049244,0.0,0.0,0.0,,,,,,,,,,,,,,,,,,,,,,,,,,,,,,,247.63945184183342,0.0,0.008577296764697625,0.0,0.05962514343593377,0.07303777971786823,1.2355941984464176,0,0,0,0,0,0,0,0,0,0,0,0,0,1,0,0,0,0,0,0,0,0,0,0,0,0,0,0,0,0
synthetic_IDOR_18,synthetic_single,"[""IDOR""]",0,1,232.7395644571094,0.0,0.019736973880788204,958.4628688605737,4.583204420555198,0.08593086149433034,0.0,0.0,0.0,0.015773774574742883,0.007878400311825216,0.04931054963923656,0.009767432264307995,0.18534081491318455,0.0,0.080366343656547,0.04392572848651197,0.02573713482399685,0.0,0.0,0.0,0.0,0.0,0.05063053757784282,0.0,0.0,0.0,0.029971952112265922,0.0,0.0,0.0,0.0,0.0,0.0,0.0,0.0,0.0,0.0,0.0,0.0,0.0,0.0,0.01663199070480073,0.0,8.259475630248586,3.0225710296358295,0.044639359026647105,0.9470346981081078,0.0,1.6648084420374043,1.2662612893273228,0.0,0.0,0.014291515174775803,0.0013491717677660588,0.0,0.0,0.0,,,,,,,,,,,,,,,,,,,,,,,,,,,,,,,256.4123577704313,0.0,0.011728216111764937,0.0,0.05281527332696438,0.12801371487405377,1.4978909088317551,0,0,0,0,0,0,0,0,0,0,0,0,0,1,0,0,0,0,0,0,0,0,0,0,0,0,0,0,0,0
synthetic_IDOR_19,synthetic_single,"[""IDOR""]",0,1,217.17485106747824,0.0,0.012039640374930998,137.9970930250114,4.444112645328719,0.26059336460467875,0.0,0.0,0.0,0.06293767784142801,0.022307643317408036,0.01977390550667566,0.012592420109847471,0.0928869283294947,0.0,0.0,0.0,0.021881633320620937,0.0,0.0,0.0,0.0,0.0,0.04368719661210163,0.19215046213425196,0.0,0.0,0.0,0.0,0.0,0.0,0.0,0.0,0.0,0.0,0.0,0.0,0.0,0.0,0.0,0.0,0.010638170632523595,0.007279049942434273,0.0,8.114791963558766,3.0199448624480176,0.02531297826274055,0.6355612329551354,0.0,1.9700123803143017,0.4595479752445422,0.0,0.0,0.0,0.014020091056524051,0.0,0.0,0.0,,,,,,,,,,,,,,,,,,,,,,,,,,,,,,,342.36269274839026,0.0,0.01262009657622748,0.0,0.04063883844315659,0.08557089582835051,1.2163094404810229,0,0,0,0,0,0,0,0,0,0,0,0,0,1,0,0,0,0,0,0,0,0,0,0,0,0,0,0,0,0
synthetic_SessFix_0,synthetic_single,"[""SessFix""]",0,1,239.80424956149804,0.0,0.012826391657336839,561.0139132096539,4.500818294442545,0.10301146334928131,0.0,0.0,0.0,0.0,0.011380567602778393,0.02495714552165315,0.013020215444518679,0.0774769444601079,0.0,0.054707918974273226,0.0,0.0,0.0,0.0,0.0,0.0,0.0,0.00914115384139709,0.2757238315834285,0.0,0.0,0.014376923252000682,0.0,0.0,0.0,0.0,0.0,0.0,0.0,0.0,0.0,0.0,0.0,0.0,0.0,0.028331280958870848,0.026906596154321834,0.0,8.084044667476928,3.015956974904455,0.0,0.9861105086808909,0.0,1.6948492192461,0.7053788676974464,0.0,0.0,0.0023861387340672214,0.0007134593436292653,0.0,0.0,0.0,,,,,,,,,,,,,,,,,,,,,,,,,,,,,,,302.75877709498445,0.0,0.011694432486480472,0.0,0.0033494842266168293,0.1394977401313793,2.502742591209829,0,0,0,0,0,0,0,0,0,0,0,0,0,0,1,0,0,0,0,0,0,0,0,0,0,0,0,0,0,0
synthetic_SessFix_1,synthetic_single,"[""SessFix""]",0,1,228.10382265618014,0.0,0.011923343010047553,580.977351605884,4.512145087526523,0.0,0.0,0.0,0.0,0.0,0.0,0.0009627188827148886,0.06252519836695036,0.063379756552014,0.0,0.06300729635666104,0.06038120839293044,0.04579570549664796,0.0,0.0,0.0,0.0,0.0,0.03295771713078749,0.1722927329122302,0.0,0.0,0.02978113188231412,0.0,0.0,0.0,0.0,0.0,0.0,0.0,0.0,0.0,0.0,0.0,0.0,0.0,0.025054430827149754,0.0,0.0,8.130703327606414,2.990818625699814,0.0,0.9285520163941815,0.0519626471031953,1.978990409388546,0.0892551357020962,0.0,0.0,0.0,0.01526128677814972,0.0,0.0,0.0,,,,,,,,,,,,,,,,,,,,,,,,,,,,,,,288.09572596651583,0.0,0.012089473284530895,0.0,0.008408093872752362,0.11787604817027691,0.4125888328416588,0,0,0,0,0,0,0,0,0,0,0,0,0,0,1,0,0,0,0,0,0,0,0,0,0,0,0,0,0,0
synthetic_SessFix_2,synthetic_single,"[""SessFix""]",0,1,218.6898262447459,0.0,0.019407909275125805,8.661148869168983,4.521120199611654,0.06260017102404024,0.0,0.0,0.0,0.07505211591637038,0.007350195153800573,0.011220033036082194,0.04130827463197065,0.26201260768608126,0.0,0.0,0.06874026685691971,0.03958723450639834,0.0,0.0,0.0,0.0,0.0,0.03567377939197805,0.24004775432742884,0.0,0.0,0.05622381047762332,0.0,0.0,0.0,0.0,0.0,0.0,0.0,0.0,0.0,0.0,0.0,0.0,0.0,0.017476891233493493,0.0,0.0,8.294109412535827,3.0043336945600685,0.02881055913849423,1.0823605363055833,0.08589879457546719,4.254261172651878,0.12364057803622708,0.0,0.0,0.0029382220149295063,0.015810072914512207,0.0,0.0,0.0,,,,,,,,,,,,,,,,,,,,,,,,,,,,,,,223.50656355962255,0.0,0.0,0.0,0.05126614375689231,0.15491140449381224,1.8702164496259877,0,0,0,0,0,0,0,0,0,0,0,0,0,0,1,0,0,0,0,0,0,0,0,0,0,0,0,0,0,0
synthetic_SessFix_3,synthetic_single,"[""SessFix""]",0,1,239.6923356334155,0.0,0.006251497254151438,381.5853285483877,4.499497666222875,0.0,0.0,0.0,0.0,0.1235716878547602,0.014646429196790345,0.007972201835522882,0.021247382667582936,0.0,0.0,0.0,0.0,0.0,0.0,0.0,0.0,0.0,0.0,0.042853987323105934,0.08987975840660938,0.0,0.0,0.018613408191803973,0.0,0.0,0.0,0.0,0.0,0.0,0.0,0.0,0.0,0.0,0.0,0.0,0.0,0.0,0.047619409563757056,0.0,8.116466233747396,2.9779695242294646,0.0,0.7167689421433711,0.012040985647631577,1.581495364904982,0.4703622050844065,0.0,0.0,0.01837301871572474,0.0,0.0,0.0,0.0,,,,,,,,,,,,,,,,,,,,,,,,,,,,,,,326.22277022045597,0.0,0.0,0.0,0.03271859019832448,0.15294070834177498,1.851622196023813,0,0,0,0,0,0,0,0,0,0,0,0,0,0,1,0,0,0,0,0,0,0,0,0,0,0,0,0,0,0
synthetic_SessFix_4,synthetic_single,"[""SessFix""]",0,1,224.69460141979977,0.0,0.009563131545803308,148.70495937422032,4.552557105503159,0.12696802126161155,0.0,0.0,0.0,0.487827361822302,0.0,0.009547669999826546,0.03401758026691401,0.272008489003672,0.0,0.0,0.057146514908544256,0.0,0.0,0.0,0.0,0.0,0.0,0.04453518453913429,0.19784785639078323,0.0,0.0,0.035180891422962705,0.0,0.0,0.0,0.0,0.0,0.0,0.0,0.0,0.0,0.0,0.0,0.0,0.0,0.007485166535050665,0.025458435185436182,0.0,7.983459988406953,3.0221182227313204,0.023761807652323674,1.2043121093402673,0.0,2.530754656852885,0.41035397044373245,0.0,0.0,0.0,0.01941136168990705,0.0,0.0,0.0,,,,,,,,,,,,,,,,,,,,,,,,,,,,,,,311.097209436516,0.0,0.012663711962148999,0.0,0.007790772834281142,0.12033234312075129,2.1821655755878178,0,0,0,0,0,0,0,0,0,0,0,0,0,0,1,0,0,0,0,0,0,0,0,0,0,0,0,0,0,0
synthetic_SessFix_5,synthetic_single,"[""SessFix""]",0,1,211.80420173092378,0.0,0.03607757690373583,777.5032230828822,4.449848438323248,0.0,0.0,0.0,0.0,0.23435670286137444,0.01940511736164987,0.017767874900847604,0.0,0.006631240918191575,0.0,0.0846587058449357,0.0933055499850638,0.0,0.0,0.0,0.0,0.0,0.0,0.0870608406063406,0.0612876939693576,0.0,0.0,0.0004051492834826059,0.0,0.0,0.0,0.0,0.0,0.0,0.0,0.0,0.0,0.0,0.0,0.0,0.0,0.0,0.008742310651196218,0.0,8.064515022190369,3.0158615526702577,0.055646324439483835,1.0574704254206322,0.03596945172629277,1.1186609691703109,1.1611035715592395,0.0,0.0,0.03617106196409593,0.0,0.0,0.0,0.0,,,,,,,,,,,,,,,,,,,,,,,,,,,,,,,285.69470486381556,0.0,0.009749427992912372,0.0,0.016565146152868034,0.09215838449994013,3.3431274981154133,0,0,0,0,0,0,0,0,0,0,0,0,0,0,1,0,0,0,0,0,0,0,0,0,0,0,0,0,0,0
synthetic_SessFix_6,synthetic_single,"[""SessFix""]",0,1,228.33112126574875,0.0,0.023837225500855666,89.84289931104564,4.507218016090554,0.0,0.0,0.0,0.0,0.1611460787206716,0.04299364726722054,0.009667344753020508,0.08401072791306036,0.18823488783372594,0.0,0.03762685714655207,0.0,0.0,0.0,0.0,0.0,0.0,0.0,0.046347804019113974,0.14155303635564034,0.0,0.0,0.0030682051210811512,0.0,0.0,0.0,0.0,0.0,0.0,0.0,0.0,0.0,0.0,0.0,0.0,0.0,0.009438698161274656,0.022147052330880414,0.0,8.147314679575206,3.0110690007628493,0.006775244765637369,0.6142144616471092,0.1398643051888241,1.1658146267695289,0.3418494802961983,0.0,0.0,0.02919442885100556,0.017743313908734203,0.0,0.0,0.0,,,,,,,,,,,,,,,,,,,,,,,,,,,,,,,310.7062589888308,0.0,0.002451620500660121,0.0,0.05431285060398907,0.12087232503513191,1.1659620924116672,0,0,0,0,0,0,0,0,0,0,0,0,0,0,1,0,0,0,0,0,0,0,0,0,0,0,0,0,0,0
synthetic_SessFix_7,synthetic_single,"[""SessFix""]",0,1,220.13969560531058,0.0,0.017612687950648222,101.25921589894898,4.548311906253243,0.07833851625204417,0.0,0.0,0.0,0.0,0.0,0.0172387989320458,0.07046619430941156,0.09252486813836974,0.0,0.0,0.0,0.0,0.0,0.0,0.0,0.0,0.0,0.07373333338562346,0.1480094135992011,0.0,0.0,0.038295801979910254,0.0,0.0,0.0,0.0,0.0,0.0,0.0,0.0,0.0,0.0,0.0,0.0,0.0,0.031220993783837303,0.009120087679984054,0.0,8.240417820452349,3.0281323853007103,0.0,1.0083939567099374,0.0,2.0468125886994906,0.9796310701516238,0.0,0.0,0.0018955926537348386,0.005407891802329902,0.0,0.0,0.0,,,,,,,,,,,,,,,,,,,,,,,,,,,,,,,326.03099897040056,0.0,0.008140362028865051,0.0,0.04777025754237463,0.11325942205911813,0.0,0,0,0,0,0,0,0,0,0,0,0,0,0,0,1,0,0,0,0,0,0,0,0,0,0,0,0,0,0,0
synthetic_SessFix_8,synthetic_single,"[""SessFix""]",0,1,232.78853397403694,0.0,0.028959239323568628,309.25699222617584,4.560674067880592,0.12517014189132536,0.0,0.0,0.0,0.21243292145807752,0.03207707839608776,0.0,0.012916460539881224,0.19275022401493658,0.0,0.0060278267088744175,0.00013970912809644492,0.0307086570382381,0.0,0.0,0.0,0.0,0.0,0.0736744413672473,0.32344768537139057,0.0,0.0,0.05366840652167424,0.0,0.0,0.0,0.0,0.0,0.0,0.0,0.0,0.0,0.0,0.0,0.0,0.0,0.01984596562077039,0.0333468069587291,0.0,8.164449412670594,3.0474466287229465,0.046086888782266314,0.8364862924470132,0.0,2.131343585794593,0.44536013263441304,0.0,0.0,0.049255322029038734,0.01933409941906851,0.0,0.0,0.0,,,,,,,,,,,,,,,,,,,,,,,,,,,,,,,300.7843587303287,0.0,0.015970083651423037,0.0,0.045420563264830835,0.12587520518275208,2.1947197815496304,0,0,0,0,0,0,0,0,0,0,0,0,0,0,1,0,0,0,0,0,0,0,0,0,0,0,0,0,0,0
synthetic_SessFix_9,synthetic_single,"[""SessFix""]",0,1,212.03502057466625,0.0,0.027820673569359664,1121.161430865132,4.442441937401438,0.058723792803374086,0.0,0.0,0.0,0.1167254770918368,0.022178300166084138,0.009928003678221296,0.01652881236775815,0.1459818762637795,0.0,0.0,0.0,0.015574517875694898,0.0,0.0,0.0,0.0,0.0,0.046474954853127894,0.12877180002058988,0.0,0.0,0.04025256183677984,0.0,0.0,0.0,0.0,0.0,0.0,0.0,0.0,0.0,0.0,0.0,0.0,0.0,0.016288373961262155,0.011330761922327386,0.0,8.007815896415128,3.0014332792896288,0.04278527699773866,0.918283603965986,0.03473623725060631,1.7455183031637482,0.8816271378217981,0.0,0.0,0.0,0.0,0.0,0.0,0.0,,,,,,,,,,,,,,,,,,,,,,,,,,,,,,,274.08503286286486,0.0,0.010939480358953266,0.0,0.01945969003970254,0.10857516877046973,1.8361074812081086,0,0,0,0,0,0,0,0,0,0,0,0,0,0,1,0,0,0,0,0,0,0,0,0,0,0,0,0,0,0
synthetic_SessFix_10,synthetic_single,"[""SessFix""]",0,1,240.3919687839124,0.0,0.02691930123216286,795.8454346242038,4.542981477915235,0.06688364451401663,0.0,0.0,0.0,0.23099555852232775,0.04424073849514736,0.021477903246586424,0.005110525962276256,0.07082518945546214,0.0,0.0,0.06650231268733814,0.02644592086181402,0.0,0.0,0.0,0.0,0.0,0.06757844464728016,0.1903264425798377,0.0,0.0,0.008607205521059865,0.0,0.0,0.0,0.0,0.0,0.0,0.0,0.0,0.0,0.0,0.0,0.0,0.0,0.030495414058709973,0.0,0.0,8.063546011834061,3.0158629882305004,0.021213422883587206,1.024987980219605,0.06704352680877315,2.5043762506265947,0.9131414954199817,0.0,0.0,0.004520368109981292,0.042447479389288466,0.0,0.0,0.0,,,,,,,,,,,,,,,,,,,,,,,,,,,,,,,284.69838102552785,0.0,0.0046414841415963436,0.0,0.03798664886239057,0.14896587297983474,1.395578376044572,0,0,0,0,0,0,0,0,0,0,0,0,0,0,1,0,0,0,0,0,0,0,0,0,0,0,0,0,0,0
synthetic_SessFix_11,synthetic_single,"[""SessFix""]",0,1,223.1136199001434,0.0,0.02003301431994736,779.4402929090973,4.479679362542377,0.0,0.0,0.0,0.0,0.10688292978961753,0.0014836918222408749,0.003615489399564022,0.041413917363295,0.08474408519187113,0.0,0.0,0.06540921429212512,0.026840443096709014,0.0,0.0,0.0,0.0,0.0,0.044176458207270695,0.2590441650699569,0.0,0.0,0.01629870381064427,0.0,0.0,0.0,0.0,0.0,0.0,0.0,0.0,0.0,0.0,0.0,0.0,0.0,0.0,0.02038198100489447,0.0,7.967072706605531,3.0423379661594376,0.017271471897779556,1.299476419577539,0.07465949657124527,1.776977960170461,0.6654832008830335,0.0,0.0,0.0,0.002965771865550979,0.0,0.0,0.0,,,,,,,,,,,,,,,,,,,,,,,,,,,,,,,284.1803364910145,0.0,0.0,0.0,0.04742226655391962,0.14040871032310978,0.6236556845965119,0,0,0,0,0,0,0,0,0,0,0,0,0,0,1,0,0,0,0,0,0,0,0,0,0,0,0,0,0,0
synthetic_SessFix_12,synthetic_single,"[""SessFix""]",0,1,190.54726692210252,0.0,0.025753327307412067,511.1225763408905,4.569290710201303,0.04119476888358255,0.0,0.0,0.0,0.22399469144918305,0.04574269501655008,0.054406985470587914,0.08402173467931798,0.1370565584795098,0.0,0.14075892212132013,0.00888254515511213,0.043842306234972414,0.0,0.0,0.0,0.0,0.0,0.016404021440000697,0.20065642070777612,0.0,0.0,0.0056538538029706886,0.0,0.0,0.0,0.0,0.0,0.0,0.0,0.0,0.0,0.0,0.0,0.0,0.0,0.004141312631029417,0.033271253614726735,0.0,7.968523366942211,3.0188598879717166,0.045287585182338205,1.0225609659347872,0.08968385033567422,1.3428683322969914,1.0041704931403863,0.0,0.0,0.028160588292185464,0.0406534916801115,0.0,0.0,0.0,,,,,,,,,,,,,,,,,,,,,,,,,,,,,,,271.6047159635634,0.0,0.0065697631576122255,0.0,0.02024774450619842,0.08628379338666525,2.087197923931778,0,0,0,0,0,0,0,0,0,0,0,0,0,0,1,0,0,0,0,0,0,0,0,0,0,0,0,0,0,0
synthetic_SessFix_13,synthetic_single,"[""SessFix""]",0,1,238.10184583772337,0.0,0.02825273915582612,1402.164535153791,4.615203058023257,0.02417325462735167,0.0,0.0,0.0,0.1433076477198109,0.04283801539954604,0.0,0.02752939686430937,0.11069445443979395,0.0,0.0,0.0,0.0005069535488459002,0.0,0.0,0.0,0.0,0.0,0.06970699625385365,0.06527744130816349,0.0,0.0,0.031015149769020964,0.0,0.0,0.0,0.0,0.0,0.0,0.0,0.0,0.0,0.0,0.0,0.0,0.0,0.014755870569168064,0.04691605221217024,0.0,8.030525286720518,3.0585059639675696,0.051834169123487935,1.141656950842091,0.028776295022545514,2.3319743175359795,0.7394199110530176,0.0,0.0,0.0,0.018495586654275545,0.0,0.0,0.0,,,,,,,,,,,,,,,,,,,,,,,,,,,,,,,318.15881019093564,0.0,0.008916217771210419,0.0,0.04220388381469967,0.11100619945771334,2.7444297671021154,0,0,0,0,0,0,0,0,0,0,0,0,0,0,1,0,0,0,0,0,0,0,0,0,0,0,0,0,0,0
synthetic_SessFix_14,synthetic_single,"[""SessFix""]",0,1,239.77342650945414,0.0,0.016112570730042124,769.1129757439925,4.57942544490888,0.14297147365241294,0.0,0.0,0.0,0.012624860088122872,0.033722739163731336,0.04448088640336427,0.0,0.022479952854349956,0.0,0.0,0.15966221111401105,0.030240297428361006,0.0,0.0,0.0,0.0,0.0,0.0309179520123508,0.182054910907431,0.0,0.0,0.03205136312787848,0.0,0.0,0.0,0.0,0.0,0.0,0.0,0.0,0.0,0.0,0.0,0.0,0.0,0.02877269558098494,0.021671416349533235,0.0,8.137307886327816,3.012831459670781,0.006628193202367346,0.9788269534896951,0.0,0.4061100433878475,0.425320345275213,0.0,0.0,0.0033133869289384468,0.0,0.0,0.0,0.0,,,,,,,,,,,,,,,,,,,,,,,,,,,,,,,300.5642223001631,0.0,0.0,0.0,0.027353407182385617,0.048199618125917346,0.6597688496018441,0,0,0,0,0,0,0,0,0,0,0,0,0,0,1,0,0,0,0,0,0,0,0,0,0,0,0,0,0,0
synthetic_SessFix_15,synthetic_single,"[""SessFix""]",0,1,225.04962310289463,0.0,0.01635792600150523,334.33314280137336,4.4876476218212975,0.16819194680606236,0.0,0.0,0.0,0.21773607883610258,0.03762535803711629,0.004237792493636445,0.0,0.15393876400018658,0.0,0.07921894508265696,0.02360216835849765,0.021987107862233873,0.0,0.0,0.0,0.0,0.0,0.019171478515158536,0.2667449616401164,0.0,0.0,0.015447074930639218,0.0,0.0,0.0,0.0,0.0,0.0,0.0,0.0,0.0,0.0,0.0,0.0,0.0,0.005332329975958915,0.018088853401616114,0.0,8.126574825816927,3.0075139193228724,0.0,0.9763129560887293,0.0,2.3881531970806043,0.7506939892474686,0.0,0.0,0.0,0.005089510439863446,0.0,0.0,0.0,,,,,,,,,,,,,,,,,,,,,,,,,,,,,,,273.1000989048882,0.0,0.004914057205351166,0.0,0.02550750979061953,0.13406497266179299,2.003443549959905,0,0,0,0,0,0,0,0,0,0,0,0,0,0,1,0,0,0,0,0,0,0,0,0,0,0,0,0,0,0
synthetic_SessFix_16,synthetic_single,"[""SessFix""]",0,1,248.65982234556097,0.0,0.023998151408744253,311.374193347851,4.601668600812733,0.022483438403432685,0.0,0.0,0.0,0.13613373321197386,0.0,0.016769608227603653,0.023887069093228838,0.00997017517948183,0.0,0.00894442849368298,0.0,0.004665796757456826,0.0,0.0,0.0,0.0,0.0,0.043451640601045026,0.12412481190119312,0.0,0.0,0.015661195903869045,0.0,0.0,0.0,0.0,0.0,0.0,0.0,0.0,0.0,0.0,0.0,0.0,0.0,0.010140973722392678,0.02693620692069755,0.0,8.250366535138687,2.996560336503041,0.037121725749220354,0.4812533601563011,0.08901150171387952,0.4069036573373159,1.068033701041205,0.0,0.0,0.015115876976437076,0.030944998128181245,0.0,0.0,0.0,,,,,,,,,,,,,,,,,,,,,,,,,,,,,,,314.7542696191474,0.0,0.014688693806886482,0.0,0.04388546476106211,0.12702848932918853,1.1800735815553265,0,0,0,0,0,0,0,0,0,0,0,0,0,0,1,0,0,0,0,0,0,0,0,0,0,0,0,0,0,0
synthetic_SessFix_17,synthetic_single,"[""SessFix""]",0,1,231.8086768103383,0.0,0.02133272550690911,665.006758564903,4.522878085935189,0.021873349786805496,0.0,0.0,0.0,0.06459215335207667,0.03937478398618697,0.0,0.03378819547378596,0.1807511867793511,0.0,0.047878283941721375,0.09810143303363,0.016888183455941435,0.0,0.0,0.0,0.0,0.0,0.043555247823186385,0.14186301109200908,0.0,0.0,0.0,0.0,0.0,0.0,0.0,0.0,0.0,0.0,0.0,0.0,0.0,0.0,0.0,0.0,0.0,0.0,0.0,8.15651426646892,3.038330761836864,0.010155841905951774,0.6701520462427253,0.054907108900227666,1.4217472822861756,0.6665410182658028,0.0,0.0,0.031069257465442743,0.023510480442005613,0.0,0.0,0.0,,,,,,,,,,,,,,,,,,,,,,,,,,,,,,,325.2669852034291,0.0,0.004887891882583048,0.0,0.03207536710879476,0.1079093002962321,1.7805867316377992,0,0,0,0,0,0,0,0,0,0,0,0,0,0,1,0,0,0,0,0,0,0,0,0,0,0,0,0,0,0
synthetic_SessFix_18,synthetic_single,"[""SessFix""]",0,1,235.4915257918333,0.0,0.014789942069179147,589.1752021484326,4.597918524938584,0.1328975814831837,0.0,0.0,0.0,0.3484180603337994,0.026264773240857832,0.016475044203900474,0.0,0.08239387889978977,0.0,0.0,0.058826102538931425,0.01732021423367168,0.0,0.0,0.0,0.0,0.0,0.03740760951300303,0.16721868605087273,0.0,0.0,0.013249065265154947,0.0,0.0,0.0,0.0,0.0,0.0,0.0,0.0,0.0,0.0,0.0,0.0,0.0,0.003114338840690567,0.013153939438824074,0.0,8.076546236150646,3.008881699069753,0.029696023160242845,1.4657752682586227,0.005083757589693684,2.3664948603119664,1.1689855006064307,0.0,0.0,0.01741248244513539,0.0,0.0,0.0,0.0,,,,,,,,,,,,,,,,,,,,,,,,,,,,,,,328.2033473876268,0.0,0.0039514066979866175,0.0,0.019292206345058564,0.17331445197823878,2.2445550268696643,0,0,0,0,0,0,0,0,0,0,0,0,0,0,1,0,0,0,0,0,0,0,0,0,0,0,0,0,0,0
synthetic_SSRF_0,synthetic_single,"[""SSRF""]",0,1,375.42854026968234,0.0,0.008462068429543505,165.27950547030918,4.334494208855122,0.03944471313722917,0.0,0.0,0.0,0.002820407764413417,0.0,0.0,0.0004552386371481724,0.0,0.0,0.003497257621888819,0.0,0.00018966067722930787,0.0,0.0,0.0,0.0,0.0,0.01766344999592516,0.0,0.0,0.0,0.0,0.0,0.0,0.0,0.0,0.0,0.0,0.0,0.0,0.0,0.0,0.0,0.0,0.0,0.006424326144065752,0.0,0.0,7.976767380913218,3.0053643833116332,0.0006706514592733411,0.05386854560553784,0.02156987688619396,0.16055152383063825,0.0,0.0,0.0,0.002472998004323801,0.0060589355668394206,0.0,0.0,0.0,,,,,,,,,,,,,,,,,,,,,,,,,,,,,,,265.0987222371385,0.0,0.0,0.0,0.0,0.0,0.0,0,0,0,0,0,0,0,0,0,0,0,0,0,0,0,1,0,0,0,0,0,0,0,0,0,0,0,0,0,0
synthetic_SSRF_1,synthetic_single,"[""SSRF""]",0,1,311.657065831845,0.0,0.008013454862840875,286.657609425433,4.635743520474862,0.0,0.0,0.0,0.0,0.07270718430330593,0.0012561410927665574,0.004123420642485869,0.0024714973000326524,0.007604608474885145,0.0,0.0566703259396792,0.0,0.0,0.0,0.0,0.0,0.0,0.0,0.0,0.0,0.0,0.0,0.0002121487401333221,0.0,0.0,0.0,0.0,0.0,0.0,0.0,0.0,0.0,0.0,0.0,0.0,0.0,0.002391589824186474,0.0,0.0,8.032126570651926,3.0016788479347913,0.011708659947489274,0.7060731056334922,0.0052039169280670705,0.0,0.8870399878046271,0.0,0.0,0.0,0.00906821864878974,0.0,0.0,0.0,,,,,,,,,,,,,,,,,,,,,,,,,,,,,,,419.6261662807648,0.0,0.001032921214739149,0.0,0.0,0.010424888980509925,0.16505476837955937,0,0,0,0,0,0,0,0,0,0,0,0,0,0,0,1,0,0,0,0,0,0,0,0,0,0,0,0,0,0
synthetic_SSRF_2,synthetic_single,"[""SSRF""]",0,1,205.75820232296607,0.0,0.008273215973853162,229.95417452434256,4.65427507829246,0.018105734704122804,0.0,0.0,0.0,0.02992262122980975,0.01360621002089955,0.0018924051678684806,0.0,0.0,0.0,0.008251667317703427,0.03856750578037104,0.0,0.0,0.0,0.0,0.0,0.0,0.006051883573233737,0.0,0.0,0.0,0.0010277442506190918,0.0,0.0,0.0,0.0,0.0,0.0,0.0,0.0,0.0,0.0,0.0,0.0,0.0,0.001737516033271396,0.0,0.0,8.034771142136568,3.003944048535267,0.0,0.3145435694643338,0.0,0.0,0.13862361718940827,0.0,0.0,0.006402703953412277,0.01049684108541771,0.0,0.0,0.0,,,,,,,,,,,,,,,,,,,,,,,,,,,,,,,487.5411014828478,0.0,0.0006861146279178914,0.0,0.007172702045533451,0.3108228669808883,0.6612437965113285,0,0,0,0,0,0,0,0,0,0,0,0,0,0,0,1,0,0,0,0,0,0,0,0,0,0,0,0,0,0
synthetic_SSRF_3,synthetic_single,"[""SSRF""]",0,1,367.8258672345731,0.0,0.011316477879734528,77.12446897837968,4.329428620616655,0.028275111862435733,0.0,0.0,0.0,0.0,0.0,0.00072602119684734,0.000646381552956196,0.050488779689355584,0.0,0.0,1.3578984981802473e-05,0.004802667161655189,0.0,0.0,0.0,0.0,0.0,0.0,0.0,0.0,0.0,0.0,0.0,0.0,0.0,0.0,0.0,0.0,0.0,0.0,0.0,0.0,0.0,0.0,0.0,0.0035907166424267254,0.001783310398280223,0.0,7.983788710216046,3.00558670011975,0.0037315314065912712,0.0,0.0017102697245099663,0.20179106259256926,0.1159388651225279,0.0,0.0,0.0,0.0,0.0,0.0,0.0,,,,,,,,,,,,,,,,,,,,,,,,,,,,,,,264.42873151389534,0.0,3.733423292864137e-05,0.0,0.006568479774267775,0.0025059537844309464,0.0,0,0,0,0,0,0,0,0,0,0,0,0,0,0,0,1,0,0,0,0,0,0,0,0,0,0,0,0,0,0
synthetic_SSRF_4,synthetic_single,"[""SSRF""]",0,1,199.2395008831378,0.0,0.007067729861522753,126.31062684173544,4.709693045835997,0.0,0.0,0.0,0.0,0.0,0.0,0.008580735993801806,0.0,0.0,0.0,0.006087578018683435,0.0,0.0,0.0,0.0,0.0,0.0,0.0,0.0,0.009025169231750148,0.0,0.0,0.0,0.0,0.0,0.0,0.0,0.0,0.0,0.0,0.0,0.0,0.0,0.0,0.0,0.0,0.0,0.0,0.0,7.970742255678987,3.002430436455154,0.004005875815415741,0.5711596291907375,0.0036550957658529927,0.3597244607166469,0.8113893788968876,0.0,0.0,0.0016139796051467617,0.00017822283010980418,0.0,0.0,0.0,,,,,,,,,,,,,,,,,,,,,,,,,,,,,,,492.7251222492351,0.0,0.0,0.0,0.014953320181379522,0.2066049039690806,0.3067706133483452,0,0,0,0,0,0,0,0,0,0,0,0,0,0,0,1,0,0,0,0,0,0,0,0,0,0,0,0,0,0
synthetic_SSRF_5,synthetic_single,"[""SSRF""]",0,1,200.008136231217,0.0,0.0115504798667775,60.15840833172779,4.543363520905026,0.011666871119230725,0.0,0.0,0.0,0.0,0.0,0.0033591322227427343,0.0,0.007920326743798957,0.0,0.0,0.008922378298352183,0.0015116354171602537,0.0,0.0,0.0,0.0,0.0,0.0,0.0017989112362717192,0.0,0.0,0.0014640425402019674,0.0,0.0,0.0,0.0,0.0,0.0,0.0,0.0,0.0,0.0,0.0,0.0,0.0,0.009324897150948518,0.0025364639434100602,0.0,8.025180069005566,3.0095524236362015,0.0,0.05269484772807787,0.0,0.2973579783491033,0.0,0.0,0.0,0.001960318252377635,0.0031933373329593633,0.0,0.0,0.0,,,,,,,,,,,,,,,,,,,,,,,,,,,,,,,405.02397288574605,0.0,0.0,0.0,0.0,0.29446224796041215,0.6934764047995718,0,0,0,0,0,0,0,0,0,0,0,0,0,0,0,1,0,0,0,0,0,0,0,0,0,0,0,0,0,0
synthetic_SSRF_6,synthetic_single,"[""SSRF""]",0,1,357.3509686930755,0.0,0.009796885147659133,0.0,4.524779541758318,0.0,0.0,0.0,0.0,0.011519533244306114,0.0,0.002729530024873565,0.0,0.0,0.0,0.033316730953792416,0.02207710124966947,0.007005447688351706,0.0,0.0,0.0,0.0,0.0,0.0,0.0019772091832182645,0.0,0.0,0.003785785140979612,0.0,0.0,0.0,0.0,0.0,0.0,0.0,0.0,0.0,0.0,0.0,0.0,0.0,0.00012059209180125169,0.0,0.0,8.024343776076119,3.0012399549173865,0.013925165753395686,0.5848970870171285,0.017352675620295768,0.6135243056227154,0.4841481721529245,0.0,0.0,0.0,6.886469840087698e-05,0.0,0.0,0.0,,,,,,,,,,,,,,,,,,,,,,,,,,,,,,,376.1648031746337,0.0,0.0,0.0,0.0,0.0,0.33679612682442056,0,0,0,0,0,0,0,0,0,0,0,0,0,0,0,1,0,0,0,0,0,0,0,0,0,0,0,0,0,0
synthetic_SSRF_7,synthetic_single,"[""SSRF""]",0,1,322.4285437686076,0.0,0.012811684235629794,84.89345065569252,4.393545036339449,0.025987994802178477,0.0,0.0,0.0,0.0,0.0,0.0,0.0,0.0515259788532673,0.0,0.0,0.019044191913511515,0.00021109013279128035,0.0,0.0,0.0,0.0,0.0,0.021703941607205277,0.0,0.0,0.0,0.007604469571354749,0.0,0.0,0.0,0.0,0.0,0.0,0.0,0.0,0.0,0.0,0.0,0.0,0.0,0.0,0.0024123754244434244,0.0,7.975780098474711,3.004996775637385,0.0,0.0,0.008559177761471512,0.21818327992982856,0.0935159895885724,0.0,0.0,0.0,0.0,0.0,0.0,0.0,,,,,,,,,,,,,,,,,,,,,,,,,,,,,,,248.9130585337603,0.0,0.0,0.0,0.0,0.0,0.27652223844132356,0,0,0,0,0,0,0,0,0,0,0,0,0,0,0,1,0,0,0,0,0,0,0,0,0,0,0,0,0,0
synthetic_SSRF_8,synthetic_single,"[""SSRF""]",0,1,363.50578913046365,0.0,0.012865820052250908,83.25651442884934,4.308615695019593,0.0,0.0,0.0,0.0,0.01756607152271105,0.0,0.0026183692020786114,0.01266107844420936,0.0,0.0,0.031027603757057428,0.03879993917032149,0.0,0.0,0.0,0.0,0.0,0.0,0.0038894907549658847,0.0,0.0,0.0,0.0,0.0,0.0,0.0,0.0,0.0,0.0,0.0,0.0,0.0,0.0,0.0,0.0,0.0,0.007613870038201506,0.0,0.0,7.97633003791207,2.9908871031969766,0.0,0.04189871703503851,0.0,0.0,0.0,0.0,0.0,0.004660691386232716,0.013022233372601739,0.0,0.0,0.0,,,,,,,,,,,,,,,,,,,,,,,,,,,,,,,361.9129002750166,0.0,0.0,0.0,0.0,0.20680485698279608,1.3497014644247525,0,0,0,0,0,0,0,0,0,0,0,0,0,0,0,1,0,0,0,0,0,0,0,0,0,0,0,0,0,0
synthetic_SSRF_9,synthetic_single,"[""SSRF""]",0,1,204.99435793869753,0.0,0.012381239982703577,93.14163932158436,4.759406143393791,0.019949126106091186,0.0,0.0,0.0,0.0,0.006544764169935436,0.006546071447253331,0.0,0.029602280856833255,0.0,0.0,0.0,0.0,0.0,0.0,0.0,0.0,0.0,0.0065303940489416165,0.0,0.0,0.0,0.014638813020090914,0.0,0.0,0.0,0.0,0.0,0.0,0.0,0.0,0.0,0.0,0.0,0.0,0.0,0.0,0.0037969741905497303,0.0,7.994921090035545,2.9913908714080217,0.002571443160123806,0.4951401331344744,0.002443604156784466,0.20376586844568537,0.7931533971567412,0.0,0.0,0.004230180659588436,0.0027276041840773287,0.0,0.0,0.0,,,,,,,,,,,,,,,,,,,,,,,,,,,,,,,490.75329216548636,0.0,0.0,0.0,0.00645765069380888,0.18376244978354317,0.17895461532893953,0,0,0,0,0,0,0,0,0,0,0,0,0,0,0,1,0,0,0,0,0,0,0,0,0,0,0,0,0,0
synthetic_SSRF_10,synthetic_single,"[""SSRF""]",0,1,206.86689716813638,0.0,0.009757956315000373,110.02526276560344,4.54317175116236,0.010418399114935226,0.0,0.0,0.0,0.012256915756886451,0.014202694198878728,0.0020052619452565926,0.012036620257359527,0.02645055635549784,0.0,0.0,0.0,0.005650410276887982,0.0,0.0,0.0,0.0,0.0,0.009876972145270103,0.0,0.0,0.0,0.005368627684162599,0.0,0.0,0.0,0.0,0.0,0.0,0.0,0.0,0.0,0.0,0.0,0.0,0.0,0.006371317933983855,0.0,0.0,7.953529822918464,2.9994581132383424,0.0,0.03956396253284267,0.01697315265132005,0.0,0.09942958262229379,0.0,0.0,0.0,0.0,0.0,0.0,0.0,,,,,,,,,,,,,,,,,,,,,,,,,,,,,,,343.9395973956207,0.0,0.0031949760458804283,0.0,0.0,0.17560988097159907,0.3535524645823729,0,0,0,0,0,0,0,0,0,0,0,0,0,0,0,1,0,0,0,0,0,0,0,0,0,0,0,0,0,0
synthetic_SSRF_11,synthetic_single,"[""SSRF""]",0,1,333.74383738975865,0.0,0.011005892262471497,73.77375001416573,4.393457215932943,0.01995053546830829,0.0,0.0,0.0,0.0,0.0,0.004668318056590434,0.0,0.0,0.0,0.0,0.0,0.0,0.0,0.0,0.0,0.0,0.0,0.0,0.00040557666653722135,0.0,0.0,0.0,0.0,0.0,0.0,0.0,0.0,0.0,0.0,0.0,0.0,0.0,0.0,0.0,0.0,0.0024755173939578017,0.0,0.0,8.074522561049639,3.002271844866123,0.001720612101746876,0.0,0.0,0.0,0.1317701584845412,0.0,0.0,0.00823588584402341,0.008091658207172005,0.0,0.0,0.0,,,,,,,,,,,,,,,,,,,,,,,,,,,,,,,255.43128559847295,0.0,0.0,0.0,0.010449996418130112,0.015376995182364734,0.24546274288958922,0,0,0,0,0,0,0,0,0,0,0,0,0,0,0,1,0,0,0,0,0,0,0,0,0,0,0,0,0,0
synthetic_SSRF_12,synthetic_single,"[""SSRF""]",0,1,202.97692231119342,0.0,0.010599313455726163,16.591992606773488,4.692716868305504,0.03352518227159582,0.0,0.0,0.0,0.0,0.0,0.0,0.0,0.003322606826395426,0.0,0.0,0.00046193218960081223,0.0,0.0,0.0,0.0,0.0,0.0,0.0,0.0,0.0,0.0,0.0,0.0,0.0,0.0,0.0,0.0,0.0,0.0,0.0,0.0,0.0,0.0,0.0,0.0,0.0,0.0,0.0,7.982442269371435,2.9983833029971074,0.0,0.6047486922576548,0.005326110632875237,0.25109953626115994,0.365087745530583,0.0,0.0,0.006415755490079374,0.0,0.0,0.0,0.0,,,,,,,,,,,,,,,,,,,,,,,,,,,,,,,501.5464217328486,0.0,0.0034541009830860005,0.0,0.0,0.20085432572651732,0.44243982654159564,0,0,0,0,0,0,0,0,0,0,0,0,0,0,0,1,0,0,0,0,0,0,0,0,0,0,0,0,0,0
synthetic_SSRF_13,synthetic_single,"[""SSRF""]",0,1,338.7497272941251,0.0,0.010242337353431486,50.78391708484726,4.366478041431648,0.0,0.0,0.0,0.0,0.0,0.009567420294109513,0.0,0.00845428885464478,0.03111501717162719,0.0,0.030088867242325304,0.0,0.0021577587268372784,0.0,0.0,0.0,0.0,0.0,0.0013005437898027954,0.025626000227809732,0.0,0.0,0.0,0.0,0.0,0.0,0.0,0.0,0.0,0.0,0.0,0.0,0.0,0.0,0.0,0.0,0.002078780528192283,0.00348719555977684,0.0,7.98947599932458,3.011339975365462,0.0041439022177238,0.0,0.0,0.0,0.049388766975205715,0.0,0.0,0.0,0.0,0.0,0.0,0.0,,,,,,,,,,,,,,,,,,,,,,,,,,,,,,,387.5953796085465,0.0,0.0,0.0,0.0002721917214738474,0.2577420293384299,0.620290715805087,0,0,0,0,0,0,0,0,0,0,0,0,0,0,0,1,0,0,0,0,0,0,0,0,0,0,0,0,0,0
synthetic_SSRF_14,synthetic_single,"[""SSRF""]",0,1,189.63516255981585,0.0,0.015207764855845329,120.1493667584227,4.708344995396866,0.0,0.0,0.0,0.0,0.038158042114633986,0.0,0.0,0.014482869546703307,0.0,0.0,0.019251571318772778,0.026253101188670178,0.0010425747689911382,0.0,0.0,0.0,0.0,0.0,0.005418139367612279,0.015666188887962125,0.0,0.0,0.0,0.0,0.0,0.0,0.0,0.0,0.0,0.0,0.0,0.0,0.0,0.0,0.0,0.0,0.00535104939360659,0.0,0.0,8.001969959360915,2.99089618864295,0.0,0.4901866222568268,0.0,0.0,0.4234441370241556,0.0,0.0,1.4823246310147624e-05,0.009438860340739848,0.0,0.0,0.0,,,,,,,,,,,,,,,,,,,,,,,,,,,,,,,386.8470786261049,0.0,0.0005156600103283352,0.0,0.005250481995413599,0.000758499636477467,0.0,0,0,0,0,0,0,0,0,0,0,0,0,0,0,0,1,0,0,0,0,0,0,0,0,0,0,0,0,0,0
synthetic_SSRF_15,synthetic_single,"[""SSRF""]",0,1,333.18937653357216,0.0,0.007556675271201971,319.1893881850751,4.40832591771681,0.021065278353730992,0.0,0.0,0.0,0.0351941613260886,0.0,0.0,0.008380692548518387,0.0,0.0,0.0,0.0,0.00440635815035297,0.0,0.0,0.0,0.0,0.0,0.00721530407496677,0.021022846924358185,0.0,0.0,0.0,0.0,0.0,0.0,0.0,0.0,0.0,0.0,0.0,0.0,0.0,0.0,0.0,0.0,0.0,0.015558563989112937,0.0,7.977725809624846,2.9960996984749366,0.006530111157281736,0.05637500800848699,0.013823631089748026,0.0,0.03777503930217509,0.0,0.0,0.0,0.0023784812936369537,0.0,0.0,0.0,,,,,,,,,,,,,,,,,,,,,,,,,,,,,,,274.2492931833883,0.0,0.0012310634526889173,0.0,0.0,0.0012346402726966708,0.08133136403966713,0,0,0,0,0,0,0,0,0,0,0,0,0,0,0,1,0,0,0,0,0,0,0,0,0,0,0,0,0,0
synthetic_SSTI_0,synthetic_single,"[""SSTI""]",0,1,208.05341976015634,0.0,0.008784971250898076,0.0,4.605423123094568,0.019235154613458712,0.0,0.0,0.0,0.0,0.0,0.0,0.0025065036164003867,0.008210031748020463,0.0,0.0,0.0,0.0,0.0,0.0,0.0,0.0,0.0,0.0,0.02052670543258069,0.0,0.0,0.0023337185770409166,0.0,0.0,0.0,0.0,0.0,0.0,0.0,0.0,0.0,0.0,0.0,0.0,0.0,0.0083811473380293,0.0,0.0,7.95330843603482,3.0153682526658145,0.003769768026497039,0.5260388730709811,0.0011833442652418205,0.5972962221679569,0.0,0.0,0.0,0.0,0.0,0.0,0.0,0.0,,,,,,,,,,,,,,,,,,,,,,,,,,,,,,,373.25092248475516,0.0,0.0,0.0,0.0037410473322885504,0.21959444362407127,0.5368285980696823,0,0,0,0,0,0,0,0,0,0,0,0,0,0,0,0,1,0,0,0,0,0,0,0,0,0,0,0,0,0
synthetic_SSTI_1,synthetic_single,"[""SSTI""]",0,1,198.46239910531332,0.0,0.008989547511225195,305.9194488273296,4.574069075877529,0.015291283897236073,0.0,0.0,0.0,0.0499630690036461,0.0,0.0,0.023555704177429606,0.033942385042503416,0.0,0.01941584094086274,0.0,0.0058787642299747206,0.0,0.0,0.0,0.0,0.0,0.013422156527050389,0.015137879751679705,0.0,0.0,0.002197952442077204,0.0,0.0,0.0,0.0,0.0,0.0,0.0,0.0,0.0,0.0,0.0,0.0,0.0,0.0,0.002066131979380222,0.0,8.020395990981454,2.9995908944106557,0.006188964375936346,0.6410467851438632,0.0,0.47876263140296293,0.0,0.0,0.0,0.007827879324681356,0.0011965276127884946,0.0,0.0,0.0,,,,,,,,,,,,,,,,,,,,,,,,,,,,,,,353.04412523102116,0.0,0.003150676099537341,0.0,0.003099119706071976,0.2238966337054252,0.31320582992088597,0,0,0,0,0,0,0,0,0,0,0,0,0,0,0,0,1,0,0,0,0,0,0,0,0,0,0,0,0,0
synthetic_SSTI_2,synthetic_single,"[""SSTI""]",0,1,197.11747734915926,0.0,0.013837923164554932,27.131877889918613,4.620596194891792,0.0,0.0,0.0,0.0,0.0,0.0064603620797950515,0.00832282595990712,0.0,0.006243571539762024,0.0,0.0024802125931789026,0.0,0.0,0.0,0.0,0.0,0.0,0.0,0.0,0.007524416704591427,0.0,0.0,0.0,0.0,0.0,0.0,0.0,0.0,0.0,0.0,0.0,0.0,0.0,0.0,0.0,0.0,0.0,0.0,0.0,8.013207654124418,3.004011280548381,0.01681697364489768,0.31788263440724357,0.0,0.3234071055920262,0.02983490931221947,0.0,0.0,0.0,0.0,0.0,0.0,0.0,,,,,,,,,,,,,,,,,,,,,,,,,,,,,,,424.96676335952554,0.0,0.0,0.0,0.0001540908329767652,0.3009795862873301,1.2552785933446295,0,0,0,0,0,0,0,0,0,0,0,0,0,0,0,0,1,0,0,0,0,0,0,0,0,0,0,0,0,0
synthetic_SSTI_3,synthetic_single,"[""SSTI""]",0,1,195.72642200231383,0.0,0.011203545168811044,15.437606513380494,4.342147138801943,0.0,0.0,0.0,0.0,0.015654390196569806,0.008896900629469807,0.00027824242506384816,0.0,0.0,0.0,0.008136835150645024,0.01575896307187171,9.534785880126595e-05,0.0,0.0,0.0,0.0,0.0,0.0,0.030528904772546286,0.0,0.0,0.0,0.0,0.0,0.0,0.0,0.0,0.0,0.0,0.0,0.0,0.0,0.0,0.0,0.0,0.004805323581677522,0.0,0.0,8.000187784869064,2.996736006720602,0.012617418214665893,0.4374163347041491,0.0004637731528519251,0.6284382386355944,0.08335439316547644,0.0,0.0,0.0123732724711321,0.010404807463129565,0.0,0.0,0.0,,,,,,,,,,,,,,,,,,,,,,,,,,,,,,,265.9141940747852,0.0,0.0,0.0,0.0,0.0,0.3528069552720571,0,0,0,0,0,0,0,0,0,0,0,0,0,0,0,0,1,0,0,0,0,0,0,0,0,0,0,0,0,0
synthetic_SSTI_4,synthetic_single,"[""SSTI""]",0,1,199.44527667355894,0.0,0.013339101364447265,331.7710263387891,4.555328139305428,0.0,0.0,0.0,0.0,0.004950390336003605,0.0,0.0,0.0,0.027150175667873887,0.0,0.008815946496341532,0.02317032588400172,0.011494654554409,0.0,0.0,0.0,0.0,0.0,0.003051421138850709,0.00840917002246973,0.0,0.0,0.0,0.0,0.0,0.0,0.0,0.0,0.0,0.0,0.0,0.0,0.0,0.0,0.0,0.0,0.01271388648224857,0.0004598035440319098,0.0,8.03659867066057,3.0064886240429516,0.012775892073122548,0.4247240536686844,0.0021167767719436556,0.8048782580918179,0.0,0.0,0.0,0.0,0.011671866848166774,0.0,0.0,0.0,,,,,,,,,,,,,,,,,,,,,,,,,,,,,,,366.60815763052915,0.0,0.0,0.0,0.010715263637143825,0.23811222727536993,0.9651663030930862,0,0,0,0,0,0,0,0,0,0,0,0,0,0,0,0,1,0,0,0,0,0,0,0,0,0,0,0,0,0
synthetic_SSTI_5,synthetic_single,"[""SSTI""]",0,1,201.991485759729,0.0,0.009859232438822777,367.8361352847569,4.57676955889241,0.0,0.0,0.0,0.0,0.0036940683042579864,0.0,0.0017205977981801272,0.0,0.0,0.0,0.027591990925639402,0.006058767285214013,0.005736764207689842,0.0,0.0,0.0,0.0,0.0,0.0,0.0027486443443765825,0.0,0.0,0.005741990919401949,0.0,0.0,0.0,0.0,0.0,0.0,0.0,0.0,0.0,0.0,0.0,0.0,0.0,0.0,0.005303215144205714,0.0,8.024789199638834,2.999761723970126,0.0,0.49324534152781047,0.0,0.475558351442241,0.0,0.0,0.0,0.0,0.0,0.0,0.0,0.0,,,,,,,,,,,,,,,,,,,,,,,,,,,,,,,415.9140974043839,0.0,0.00023813744802376002,0.0,0.0,0.28778382367292626,1.184830036560292,0,0,0,0,0,0,0,0,0,0,0,0,0,0,0,0,1,0,0,0,0,0,0,0,0,0,0,0,0,0
synthetic_SSTI_6,synthetic_single,"[""SSTI""]",0,1,204.5812147124093,0.0,0.008219562012528527,0.0,4.230888894374658,0.0,0.0,0.0,0.0,0.006471566534718613,0.0,0.0,0.01806276539458458,0.0033156373938148455,0.0,0.010946379298518655,0.005036308911766793,0.0,0.0,0.0,0.0,0.0,0.0,0.0,0.0024237987767379387,0.0,0.0,0.0,0.0,0.0,0.0,0.0,0.0,0.0,0.0,0.0,0.0,0.0,0.0,0.0,0.0,0.0,0.0,0.0,7.964015251541632,3.01107844189022,0.0,0.0,0.0,0.08529477893865214,0.01687362599259304,0.0,0.0,0.0,0.0,0.0,0.0,0.0,,,,,,,,,,,,,,,,,,,,,,,,,,,,,,,324.2783478127236,0.0,0.002859327523740357,0.0,0.0,0.14450571652487512,0.6039577115114987,0,0,0,0,0,0,0,0,0,0,0,0,0,0,0,0,1,0,0,0,0,0,0,0,0,0,0,0,0,0
synthetic_SSTI_7,synthetic_single,"[""SSTI""]",0,1,200.6343559381957,0.0,0.007509137128635701,61.4590263306916,4.2870421079636065,0.0,0.0,0.0,0.0,0.0,0.005446717395580512,0.009123840369825558,0.0,0.026291782026518388,0.0,0.03246270738565355,0.0,0.0012371584546376348,0.0,0.0,0.0,0.0,0.0,0.021877962175063992,0.03353475383387262,0.0,0.0,0.0007660679139703774,0.0,0.0,0.0,0.0,0.0,0.0,0.0,0.0,0.0,0.0,0.0,0.0,0.0,0.003248971768816476,0.006854628540600045,0.0,8.023881110656667,2.994936442072004,0.007445633873118609,0.0006335495495516704,0.0,0.11216344088070888,0.18886989977613255,0.0,0.0,0.0,0.0,0.0,0.0,0.0,,,,,,,,,,,,,,,,,,,,,,,,,,,,,,,357.93640381661777,0.0,0.003849946740275344,0.0,0.0011014992305530497,0.1598959232521324,0.39205278873194727,0,0,0,0,0,0,0,0,0,0,0,0,0,0,0,0,1,0,0,0,0,0,0,0,0,0,0,0,0,0
synthetic_SSTI_8,synthetic_single,"[""SSTI""]",0,1,199.43152638695364,0.0,0.011605165954650106,0.0,4.556232957233588,0.0,0.0,0.0,0.0,0.02898892650850178,0.007937733087907654,0.007639767207876027,0.0,0.0,0.0,0.023348271677466375,0.0,0.0017727813462685852,0.0,0.0,0.0,0.0,0.0,0.017603586841193602,0.004583985324751977,0.0,0.0,0.0,0.0,0.0,0.0,0.0,0.0,0.0,0.0,0.0,0.0,0.0,0.0,0.0,0.0,0.0,0.0034602546481350047,0.0,7.937938743755185,2.9861827883243013,0.0,0.6097967016132826,0.027536620413769766,0.396632136268787,0.05861818946073229,0.0,0.0,0.0,0.0,0.0,0.0,0.0,,,,,,,,,,,,,,,,,,,,,,,,,,,,,,,357.20318712703863,0.0,0.0,0.0,0.0,0.196494918424402,0.30317288433002465,0,0,0,0,0,0,0,0,0,0,0,0,0,0,0,0,1,0,0,0,0,0,0,0,0,0,0,0,0,0
synthetic_SSTI_9,synthetic_single,"[""SSTI""]",0,1,206.48637590753378,0.0,0.011091382750959613,98.38733455496202,4.58507231048701,0.013675991360683535,0.0,0.0,0.0,0.0,0.004724853831772102,0.006625799400165082,0.0114550048067417,0.0,0.0,0.05213751531271146,0.012115545647080806,0.0021784854110565273,0.0,0.0,0.0,0.0,0.0,0.016622948314778247,0.005171698193466108,0.0,0.0,0.0,0.0,0.0,0.0,0.0,0.0,0.0,0.0,0.0,0.0,0.0,0.0,0.0,0.0,0.003068330748769935,0.0004972102798181374,0.0,7.937887425656685,3.000670646109341,0.0040438654003893005,0.6082767070755752,0.019885294377671708,0.9384606149518657,0.0,0.0,0.0,0.0038408747817305277,0.0,0.0,0.0,0.0,,,,,,,,,,,,,,,,,,,,,,,,,,,,,,,369.05149658578154,0.0,0.0005716263755602876,0.0,0.0,0.219191458764868,0.6009166599448713,0,0,0,0,0,0,0,0,0,0,0,0,0,0,0,0,1,0,0,0,0,0,0,0,0,0,0,0,0,0
synthetic_SSTI_10,synthetic_single,"[""SSTI""]",0,1,204.41720539982512,0.0,0.009501976828070255,0.0,4.319797258071074,0.0,0.0,0.0,0.0,0.0,0.0024063240260980786,0.0,0.01006946163826555,0.040256986871102914,0.0,0.014423098406786811,0.009755133373351635,0.007952293094417471,0.0,0.0,0.0,0.0,0.0,0.0,0.0008392860684437912,0.0,0.0,0.0,0.0,0.0,0.0,0.0,0.0,0.0,0.0,0.0,0.0,0.0,0.0,0.0,0.0,0.0052165343522482845,0.000949995329216432,0.0,8.020264392352408,2.995591342311158,0.00746167723467652,0.4728570513818695,0.0,0.43407301337468784,0.0,0.0,0.0,0.0,0.007937733207989857,0.0,0.0,0.0,,,,,,,,,,,,,,,,,,,,,,,,,,,,,,,264.0305969072507,0.0,0.0,0.0,0.00854764247114706,0.0,0.096431130419968,0,0,0,0,0,0,0,0,0,0,0,0,0,0,0,0,1,0,0,0,0,0,0,0,0,0,0,0,0,0
synthetic_SSTI_11,synthetic_single,"[""SSTI""]",0,1,197.80809972411393,0.0,0.011238000199467014,167.2797010569683,4.590062620969914,0.0,0.0,0.0,0.0,0.027562654428544216,0.0012387741225559344,0.005134623534677223,0.0,0.0,0.0,0.03469768718036894,0.004942686252748235,0.0,0.0,0.0,0.0,0.0,0.0,0.002191880810886307,0.0,0.0,0.0,0.0,0.0,0.0,0.0,0.0,0.0,0.0,0.0,0.0,0.0,0.0,0.0,0.0,0.0,0.0,0.0020944872814288333,0.0,7.970511078773755,2.9999338133787568,0.0,0.48470615636674336,0.005514132026130315,0.5132087242704705,0.0,0.0,0.0,0.003485810817016881,0.0,0.0,0.0,0.0,,,,,,,,,,,,,,,,,,,,,,,,,,,,,,,368.14489249039434,0.0,0.004450334964779854,0.0,0.006565556304971628,0.23065306287187123,0.5804966785835697,0,0,0,0,0,0,0,0,0,0,0,0,0,0,0,0,1,0,0,0,0,0,0,0,0,0,0,0,0,0
synthetic_SSTI_12,synthetic_single,"[""SSTI""]",0,1,199.4559413481823,0.0,0.012875867807069475,20.565892909439583,4.433642244707514,0.0,0.0,0.0,0.0,0.007919184774720183,0.0,0.0006146560685885157,0.0052987525010274004,0.0,0.0,0.0,0.0,0.0,0.0,0.0,0.0,0.0,0.0,0.0,0.0,0.0,0.0,0.003423320032294866,0.0,0.0,0.0,0.0,0.0,0.0,0.0,0.0,0.0,0.0,0.0,0.0,0.0,0.0067743256781720475,0.0,0.0,7.989622470506603,2.9992786354883076,0.0,0.10764954706301899,0.0,0.0,0.20010320089338712,0.0,0.0,0.0,0.0034939307954746437,0.0,0.0,0.0,,,,,,,,,,,,,,,,,,,,,,,,,,,,,,,411.14341109531443,0.0,0.0,0.0,0.0,0.30393259150853097,1.1632330022956043,0,0,0,0,0,0,0,0,0,0,0,0,0,0,0,0,1,0,0,0,0,0,0,0,0,0,0,0,0,0
synthetic_SSTI_13,synthetic_single,"[""SSTI""]",0,1,205.83506703271746,0.0,0.007584834993765022,203.56007541394035,4.261104976004727,0.025170005093912016,0.0,0.0,0.0,0.03292427483394453,0.015183743132830949,0.0,0.0,0.0,0.0,0.026668623280054333,0.05456803148238584,0.0,0.0,0.0,0.0,0.0,0.0,0.0026098442150541278,0.0,0.0,0.0,0.001538760581179968,0.0,0.0,0.0,0.0,0.0,0.0,0.0,0.0,0.0,0.0,0.0,0.0,0.0,0.0,0.0014701200752914405,0.0,7.97127355741331,3.0042298043736504,0.0,0.42081498859459054,0.016728764457764493,0.32856464572693495,0.011583328874362664,0.0,0.0,0.0007005079107656358,0.0011992135786847748,0.0,0.0,0.0,,,,,,,,,,,,,,,,,,,,,,,,,,,,,,,276.70754072661737,0.0,0.0,0.0,0.0,0.003629368147389483,0.05712512973878897,0,0,0,0,0,0,0,0,0,0,0,0,0,0,0,0,1,0,0,0,0,0,0,0,0,0,0,0,0,0
synthetic_SSTI_14,synthetic_single,"[""SSTI""]",0,1,204.72420177346908,0.0,0.010817797100984877,268.13740261112446,4.606949025860784,3.359776062194591e-05,0.0,0.0,0.0,0.0,0.008709775787290836,0.0,0.0,0.011551893440865544,0.0,0.0,0.023304680235180446,0.0,0.0,0.0,0.0,0.0,0.0,0.004193995364705034,0.010548759209176375,0.0,0.0,0.0,0.0,0.0,0.0,0.0,0.0,0.0,0.0,0.0,0.0,0.0,0.0,0.0,0.0,0.0,0.0,0.0,7.952097787712098,3.009379561935134,0.0,0.4288889108856353,0.0018414313562627874,0.3242772142128253,0.08362995616022809,0.0,0.0,0.0,0.0,0.0,0.0,0.0,,,,,,,,,,,,,,,,,,,,,,,,,,,,,,,341.9200569129888,0.0,0.0,0.0,0.0,0.19265993076911242,0.9603311520440998,0,0,0,0,0,0,0,0,0,0,0,0,0,0,0,0,1,0,0,0,0,0,0,0,0,0,0,0,0,0
synthetic_SSTI_15,synthetic_single,"[""SSTI""]",0,1,198.70186792203944,0.0,0.013352435845908044,107.84045972565904,4.597016472943222,0.0,0.0,0.0,0.0,0.01902978382232167,0.0,0.0022954732164916333,0.01426098496479884,0.0,0.0,0.0,0.0,0.0019413096996514694,0.0,0.0,0.0,0.0,0.0,0.0,0.0,0.0,0.0,0.011290578128666389,0.0,0.0,0.0,0.0,0.0,0.0,0.0,0.0,0.0,0.0,0.0,0.0,0.0,0.0,0.0,0.0,8.022157158571614,2.999870517280339,0.00806902186354495,0.6781236787383995,0.0,0.8281844112995354,0.0,0.0,0.0,0.0,0.0,0.0,0.0,0.0,,,,,,,,,,,,,,,,,,,,,,,,,,,,,,,348.6806773215376,0.0,3.5192803755059834e-05,0.0,0.0,0.14023567755107916,0.43407804698217334,0,0,0,0,0,0,0,0,0,0,0,0,0,0,0,0,1,0,0,0,0,0,0,0,0,0,0,0,0,0
synthetic_SSTI_16,synthetic_single,"[""SSTI""]",0,1,203.73138325312163,0.0,0.010498529901307814,333.5956092177296,4.570722926344989,0.019647103456615227,0.0,0.0,0.0,0.0,0.0,0.0,0.011003648364106038,0.04639986641502391,0.0,0.0,0.04687600557019232,0.004728571417091546,0.0,0.0,0.0,0.0,0.0,0.0,0.0,0.0,0.0,0.0052593953888227865,0.0,0.0,0.0,0.0,0.0,0.0,0.0,0.0,0.0,0.0,0.0,0.0,0.0,0.0,0.003225184795404412,0.0,7.88784025245263,3.004386072421307,0.009472680596427203,0.6858617030189642,0.0028586965106564746,0.7086635093817756,0.0,0.0,0.0,0.003158544970633217,0.007209256596516815,0.0,0.0,0.0,,,,,,,,,,,,,,,,,,,,,,,,,,,,,,,355.82432508428127,0.0,0.0,0.0,0.0,0.22196879997172275,0.5366973285681252,0,0,0,0,0,0,0,0,0,0,0,0,0,0,0,0,1,0,0,0,0,0,0,0,0,0,0,0,0,0
synthetic_Prototype_Pollution_0,synthetic_single,"[""Prototype_Pollution""]",0,1,243.57136740141948,0.0,0.013002001170230112,739.7474410903264,4.484720070394331,0.02799204846246472,0.0,0.0,0.0,0.2359907301073743,0.003851593829917007,0.0,0.0645117950347458,0.11064007946335883,0.0,0.0,0.0314867974299952,0.01666279579558232,0.0,0.0,0.0,0.0,0.0,0.026984580676055324,0.11960838456735198,0.0,0.0,0.011648536968453384,0.0,0.0,0.0,0.0,0.0,0.0,0.0,0.0,0.0,0.0,0.0,0.0,0.0,0.04642353869779601,0.026972786738943308,0.0,8.236752489792407,3.0266910812988623,0.015227204711555012,0.6516901102523796,0.0,1.6746418433345605,0.43956074926505007,0.0,0.0,0.0,0.02467549921321236,0.0,0.0,0.0,,,,,,,,,,,,,,,,,,,,,,,,,,,,,,,340.5933645379527,0.0,0.0,0.0,0.009658004519487128,0.12846903505604057,0.0,0,0,0,0,0,0,0,0,0,0,0,0,0,0,0,0,0,1,0,0,0,0,0,0,0,0,0,0,0,0
synthetic_Prototype_Pollution_1,synthetic_single,"[""Prototype_Pollution""]",0,1,232.4112763242323,0.0,0.0167878007078741,164.829001927307,4.42063192047515,0.17120779348201182,0.0,0.0,0.0,0.12580891098294011,0.04334659774980831,0.015873165152065896,0.0,0.17541430693975196,0.0,0.12758875797299485,0.08466818371415114,0.02992755300754219,0.0,0.0,0.0,0.0,0.0,0.03529403617303221,0.12172592008694526,0.0,0.0,0.0262397305275663,0.0,0.0,0.0,0.0,0.0,0.0,0.0,0.0,0.0,0.0,0.0,0.0,0.0,0.026094423596737783,0.01868685978804368,0.0,7.999259786347979,3.0126472081367766,0.014558310947544952,0.7824342340344208,0.09563727425265474,0.6875088971361332,0.5530637869781478,0.0,0.0,0.05693800613047055,0.007942780646237884,0.0,0.0,0.0,,,,,,,,,,,,,,,,,,,,,,,,,,,,,,,323.3702337943002,0.0,0.013130404335448029,0.0,0.02463683386896711,0.11805172214609966,1.634824754950059,0,0,0,0,0,0,0,0,0,0,0,0,0,0,0,0,0,1,0,0,0,0,0,0,0,0,0,0,0,0
synthetic_Prototype_Pollution_2,synthetic_single,"[""Prototype_Pollution""]",0,1,228.23627380649143,0.0,0.01336986033116367,725.5766575824148,4.518243334080658,0.0,0.0,0.0,0.0,0.12914332193881192,0.04167324965168334,0.008603216589425169,0.019698944533030213,0.10884496919543996,0.0,0.13727662000499688,0.12592160906667615,0.012578127296526036,0.0,0.0,0.0,0.0,0.0,0.029093030404727903,0.08490623311863552,0.0,0.0,0.02102079915306194,0.0,0.0,0.0,0.0,0.0,0.0,0.0,0.0,0.0,0.0,0.0,0.0,0.0,0.0,0.008792864665977316,0.0,8.005890785530744,3.007001074676452,0.02861246816281617,1.044400188202386,0.02582271343455139,1.9966954834173203,0.49614523290721957,0.0,0.0,0.0017083312215209548,0.004754028094321747,0.0,0.0,0.0,,,,,,,,,,,,,,,,,,,,,,,,,,,,,,,310.2394493314478,0.0,0.010221248911811422,0.0,0.03898534066479345,0.1969893308347419,2.585592654404226,0,0,0,0,0,0,0,0,0,0,0,0,0,0,0,0,0,1,0,0,0,0,0,0,0,0,0,0,0,0
synthetic_Prototype_Pollution_3,synthetic_single,"[""Prototype_Pollution""]",0,1,227.12834385299092,0.0,0.021693804567720614,628.6150492051486,4.449255903315814,0.13698854710767927,0.0,0.0,0.0,0.034690335798132785,0.03176714179290326,0.028378349962193385,0.06206948321779404,0.05993957626183287,0.0,0.04899509604757784,0.00399137639177026,0.01979916711463118,0.0,0.0,0.0,0.0,0.0,0.04426112995614715,0.26006777447585094,0.0,0.0,0.03287084895357841,0.0,0.0,0.0,0.0,0.0,0.0,0.0,0.0,0.0,0.0,0.0,0.0,0.0,0.024642105443713563,0.023550372526281095,0.0,7.948941744375166,3.0050923227020045,0.04661109802152655,0.8017051748644222,0.04807620473114097,2.5897577325978958,1.0612975439472008,0.0,0.0,0.02715140047495609,0.009152242758880571,0.0,0.0,0.0,,,,,,,,,,,,,,,,,,,,,,,,,,,,,,,289.90982899679506,0.0,0.004247814381582751,0.0,0.043410372602743365,0.09007417005873669,0.0,0,0,0,0,0,0,0,0,0,0,0,0,0,0,0,0,0,1,0,0,0,0,0,0,0,0,0,0,0,0
synthetic_Prototype_Pollution_4,synthetic_single,"[""Prototype_Pollution""]",0,1,218.10803065122633,0.0,0.018799200517150456,290.8833538433961,4.4906772486720286,0.12012324025806677,0.0,0.0,0.0,0.3523615703967198,0.0,0.03373933535378431,0.022839752224653637,0.17542111550158135,0.0,0.054721107694267766,0.0576537049443215,0.0249081303684635,0.0,0.0,0.0,0.0,0.0,0.03537916676102434,0.08210927740505478,0.0,0.0,0.03326612125832113,0.0,0.0,0.0,0.0,0.0,0.0,0.0,0.0,0.0,0.0,0.0,0.0,0.0,0.011053944532530995,0.0,0.0,8.063227252769673,3.027337883464076,0.031207353053135267,0.8833773787978387,0.0,1.2482979134053283,0.952657437363546,0.0,0.0,0.012827935040091925,0.025334432822268875,0.0,0.0,0.0,,,,,,,,,,,,,,,,,,,,,,,,,,,,,,,294.08680356354256,0.0,0.006998088828248911,0.0,0.03298279667511222,0.16508036120301445,1.3959519500432371,0,0,0,0,0,0,0,0,0,0,0,0,0,0,0,0,0,1,0,0,0,0,0,0,0,0,0,0,0,0
synthetic_Prototype_Pollution_5,synthetic_single,"[""Prototype_Pollution""]",0,1,229.22433807780877,0.0,0.025662224695987643,257.84744863681925,4.483943379975112,0.0,0.0,0.0,0.0,0.2902435248798221,0.013671565300272078,0.0,0.030767481107632742,0.04777885029789833,0.0,0.0542659363436598,0.13307345936682896,0.02187711188790601,0.0,0.0,0.0,0.0,0.0,0.061259644564084476,0.2187449968937114,0.0,0.0,0.0,0.0,0.0,0.0,0.0,0.0,0.0,0.0,0.0,0.0,0.0,0.0,0.0,0.0,0.015567577744763684,0.014867271196962864,0.0,7.977659769639682,3.040284519121784,0.024118157888939035,1.2360467357303007,0.0,1.1056670326471785,0.5423472334116368,0.0,0.0,0.0,0.01975064282096019,0.0,0.0,0.0,,,,,,,,,,,,,,,,,,,,,,,,,,,,,,,273.7866431043387,0.0,0.016266606063506737,0.0,0.03471812380300064,0.10623045719310693,2.24203373796482,0,0,0,0,0,0,0,0,0,0,0,0,0,0,0,0,0,1,0,0,0,0,0,0,0,0,0,0,0,0
synthetic_Prototype_Pollution_6,synthetic_single,"[""Prototype_Pollution""]",0,1,257.0719462945347,0.0,0.005826631662303506,109.43230678927603,4.529238308094744,0.0461168383264562,0.0,0.0,0.0,0.04254581339288395,0.04561847512366488,0.0,0.018531923999844224,0.0,0.0,0.16853324118350058,0.17636729514974714,0.025005943686925984,0.0,0.0,0.0,0.0,0.0,0.06386809635406546,0.12647643860115593,0.0,0.0,0.0,0.0,0.0,0.0,0.0,0.0,0.0,0.0,0.0,0.0,0.0,0.0,0.0,0.0,0.0,0.0,0.0,8.155313846868266,3.0141339546681842,0.05769589613679166,0.9538790248091923,0.0,2.622720823133288,1.2755225788370672,0.0,0.0,0.007998125631821808,0.0,0.0,0.0,0.0,,,,,,,,,,,,,,,,,,,,,,,,,,,,,,,293.52120166157766,0.0,0.013705183876971835,0.0,0.031220549846549817,0.07905964443095306,0.0,0,0,0,0,0,0,0,0,0,0,0,0,0,0,0,0,0,1,0,0,0,0,0,0,0,0,0,0,0,0
synthetic_Prototype_Pollution_7,synthetic_single,"[""Prototype_Pollution""]",0,1,225.4834452304207,0.0,0.03046853254477612,412.9916098856555,4.499749372707419,0.005094944036175074,0.0,0.0,0.0,0.24572950760334986,0.0,0.006143183892168352,0.016665617730827184,0.15444934309535524,0.0,0.08255348398605511,0.0016523775283681652,0.0,0.0,0.0,0.0,0.0,0.0,0.04510494299635249,0.13810445350344897,0.0,0.0,0.012161218059882595,0.0,0.0,0.0,0.0,0.0,0.0,0.0,0.0,0.0,0.0,0.0,0.0,0.0,0.02368209960169517,0.005548278736587518,0.0,8.042950673964683,3.0351652982228177,0.03601823284505851,0.7437746626248575,0.01649636674055294,0.8105482467005061,1.636649084355537,0.0,0.0,0.0,0.0,0.0,0.0,0.0,,,,,,,,,,,,,,,,,,,,,,,,,,,,,,,295.7380066077356,0.0,0.002989835407580031,0.0,0.00485818164547892,0.13398561132246262,0.0,0,0,0,0,0,0,0,0,0,0,0,0,0,0,0,0,0,1,0,0,0,0,0,0,0,0,0,0,0,0
synthetic_Prototype_Pollution_8,synthetic_single,"[""Prototype_Pollution""]",0,1,229.2615524692371,0.0,0.018018091397308242,0.0,4.520446879045102,0.034663470836369,0.0,0.0,0.0,0.06293715796843068,0.00633318622557795,0.0,0.00391872426302076,0.10977938351752735,0.0,0.0,0.0568187305233913,0.034201864493238525,0.0,0.0,0.0,0.0,0.0,0.04080043814335927,0.349516146520257,0.0,0.0,0.0,0.0,0.0,0.0,0.0,0.0,0.0,0.0,0.0,0.0,0.0,0.0,0.0,0.0,0.04179842847133431,0.024334938276326414,0.0,8.181603651155598,3.026544397700068,0.029606263374421935,1.1070383231942496,0.02272580876722442,2.6209440317768364,0.4378310250820918,0.0,0.0,0.0,0.026401180669683735,0.0,0.0,0.0,,,,,,,,,,,,,,,,,,,,,,,,,,,,,,,302.7208646185238,0.0,0.0054015983954717375,0.0,0.011950084298771115,0.10585415547239158,1.156432348547079,0,0,0,0,0,0,0,0,0,0,0,0,0,0,0,0,0,1,0,0,0,0,0,0,0,0,0,0,0,0
synthetic_Prototype_Pollution_9,synthetic_single,"[""Prototype_Pollution""]",0,1,236.36958988512674,0.0,0.01979628197271972,815.4676918434741,4.530571814511457,0.05250377483256952,0.0,0.0,0.0,0.03718921875628184,0.051934737952306756,0.0019385622147827502,0.015911093528372597,0.0,0.0,0.024400328975878776,0.016115051470768756,0.013807862170869285,0.0,0.0,0.0,0.0,0.0,0.051719740230003565,0.19061937312895805,0.0,0.0,0.0,0.0,0.0,0.0,0.0,0.0,0.0,0.0,0.0,0.0,0.0,0.0,0.0,0.0,0.0,0.012859204298713612,0.0,8.158060417944101,3.0302435069135303,0.013754170188914894,1.0261778510763544,0.026878112620476242,3.446780580443791,0.9872797561240182,0.0,0.0,0.05509652969657252,0.009582935379742709,0.0,0.0,0.0,,,,,,,,,,,,,,,,,,,,,,,,,,,,,,,253.77665544626038,0.0,0.0014188487437382137,0.0,0.04519989648522511,0.13759822333255542,1.913572779072952,0,0,0,0,0,0,0,0,0,0,0,0,0,0,0,0,0,1,0,0,0,0,0,0,0,0,0,0,0,0
synthetic_Prototype_Pollution_10,synthetic_single,"[""Prototype_Pollution""]",0,1,229.67288229201364,0.0,0.015413474391167817,1220.2994050254383,4.63687048417341,0.13882142849691395,0.0,0.0,0.0,0.19687380450203829,0.03717322207349836,0.0029813923254155723,0.05050499948831809,0.05840657900679759,0.0,0.0298756376083381,0.0812534510597488,0.039891152450636076,0.0,0.0,0.0,0.0,0.0,0.025446801198577666,0.19462064701184534,0.0,0.0,0.009716506920057922,0.0,0.0,0.0,0.0,0.0,0.0,0.0,0.0,0.0,0.0,0.0,0.0,0.0,0.0033949983505409346,0.0,0.0,8.082891711105164,2.997715277389537,0.0008581865792425154,0.8431195394595336,0.02422386828008243,2.651215872624496,1.2983430887506153,0.0,0.0,0.04239061998536876,0.002596016592418258,0.0,0.0,0.0,,,,,,,,,,,,,,,,,,,,,,,,,,,,,,,342.109417501754,0.0,0.0018165810023476276,0.0,0.02954565807109024,0.06205896859337075,0.47921610862660546,0,0,0,0,0,0,0,0,0,0,0,0,0,0,0,0,0,1,0,0,0,0,0,0,0,0,0,0,0,0
synthetic_Prototype_Pollution_11,synthetic_single,"[""Prototype_Pollution""]",0,1,223.60988718564914,0.0,0.025104315578007692,1004.8589555850767,4.491595197782177,0.0,0.0,0.0,0.0,0.13030497337238026,0.04365358085222157,0.006199843557064253,0.04402513730447874,0.1808108012303003,0.0,0.0,0.033998813024024424,0.03100747602851415,0.0,0.0,0.0,0.0,0.0,0.03905580068679888,0.08937694729113697,0.0,0.0,0.0,0.0,0.0,0.0,0.0,0.0,0.0,0.0,0.0,0.0,0.0,0.0,0.0,0.0,0.011792022897848586,0.02564014367459749,0.0,8.105482586622108,3.029340357719621,0.03798471621515577,0.9929948557629097,0.03234015723768649,0.9293481363299173,0.6583493693702447,0.0,0.0,0.011966018842085134,0.006930574380765792,0.0,0.0,0.0,,,,,,,,,,,,,,,,,,,,,,,,,,,,,,,297.65405862562613,0.0,0.0013586019355568907,0.0,0.023673338200437634,0.18142547615533522,1.4734464346344889,0,0,0,0,0,0,0,0,0,0,0,0,0,0,0,0,0,1,0,0,0,0,0,0,0,0,0,0,0,0
synthetic_Prototype_Pollution_12,synthetic_single,"[""Prototype_Pollution""]",0,1,236.739015045079,0.0,0.014550040902854899,827.3012484306471,4.58483633608884,0.0,0.0,0.0,0.0,0.18405754925949463,0.024251644144361945,0.0,0.08236642186795361,0.18159534350127238,0.0,0.11268859572979584,0.03333361156622562,0.002914976953267725,0.0,0.0,0.0,0.0,0.0,0.0034124083774016434,0.23605498747964748,0.0,0.0,0.0037869550121943096,0.0,0.0,0.0,0.0,0.0,0.0,0.0,0.0,0.0,0.0,0.0,0.0,0.0,0.012845254227349558,0.0020910499245234727,0.0,8.125163856880711,3.015771675134925,0.04002407803991859,1.0425999028651243,0.045033539199098443,2.4044392636270757,1.0015281439866883,0.0,0.0,0.03681577659871125,0.0,0.0,0.0,0.0,,,,,,,,,,,,,,,,,,,,,,,,,,,,,,,306.86912925228836,0.0,0.00760880745209362,0.0,0.02958432511291929,0.12482744402116454,0.8453431052507172,0,0,0,0,0,0,0,0,0,0,0,0,0,0,0,0,0,1,0,0,0,0,0,0,0,0,0,0,0,0
synthetic_Prototype_Pollution_13,synthetic_single,"[""Prototype_Pollution""]",0,1,210.480174069704,0.0,0.020792018191153713,598.1141417273967,4.50548939064399,0.008476802669859715,0.0,0.0,0.0,0.019728830163132927,0.04591445639302197,0.024658288567667393,0.044701130616332435,0.27020569868345556,0.0,0.18847530043929148,0.008046242847846358,0.017517113763646026,0.0,0.0,0.0,0.0,0.0,0.0,0.10754569636638463,0.0,0.0,0.014998183660063821,0.0,0.0,0.0,0.0,0.0,0.0,0.0,0.0,0.0,0.0,0.0,0.0,0.0,0.04096162942539096,0.0,0.0,8.256529418717129,3.0374355763679834,0.018892950951058352,1.38617615827242,0.0,2.545131662203563,0.6586863792172141,0.0,0.0,0.006574727921123085,0.0,0.0,0.0,0.0,,,,,,,,,,,,,,,,,,,,,,,,,,,,,,,287.206071277657,0.0,0.0,0.0,0.04369518993416517,0.07715137764558438,1.378939888914661,0,0,0,0,0,0,0,0,0,0,0,0,0,0,0,0,0,1,0,0,0,0,0,0,0,0,0,0,0,0
synthetic_Prototype_Pollution_14,synthetic_single,"[""Prototype_Pollution""]",0,1,209.72816515028552,0.0,0.01875057657377522,969.2333208474715,4.629916887322761,0.0,0.0,0.0,0.0,0.1740494132438583,0.029162252577534003,0.0,0.05935632730369757,0.06574745706275723,0.0,0.16050166938106544,0.0046362707470943496,0.00020740372752173393,0.0,0.0,0.0,0.0,0.0,0.06448832704790221,0.21615021670380724,0.0,0.0,0.04395116018433627,0.0,0.0,0.0,0.0,0.0,0.0,0.0,0.0,0.0,0.0,0.0,0.0,0.0,0.0,0.0,0.0,8.119873201180258,3.0078281795132105,0.019913209272930867,0.8668946104309619,0.047733174066119974,2.54978788517291,0.2805132463363804,0.0,0.0,0.0,0.001977200571213738,0.0,0.0,0.0,,,,,,,,,,,,,,,,,,,,,,,,,,,,,,,286.22249551216925,0.0,0.005573446057114621,0.0,0.0,0.06385112824005079,2.184526536894608,0,0,0,0,0,0,0,0,0,0,0,0,0,0,0,0,0,1,0,0,0,0,0,0,0,0,0,0,0,0
synthetic_Prototype_Pollution_15,synthetic_single,"[""Prototype_Pollution""]",0,1,219.33968073831497,0.0,0.016786336162295162,830.3739334232437,4.469168627819307,0.07206841337534257,0.0,0.0,0.0,0.08112879159014533,0.021406151881944877,0.0,0.08392673965354035,0.08194884045385395,0.0,0.12776872572878661,0.17119617800377188,0.0,0.0,0.0,0.0,0.0,0.0,0.018244802016772213,0.22831416931946744,0.0,0.0,0.03170336329853841,0.0,0.0,0.0,0.0,0.0,0.0,0.0,0.0,0.0,0.0,0.0,0.0,0.0,0.02159609203326496,0.0299051787928434,0.0,8.03755982550699,3.005569998601843,0.051251606042082926,0.7740299066242051,0.0,1.2998062390403988,0.6539101233756796,0.0,0.0,0.008410312018899762,0.007354839011929275,0.0,0.0,0.0,,,,,,,,,,,,,,,,,,,,,,,,,,,,,,,297.44271937956466,0.0,0.007097996747586638,0.0,0.032045997629993585,0.07983635118332946,3.1665897501250813,0,0,0,0,0,0,0,0,0,0,0,0,0,0,0,0,0,1,0,0,0,0,0,0,0,0,0,0,0,0
synthetic_Prototype_Pollution_16,synthetic_single,"[""Prototype_Pollution""]",0,1,245.91557351420678,0.0,0.021976864931932464,636.9946984943001,4.488357393063667,0.1415291580494606,0.0,0.0,0.0,0.2796333240128799,0.032189566958579885,0.0,0.050422981282375066,0.08585793069207566,0.0,0.1250313870946051,0.06975269424719485,0.009358021476584485,0.0,0.0,0.0,0.0,0.0,0.023468301601531214,0.2765444086035671,0.0,0.0,0.01484584418059924,0.0,0.0,0.0,0.0,0.0,0.0,0.0,0.0,0.0,0.0,0.0,0.0,0.0,0.0024825741757754562,0.01839074015593201,0.0,8.167101963895929,3.0100617706863435,0.006447770575587614,1.2609732294413596,0.0,1.2000458460470114,0.8779494576977296,0.0,0.0,0.022047973190304597,0.00029036975234542767,0.0,0.0,0.0,,,,,,,,,,,,,,,,,,,,,,,,,,,,,,,275.94270146019437,0.0,0.0017553560066010786,0.0,0.027539720437627344,0.1239128906424414,1.2859890322182097,0,0,0,0,0,0,0,0,0,0,0,0,0,0,0,0,0,1,0,0,0,0,0,0,0,0,0,0,0,0
synthetic_Prototype_Pollution_17,synthetic_single,"[""Prototype_Pollution""]",0,1,230.53759473813633,0.0,0.009316611856407196,0.0,4.4868474932701865,0.03362165115648712,0.0,0.0,0.0,0.0,0.03886122102408045,0.009636105286431256,0.0,0.07702853940169087,0.0,0.14306690941703928,0.006879489919105197,0.04274567145325139,0.0,0.0,0.0,0.0,0.0,0.012608803445483752,0.2269187945962852,0.0,0.0,0.010557319856366449,0.0,0.0,0.0,0.0,0.0,0.0,0.0,0.0,0.0,0.0,0.0,0.0,0.0,0.005383687930838937,0.00396525409827078,0.0,8.454442309413938,3.060677974542968,0.05224097844269272,0.8152557637210046,0.07918267521799899,1.2263156933530637,0.5418614276760785,0.0,0.0,0.008434630459452395,0.004573603492696825,0.0,0.0,0.0,,,,,,,,,,,,,,,,,,,,,,,,,,,,,,,320.34358900262885,0.0,0.013130850896986408,0.0,0.02925521889521976,0.09887629360509849,3.237507338080035,0,0,0,0,0,0,0,0,0,0,0,0,0,0,0,0,0,1,0,0,0,0,0,0,0,0,0,0,0,0
synthetic_Prototype_Pollution_18,synthetic_single,"[""Prototype_Pollution""]",0,1,228.21256834092145,0.0,0.02837903611648271,371.2437491865922,4.571784585479573,0.13608120800807283,0.0,0.0,0.0,0.4331858373505105,0.01959282445594235,0.03072911911830506,0.010570029031743693,0.2980115479658108,0.0,0.06030158471957267,0.21420739291181984,0.0,0.0,0.0,0.0,0.0,0.0,0.015973896794038288,0.18903788877453254,0.0,0.0,0.01553983819446402,0.0,0.0,0.0,0.0,0.0,0.0,0.0,0.0,0.0,0.0,0.0,0.0,0.0,0.05284536291293762,0.05021084108090845,0.0,8.059377685995265,2.9970138106890585,0.03643764291296851,1.3215855178034377,0.0036887779907237225,1.902830510569347,0.6817764074759239,0.0,0.0,0.0,0.026368253996708887,0.0,0.0,0.0,,,,,,,,,,,,,,,,,,,,,,,,,,,,,,,294.106468904667,0.0,0.007083932886060908,0.0,0.015082385017889647,0.13743300972847977,0.26277119395527504,0,0,0,0,0,0,0,0,0,0,0,0,0,0,0,0,0,1,0,0,0,0,0,0,0,0,0,0,0,0
synthetic_HTTP_Request_Smuggling_0,synthetic_single,"[""HTTP_Request_Smuggling""]",0,1,241.7846460658267,0.0,0.011947493813334426,1083.3841547862,4.530780725391253,0.0,0.0,0.0,0.0,0.02483251822107764,0.011288988829158984,0.01615948660333083,0.06264213630894941,0.0,0.0,0.14830524586117064,0.13769419068219932,0.0,0.0,0.0,0.0,0.0,0.0,0.025722433122682867,0.1967314741329163,0.0,0.0,0.025494431893550138,0.0,0.0,0.0,0.0,0.0,0.0,0.0,0.0,0.0,0.0,0.0,0.0,0.0,0.0,0.0,0.0,8.131918114529327,2.995903113559112,0.05605109935560487,1.0398537017286928,0.0,1.6010336689965177,1.4168818983613711,0.0,0.0,0.02147551414163764,0.019960577563532,0.0,0.0,0.0,,,,,,,,,,,,,,,,,,,,,,,,,,,,,,,308.9357602466132,0.0,0.008133899264680814,0.0,0.03741796115088502,0.14832829619296523,0.0,0,0,0,0,0,0,0,0,0,0,0,0,0,0,0,0,0,0,1,0,0,0,0,0,0,0,0,0,0,0
synthetic_HTTP_Request_Smuggling_1,synthetic_single,"[""HTTP_Request_Smuggling""]",0,1,214.01112444184986,0.0,0.02168052219887633,113.21302575616085,4.509739851478807,0.0,0.0,0.0,0.0,0.2770729536748934,0.0054775302345777405,0.0,0.00029460299562722794,0.0,0.0,0.0,0.16460610158878491,0.0,0.0,0.0,0.0,0.0,0.0,0.031565714688857674,0.2279857875801046,0.0,0.0,0.014467264247258645,0.0,0.0,0.0,0.0,0.0,0.0,0.0,0.0,0.0,0.0,0.0,0.0,0.0,0.010873940117842634,0.0,0.0,8.216876824058149,3.02718630187796,0.040613991397107904,1.1817156609622539,0.0,0.8894132844108973,0.30363569610429375,0.0,0.0,0.03287490548773816,0.0130449694509604,0.0,0.0,0.0,,,,,,,,,,,,,,,,,,,,,,,,,,,,,,,266.39446080686304,0.0,0.0,0.0,0.021931604855284836,0.1078743489797642,1.9084596859854217,0,0,0,0,0,0,0,0,0,0,0,0,0,0,0,0,0,0,1,0,0,0,0,0,0,0,0,0,0,0
synthetic_HTTP_Request_Smuggling_2,synthetic_single,"[""HTTP_Request_Smuggling""]",0,1,234.8978623990521,0.0,0.01855268093524641,0.0,4.5458886547854425,0.0,0.0,0.0,0.0,0.019900121257944617,0.005987610610997937,0.020199640373264705,0.042241076155704264,0.0,0.0,0.22354006628043097,0.020665107054204705,0.0,0.0,0.0,0.0,0.0,0.0,0.0,0.08593730517085826,0.0,0.0,0.0,0.0,0.0,0.0,0.0,0.0,0.0,0.0,0.0,0.0,0.0,0.0,0.0,0.0,0.017238131467933453,0.011852204110801647,0.0,8.147339817543417,3.008649200568989,0.0,0.9492444570543632,0.03886978673250184,1.855444744834874,0.2548811260594032,0.0,0.0,0.0005057365398761296,0.022153186555965612,0.0,0.0,0.0,,,,,,,,,,,,,,,,,,,,,,,,,,,,,,,318.64489218960057,0.0,0.0,0.0,0.04731147286590878,0.11999228358873575,1.9590730607936115,0,0,0,0,0,0,0,0,0,0,0,0,0,0,0,0,0,0,1,0,0,0,0,0,0,0,0,0,0,0
synthetic_HTTP_Request_Smuggling_3,synthetic_single,"[""HTTP_Request_Smuggling""]",0,1,233.80102842999085,0.0,0.018855873427338164,0.0,4.572577558421473,0.08178442407612777,0.0,0.0,0.0,0.029371194893857866,0.024091150617434002,0.035289133905721276,0.0,0.08214918172070776,0.0,0.07467065054317297,0.1276826060771432,0.0,0.0,0.0,0.0,0.0,0.0,0.03514446891772702,0.08969790692697459,0.0,0.0,0.04776514255100047,0.0,0.0,0.0,0.0,0.0,0.0,0.0,0.0,0.0,0.0,0.0,0.0,0.0,0.012827469066116197,0.015257790069170852,0.0,8.275377529710354,3.0021918451325704,0.029977817118716117,0.946995770176413,0.07551687253200827,3.0582201794082886,0.8573371464718693,0.0,0.0,0.0,0.017762294781285336,0.0,0.0,0.0,,,,,,,,,,,,,,,,,,,,,,,,,,,,,,,339.59071212249245,0.0,0.00508862110729564,0.0,0.046394678700488266,0.11340094036235032,0.8589106701737075,0,0,0,0,0,0,0,0,0,0,0,0,0,0,0,0,0,0,1,0,0,0,0,0,0,0,0,0,0,0
synthetic_HTTP_Request_Smuggling_4,synthetic_single,"[""HTTP_Request_Smuggling""]",0,1,232.07135549753082,0.0,0.02063074306279167,468.93881436144807,4.6679339700463345,0.023077554375656957,0.0,0.0,0.0,0.27960777291081085,0.07340854369050179,0.0,0.04186182420484533,0.06291381934524545,0.0,0.1302622728926102,0.16610139009258135,0.028482590846413997,0.0,0.0,0.0,0.0,0.0,0.07443825631291828,0.16780659747503937,0.0,0.0,0.054700119534414754,0.0,0.0,0.0,0.0,0.0,0.0,0.0,0.0,0.0,0.0,0.0,0.0,0.0,0.0241651331827547,0.006494546833689159,0.0,8.194139926313268,3.054497541336758,0.007523948650317962,0.8273869076321388,0.03364131318601426,2.30242473223531,0.8362830329705373,0.0,0.0,0.049694005975267,0.033146986345895635,0.0,0.0,0.0,,,,,,,,,,,,,,,,,,,,,,,,,,,,,,,312.9705094748758,0.0,0.009248483846813246,0.0,0.051390654451278134,0.1659215045100673,2.5440082709555316,0,0,0,0,0,0,0,0,0,0,0,0,0,0,0,0,0,0,1,0,0,0,0,0,0,0,0,0,0,0
synthetic_HTTP_Request_Smuggling_5,synthetic_single,"[""HTTP_Request_Smuggling""]",0,1,215.76199362961,0.0,0.02859261139212433,527.3728880439154,4.544864485880876,0.09985787362478621,0.0,0.0,0.0,0.11893338275520161,0.012640715998316638,0.028495596530361805,0.04983530486215085,0.13896376542484068,0.0,0.0835350594153229,0.19250876437085226,0.03627139507967902,0.0,0.0,0.0,0.0,0.0,0.057361229943414374,0.18277111768033705,0.0,0.0,0.0,0.0,0.0,0.0,0.0,0.0,0.0,0.0,0.0,0.0,0.0,0.0,0.0,0.0,0.017604348185091406,0.024266232421713333,0.0,8.119378078905692,3.019648053037412,0.016031841009043885,0.9871942751050299,0.024323401159737783,0.26941790292375933,0.44446156819590715,0.0,0.0,0.009275774688944551,0.015040778436131767,0.0,0.0,0.0,,,,,,,,,,,,,,,,,,,,,,,,,,,,,,,296.68027379232916,0.0,0.005846423294295393,0.0,0.054209218213204166,0.1476463579260387,0.0,0,0,0,0,0,0,0,0,0,0,0,0,0,0,0,0,0,0,1,0,0,0,0,0,0,0,0,0,0,0
synthetic_HTTP_Request_Smuggling_6,synthetic_single,"[""HTTP_Request_Smuggling""]",0,1,240.7551900793688,0.0,0.016645361988316683,822.9696067666914,4.5191513818157025,0.028736001484703014,0.0,0.0,0.0,0.15595263205942586,0.0,0.018574337995246583,0.04887394556132575,0.07724107986563095,0.0,0.06507989120134547,0.07440160632918254,0.038975738738789914,0.0,0.0,0.0,0.0,0.0,0.058402265827545416,0.18671986784829442,0.0,0.0,0.0007256915568262922,0.0,0.0,0.0,0.0,0.0,0.0,0.0,0.0,0.0,0.0,0.0,0.0,0.0,0.02739150910187045,0.0031126964254702735,0.0,8.125015574076771,3.0180957058886495,0.031826647489911056,1.1986669814253186,0.0277557432179913,1.5431456931576124,1.0225382375380927,0.0,0.0,0.02532507644447035,0.0,0.0,0.0,0.0,,,,,,,,,,,,,,,,,,,,,,,,,,,,,,,331.84778251616643,0.0,0.006378086041299359,0.0,0.012648142871454562,0.07912338224209983,1.6551856833385452,0,0,0,0,0,0,0,0,0,0,0,0,0,0,0,0,0,0,1,0,0,0,0,0,0,0,0,0,0,0
synthetic_HTTP_Request_Smuggling_7,synthetic_single,"[""HTTP_Request_Smuggling""]",0,1,222.64558459284007,0.0,0.026644160444659195,1129.3017042093084,4.56823367812253,0.0,0.0,0.0,0.0,0.14526989773157398,0.025023713796281235,0.009303187954063884,0.06089584245600761,0.2150862167580322,0.0,0.040904844809229374,0.03618372548764942,0.022252193483281345,0.0,0.0,0.0,0.0,0.0,0.005057890450630376,0.17062637238310352,0.0,0.0,0.011149063375802909,0.0,0.0,0.0,0.0,0.0,0.0,0.0,0.0,0.0,0.0,0.0,0.0,0.0,0.00029067332636104753,0.006584759355094407,0.0,8.007565933065688,3.0259665955654924,0.019965302720367947,0.8879189494634845,0.006590578219619732,1.7355760791928956,0.6843823735425686,0.0,0.0,0.0,0.021310297966849006,0.0,0.0,0.0,,,,,,,,,,,,,,,,,,,,,,,,,,,,,,,291.8819330595975,0.0,0.007921059680244265,0.0,0.026569455305643107,0.15872206534627553,1.9501212594781403,0,0,0,0,0,0,0,0,0,0,0,0,0,0,0,0,0,0,1,0,0,0,0,0,0,0,0,0,0,0
synthetic_HTTP_Request_Smuggling_8,synthetic_single,"[""HTTP_Request_Smuggling""]",0,1,244.62518374717638,0.0,0.03271369210661021,298.19592105221795,4.501214347254082,0.0282462335967742,0.0,0.0,0.0,0.20286651138506978,0.0,0.0355986670869556,0.0,0.07622199487304883,0.0,0.0699375018647995,0.15961621162997897,0.0,0.0,0.0,0.0,0.0,0.0,0.044850264944138886,0.18714425947267596,0.0,0.0,0.0,0.0,0.0,0.0,0.0,0.0,0.0,0.0,0.0,0.0,0.0,0.0,0.0,0.0,0.022561294895139784,0.0,0.0,8.184684050695974,3.0458890606687925,0.06806316083338536,0.6893584952421303,0.07971113190880044,2.295795598482899,1.0671995286867872,0.0,0.0,0.0,0.02064188368654958,0.0,0.0,0.0,,,,,,,,,,,,,,,,,,,,,,,,,,,,,,,314.2550708145326,0.0,0.009958282965444093,0.0,0.0680594989626172,0.12814198545102778,1.9819012610323332,0,0,0,0,0,0,0,0,0,0,0,0,0,0,0,0,0,0,1,0,0,0,0,0,0,0,0,0,0,0
synthetic_HTTP_Request_Smuggling_9,synthetic_single,"[""HTTP_Request_Smuggling""]",0,1,231.8227066785976,0.0,0.026749609979796887,628.597516862807,4.569781732541278,0.007878104439960044,0.0,0.0,0.0,0.09320705448518923,0.03320738207629242,0.038098238352469484,0.04252677361222111,0.20190344272583755,0.0,0.057111320337472,0.07017730846700647,0.005634744909382978,0.0,0.0,0.0,0.0,0.0,0.018719403448825955,0.3427807171573331,0.0,0.0,0.0196723237042799,0.0,0.0,0.0,0.0,0.0,0.0,0.0,0.0,0.0,0.0,0.0,0.0,0.0,0.021490372439714307,0.0,0.0,8.273697897525608,2.9781144492032703,0.07771062121938607,0.718283792855632,0.0,1.7739155239093987,0.4677067584175183,0.0,0.0,0.0,0.02320258932561055,0.0,0.0,0.0,,,,,,,,,,,,,,,,,,,,,,,,,,,,,,,322.8979268011631,0.0,0.0062687796147299565,0.0,0.04895879028199938,0.12190368210452403,3.087576170243361,0,0,0,0,0,0,0,0,0,0,0,0,0,0,0,0,0,0,1,0,0,0,0,0,0,0,0,0,0,0
synthetic_HTTP_Request_Smuggling_10,synthetic_single,"[""HTTP_Request_Smuggling""]",0,1,239.27428990420265,0.0,0.014101053711512213,479.1151122508633,4.572160499835214,0.0,0.0,0.0,0.0,0.04761879852644599,0.020080081350474104,0.019453639663658845,0.050976527965342244,0.22377209510876445,0.0,0.13545079293383336,0.027046380170100182,0.017382954730409975,0.0,0.0,0.0,0.0,0.0,0.09054503044201836,0.1383022508146921,0.0,0.0,0.011960877182075112,0.0,0.0,0.0,0.0,0.0,0.0,0.0,0.0,0.0,0.0,0.0,0.0,0.0,0.0025349038978727378,0.028181677361863,0.0,8.048523617710877,3.0235143192747995,0.0,1.28853310680394,0.11877828110836045,2.1522265654679433,0.4109484136610906,0.0,0.0,0.04132278325192817,0.0,0.0,0.0,0.0,,,,,,,,,,,,,,,,,,,,,,,,,,,,,,,286.3767665014323,0.0,0.010884728577557012,0.0,0.024390624213489136,0.09481070542188229,1.5699465502210035,0,0,0,0,0,0,0,0,0,0,0,0,0,0,0,0,0,0,1,0,0,0,0,0,0,0,0,0,0,0
synthetic_HTTP_Request_Smuggling_11,synthetic_single,"[""HTTP_Request_Smuggling""]",0,1,243.83235017685098,0.0,0.03685568743412579,423.20063993823214,4.520340530582134,0.17815851206865552,0.0,0.0,0.0,0.052412253441649334,0.00948705821609851,0.0,0.0,0.055931594060515885,0.0,0.09855085888730408,0.038039117186717306,0.0,0.0,0.0,0.0,0.0,0.0,0.040413803836421784,0.278416780770039,0.0,0.0,0.012050406652447132,0.0,0.0,0.0,0.0,0.0,0.0,0.0,0.0,0.0,0.0,0.0,0.0,0.0,0.009828685568632818,0.004482393753857649,0.0,8.293442482043657,2.99333741095917,0.004743916635607068,1.0021893404329028,0.02395135638650861,2.7979937779338027,0.34226637878643246,0.0,0.0,0.03467503160326037,0.0,0.0,0.0,0.0,,,,,,,,,,,,,,,,,,,,,,,,,,,,,,,301.56123137774193,0.0,0.010092495339834109,0.0,0.023265853026676005,0.15948533457677666,0.0,0,0,0,0,0,0,0,0,0,0,0,0,0,0,0,0,0,0,1,0,0,0,0,0,0,0,0,0,0,0
synthetic_HTTP_Request_Smuggling_12,synthetic_single,"[""HTTP_Request_Smuggling""]",0,1,228.90366399215168,0.0,0.021849218519771427,297.9082724742586,4.510517469721599,0.196674205474148,0.0,0.0,0.0,0.13973414330075146,0.04471724099108135,0.009800085790590695,0.0,0.0,0.0,0.10073031831738324,0.07804656394475207,0.024572205818345967,0.0,0.0,0.0,0.0,0.0,0.04976273807668004,0.16421246547662655,0.0,0.0,0.0,0.0,0.0,0.0,0.0,0.0,0.0,0.0,0.0,0.0,0.0,0.0,0.0,0.0,0.03315118045432893,0.030565883035369015,0.0,8.217999839016077,3.020447763111343,0.0,0.6388225017167095,0.0,2.3479514141114906,0.46449875692970244,0.0,0.0,0.032103290023937615,0.0,0.0,0.0,0.0,,,,,,,,,,,,,,,,,,,,,,,,,,,,,,,293.71807482559217,0.0,0.0,0.0,0.06408781905258681,0.1513041586946457,0.0,0,0,0,0,0,0,0,0,0,0,0,0,0,0,0,0,0,0,1,0,0,0,0,0,0,0,0,0,0,0
synthetic_HTTP_Request_Smuggling_13,synthetic_single,"[""HTTP_Request_Smuggling""]",0,1,234.48476736701284,0.0,0.013239115882758496,35.34858368640619,4.570216600895399,0.06568720786496798,0.0,0.0,0.0,0.1695062118670092,0.03375515428670818,0.01295986265348365,0.013079722726898503,0.16512519347036794,0.0,0.0879689206528381,0.15729916266505037,0.026232876500469217,0.0,0.0,0.0,0.0,0.0,0.01656759199032485,0.22597031775797405,0.0,0.0,0.02455474056788745,0.0,0.0,0.0,0.0,0.0,0.0,0.0,0.0,0.0,0.0,0.0,0.0,0.0,0.04033872132581151,0.00632457597240067,0.0,8.015436335274869,3.035109573791761,0.0,1.045479699385204,0.07609091189561354,0.0,0.14174350028989618,0.0,0.0,0.006793219209413252,0.0046130887457753005,0.0,0.0,0.0,,,,,,,,,,,,,,,,,,,,,,,,,,,,,,,284.58242249325076,0.0,0.002041440093314084,0.0,0.04398579911078373,0.08634940587571,0.794894734370476,0,0,0,0,0,0,0,0,0,0,0,0,0,0,0,0,0,0,1,0,0,0,0,0,0,0,0,0,0,0
synthetic_HTTP_Request_Smuggling_14,synthetic_single,"[""HTTP_Request_Smuggling""]",0,1,225.19206747108478,0.0,0.015002691740549533,1353.3115486684187,4.554787150442367,0.13098064395164125,0.0,0.0,0.0,0.05516375358289531,0.006800410996969174,0.01036488901934745,0.08152798244331678,0.30856563955391986,0.0,0.04654634642075697,0.1309323746573196,0.03902206794166177,0.0,0.0,0.0,0.0,0.0,0.016347509043001373,0.18255712328447793,0.0,0.0,0.05984571165693624,0.0,0.0,0.0,0.0,0.0,0.0,0.0,0.0,0.0,0.0,0.0,0.0,0.0,0.03013864489386168,0.015794065985843913,0.0,8.179951212898514,2.985374703238832,0.022276093784163696,1.0811059614878875,0.009486162649078683,1.8983435800706012,0.4035973227966503,0.0,0.0,0.03142571566863933,0.03138221065580323,0.0,0.0,0.0,,,,,,,,,,,,,,,,,,,,,,,,,,,,,,,336.04977650449973,0.0,0.01667342868021226,0.0,0.034903729263927694,0.14564538758619755,2.7583784827475797,0,0,0,0,0,0,0,0,0,0,0,0,0,0,0,0,0,0,1,0,0,0,0,0,0,0,0,0,0,0
synthetic_HTTP_Request_Smuggling_15,synthetic_single,"[""HTTP_Request_Smuggling""]",0,1,236.4060205115318,0.0,0.022077411712480767,247.30777679179812,4.428545226774493,0.03963537619319418,0.0,0.0,0.0,0.3404645239196711,0.022580132862517536,0.02162233178446942,0.05250628004736073,0.08554955820499356,0.0,0.16121418518092376,0.0,0.014067957611118105,0.0,0.0,0.0,0.0,0.0,0.03250199070911862,0.2590875646235581,0.0,0.0,0.0,0.0,0.0,0.0,0.0,0.0,0.0,0.0,0.0,0.0,0.0,0.0,0.0,0.0,0.0,0.021834498541694978,0.0,8.187201283983944,3.0371062650313414,0.07055428183255795,0.7652050630777109,0.06295316658389985,1.254175936042296,0.678733219066277,0.0,0.0,0.0020324932990752036,0.0010562235698849762,0.0,0.0,0.0,,,,,,,,,,,,,,,,,,,,,,,,,,,,,,,262.9219119882927,0.0,0.018530876392939016,0.0,0.014123186010849076,0.10136924994878536,0.52109742800797,0,0,0,0,0,0,0,0,0,0,0,0,0,0,0,0,0,0,1,0,0,0,0,0,0,0,0,0,0,0
synthetic_HTTP_Request_Smuggling_16,synthetic_single,"[""HTTP_Request_Smuggling""]",0,1,219.32018126925166,0.0,0.02400947526395835,572.4931909574035,4.600958292060553,0.0,0.0,0.0,0.0,0.3577781675228081,0.015172585962160813,0.03698321529902286,0.050699421296126666,0.17007832854748184,0.0,0.1782639517222063,0.03946277507824654,0.02522905677264756,0.0,0.0,0.0,0.0,0.0,0.013346272606284439,0.31617604546334815,0.0,0.0,0.01707318255847287,0.0,0.0,0.0,0.0,0.0,0.0,0.0,0.0,0.0,0.0,0.0,0.0,0.0,0.032179830027387106,0.0,0.0,7.892492390611295,2.9855562465802197,0.058719011583606345,0.7167121983999998,0.04561567013938101,2.4959648417558364,0.4532372267168619,0.0,0.0,0.040350435952988005,0.03052839704978203,0.0,0.0,0.0,,,,,,,,,,,,,,,,,,,,,,,,,,,,,,,263.65806227935457,0.0,0.0031284215676460935,0.0,0.0,0.17012317720788253,1.2087585125534013,0,0,0,0,0,0,0,0,0,0,0,0,0,0,0,0,0,0,1,0,0,0,0,0,0,0,0,0,0,0
synthetic_HTTP_Request_Smuggling_17,synthetic_single,"[""HTTP_Request_Smuggling""]",0,1,220.9005064441133,0.0,0.016450924286512607,305.07097172248484,4.501821631952347,0.058431196848696965,0.0,0.0,0.0,0.0008248392906859969,0.03289937686914236,0.012326190330594764,0.0,0.1979855435900936,0.0,0.15163095805018215,0.09961537072077756,0.00035119521662894775,0.0,0.0,0.0,0.0,0.0,0.053717929257984236,0.17372565636473014,0.0,0.0,0.0,0.0,0.0,0.0,0.0,0.0,0.0,0.0,0.0,0.0,0.0,0.0,0.0,0.0,0.016596668789186086,0.01893561383858618,0.0,8.033546677802446,2.982012106068797,0.04031151155837989,0.8927764376946231,0.0022952833844876383,3.2405097675578562,0.0,0.0,0.0,0.004313729818984211,0.0,0.0,0.0,0.0,,,,,,,,,,,,,,,,,,,,,,,,,,,,,,,309.0291771956471,0.0,0.00557418347276728,0.0,0.05399235191288577,0.09921077301052342,2.23451203144856,0,0,0,0,0,0,0,0,0,0,0,0,0,0,0,0,0,0,1,0,0,0,0,0,0,0,0,0,0,0
synthetic_HTTP_Request_Smuggling_18,synthetic_single,"[""HTTP_Request_Smuggling""]",0,1,260.0848943563092,0.0,0.03318240339363353,812.9836575763406,4.582653940219448,0.02147367326741472,0.0,0.0,0.0,0.15388700410724995,0.013901894845195056,0.014411305837749678,0.0,0.02456328249474584,0.0,0.06684020162129384,0.14580441741991376,0.0028443805247376375,0.0,0.0,0.0,0.0,0.0,0.010834618087483022,0.18600171889440126,0.0,0.0,0.011146735745051007,0.0,0.0,0.0,0.0,0.0,0.0,0.0,0.0,0.0,0.0,0.0,0.0,0.0,0.019704451644661645,0.004065372511228989,0.0,8.148602381035108,3.0277199690541754,0.046878085781044646,0.6280366719717305,0.04947961019682573,2.253835207024484,0.6774417377733587,0.0,0.0,0.0,0.023541213566080674,0.0,0.0,0.0,,,,,,,,,,,,,,,,,,,,,,,,,,,,,,,278.66347192955357,0.0,0.0,0.0,0.0264786824565045,0.1482766204620587,1.6347249822912777,0,0,0,0,0,0,0,0,0,0,0,0,0,0,0,0,0,0,1,0,0,0,0,0,0,0,0,0,0,0
synthetic_HTTP_Request_Smuggling_19,synthetic_single,"[""HTTP_Request_Smuggling""]",0,1,232.45871976120233,0.0,0.020055874211641355,387.6786267417235,4.52616557195008,0.1210185242814234,0.0,0.0,0.0,0.07947761371453325,0.031124873051200354,0.03370908826412907,0.06716091276985427,0.12074642339272124,0.0,0.0563286640876185,0.012818213389725594,0.021039351576930713,0.0,0.0,0.0,0.0,0.0,0.10004500143986414,0.2585016048171682,0.0,0.0,0.0,0.0,0.0,0.0,0.0,0.0,0.0,0.0,0.0,0.0,0.0,0.0,0.0,0.0,0.0,0.016729951359237334,0.0,8.20314249241603,3.02991519003071,0.05555985805334794,0.7685197945701949,0.0,1.790543798783287,0.829202261228962,0.0,0.0,0.04490055292082063,0.0,0.0,0.0,0.0,,,,,,,,,,,,,,,,,,,,,,,,,,,,,,,313.3448450724261,0.0,0.00446929143387019,0.0,0.026739047239372624,0.08715347032634235,0.8845344672233969,0,0,0,0,0,0,0,0,0,0,0,0,0,0,0,0,0,0,1,0,0,0,0,0,0,0,0,0,0,0
synthetic_XPATH_Injection_0,synthetic_single,"[""XPATH_Injection""]",0,1,236.21051490356126,0.0,0.0283831874209833,614.0210548272627,4.487915038040593,0.0,0.0,0.0,0.0,0.18084275788316106,0.009532866893981667,0.0,0.06278939786474388,0.14743845282112997,0.0,0.0,0.038540189076487055,0.0,0.0,0.0,0.0,0.0,0.0,0.006289331323339989,0.28288644404777435,0.0,0.0,0.010224705771500704,0.0,0.0,0.0,0.0,0.0,0.0,0.0,0.0,0.0,0.0,0.0,0.0,0.0,0.009353172540826777,0.029957877363819635,0.0,8.051176122791706,3.0062675403542447,0.05493066454176803,0.8035839736722602,0.008803364289765494,1.8847717361556542,0.6056763319374358,0.0,0.0,0.005138798570887863,0.03162431004852067,0.0,0.0,0.0,,,,,,,,,,,,,,,,,,,,,,,,,,,,,,,298.47054340921056,0.0,0.014072691125034868,0.0,0.023667891666426497,0.13175430201299457,1.5005828391188727,0,0,0,0,0,0,0,0,0,0,0,0,0,0,0,0,0,0,0,1,0,0,0,0,0,0,0,0,0,0
synthetic_XPATH_Injection_1,synthetic_single,"[""XPATH_Injection""]",0,1,216.34225621320937,0.0,0.018713177051972577,0.0,4.49104585157348,0.0,0.0,0.0,0.0,0.38991205592100897,0.07316992693094,0.0,0.04811861928811599,0.16281088607932803,0.0,0.07322589497648221,0.08099902132279779,0.004931230834607921,0.0,0.0,0.0,0.0,0.0,0.04221856177487174,0.19166141058390251,0.0,0.0,0.0,0.0,0.0,0.0,0.0,0.0,0.0,0.0,0.0,0.0,0.0,0.0,0.0,0.0,0.0,0.027171326605883,0.0,8.058146060653051,3.030996242444448,0.0,1.3623050720542544,0.1379579672644413,2.9972555896381454,0.4426863122755398,0.0,0.0,0.02079289831703046,0.013651429871071916,0.0,0.0,0.0,,,,,,,,,,,,,,,,,,,,,,,,,,,,,,,380.2370398355562,0.0,0.006739253480274481,0.0,0.038609825212145385,0.1017955385091995,1.1837641663867928,0,0,0,0,0,0,0,0,0,0,0,0,0,0,0,0,0,0,0,1,0,0,0,0,0,0,0,0,0,0
synthetic_XPATH_Injection_2,synthetic_single,"[""XPATH_Injection""]",0,1,208.78579281871376,0.0,0.02168365790812132,302.8834261590739,4.548318991440884,0.06715470376254956,0.0,0.0,0.0,0.0,0.0,0.038195341322678905,0.031028503760594753,0.08867924178199052,0.0,0.13772113331455074,0.06321333196951699,0.040146018754642666,0.0,0.0,0.0,0.0,0.0,0.03240321315112976,0.1670330060114942,0.0,0.0,0.005610763857045326,0.0,0.0,0.0,0.0,0.0,0.0,0.0,0.0,0.0,0.0,0.0,0.0,0.0,0.0,0.0,0.0,8.269206173638883,3.000195432667811,0.052852036668081595,0.9837301024170202,0.13107652088911836,1.2732335359600189,0.6044183912508673,0.0,0.0,0.023566591868714758,0.0,0.0,0.0,0.0,,,,,,,,,,,,,,,,,,,,,,,,,,,,,,,322.1678928469296,0.0,0.004060740616498535,0.0,0.03520218077059816,0.13126786747482297,2.130473470479985,0,0,0,0,0,0,0,0,0,0,0,0,0,0,0,0,0,0,0,1,0,0,0,0,0,0,0,0,0,0
synthetic_XPATH_Injection_3,synthetic_single,"[""XPATH_Injection""]",0,1,246.1225467786125,0.0,0.02333257188335263,907.7937980638675,4.563846607076462,0.04584316303213633,0.0,0.0,0.0,0.28675437007763926,0.029339671943820426,0.006863162707198826,0.0,0.05605233561865872,0.0,0.0,0.0,0.025511595974027003,0.0,0.0,0.0,0.0,0.0,0.026798834715942278,0.23594665943773538,0.0,0.0,0.007216625113296814,0.0,0.0,0.0,0.0,0.0,0.0,0.0,0.0,0.0,0.0,0.0,0.0,0.0,0.02336497755409961,0.033566878962073894,0.0,8.088335260260891,3.0208189637365668,0.045665468537324005,0.7436336321464111,0.03640262750355169,1.9503163444828404,0.8050041639182233,0.0,0.0,0.0,0.048286857637927574,0.0,0.0,0.0,,,,,,,,,,,,,,,,,,,,,,,,,,,,,,,304.99757831536084,0.0,0.012540113700673781,0.0,0.02973112328162541,0.11848402208146697,0.7441281653071978,0,0,0,0,0,0,0,0,0,0,0,0,0,0,0,0,0,0,0,1,0,0,0,0,0,0,0,0,0,0
synthetic_XPATH_Injection_4,synthetic_single,"[""XPATH_Injection""]",0,1,201.98396836591445,0.0,0.021897255161811464,0.0,4.432293604040963,0.03362335452925051,0.0,0.0,0.0,0.0,0.0318314902491381,0.024515991446271562,0.04829877341913684,0.1728918311011783,0.0,0.07038561066298905,0.030481137664490413,0.0,0.0,0.0,0.0,0.0,0.0,0.01911667022491187,0.20261689291861398,0.0,0.0,0.0350457627460645,0.0,0.0,0.0,0.0,0.0,0.0,0.0,0.0,0.0,0.0,0.0,0.0,0.0,0.031377822724426,0.009226304789429554,0.0,8.058297112624983,3.007749256461213,0.0026338825197184564,1.0477756111337158,0.09318075252755706,0.6665561805294025,0.6301812737402086,0.0,0.0,0.038919764854925584,0.0,0.0,0.0,0.0,,,,,,,,,,,,,,,,,,,,,,,,,,,,,,,299.6057163594456,0.0,0.0,0.0,0.02491144980029302,0.09634518818146859,1.1582561838500136,0,0,0,0,0,0,0,0,0,0,0,0,0,0,0,0,0,0,0,1,0,0,0,0,0,0,0,0,0,0
synthetic_XPATH_Injection_5,synthetic_single,"[""XPATH_Injection""]",0,1,234.02139405274292,0.0,0.02228242182627788,450.5428430254567,4.485768056115398,0.0019023978326995969,0.0,0.0,0.0,0.2602448507065633,0.028098100925044438,0.004908835719904485,0.00397534875414508,0.00495252376294264,0.0,0.01028544794920512,0.06078584270569803,0.0,0.0,0.0,0.0,0.0,0.0,0.017256753423257967,0.27277832869021734,0.0,0.0,0.017174022316212997,0.0,0.0,0.0,0.0,0.0,0.0,0.0,0.0,0.0,0.0,0.0,0.0,0.0,0.0039155936900013705,0.0,0.0,8.148210074378058,3.040914342240734,0.0,0.9201215321181818,0.0390391872999732,2.0273332426450885,0.43755584160096705,0.0,0.0,0.0,0.01994611953163604,0.0,0.0,0.0,,,,,,,,,,,,,,,,,,,,,,,,,,,,,,,284.20546671557395,0.0,0.003772558656125651,0.0,0.02629426654593985,0.11514132850124931,1.3151812929527178,0,0,0,0,0,0,0,0,0,0,0,0,0,0,0,0,0,0,0,1,0,0,0,0,0,0,0,0,0,0
synthetic_XPATH_Injection_6,synthetic_single,"[""XPATH_Injection""]",0,1,246.64812432849888,0.0,0.026829090163148037,216.5754833420288,4.485525808045479,0.08565450936399611,0.0,0.0,0.0,0.22240669712390426,0.0264075706757193,0.025111296417379525,0.0,0.0,0.0,0.08463649064662092,0.04433626181742073,0.014716275679040694,0.0,0.0,0.0,0.0,0.0,0.01451747244870948,0.24336955644601488,0.0,0.0,0.0,0.0,0.0,0.0,0.0,0.0,0.0,0.0,0.0,0.0,0.0,0.0,0.0,0.0,0.005804417030993956,0.019829363933733822,0.0,8.190524672742242,3.0035653117851004,0.02089218435564205,0.8393958533692459,0.022731778814609926,1.5759564943046842,0.7809140550329576,0.0,0.0,0.01290072727323584,0.0,0.0,0.0,0.0,,,,,,,,,,,,,,,,,,,,,,,,,,,,,,,339.95110204834924,0.0,0.003576333017196122,0.0,0.03665620550732113,0.14335559780347257,0.8727714800835984,0,0,0,0,0,0,0,0,0,0,0,0,0,0,0,0,0,0,0,1,0,0,0,0,0,0,0,0,0,0
synthetic_XPATH_Injection_7,synthetic_single,"[""XPATH_Injection""]",0,1,233.66649724277966,0.0,0.006205149221654013,283.9861219625665,4.5284855156238315,0.2380499045485448,0.0,0.0,0.0,0.0,0.06396363801997523,0.004580952261975099,0.006763118270890569,0.18602364442389657,0.0,0.17445686930487067,0.013833768383445709,0.028704938739794846,0.0,0.0,0.0,0.0,0.0,0.02804819695673265,0.17391164672742024,0.0,0.0,0.0022702993255133436,0.0,0.0,0.0,0.0,0.0,0.0,0.0,0.0,0.0,0.0,0.0,0.0,0.0,0.02046774417696814,0.01356173323596844,0.0,8.216200831771303,3.015145693680188,0.05529036028728679,0.5634944093879837,0.08285769968747625,0.2003787410289457,0.3944653791559072,0.0,0.0,0.0,0.012501907234621659,0.0,0.0,0.0,,,,,,,,,,,,,,,,,,,,,,,,,,,,,,,285.21701748390893,0.0,0.009630688391275805,0.0,0.03910754068321405,0.16788929348291098,0.0,0,0,0,0,0,0,0,0,0,0,0,0,0,0,0,0,0,0,0,1,0,0,0,0,0,0,0,0,0,0
synthetic_XPATH_Injection_8,synthetic_single,"[""XPATH_Injection""]",0,1,244.96554405755876,0.0,0.02421329107395797,395.6397414508596,4.4496932827153355,0.060996538477717833,0.0,0.0,0.0,0.1277419443258377,0.033221413001803216,0.0,0.0,0.05343057977559326,0.0,0.023102273964220463,0.0,0.007777468991440831,0.0,0.0,0.0,0.0,0.0,0.04239773348547947,0.1366137091826219,0.0,0.0,0.017999231233933728,0.0,0.0,0.0,0.0,0.0,0.0,0.0,0.0,0.0,0.0,0.0,0.0,0.0,0.0,0.02584870188399594,0.0,8.229531630920208,3.0545298240953045,0.008212563824665908,0.8723707387314268,0.0,1.1240303962874008,1.1443776463670823,0.0,0.0,0.035170440112446924,0.020022970437354078,0.0,0.0,0.0,,,,,,,,,,,,,,,,,,,,,,,,,,,,,,,297.0711632943199,0.0,0.0070633293798265055,0.0,0.04058153452634923,0.08484523788183528,1.4963857855415177,0,0,0,0,0,0,0,0,0,0,0,0,0,0,0,0,0,0,0,1,0,0,0,0,0,0,0,0,0,0
synthetic_XPATH_Injection_9,synthetic_single,"[""XPATH_Injection""]",0,1,230.39772590562868,0.0,0.017445820262762417,573.246037328443,4.539275802889408,0.0,0.0,0.0,0.0,0.0,0.024239208339716257,0.0017396445856126177,0.0,0.10422852276169314,0.0,0.0997820984997718,0.10759696823323676,0.011615632029130988,0.0,0.0,0.0,0.0,0.0,0.04155002072274474,0.20374852815886005,0.0,0.0,0.0165553177937566,0.0,0.0,0.0,0.0,0.0,0.0,0.0,0.0,0.0,0.0,0.0,0.0,0.0,0.013393192337287666,0.01358305540182678,0.0,8.315499074087919,3.0206652087286883,0.015280717488022635,1.2365958742329215,0.04962224335521022,1.4623783949403517,0.0,0.0,0.0,0.007882045797111794,0.0069085376282262785,0.0,0.0,0.0,,,,,,,,,,,,,,,,,,,,,,,,,,,,,,,320.1169352829851,0.0,0.0,0.0,0.030351936259298853,0.10385836511048278,2.742312460780374,0,0,0,0,0,0,0,0,0,0,0,0,0,0,0,0,0,0,0,1,0,0,0,0,0,0,0,0,0,0
synthetic_XPATH_Injection_10,synthetic_single,"[""XPATH_Injection""]",0,1,251.67920572407215,0.0,0.024016845098803585,58.7434874031062,4.469437469977624,0.008662507310284874,0.0,0.0,0.0,0.032015471988055016,0.003256687324822871,0.0046667298679239095,0.008448577287948286,0.0046023898524494705,0.0,0.04957929096097108,0.03954859453218057,0.01377289962659959,0.0,0.0,0.0,0.0,0.0,0.015210124448716434,0.19358566025508853,0.0,0.0,0.0,0.0,0.0,0.0,0.0,0.0,0.0,0.0,0.0,0.0,0.0,0.0,0.0,0.0,0.003957224908529497,0.002910226275817284,0.0,8.104179920968596,3.028741603868475,0.043058863368507436,1.2584157759452725,0.0,0.9590540520102401,0.4898755533172132,0.0,0.0,0.015306667563549715,0.0074701414089249395,0.0,0.0,0.0,,,,,,,,,,,,,,,,,,,,,,,,,,,,,,,315.39337905631334,0.0,0.01669324547447181,0.0,0.02043558552140271,0.10900507939253924,2.462183629570413,0,0,0,0,0,0,0,0,0,0,0,0,0,0,0,0,0,0,0,1,0,0,0,0,0,0,0,0,0,0
synthetic_XPATH_Injection_11,synthetic_single,"[""XPATH_Injection""]",0,1,244.7572643434009,0.0,0.00560753971287826,0.0,4.583708707609736,0.15996275839481644,0.0,0.0,0.0,0.41575358625811987,0.043202147306342524,0.012957507168370132,0.011689559109218543,0.050746462796294405,0.0,0.09848602315643276,0.044231453595118,0.0,0.0,0.0,0.0,0.0,0.0,0.029691980706734046,0.3633324881205464,0.0,0.0,0.008835102015115132,0.0,0.0,0.0,0.0,0.0,0.0,0.0,0.0,0.0,0.0,0.0,0.0,0.0,0.030214976074060075,0.00263306587568868,0.0,7.9925744657955935,3.0295614281326686,0.04903417523680788,0.9839583496199185,0.0,1.7148461206054344,0.5674974389979387,0.0,0.0,0.005019296618494304,0.022690071347912007,0.0,0.0,0.0,,,,,,,,,,,,,,,,,,,,,,,,,,,,,,,317.69391830930425,0.0,0.0,0.0,0.031340991907765396,0.13746962720751438,1.7555431278664508,0,0,0,0,0,0,0,0,0,0,0,0,0,0,0,0,0,0,0,1,0,0,0,0,0,0,0,0,0,0
synthetic_XPATH_Injection_12,synthetic_single,"[""XPATH_Injection""]",0,1,243.60565200501625,0.0,0.014130755042680469,722.7780028052898,4.457234744914456,0.0,0.0,0.0,0.0,0.0,0.026179080243954506,0.04178400992987528,0.02777621598969625,0.08362460193259233,0.0,0.12100936390262632,0.049743663451775055,0.0,0.0,0.0,0.0,0.0,0.0,0.029628088458544994,0.21346068185953876,0.0,0.0,0.014241669518978744,0.0,0.0,0.0,0.0,0.0,0.0,0.0,0.0,0.0,0.0,0.0,0.0,0.0,0.0,0.04425042122957398,0.0,8.325380394384618,3.0515780530617653,0.03054976480095287,1.0298222088135416,0.0,2.716435654632734,0.6089471587417375,0.0,0.0,0.014602265489071717,0.02409838150173618,0.0,0.0,0.0,,,,,,,,,,,,,,,,,,,,,,,,,,,,,,,315.78262362609115,0.0,0.013356183780045734,0.0,0.030928767091988538,0.13303164452978414,0.32671177032308774,0,0,0,0,0,0,0,0,0,0,0,0,0,0,0,0,0,0,0,1,0,0,0,0,0,0,0,0,0,0
synthetic_XPATH_Injection_13,synthetic_single,"[""XPATH_Injection""]",0,1,245.78852571280117,0.0,0.01985224061415648,329.10830635759805,4.482664808656976,0.0,0.0,0.0,0.0,0.13015328687665031,0.04280715283262167,0.021667980527359507,0.011131176478787402,0.20867493708677953,0.0,0.1102298855708379,0.08214397915432611,0.00744840823485084,0.0,0.0,0.0,0.0,0.0,0.04768375863369667,0.02798783242241215,0.0,0.0,0.02296468110113669,0.0,0.0,0.0,0.0,0.0,0.0,0.0,0.0,0.0,0.0,0.0,0.0,0.0,0.02102300574380466,0.02523251595522303,0.0,8.094153729804034,3.0469136935372725,0.026176794600701745,0.7548517807367937,0.11632173493052997,1.5371177580391722,0.0,0.0,0.0,0.0,0.04378466250593824,0.0,0.0,0.0,,,,,,,,,,,,,,,,,,,,,,,,,,,,,,,298.7398112928532,0.0,0.0,0.0,0.013917954361844748,0.1128422446005099,1.2471348092784766,0,0,0,0,0,0,0,0,0,0,0,0,0,0,0,0,0,0,0,1,0,0,0,0,0,0,0,0,0,0
synthetic_XPATH_Injection_14,synthetic_single,"[""XPATH_Injection""]",0,1,229.01490136837967,0.0,0.02744829583740948,978.5270070237291,4.573043484773165,0.06449844115691042,0.0,0.0,0.0,0.0,0.031001022650789887,0.044502068458253365,0.020785802464682975,0.13195318701915443,0.0,0.11469999646722961,0.007761108512876348,0.006176266657877222,0.0,0.0,0.0,0.0,0.0,0.0657067029815166,0.1042613112149089,0.0,0.0,0.02000720120691784,0.0,0.0,0.0,0.0,0.0,0.0,0.0,0.0,0.0,0.0,0.0,0.0,0.0,0.021091335744854122,0.0,0.0,8.13907261340494,3.019317711678335,0.006246491292297141,1.083644886044733,0.0,2.979601883077282,0.3481669012581325,0.0,0.0,0.006199510892130969,0.0,0.0,0.0,0.0,,,,,,,,,,,,,,,,,,,,,,,,,,,,,,,277.0729952809568,0.0,0.0026565065952322236,0.0,0.03284403840293378,0.130896404650637,1.5088496409572165,0,0,0,0,0,0,0,0,0,0,0,0,0,0,0,0,0,0,0,1,0,0,0,0,0,0,0,0,0,0
synthetic_XPATH_Injection_15,synthetic_single,"[""XPATH_Injection""]",0,1,233.75328210829238,0.0,0.014002381516329338,394.07195777149786,4.594098417872551,0.1451093385582438,0.0,0.0,0.0,0.22250808981172016,0.06266802821135754,0.02538262993036034,0.08377606342568161,0.08296328260902011,0.0,0.04672451440477143,0.06980322439298592,0.0,0.0,0.0,0.0,0.0,0.0,0.06349674296208367,0.09718354408644313,0.0,0.0,0.03153844181833214,0.0,0.0,0.0,0.0,0.0,0.0,0.0,0.0,0.0,0.0,0.0,0.0,0.0,0.008247344008540299,0.01699747816345667,0.0,8.130526689125018,2.9900570109146467,0.0,0.993976653226367,0.029672647408470636,0.5365335339567516,0.09790829232985143,0.0,0.0,0.03813983682917095,0.03790918445208832,0.0,0.0,0.0,,,,,,,,,,,,,,,,,,,,,,,,,,,,,,,310.1656692563268,0.0,0.006935271342360804,0.0,0.018753176148936332,0.12852387261110354,1.7533236261040628,0,0,0,0,0,0,0,0,0,0,0,0,0,0,0,0,0,0,0,1,0,0,0,0,0,0,0,0,0,0
synthetic_XPATH_Injection_16,synthetic_single,"[""XPATH_Injection""]",0,1,226.05071647113934,0.0,0.01305530039095746,1085.5161077023472,4.5972133457230235,0.11116139431500394,0.0,0.0,0.0,0.15921521294516375,0.0022912804715025693,0.03166619137715637,0.011164670529185301,0.0,0.0,0.0,0.062043215257306446,0.03555765337531088,0.0,0.0,0.0,0.0,0.0,0.06804502313543599,0.17192269926646847,0.0,0.0,0.03438055588400848,0.0,0.0,0.0,0.0,0.0,0.0,0.0,0.0,0.0,0.0,0.0,0.0,0.0,0.0,0.021728559821310167,0.0,8.260136345301701,3.008133572032178,0.01717687087483675,0.5793531545588634,0.0661014214439665,1.7472257960853217,1.066960823369436,0.0,0.0,0.0006765438724574656,0.006139410348201843,0.0,0.0,0.0,,,,,,,,,,,,,,,,,,,,,,,,,,,,,,,337.24968652376003,0.0,0.006784009012016178,0.0,0.02671686247678707,0.1492964298091149,0.8905904678145357,0,0,0,0,0,0,0,0,0,0,0,0,0,0,0,0,0,0,0,1,0,0,0,0,0,0,0,0,0,0
synthetic_XPATH_Injection_17,synthetic_single,"[""XPATH_Injection""]",0,1,226.94229139896586,0.0,0.016518327267387195,767.0569228330793,4.51436008236814,0.0,0.0,0.0,0.0,0.11428692910883334,0.002458593918080499,0.030018575752047312,0.0,0.0,0.0,0.011018316097445448,0.0,0.0,0.0,0.0,0.0,0.0,0.0,0.015763625044311034,0.22241853920025695,0.0,0.0,0.023881614306769043,0.0,0.0,0.0,0.0,0.0,0.0,0.0,0.0,0.0,0.0,0.0,0.0,0.0,0.03694697121537073,0.0005480985245717059,0.0,8.235796855339554,3.010689897387438,0.0,0.9428493782340218,0.06192605489187792,1.9806212984512224,0.14102876412813403,0.0,0.0,0.023598167591584562,0.02965281832759995,0.0,0.0,0.0,,,,,,,,,,,,,,,,,,,,,,,,,,,,,,,304.90283633106463,0.0,0.015147031913170636,0.0,0.035331020697272654,0.07884168283652815,2.173078443178968,0,0,0,0,0,0,0,0,0,0,0,0,0,0,0,0,0,0,0,1,0,0,0,0,0,0,0,0,0,0
synthetic_GraphQLi_0,synthetic_single,"[""GraphQLi""]",0,1,226.12021547579857,0.0,0.024952551024035246,384.67146109312785,4.577786765234717,0.0,0.0,0.0,0.0,0.2614217371246893,0.02859661693449852,0.012962202052643665,0.0,0.06380062391127247,0.0,0.0,0.0,0.020595471103071167,0.0,0.0,0.0,0.0,0.0,0.056884724063755304,0.17019064608848963,0.0,0.0,0.0,0.0,0.0,0.0,0.0,0.0,0.0,0.0,0.0,0.0,0.0,0.0,0.0,0.0,0.011448413977787918,0.028068302378407343,0.0,8.09356668502306,2.994273368403963,0.014495424206649104,0.9945080218953337,0.0,1.6503663603220966,1.0296850418682448,0.0,0.0,0.03694604027137942,0.0,0.0,0.0,0.0,,,,,,,,,,,,,,,,,,,,,,,,,,,,,,,280.85101695811204,0.0,0.0,0.0,0.01766033388865925,0.0983836916095196,0.8654787574057861,0,0,0,0,0,0,0,0,0,0,0,0,0,0,0,0,0,0,0,0,1,0,0,0,0,0,0,0,0,0
synthetic_GraphQLi_1,synthetic_single,"[""GraphQLi""]",0,1,223.41291414000477,0.0,0.020156056451272605,1142.2374408992882,4.537499088762615,0.12406118574940016,0.0,0.0,0.0,0.2727348382011237,0.0,0.02176259661368097,0.02049186233183085,0.002588926420804341,0.0,0.16559454002011192,0.0,0.0,0.0,0.0,0.0,0.0,0.0,0.0533444736065131,0.13641049362787705,0.0,0.0,0.022265237528087657,0.0,0.0,0.0,0.0,0.0,0.0,0.0,0.0,0.0,0.0,0.0,0.0,0.0,0.04812287185178504,0.030359571469290747,0.0,8.194511031263914,3.035194976830999,0.07178233173877603,0.7450695461488814,0.05060551469950133,1.528638690930704,0.8438193977565676,0.0,0.0,0.020171863813228087,0.0012686933683158357,0.0,0.0,0.0,,,,,,,,,,,,,,,,,,,,,,,,,,,,,,,310.9006041733663,0.0,0.010481436188677667,0.0,0.03004858855403708,0.13970846836101028,1.942039594874419,0,0,0,0,0,0,0,0,0,0,0,0,0,0,0,0,0,0,0,0,1,0,0,0,0,0,0,0,0,0
synthetic_GraphQLi_2,synthetic_single,"[""GraphQLi""]",0,1,225.0788683002811,0.0,0.025970208833737546,157.97508041831668,4.496529122276386,0.03359605047795957,0.0,0.0,0.0,0.08382611573310225,0.0038575716036502034,0.025421490385034426,0.0,0.23001572862895553,0.0,0.007223789070047441,0.09295253722621818,0.026367337903423167,0.0,0.0,0.0,0.0,0.0,0.11137702168323718,0.19515298678624957,0.0,0.0,0.02646162551634817,0.0,0.0,0.0,0.0,0.0,0.0,0.0,0.0,0.0,0.0,0.0,0.0,0.0,0.043721948005264716,0.0,0.0,7.887777521170529,3.026071626411339,0.012723862638163781,1.0105785023945464,0.011983977680824574,0.6109673124351997,0.7047130220761593,0.0,0.0,0.0,0.010766739738897864,0.0,0.0,0.0,,,,,,,,,,,,,,,,,,,,,,,,,,,,,,,355.9437599113379,0.0,0.019566447222921248,0.0,0.04310674151275202,0.12696691348343841,0.5807331164364359,0,0,0,0,0,0,0,0,0,0,0,0,0,0,0,0,0,0,0,0,1,0,0,0,0,0,0,0,0,0
synthetic_GraphQLi_3,synthetic_single,"[""GraphQLi""]",0,1,246.37305069599276,0.0,0.020073542889851182,812.8048721394348,4.519432853420127,0.0,0.0,0.0,0.0,0.12077680409613045,0.018391408540990452,0.0,0.0,0.0,0.0,0.0,0.12553548176781854,0.0,0.0,0.0,0.0,0.0,0.0,0.04745940960217975,0.19554560740136476,0.0,0.0,0.03233226890087274,0.0,0.0,0.0,0.0,0.0,0.0,0.0,0.0,0.0,0.0,0.0,0.0,0.0,0.030909185554126542,0.019236910935675387,0.0,7.994843463429535,2.9985144695439225,0.07521694615041719,1.0817964010302916,0.06811710402899582,1.837349368247415,0.2852004876874579,0.0,0.0,0.0421443355588246,0.025068668995498568,0.0,0.0,0.0,,,,,,,,,,,,,,,,,,,,,,,,,,,,,,,299.31013531436946,0.0,0.0030815900636385657,0.0,0.026419701429413533,0.07228985610855967,1.970358228190571,0,0,0,0,0,0,0,0,0,0,0,0,0,0,0,0,0,0,0,0,1,0,0,0,0,0,0,0,0,0
synthetic_GraphQLi_4,synthetic_single,"[""GraphQLi""]",0,1,209.75250938955287,0.0,0.01678971830518526,473.2726796631628,4.553551693802056,0.036187207682133134,0.0,0.0,0.0,0.24380042665758145,0.008227163290385971,0.007236106724890744,0.010133096175349264,0.0,0.0,0.030744387489424527,0.0753484907081087,0.0,0.0,0.0,0.0,0.0,0.0,0.027338764313196852,0.24336483717644225,0.0,0.0,0.01839355317615523,0.0,0.0,0.0,0.0,0.0,0.0,0.0,0.0,0.0,0.0,0.0,0.0,0.0,0.0,0.020042464792190108,0.0,8.141595146209944,2.98905552779992,0.039471560712367966,1.082808572614742,0.10416824082995407,2.6530407528135664,0.7282488574996779,0.0,0.0,0.02126470382838965,0.01542792595252827,0.0,0.0,0.0,,,,,,,,,,,,,,,,,,,,,,,,,,,,,,,322.17024646414495,0.0,0.0073458735361958995,0.0,0.025456569279892025,0.09979602025189863,0.7909645394775817,0,0,0,0,0,0,0,0,0,0,0,0,0,0,0,0,0,0,0,0,1,0,0,0,0,0,0,0,0,0
synthetic_GraphQLi_5,synthetic_single,"[""GraphQLi""]",0,1,221.83803467721978,0.0,0.0164540831551296,774.9613211531982,4.5131976946233126,0.05438474855451254,0.0,0.0,0.0,0.096269488034165,0.03243854612119855,0.0,0.0,0.0,0.0,0.03297544125074753,0.04284764067110592,0.0,0.0,0.0,0.0,0.0,0.0,0.05443352167728951,0.20800558018114934,0.0,0.0,0.026557557679306315,0.0,0.0,0.0,0.0,0.0,0.0,0.0,0.0,0.0,0.0,0.0,0.0,0.0,0.0,0.014113215913072456,0.0,8.213675240648389,3.021683980693932,0.0,1.1835156169280903,0.015970132997260095,1.3262201433773393,0.8083235420203307,0.0,0.0,0.012565197988801867,0.029114669334811938,0.0,0.0,0.0,,,,,,,,,,,,,,,,,,,,,,,,,,,,,,,326.65641358868334,0.0,0.006118848410109353,0.0,0.030502483962093173,0.057556739772832585,0.2190449761304869,0,0,0,0,0,0,0,0,0,0,0,0,0,0,0,0,0,0,0,0,1,0,0,0,0,0,0,0,0,0
synthetic_GraphQLi_6,synthetic_single,"[""GraphQLi""]",0,1,236.2882202670942,0.0,0.0322338925218772,757.0112720334473,4.478919950602338,0.11183102002162809,0.0,0.0,0.0,0.2490697699612069,0.022608097576796042,0.0,0.04592320199901659,0.16311319709608807,0.0,0.0,0.0,0.0013981499611381912,0.0,0.0,0.0,0.0,0.0,0.06744264874272475,0.16686856218603924,0.0,0.0,0.0030642142077340617,0.0,0.0,0.0,0.0,0.0,0.0,0.0,0.0,0.0,0.0,0.0,0.0,0.0,0.0,0.0,0.0,8.184060688954396,3.0209182183275827,0.054154895289934654,0.672812620055459,0.05151998904738557,2.201555313584002,0.8408911153675682,0.0,0.0,0.027427437572084542,0.0,0.0,0.0,0.0,,,,,,,,,,,,,,,,,,,,,,,,,,,,,,,308.51023525690835,0.0,0.0,0.0,0.08312427741029929,0.07118044218644784,2.3425250609498294,0,0,0,0,0,0,0,0,0,0,0,0,0,0,0,0,0,0,0,0,1,0,0,0,0,0,0,0,0,0
synthetic_GraphQLi_7,synthetic_single,"[""GraphQLi""]",0,1,229.18480686877413,0.0,0.020346081691545278,1401.365200008433,4.4868180295825,0.012642437454351695,0.0,0.0,0.0,0.20227361783038894,0.03215271659804833,0.005681894625420096,0.04441832272290107,0.005844682092594589,0.0,0.03823145031964686,0.0,0.04033030843031611,0.0,0.0,0.0,0.0,0.0,0.013168933945040848,0.07061473068567099,0.0,0.0,0.009259780323572324,0.0,0.0,0.0,0.0,0.0,0.0,0.0,0.0,0.0,0.0,0.0,0.0,0.0,0.0,0.025733300951866826,0.0,8.273230202694561,3.022294350681895,0.03624645487184884,0.8116503383687668,0.04364732857397451,2.301907820738272,0.669855102754177,0.0,0.0,0.026425665928526288,0.0,0.0,0.0,0.0,,,,,,,,,,,,,,,,,,,,,,,,,,,,,,,267.27408593358354,0.0,0.005599170424425787,0.0,0.010561926665510642,0.08760736206903427,1.113800977701517,0,0,0,0,0,0,0,0,0,0,0,0,0,0,0,0,0,0,0,0,1,0,0,0,0,0,0,0,0,0
synthetic_GraphQLi_8,synthetic_single,"[""GraphQLi""]",0,1,239.02563925213107,0.0,0.0214681338124895,250.35732355872216,4.487096809141682,0.16085016848820727,0.0,0.0,0.0,0.11113435524736184,0.00036554396499155484,0.02249964376895358,0.030267864931476277,0.12888607438995806,0.0,0.08920541694577497,0.07384302673779734,0.025059063641247152,0.0,0.0,0.0,0.0,0.0,0.002605163781259981,0.2079020652571813,0.0,0.0,0.03053764057224201,0.0,0.0,0.0,0.0,0.0,0.0,0.0,0.0,0.0,0.0,0.0,0.0,0.0,0.0,0.03334736253862852,0.0,8.155513165705022,3.0210192016418467,0.0,1.0429933023768578,0.015846856212619442,2.9958233879673806,0.09911087037048838,0.0,0.0,0.0357398041669679,0.036138000161237874,0.0,0.0,0.0,,,,,,,,,,,,,,,,,,,,,,,,,,,,,,,316.2369158838098,0.0,0.001353568765549342,0.0,0.01017172236956685,0.14012829127843748,2.4263944874459913,0,0,0,0,0,0,0,0,0,0,0,0,0,0,0,0,0,0,0,0,1,0,0,0,0,0,0,0,0,0
synthetic_GraphQLi_9,synthetic_single,"[""GraphQLi""]",0,1,221.67996269094493,0.0,0.016007458853184706,943.6349742192616,4.528855379126092,0.030320572196575975,0.0,0.0,0.0,0.0,0.0470699710611607,0.0,0.07630522937662165,0.10483614697276747,0.0,0.05242587084379375,0.17180227616434807,0.0,0.0,0.0,0.0,0.0,0.0,0.07330476113997403,0.23831464019660015,0.0,0.0,0.01985156977970657,0.0,0.0,0.0,0.0,0.0,0.0,0.0,0.0,0.0,0.0,0.0,0.0,0.0,0.004163163773073578,0.004636277984240692,0.0,8.181622224100602,3.0286004247215796,0.006364645242170279,1.0464528749951172,0.03554444973870702,1.9743531720024396,0.7938850089311462,0.0,0.0,0.02134165717512463,0.010905264575019051,0.0,0.0,0.0,,,,,,,,,,,,,,,,,,,,,,,,,,,,,,,250.37267702735375,0.0,0.0,0.0,0.025943609632463612,0.11007624615971828,0.6285071922051285,0,0,0,0,0,0,0,0,0,0,0,0,0,0,0,0,0,0,0,0,1,0,0,0,0,0,0,0,0,0
synthetic_GraphQLi_10,synthetic_single,"[""GraphQLi""]",0,1,238.75129296106633,0.0,0.0186604592869722,787.8459085958254,4.536996150309387,0.06426299691395979,0.0,0.0,0.0,0.1730770920008502,0.049015402430958976,0.0,0.02032468970932877,0.03987686560743933,0.0,0.06836338725428917,0.17517031472787295,0.039300016882726524,0.0,0.0,0.0,0.0,0.0,0.08079869636201811,0.20773038219775153,0.0,0.0,0.02143486214383851,0.0,0.0,0.0,0.0,0.0,0.0,0.0,0.0,0.0,0.0,0.0,0.0,0.0,0.030620718466812143,0.023087974216384158,0.0,8.141478522595675,3.0031053866415904,0.027229970967472115,0.9062014136488908,0.03739482616405531,1.3715964398696912,0.13025318623467097,0.0,0.0,0.008735220339609561,0.007759409439222969,0.0,0.0,0.0,,,,,,,,,,,,,,,,,,,,,,,,,,,,,,,300.0674759094058,0.0,0.00044344253856178767,0.0,0.01711018045926472,0.09961969715757754,1.1275684668226902,0,0,0,0,0,0,0,0,0,0,0,0,0,0,0,0,0,0,0,0,1,0,0,0,0,0,0,0,0,0
synthetic_GraphQLi_11,synthetic_single,"[""GraphQLi""]",0,1,226.28517302044233,0.0,0.028830211497250624,0.0,4.500005661697143,0.10524958081058622,0.0,0.0,0.0,0.5114198212625419,0.026289421283465994,0.0,0.017967702447746557,0.0,0.0,0.09320934978313555,0.1215985071985437,0.02025152200665361,0.0,0.0,0.0,0.0,0.0,0.06554565710703761,0.2601420499468444,0.0,0.0,0.045534794319327485,0.0,0.0,0.0,0.0,0.0,0.0,0.0,0.0,0.0,0.0,0.0,0.0,0.0,0.004141010614739862,0.023435894824733954,0.0,8.313415252081834,3.027575741932542,0.011117718129997985,1.0856889845203466,0.0,2.2852675173788697,0.35018730361397715,0.0,0.0,0.020080321027642976,0.00998872430529631,0.0,0.0,0.0,,,,,,,,,,,,,,,,,,,,,,,,,,,,,,,283.4789009667472,0.0,0.008033881704171008,0.0,0.05762808675306569,0.10578252834022958,0.4626150814788318,0,0,0,0,0,0,0,0,0,0,0,0,0,0,0,0,0,0,0,0,1,0,0,0,0,0,0,0,0,0
synthetic_GraphQLi_12,synthetic_single,"[""GraphQLi""]",0,1,231.2796280042492,0.0,0.029423127363702138,543.9008796187422,4.650594138494472,0.2698043645787421,0.0,0.0,0.0,0.11190841904062637,0.06304064242202415,0.019149587351740004,0.05681488341296351,0.1521105498433337,0.0,0.12878603779063352,0.11066859565701614,0.02158959981937093,0.0,0.0,0.0,0.0,0.0,0.0,0.20154338628175936,0.0,0.0,0.006010531320634248,0.0,0.0,0.0,0.0,0.0,0.0,0.0,0.0,0.0,0.0,0.0,0.0,0.0,0.03141313246547624,0.0,0.0,8.231609034213909,3.0194633241774627,0.004005250689857569,1.0591636941127895,0.0,0.8991476787830418,1.2734555643212837,0.0,0.0,0.0252661698429009,0.007373472458577157,0.0,0.0,0.0,,,,,,,,,,,,,,,,,,,,,,,,,,,,,,,289.3974659153932,0.0,0.0021281922734389027,0.0,0.02390708534379369,0.1451488578685084,0.13619845417165832,0,0,0,0,0,0,0,0,0,0,0,0,0,0,0,0,0,0,0,0,1,0,0,0,0,0,0,0,0,0
synthetic_GraphQLi_13,synthetic_single,"[""GraphQLi""]",0,1,229.63398599691283,0.0,0.02258808442470895,719.7957180234337,4.485485552513367,0.03178418435545466,0.0,0.0,0.0,0.0,0.018892565557260352,0.0019203495435933353,0.0,0.10771023005092098,0.0,0.0,0.0,0.02133302170433269,0.0,0.0,0.0,0.0,0.0,0.0368342080429566,0.32912364141248734,0.0,0.0,0.0,0.0,0.0,0.0,0.0,0.0,0.0,0.0,0.0,0.0,0.0,0.0,0.0,0.0,0.001018622501248196,0.022347546295597792,0.0,8.366625440579496,3.0291266916964035,0.03510503816072571,1.2280338200485812,0.0,2.1623898914286284,0.6644862144940928,0.0,0.0,0.032615402083978375,0.0,0.0,0.0,0.0,,,,,,,,,,,,,,,,,,,,,,,,,,,,,,,301.0663622407632,0.0,0.0031105939044491966,0.0,0.00824135256780921,0.13579956446987432,0.15990294678942352,0,0,0,0,0,0,0,0,0,0,0,0,0,0,0,0,0,0,0,0,1,0,0,0,0,0,0,0,0,0
synthetic_GraphQLi_14,synthetic_single,"[""GraphQLi""]",0,1,210.7725409975034,0.0,0.01864305760959312,427.1920462297784,4.581847036055772,0.17211367089593624,0.0,0.0,0.0,0.1971849252533291,0.03809972952432759,0.04497840380970228,0.0,0.17766995547845116,0.0,0.14569941033277048,0.1352100439765441,0.010486889255324325,0.0,0.0,0.0,0.0,0.0,0.02932909731237184,0.25150599234809284,0.0,0.0,0.0,0.0,0.0,0.0,0.0,0.0,0.0,0.0,0.0,0.0,0.0,0.0,0.0,0.0,0.0,0.0017269007198862669,0.0,8.125939570036415,3.0357253481613276,0.04252799043249465,0.7544130034360074,0.11859871116753154,2.521004077644617,0.7810283714734471,0.0,0.0,0.01348988373716986,0.04200615623683871,0.0,0.0,0.0,,,,,,,,,,,,,,,,,,,,,,,,,,,,,,,297.5643040890775,0.0,0.0,0.0,0.06309663366456637,0.10905748067233442,1.116216514396815,0,0,0,0,0,0,0,0,0,0,0,0,0,0,0,0,0,0,0,0,1,0,0,0,0,0,0,0,0,0
synthetic_GraphQLi_15,synthetic_single,"[""GraphQLi""]",0,1,263.5305216674594,0.0,0.013114306457594253,236.55923907994253,4.54047788294433,0.022146383726655818,0.0,0.0,0.0,0.23326181855131606,0.0035286063267357427,0.010316018190800346,0.0544845895653987,0.19253338002561932,0.0,0.0,0.08589354882146474,0.0022873309200613628,0.0,0.0,0.0,0.0,0.0,0.024358543942441024,0.11263435402015966,0.0,0.0,0.01832023411375815,0.0,0.0,0.0,0.0,0.0,0.0,0.0,0.0,0.0,0.0,0.0,0.0,0.0,0.022919897112772897,0.0,0.0,8.03178046027135,3.0158168470984905,0.042147991260853335,0.5006072328346488,0.0,2.96387286005944,0.5023366483493129,0.0,0.0,0.004122393774145075,0.017103238249596715,0.0,0.0,0.0,,,,,,,,,,,,,,,,,,,,,,,,,,,,,,,321.2770601922618,0.0,0.007786617448154891,0.0,0.011969681909673086,0.13460609065940593,2.6599516379531503,0,0,0,0,0,0,0,0,0,0,0,0,0,0,0,0,0,0,0,0,1,0,0,0,0,0,0,0,0,0
synthetic_GraphQLi_16,synthetic_single,"[""GraphQLi""]",0,1,224.3261812971589,0.0,0.01916533421705284,563.9503836313606,4.567379742564859,0.1660779244470125,0.0,0.0,0.0,0.0,0.04206735993184156,0.004217647927692494,0.06346649657234318,0.0,0.0,0.0,0.08829536005225501,0.02011083973144958,0.0,0.0,0.0,0.0,0.0,0.0445338901884346,0.22355132683705875,0.0,0.0,0.0,0.0,0.0,0.0,0.0,0.0,0.0,0.0,0.0,0.0,0.0,0.0,0.0,0.0,0.009638329372856866,0.014917795466298768,0.0,7.9349522410305875,3.014158261517582,0.006576303933016607,0.819863854208116,0.05265754078230739,2.548920320188383,1.2014108831584709,0.0,0.0,0.01454932061060437,0.0,0.0,0.0,0.0,,,,,,,,,,,,,,,,,,,,,,,,,,,,,,,279.7778276437439,0.0,0.0,0.0,0.006715743851390749,0.13701891564329474,3.045241723353434,0,0,0,0,0,0,0,0,0,0,0,0,0,0,0,0,0,0,0,0,1,0,0,0,0,0,0,0,0,0
synthetic_GraphQLi_17,synthetic_single,"[""GraphQLi""]",0,1,250.29350536064229,0.0,0.010561635646309258,713.9701666721459,4.473755304748247,0.10427490233797751,0.0,0.0,0.0,0.0,0.023822315186418558,0.0110755421590235,0.04767387278954198,0.010491512000571787,0.0,0.0,0.1451465831558339,0.027793483248130718,0.0,0.0,0.0,0.0,0.0,0.0,0.06379947251442733,0.0,0.0,0.030870936935466005,0.0,0.0,0.0,0.0,0.0,0.0,0.0,0.0,0.0,0.0,0.0,0.0,0.0,0.0,0.004370297035491593,0.0,8.144088226874866,3.0324231851111687,0.04975137506542845,0.819849694695258,0.0469960946920698,2.5472876699848195,0.44777540392801274,0.0,0.0,0.009427502058701388,0.00886351872931591,0.0,0.0,0.0,,,,,,,,,,,,,,,,,,,,,,,,,,,,,,,312.5039619202754,0.0,0.0038786760581198333,0.0,0.05854303566688482,0.08221310337839075,1.8831229669632852,0,0,0,0,0,0,0,0,0,0,0,0,0,0,0,0,0,0,0,0,1,0,0,0,0,0,0,0,0,0
synthetic_GraphQLi_18,synthetic_single,"[""GraphQLi""]",0,1,245.0579032073324,0.0,0.013936328547345193,499.9465120379765,4.478713157833029,0.02004961542735933,0.0,0.0,0.0,0.0,0.011802872973752968,0.02395126146285373,0.0,0.0,0.0,0.01748284722847935,0.10664087612535442,0.0,0.0,0.0,0.0,0.0,0.0,0.023817456951254024,0.03136909041104155,0.0,0.0,0.045742010092793876,0.0,0.0,0.0,0.0,0.0,0.0,0.0,0.0,0.0,0.0,0.0,0.0,0.0,0.018454261810403876,0.009641890032889858,0.0,8.16947939055023,3.0016417004352185,0.0,1.115209362430469,0.00721932157620208,0.46529654533056686,0.6274959915122792,0.0,0.0,0.012243840933280304,0.0,0.0,0.0,0.0,,,,,,,,,,,,,,,,,,,,,,,,,,,,,,,293.02856460126304,0.0,0.006782453634054306,0.0,0.04883750667116667,0.09322726590040495,1.6800115976204169,0,0,0,0,0,0,0,0,0,0,0,0,0,0,0,0,0,0,0,0,1,0,0,0,0,0,0,0,0,0
synthetic_CORS_0,synthetic_single,"[""CORS""]",0,1,212.08726398612947,0.0,0.015783863124453096,367.887369943555,4.511885315384994,0.0,0.0,0.0,0.0,0.33782741013273887,0.0,0.028076501027770234,0.04262542589096823,0.20101969875645087,0.0,0.06127565703331314,0.0,0.00864643594840258,0.0,0.0,0.0,0.0,0.0,0.01601251314246827,0.18434376984071688,0.0,0.0,0.0442728698553078,0.0,0.0,0.0,0.0,0.0,0.0,0.0,0.0,0.0,0.0,0.0,0.0,0.0,0.02056224415480433,0.001167086228206939,0.0,8.174792841062004,2.987936453840949,0.07758883185987038,1.172777786213389,0.03212404273767706,3.672959348148426,0.393106914096122,0.0,0.0,0.0122249837147868,0.007963463320669845,0.0,0.0,0.0,,,,,,,,,,,,,,,,,,,,,,,,,,,,,,,288.0177696802262,0.0,0.0,0.0,0.06324473179341085,0.09242651122893125,1.8813896033562683,0,0,0,0,0,0,0,0,0,0,0,0,0,0,0,0,0,0,0,0,0,1,0,0,0,0,0,0,0,0
synthetic_CORS_1,synthetic_single,"[""CORS""]",0,1,224.99592040218204,0.0,0.021287184686624442,172.49852086088407,4.551587315913344,0.04844039233346793,0.0,0.0,0.0,0.18526236883000435,0.0024209904857607732,0.001832123797811662,0.0,0.0,0.0,0.10923306053608221,0.04421545908712715,0.011777670592589244,0.0,0.0,0.0,0.0,0.0,0.0239009402906778,0.2025743172762571,0.0,0.0,0.0012863761694775055,0.0,0.0,0.0,0.0,0.0,0.0,0.0,0.0,0.0,0.0,0.0,0.0,0.0,0.026329180281039283,0.0,0.0,8.259278104523458,3.0435687573075834,0.027157809951070196,0.8750988220523307,0.0485720261126833,1.298189370937718,1.2081392083887428,0.0,0.0,0.0326210289598693,0.0,0.0,0.0,0.0,,,,,,,,,,,,,,,,,,,,,,,,,,,,,,,298.6275899623798,0.0,0.0006303691714146364,0.0,0.039301491866818736,0.1452866662549369,2.2477109938892035,0,0,0,0,0,0,0,0,0,0,0,0,0,0,0,0,0,0,0,0,0,1,0,0,0,0,0,0,0,0
synthetic_CORS_2,synthetic_single,"[""CORS""]",0,1,231.2299645228605,0.0,0.015366895607497438,761.0588314138411,4.475274668508627,0.050160327291530867,0.0,0.0,0.0,0.1356163115344859,0.0,0.00016336324049724682,0.056150432924840496,0.1889966983080401,0.0,0.15139631364051293,0.0,0.011750922666846318,0.0,0.0,0.0,0.0,0.0,0.0438557457736634,0.15673728223929292,0.0,0.0,0.00538032850511274,0.0,0.0,0.0,0.0,0.0,0.0,0.0,0.0,0.0,0.0,0.0,0.0,0.0,0.004602668143848835,0.019823999886386418,0.0,8.001755763749404,2.997895104598866,0.03085398567134892,1.0502460864302323,0.0963564212078647,2.3199700245602806,0.9116394590036123,0.0,0.0,0.004375383951482112,0.0,0.0,0.0,0.0,,,,,,,,,,,,,,,,,,,,,,,,,,,,,,,288.2324933367776,0.0,0.0,0.0,0.006445104578253428,0.09579748905133322,0.4386368598551561,0,0,0,0,0,0,0,0,0,0,0,0,0,0,0,0,0,0,0,0,0,1,0,0,0,0,0,0,0,0
synthetic_CORS_3,synthetic_single,"[""CORS""]",0,1,233.51346617914731,0.0,0.028994131261107586,647.2249409530388,4.4530555667246245,0.11637214410221555,0.0,0.0,0.0,0.189235536367635,0.042691148401469675,0.0,0.05865971467637961,0.020380630535053984,0.0,0.0,0.0025277466778351326,0.009723614521278024,0.0,0.0,0.0,0.0,0.0,0.0018092982240853622,0.18520059625796492,0.0,0.0,0.03496756268810801,0.0,0.0,0.0,0.0,0.0,0.0,0.0,0.0,0.0,0.0,0.0,0.0,0.0,0.0,0.0,0.0,8.116124767755956,3.012472932707304,0.01483622805451574,1.0505190928041523,0.1006368097417763,1.7952521843393847,1.0572219723204879,0.0,0.0,0.0,0.0,0.0,0.0,0.0,,,,,,,,,,,,,,,,,,,,,,,,,,,,,,,298.2413761040128,0.0,0.0,0.0,0.02054767487871251,0.10366963470998791,0.7953479882951618,0,0,0,0,0,0,0,0,0,0,0,0,0,0,0,0,0,0,0,0,0,1,0,0,0,0,0,0,0,0
synthetic_CORS_4,synthetic_single,"[""CORS""]",0,1,248.46283683407944,0.0,0.02594315419802986,502.27664522359476,4.4594391033682275,0.0354655345271992,0.0,0.0,0.0,0.2897502931737751,0.059407046422547405,0.0034940866644857915,0.027682690629989286,0.09926734068250702,0.0,0.04008068856222999,0.049608966857286996,0.0,0.0,0.0,0.0,0.0,0.0,0.050384889978943415,0.23035957353999356,0.0,0.0,0.0,0.0,0.0,0.0,0.0,0.0,0.0,0.0,0.0,0.0,0.0,0.0,0.0,0.0,0.01967738742536853,0.012553289200165269,0.0,8.168710422625963,3.018676832192828,0.026593659422774016,0.9531136870602868,0.08895782715609124,1.6495202862371303,0.16346352621200017,0.0,0.0,0.01264635464371266,0.02849000222133794,0.0,0.0,0.0,,,,,,,,,,,,,,,,,,,,,,,,,,,,,,,332.2135197208352,0.0,0.003826782010776098,0.0,0.041904948255950425,0.1364507752573897,2.456484700377456,0,0,0,0,0,0,0,0,0,0,0,0,0,0,0,0,0,0,0,0,0,1,0,0,0,0,0,0,0,0
synthetic_CORS_5,synthetic_single,"[""CORS""]",0,1,240.35748329329564,0.0,0.0074619615978786195,326.61888296864635,4.548318168259856,0.17598615606341433,0.0,0.0,0.0,0.03354734436734991,0.0,0.026075869301949467,0.004491811984646991,0.051711180018674675,0.0,0.06715624942644817,0.18583487070619992,0.02015480631385322,0.0,0.0,0.0,0.0,0.0,0.045687535400189015,0.21350002472244584,0.0,0.0,0.02749256252295043,0.0,0.0,0.0,0.0,0.0,0.0,0.0,0.0,0.0,0.0,0.0,0.0,0.0,0.02847772917049047,0.008987495836740054,0.0,8.202750021629978,3.0191862715267272,0.07575018942698908,0.7254537549710769,0.037547140116465344,1.1489139466666667,0.49041698406544715,0.0,0.0,0.0,0.014511329955814754,0.0,0.0,0.0,,,,,,,,,,,,,,,,,,,,,,,,,,,,,,,311.51662843117646,0.0,0.0071441251289668835,0.0,0.022811163635905077,0.07209892337385349,2.063004680617582,0,0,0,0,0,0,0,0,0,0,0,0,0,0,0,0,0,0,0,0,0,1,0,0,0,0,0,0,0,0
synthetic_CORS_6,synthetic_single,"[""CORS""]",0,1,237.21582430779816,0.0,0.015033445402978192,905.9326372179501,4.582541783086841,0.07895152712466585,0.0,0.0,0.0,0.0714931886812016,0.018055076435708046,0.018931144895108,0.05772098567503406,0.2308042278377801,0.0,0.0014008111333146805,0.11182101210596547,0.0,0.0,0.0,0.0,0.0,0.0,0.04811566019260441,0.11022688939709098,0.0,0.0,0.005213270511315562,0.0,0.0,0.0,0.0,0.0,0.0,0.0,0.0,0.0,0.0,0.0,0.0,0.0,0.037956766173076854,0.014063701428061627,0.0,8.07105560070413,2.975215208862124,0.07743173434547157,1.3703647449895993,0.0726163405440266,1.0175320838185093,1.6399303172097803,0.0,0.0,0.0,0.0,0.0,0.0,0.0,,,,,,,,,,,,,,,,,,,,,,,,,,,,,,,341.98165378090806,0.0,0.01099723322584845,0.0,0.04963048939940748,0.16238065942982552,1.1591672813846357,0,0,0,0,0,0,0,0,0,0,0,0,0,0,0,0,0,0,0,0,0,1,0,0,0,0,0,0,0,0
synthetic_CORS_7,synthetic_single,"[""CORS""]",0,1,235.44583538997816,0.0,0.019124391015616183,816.6710458455307,4.549960191647515,0.0,0.0,0.0,0.0,0.004673807111974793,0.0,0.0,0.09893380350292819,0.10099048389811274,0.0,0.12490366445399426,0.15681101553103605,0.017028800261432345,0.0,0.0,0.0,0.0,0.0,0.0,0.24162689612807783,0.0,0.0,0.030189657960921205,0.0,0.0,0.0,0.0,0.0,0.0,0.0,0.0,0.0,0.0,0.0,0.0,0.0,0.005389841858661485,0.034578180819499954,0.0,8.182692316183859,3.0204194104530298,0.024472053614260064,0.8874140354617134,0.0,2.2102944706065015,1.035240507935665,0.0,0.0,0.0,0.02666043505079104,0.0,0.0,0.0,,,,,,,,,,,,,,,,,,,,,,,,,,,,,,,308.3917791446263,0.0,0.008234845349294466,0.0,0.02267117438198122,0.13900541283190576,0.15349025458879084,0,0,0,0,0,0,0,0,0,0,0,0,0,0,0,0,0,0,0,0,0,1,0,0,0,0,0,0,0,0
synthetic_CORS_8,synthetic_single,"[""CORS""]",0,1,225.3996120276793,0.0,0.02400206631972954,779.6811802033474,4.488424021872847,0.0,0.0,0.0,0.0,0.13134968475596268,0.013796741239625933,0.023380425303821215,0.027767310986849866,0.23530679653399833,0.0,0.0,0.052212282506376835,0.021583410941295067,0.0,0.0,0.0,0.0,0.0,0.0,0.2537572762183773,0.0,0.0,0.008875085951624822,0.0,0.0,0.0,0.0,0.0,0.0,0.0,0.0,0.0,0.0,0.0,0.0,0.0,0.0,0.006986495952463836,0.0,8.005169098171846,2.9857717416621377,0.02078833509824778,1.2552452438695842,0.051355967754633386,1.2701714577429635,0.0,0.0,0.0,0.01999353632333893,0.008938707983966569,0.0,0.0,0.0,,,,,,,,,,,,,,,,,,,,,,,,,,,,,,,300.9205931855709,0.0,0.0,0.0,0.05622740950474832,0.12222777449743556,0.668914720827598,0,0,0,0,0,0,0,0,0,0,0,0,0,0,0,0,0,0,0,0,0,1,0,0,0,0,0,0,0,0
synthetic_CORS_9,synthetic_single,"[""CORS""]",0,1,231.06665907009864,0.0,0.02100824868880657,395.84356626663936,4.4205391118714426,0.0649740087601813,0.0,0.0,0.0,0.1895108583448771,0.004309979495848458,0.0,0.03576610454534943,0.11750620885567595,0.0,0.11751330640839547,0.019078146888832685,0.021867785614573865,0.0,0.0,0.0,0.0,0.0,0.06646985018687246,0.15481653981899757,0.0,0.0,0.021421692985374982,0.0,0.0,0.0,0.0,0.0,0.0,0.0,0.0,0.0,0.0,0.0,0.0,0.0,0.001444049173339762,0.029270864027151115,0.0,8.229551497599589,3.0104093529510108,0.0,0.6490271261026228,0.0263380398527051,0.6714684709590328,1.0508364079563042,0.0,0.0,0.043387863842297245,0.031184716486561112,0.0,0.0,0.0,,,,,,,,,,,,,,,,,,,,,,,,,,,,,,,322.5787581533079,0.0,0.0054434299674121145,0.0,0.039199397404142806,0.09090357794689918,2.2464320898584864,0,0,0,0,0,0,0,0,0,0,0,0,0,0,0,0,0,0,0,0,0,1,0,0,0,0,0,0,0,0
synthetic_CORS_10,synthetic_single,"[""CORS""]",0,1,230.16632957513133,0.0,0.010801543947781366,5.514109188935777,4.454788645607741,0.23751339330654508,0.0,0.0,0.0,0.061497954869380506,0.053601835522963194,0.024162051511195416,0.10174936139387275,0.04835003217311206,0.0,0.05720744288395706,0.04129139500727665,0.012860919539083289,0.0,0.0,0.0,0.0,0.0,0.06147433564943374,0.22497005516248608,0.0,0.0,0.0,0.0,0.0,0.0,0.0,0.0,0.0,0.0,0.0,0.0,0.0,0.0,0.0,0.0,0.02848559017357212,0.024888389497579173,0.0,8.096344480338788,3.0239525089686112,0.03191271714311607,0.8101398636240822,0.0,1.4768836607329683,0.8200937446764054,0.0,0.0,0.027835908946859302,0.045393760385329336,0.0,0.0,0.0,,,,,,,,,,,,,,,,,,,,,,,,,,,,,,,293.0378234488762,0.0,0.0016409649831648325,0.0,0.023882517169386688,0.12622228535633745,1.1299443874057573,0,0,0,0,0,0,0,0,0,0,0,0,0,0,0,0,0,0,0,0,0,1,0,0,0,0,0,0,0,0
synthetic_CORS_11,synthetic_single,"[""CORS""]",0,1,240.55075950893462,0.0,0.023642658410415105,434.5646539331791,4.564774418675761,0.0015455401191491608,0.0,0.0,0.0,0.0,0.05546681364648566,0.0,0.022211356514220612,0.0,0.0,0.16101021925656192,0.0,0.018949867900602463,0.0,0.0,0.0,0.0,0.0,0.01956826114177118,0.16408840059729676,0.0,0.0,0.027976825899213367,0.0,0.0,0.0,0.0,0.0,0.0,0.0,0.0,0.0,0.0,0.0,0.0,0.0,0.027158771343791938,0.023267690600510857,0.0,8.235291386243977,3.005943860183474,0.020199455991542086,0.8954429268475878,0.05170471061106215,0.23155073580967733,0.8054253901961501,0.0,0.0,0.011214342650255053,0.014607359882103915,0.0,0.0,0.0,,,,,,,,,,,,,,,,,,,,,,,,,,,,,,,297.97606830835156,0.0,0.00651224441663523,0.0,0.019417158184071276,0.14709691904338923,2.343127881845385,0,0,0,0,0,0,0,0,0,0,0,0,0,0,0,0,0,0,0,0,0,1,0,0,0,0,0,0,0,0
synthetic_CORS_12,synthetic_single,"[""CORS""]",0,1,236.4546141859695,0.0,0.008260357084767567,1173.9061630561164,4.4845220270677615,0.08039627341618727,0.0,0.0,0.0,0.2928363747623244,0.08663651532666417,0.028606852485838927,0.02252541249487601,0.23929909862818932,0.0,0.013110510719040049,0.037338168966167415,0.008529984058247134,0.0,0.0,0.0,0.0,0.0,0.026789774583406187,0.2522290452041832,0.0,0.0,0.00016012221241110298,0.0,0.0,0.0,0.0,0.0,0.0,0.0,0.0,0.0,0.0,0.0,0.0,0.0,0.008340992851457806,0.004327374516385112,0.0,8.311157509145602,2.9979763137862996,0.06841676057382175,0.943240431381755,0.08067241080306696,3.073369704541842,0.5663098636068193,0.0,0.0,0.04070494103107704,0.013678703991475602,0.0,0.0,0.0,,,,,,,,,,,,,,,,,,,,,,,,,,,,,,,284.41390848276535,0.0,0.011951473974458263,0.0,0.01837536153103491,0.0934568957139415,1.0077303401072213,0,0,0,0,0,0,0,0,0,0,0,0,0,0,0,0,0,0,0,0,0,1,0,0,0,0,0,0,0,0
synthetic_CORS_13,synthetic_single,"[""CORS""]",0,1,241.65645664237562,0.0,0.019832258466476585,367.68980965131186,4.543550940889881,0.1960508096152273,0.0,0.0,0.0,0.06797520922465022,0.02789320661544713,0.04485317938702042,0.024275010358540766,0.07281193312647352,0.0,0.08211292965613819,0.0,0.015436845683220356,0.0,0.0,0.0,0.0,0.0,0.056907572304102864,0.2131807011618438,0.0,0.0,0.029389743659070933,0.0,0.0,0.0,0.0,0.0,0.0,0.0,0.0,0.0,0.0,0.0,0.0,0.0,0.021724954209442746,0.0,0.0,8.122265357187276,3.0202425309498038,0.02313570629159259,1.163161551224142,0.0900951132102237,3.3427242793226792,0.0,0.0,0.0,0.010300026557800192,0.008888289734768712,0.0,0.0,0.0,,,,,,,,,,,,,,,,,,,,,,,,,,,,,,,259.88842592100127,0.0,0.004679921690881585,0.0,0.008911169761513828,0.13995739715667072,0.2772101730559826,0,0,0,0,0,0,0,0,0,0,0,0,0,0,0,0,0,0,0,0,0,1,0,0,0,0,0,0,0,0
synthetic_CORS_14,synthetic_single,"[""CORS""]",0,1,235.69825867180518,0.0,0.019809224904061826,539.4784128060135,4.560392699359165,0.01409716294303539,0.0,0.0,0.0,0.20950594848064424,0.0012621264225991767,0.04481859317134951,0.061368543024060265,0.0,0.0,0.0,0.0,0.015953616610630827,0.0,0.0,0.0,0.0,0.0,0.07331697709761742,0.06592367033571875,0.0,0.0,0.014507326001627074,0.0,0.0,0.0,0.0,0.0,0.0,0.0,0.0,0.0,0.0,0.0,0.0,0.0,0.01929454427753188,0.0048486153648522115,0.0,8.406078248330768,3.024767682246824,0.022076350378570492,1.0077637141631868,0.02338057221692185,1.6281597200010556,0.585269437743643,0.0,0.0,0.049865890354018554,0.02456480988946568,0.0,0.0,0.0,,,,,,,,,,,,,,,,,,,,,,,,,,,,,,,328.92081651864686,0.0,0.0051094542758985196,0.0,0.027954059290608044,0.1518655104071335,0.0,0,0,0,0,0,0,0,0,0,0,0,0,0,0,0,0,0,0,0,0,0,1,0,0,0,0,0,0,0,0
synthetic_CORS_15,synthetic_single,"[""CORS""]",0,1,236.60873480100113,0.0,0.022826413472327396,882.1804515064332,4.446284052669284,0.0,0.0,0.0,0.0,0.16759771835965304,0.01349410074241228,0.010230425322587647,0.017371186807709407,0.0,0.0,0.0,0.05975261213687561,0.024627294454001792,0.0,0.0,0.0,0.0,0.0,0.062485988402436785,0.32768828996725674,0.0,0.0,0.0,0.0,0.0,0.0,0.0,0.0,0.0,0.0,0.0,0.0,0.0,0.0,0.0,0.0,0.008126951952525479,0.0,0.0,8.137861622033748,3.0208768851881707,0.021525056904808784,1.2575155920471879,0.03941750974755644,1.9948710966030403,0.303425369376002,0.0,0.0,0.04445591650067305,0.002928132583619108,0.0,0.0,0.0,,,,,,,,,,,,,,,,,,,,,,,,,,,,,,,320.17598869438143,0.0,0.005954390183395072,0.0,0.01382947659200395,0.1346575322065082,1.6739648571984456,0,0,0,0,0,0,0,0,0,0,0,0,0,0,0,0,0,0,0,0,0,1,0,0,0,0,0,0,0,0
synthetic_CORS_16,synthetic_single,"[""CORS""]",0,1,241.0357564514885,0.0,0.02216600580304148,296.9566333237102,4.480692790112682,0.10279802397271688,0.0,0.0,0.0,0.0,0.03842967207013303,0.0024928490578716433,0.05660337308057453,0.0,0.0,0.01204184729892601,0.08597861036657073,0.0009911216065558517,0.0,0.0,0.0,0.0,0.0,0.045590860007028465,0.21526498033879754,0.0,0.0,0.015266380000992213,0.0,0.0,0.0,0.0,0.0,0.0,0.0,0.0,0.0,0.0,0.0,0.0,0.0,0.01780521728392269,0.014162663342206927,0.0,8.20234816790508,3.027693755103765,0.0,0.9586664229360776,0.0,1.1284586513743942,0.17237592601836782,0.0,0.0,0.0242616047855755,0.0063519019875073,0.0,0.0,0.0,,,,,,,,,,,,,,,,,,,,,,,,,,,,,,,308.2001745150477,0.0,0.009353585512480396,0.0,0.018898980184095644,0.100360737081609,0.7159741494505021,0,0,0,0,0,0,0,0,0,0,0,0,0,0,0,0,0,0,0,0,0,1,0,0,0,0,0,0,0,0
synthetic_CORS_17,synthetic_single,"[""CORS""]",0,1,231.12446786434415,0.0,0.01522307894043158,51.485308613013785,4.5506394300655,0.08693737026751544,0.0,0.0,0.0,0.24876970160254822,0.04846644481360367,0.006247376213512026,0.0,0.007097652159898327,0.0,0.10861501874256625,0.10272453210038059,0.014741574816690375,0.0,0.0,0.0,0.0,0.0,0.062559923473235,0.23731607591972587,0.0,0.0,0.0037517640932569016,0.0,0.0,0.0,0.0,0.0,0.0,0.0,0.0,0.0,0.0,0.0,0.0,0.0,0.03593935717822994,0.009888089972818015,0.0,8.10739109950482,3.023132116857601,0.05125863430336103,1.1249238881776553,0.04547593064865091,1.5165012052324527,0.10483097199220004,0.0,0.0,0.0,0.02726286460511755,0.0,0.0,0.0,,,,,,,,,,,,,,,,,,,,,,,,,,,,,,,271.5030364364443,0.0,0.002377160887505787,0.0,0.05093847536023817,0.12155570608913846,2.5970053899113625,0,0,0,0,0,0,0,0,0,0,0,0,0,0,0,0,0,0,0,0,0,1,0,0,0,0,0,0,0,0
synthetic_CORS_18,synthetic_single,"[""CORS""]",0,1,220.43380832359992,0.0,0.03286262888950798,1364.0526060374968,4.564031330995489,0.0,0.0,0.0,0.0,0.14723116902437128,0.05115472512901467,0.01414240822430756,0.12119955322917554,0.18030018653591953,0.0,0.0,0.0,0.02363835902303478,0.0,0.0,0.0,0.0,0.0,0.011354151909389546,0.20521041287514705,0.0,0.0,0.0,0.0,0.0,0.0,0.0,0.0,0.0,0.0,0.0,0.0,0.0,0.0,0.0,0.0,0.030108588456207827,0.013570434580401934,0.0,8.05003859777911,3.0124005202558806,0.010571582657142111,1.128481752037132,0.00046322277731328243,1.9595846489740731,0.7822360064483492,0.0,0.0,0.0,0.023862492120381065,0.0,0.0,0.0,,,,,,,,,,,,,,,,,,,,,,,,,,,,,,,291.2776969458722,0.0,0.0029058269807461447,0.0,0.02215516621887435,0.09495062963269274,0.0,0,0,0,0,0,0,0,0,0,0,0,0,0,0,0,0,0,0,0,0,0,1,0,0,0,0,0,0,0,0
synthetic_CORS_19,synthetic_single,"[""CORS""]",0,1,221.6049375986924,0.0,0.022946062892596025,846.7748205052112,4.577682096529045,0.08789419408833131,0.0,0.0,0.0,0.18681134456710904,0.026955513370095725,0.0035501881679706367,0.027089136371846314,0.1171280820839331,0.0,0.12204679488886011,0.07697126128993431,0.028474747321741586,0.0,0.0,0.0,0.0,0.0,0.0370910377064319,0.1555719204059191,0.0,0.0,0.008699321512482042,0.0,0.0,0.0,0.0,0.0,0.0,0.0,0.0,0.0,0.0,0.0,0.0,0.0,0.0,0.0022100290930816505,0.0,8.243164748623492,2.991176901466511,0.0623784010740325,0.9768179327177319,0.0,1.9777199517476187,1.0980751933002573,0.0,0.0,0.03831591005607535,0.01403500139160963,0.0,0.0,0.0,,,,,,,,,,,,,,,,,,,,,,,,,,,,,,,269.040947553238,0.0,0.010461270365196333,0.0,0.023650404203775663,0.09128895094026523,2.853492331675499,0,0,0,0,0,0,0,0,0,0,0,0,0,0,0,0,0,0,0,0,0,1,0,0,0,0,0,0,0,0
synthetic_CSRF_0,synthetic_single,"[""CSRF""]",0,1,197.97196604217189,0.0,0.0023117613940062077,173.18751676354302,4.370767198066521,1.4803893821205495e-05,0.0,0.0,0.0,0.0,0.004257346195327727,0.0,0.0,0.040934210946187995,0.0,0.013609975025340572,0.020727632818873982,0.005223635541330076,0.0,0.0,0.0,0.0,0.0,0.01336946892414085,0.0,0.0,0.0,0.0,0.0,0.0,0.0,0.0,0.0,0.0,0.0,0.0,0.0,0.0,0.0,0.0,0.0,0.0,0.0020079016916728695,0.0,8.007853149763966,3.0100567294572462,0.0,0.6371437477674904,0.0,1.6066980935564634,0.03512935377417353,0.0,0.0,0.006916007173391151,0.0,0.0,0.0,0.0,,,,,,,,,,,,,,,,,,,,,,,,,,,,,,,495.27294900180846,0.0,0.0006572085441005402,0.0,0.0,0.47670099086425316,0.15919826022106026,0,0,0,0,0,0,0,0,0,0,0,0,0,0,0,0,0,0,0,0,0,0,1,0,0,0,0,0,0,0
synthetic_CSRF_1,synthetic_single,"[""CSRF""]",0,1,211.8344667884233,0.0,0.004526868107257646,0.0,4.368938102782856,0.0,0.0,0.0,0.0,0.0,0.0,0.0,0.0,0.010726126985097844,0.0,0.02011231425177312,0.030411657296776768,0.0,0.0,0.0,0.0,0.0,0.0,0.006397525093610825,0.0,0.0,0.0,0.002831518654676502,0.0,0.0,0.0,0.0,0.0,0.0,0.0,0.0,0.0,0.0,0.0,0.0,0.0,0.004178634418590477,0.0,0.0,7.980065441525162,2.9950153424014743,0.0,1.0906432475573293,0.0,2.5180684955888544,0.08097200158820872,0.0,0.0,0.0,1.9297660749706036e-05,0.0,0.0,0.0,,,,,,,,,,,,,,,,,,,,,,,,,,,,,,,495.1825120225049,0.0,0.00014522228781549027,0.0,0.007676597621594259,0.29349280493839797,0.08511199877267986,0,0,0,0,0,0,0,0,0,0,0,0,0,0,0,0,0,0,0,0,0,0,1,0,0,0,0,0,0,0
synthetic_CSRF_2,synthetic_single,"[""CSRF""]",0,1,201.28087429901214,0.0,0.010979770804381022,0.0,4.390827513111007,0.0,0.0,0.0,0.0,0.016685403016676037,0.0,0.0016150555779784312,0.00434506470321848,0.00428334131634916,0.0,0.01528111355805681,0.0,0.0,0.0,0.0,0.0,0.0,0.0,0.007482167410778462,0.026230133618955136,0.0,0.0,0.002399657407373969,0.0,0.0,0.0,0.0,0.0,0.0,0.0,0.0,0.0,0.0,0.0,0.0,0.0,0.0,0.01646642320142977,0.0,8.016520822481374,3.005803472430208,0.006868740533826392,0.04216641682635824,0.007825020371029947,0.0,0.1774475643358416,0.0,0.0,0.009239668965091354,0.005500386839017625,0.0,0.0,0.0,,,,,,,,,,,,,,,,,,,,,,,,,,,,,,,494.5712808316989,0.0,0.002994015313008908,0.0,0.0,0.47254469194799403,0.684016616104668,0,0,0,0,0,0,0,0,0,0,0,0,0,0,0,0,0,0,0,0,0,0,1,0,0,0,0,0,0,0
synthetic_CSRF_3,synthetic_single,"[""CSRF""]",0,1,193.00319591471276,0.0,0.006930989430500779,116.62768584052021,4.393724276945386,0.0,0.0,0.0,0.0,0.03551757420448086,0.0,0.005972305165305933,0.0034987623270256894,0.05126860406947819,0.0,0.0006472014888190155,0.0,0.00030989846603008797,0.0,0.0,0.0,0.0,0.0,0.01321296397220735,0.0,0.0,0.0,0.00768157286898504,0.0,0.0,0.0,0.0,0.0,0.0,0.0,0.0,0.0,0.0,0.0,0.0,0.0,0.0,0.0,0.0,7.960407113132766,2.994618286614812,0.0,0.8292228616957081,0.005276736104135114,1.6956299424019945,0.0,0.0,0.0,0.0005846954239476776,0.006834662662404621,0.0,0.0,0.0,,,,,,,,,,,,,,,,,,,,,,,,,,,,,,,491.3524164221819,0.0,0.0,0.0,0.007575442622395711,0.4845547913132195,0.18311961838195434,0,0,0,0,0,0,0,0,0,0,0,0,0,0,0,0,0,0,0,0,0,0,1,0,0,0,0,0,0,0
synthetic_CSRF_4,synthetic_single,"[""CSRF""]",0,1,207.03248340578276,0.0,0.008825637210331475,221.3800677909012,4.395343293161199,0.0,0.0,0.0,0.0,0.004115126010007331,0.0,0.01028820090334442,0.008373422533438955,0.015627621104439725,0.0,0.01770802021349404,0.0013352093761019343,0.0,0.0,0.0,0.0,0.0,0.0,0.020304567021735668,0.02710563183609461,0.0,0.0,0.0019288607274603466,0.0,0.0,0.0,0.0,0.0,0.0,0.0,0.0,0.0,0.0,0.0,0.0,0.0,0.0,0.0,0.0,8.04188031034692,2.9951850987746647,0.006896607546954034,0.16820916421154253,0.03031539602099092,0.0,0.06103337021501105,0.0,0.0,0.0,0.0,0.0,0.0,0.0,,,,,,,,,,,,,,,,,,,,,,,,,,,,,,,502.86207594561125,0.0,0.0,0.0,0.0,0.46874799060981237,0.6209089536005724,0,0,0,0,0,0,0,0,0,0,0,0,0,0,0,0,0,0,0,0,0,0,1,0,0,0,0,0,0,0
synthetic_CSRF_5,synthetic_single,"[""CSRF""]",0,1,195.94054860422497,0.0,0.0061807576436020036,24.706071881627935,4.444504776212549,0.0,0.0,0.0,0.0,0.0,0.0,0.0,0.016333538638097996,0.0,0.0,0.0,0.0,0.0,0.0,0.0,0.0,0.0,0.0,0.0,0.0,0.0,0.0,0.0,0.0,0.0,0.0,0.0,0.0,0.0,0.0,0.0,0.0,0.0,0.0,0.0,0.0,0.001797312207163644,7.565169694236001e-05,0.0,8.027304834906753,2.9932894563246766,0.0,1.1181352099955355,0.0124978352341317,2.15726409678881,0.13602604510134092,0.0,0.0,0.00230858634529388,0.006115552900450336,0.0,0.0,0.0,,,,,,,,,,,,,,,,,,,,,,,,,,,,,,,492.3810895942909,0.0,0.0,0.0,0.0,0.46752085848290986,0.4591217346803348,0,0,0,0,0,0,0,0,0,0,0,0,0,0,0,0,0,0,0,0,0,0,1,0,0,0,0,0,0,0
synthetic_CSRF_6,synthetic_single,"[""CSRF""]",0,1,201.51376446904973,0.0,0.007705973531848815,0.0,4.4440534313826605,0.006567922170242696,0.0,0.0,0.0,0.006253794167442708,2.471227916602336e-06,0.0,0.0,0.0,0.0,0.0,0.02263254147183798,0.005678279343702919,0.0,0.0,0.0,0.0,0.0,0.0,0.01795678301261286,0.0,0.0,0.0008970310712526088,0.0,0.0,0.0,0.0,0.0,0.0,0.0,0.0,0.0,0.0,0.0,0.0,0.0,0.003293251111820552,0.0,0.0,8.051855430907272,2.999748774815765,0.0,0.0,0.0,0.0,0.11789955304149836,0.0,0.0,0.0,0.0,0.0,0.0,0.0,,,,,,,,,,,,,,,,,,,,,,,,,,,,,,,489.8798310712491,0.0,0.0,0.0,0.0,0.47607329644074503,1.2896351412181404,0,0,0,0,0,0,0,0,0,0,0,0,0,0,0,0,0,0,0,0,0,0,1,0,0,0,0,0,0,0
synthetic_CSRF_7,synthetic_single,"[""CSRF""]",0,1,199.6322423754016,0.0,0.0062645881758805685,175.8004800171687,4.400990719822578,0.0,0.0,0.0,0.0,0.0,0.0034181732910303028,0.0,0.005199177520226038,0.0,0.0,0.0,0.0,0.0,0.0,0.0,0.0,0.0,0.0,0.0,0.0,0.0,0.0,0.0,0.0,0.0,0.0,0.0,0.0,0.0,0.0,0.0,0.0,0.0,0.0,0.0,0.0,0.0022509260962668364,0.0,0.0,8.049471213113227,2.9970732840014236,0.0,1.194996028683873,0.009994598206534472,2.364052065914557,0.0,0.0,0.0,0.005758581226903018,0.0,0.0,0.0,0.0,,,,,,,,,,,,,,,,,,,,,,,,,,,,,,,486.07488884607005,0.0,0.0010487935956502625,0.0,0.010628719002994017,0.4720164536914547,0.22950430180499987,0,0,0,0,0,0,0,0,0,0,0,0,0,0,0,0,0,0,0,0,0,0,1,0,0,0,0,0,0,0
synthetic_CSRF_8,synthetic_single,"[""CSRF""]",0,1,203.29146646143354,0.0,0.011603188953496896,57.06737464564761,4.284273907833863,0.0,0.0,0.0,0.0,0.0,0.004609010256121547,0.0,0.0,0.0,0.0,0.02577327679378304,0.0,0.0,0.0,0.0,0.0,0.0,0.0,0.004149716523837235,0.00043291728811195953,0.0,0.0,0.0,0.0,0.0,0.0,0.0,0.0,0.0,0.0,0.0,0.0,0.0,0.0,0.0,0.0,0.0,0.0011313974608871797,0.0,7.989823987839243,2.9957157050293004,0.0010531492904245646,0.0,0.021196615502273055,0.0,0.0,0.0,0.0,0.0,0.0,0.0,0.0,0.0,,,,,,,,,,,,,,,,,,,,,,,,,,,,,,,474.3173464825454,0.0,0.0,0.0,0.0054793028317871514,0.2605712560956645,0.5681025770248402,0,0,0,0,0,0,0,0,0,0,0,0,0,0,0,0,0,0,0,0,0,0,1,0,0,0,0,0,0,0
synthetic_CSRF_9,synthetic_single,"[""CSRF""]",0,1,194.999355261772,0.0,0.012324147556046976,123.64867810384706,4.427119436196,0.00129178465263529,0.0,0.0,0.0,0.014690203267779567,0.01316736434899859,0.0,0.0043768629417082865,0.0,0.0,0.03081707771482135,0.0,0.0,0.0,0.0,0.0,0.0,0.0,0.004063841767808076,0.0,0.0,0.0,0.0052905008286394176,0.0,0.0,0.0,0.0,0.0,0.0,0.0,0.0,0.0,0.0,0.0,0.0,0.0,0.0,0.0023125197994119384,0.0,7.982986641823202,3.001014065342629,0.0,0.04075670351197663,0.013348909543653132,0.20216017528988467,0.0,0.0,0.0,0.007002873982488395,0.0,0.0,0.0,0.0,,,,,,,,,,,,,,,,,,,,,,,,,,,,,,,492.4467358530038,0.0,0.0025667175528196143,0.0,0.0,0.46457046867805435,0.4695141189480739,0,0,0,0,0,0,0,0,0,0,0,0,0,0,0,0,0,0,0,0,0,0,1,0,0,0,0,0,0,0
synthetic_CSRF_10,synthetic_single,"[""CSRF""]",0,1,202.44986766067348,0.0,0.010851737513829932,0.0,4.356099965111205,0.026737237949198567,0.0,0.0,0.0,0.009459438227306332,0.0,0.0,0.009417972084420492,0.0,0.0,0.005163487016331095,0.005329700712429034,0.0,0.0,0.0,0.0,0.0,0.0,0.0,0.0,0.0,0.0,0.0,0.0,0.0,0.0,0.0,0.0,0.0,0.0,0.0,0.0,0.0,0.0,0.0,0.0,1.3134754263542595e-05,0.0,0.0,8.002857683412495,2.9946711650807827,0.0007450598858032314,0.003214280452734066,0.0,0.18743972962486818,0.1290948234319306,0.0,0.0,0.0,0.0,0.0,0.0,0.0,,,,,,,,,,,,,,,,,,,,,,,,,,,,,,,508.43669969005333,0.0,0.0010481272740752116,0.0,0.01421387812668529,0.2212655234468976,1.2603851840794587,0,0,0,0,0,0,0,0,0,0,0,0,0,0,0,0,0,0,0,0,0,0,1,0,0,0,0,0,0,0
synthetic_CSRF_11,synthetic_single,"[""CSRF""]",0,1,197.39625995153895,0.0,0.005569135517308306,316.59929206151935,4.3961982923355665,0.0,0.0,0.0,0.0,0.035791917196971314,0.0,0.009084563345034194,0.0,0.04252249091092759,0.0,0.0035937534409187476,0.0,0.0,0.0,0.0,0.0,0.0,0.0,0.000295446287305677,0.0,0.0,0.0,0.0,0.0,0.0,0.0,0.0,0.0,0.0,0.0,0.0,0.0,0.0,0.0,0.0,0.0,0.0,0.009493913843720158,0.0,7.979982486458107,3.0091312093322933,0.010098047760982082,0.6354049395433415,0.015076525360049489,1.6199985467863005,0.10357086224353079,0.0,0.0,0.00015075337492143068,0.009500163219589861,0.0,0.0,0.0,,,,,,,,,,,,,,,,,,,,,,,,,,,,,,,478.0114758958888,0.0,0.0,0.0,0.0,0.4781160447205839,0.32698320698760097,0,0,0,0,0,0,0,0,0,0,0,0,0,0,0,0,0,0,0,0,0,0,1,0,0,0,0,0,0,0
synthetic_CSRF_12,synthetic_single,"[""CSRF""]",0,1,208.06716224859164,0.0,0.010676419755577949,193.3878559894747,4.297855158377791,0.03698031425802216,0.0,0.0,0.0,0.0,0.0,0.0,0.0,0.020747400634142796,0.0,0.024536007917422845,0.0,0.004855555539626259,0.0,0.0,0.0,0.0,0.0,0.0,0.0,0.0,0.0,0.0,0.0,0.0,0.0,0.0,0.0,0.0,0.0,0.0,0.0,0.0,0.0,0.0,0.0,0.0017265491619063947,0.0,0.0,8.039527060151169,2.9878339856712253,0.0030150192014771907,0.02437934820783849,0.004112154893394475,0.2643513330397749,0.10921080657028356,0.0,0.0,0.0,0.0,0.0,0.0,0.0,,,,,,,,,,,,,,,,,,,,,,,,,,,,,,,488.54321410601574,0.0,0.0017044270988432698,0.0,0.0,0.24357825187322693,0.5015633682617331,0,0,0,0,0,0,0,0,0,0,0,0,0,0,0,0,0,0,0,0,0,0,1,0,0,0,0,0,0,0
synthetic_CSRF_13,synthetic_single,"[""CSRF""]",0,1,196.96102511593318,0.0,0.004446905846846244,198.02519766522278,4.463816014557582,0.011643229330168025,0.0,0.0,0.0,0.023599661427764266,0.0,0.0,0.005686449017770888,0.0030362928500539442,0.0,0.029261797584898816,0.0,0.0,0.0,0.0,0.0,0.0,0.0,0.017814611695665675,0.0,0.0,0.0,0.01583789377439085,0.0,0.0,0.0,0.0,0.0,0.0,0.0,0.0,0.0,0.0,0.0,0.0,0.0,0.0,0.001195854254085368,0.0,8.044406925774314,2.9968832534901555,0.013599917943399906,1.2137381949785726,0.0,2.2180730913678177,0.0,0.0,0.0,0.0,0.005137309180804859,0.0,0.0,0.0,,,,,,,,,,,,,,,,,,,,,,,,,,,,,,,484.3250194935686,0.0,0.0,0.0,0.006502432629545043,0.46937422458835365,1.1667782516108227,0,0,0,0,0,0,0,0,0,0,0,0,0,0,0,0,0,0,0,0,0,0,1,0,0,0,0,0,0,0
synthetic_CSRF_14,synthetic_single,"[""CSRF""]",0,1,191.5183235146685,0.0,0.007530435013384004,145.1123890857432,4.338898920997636,0.004680489744841716,0.0,0.0,0.0,0.1022890091407573,0.0,0.0,0.0,0.0,0.0,0.0,0.06008160942073422,0.01967013079091644,0.0,0.0,0.0,0.0,0.0,0.003392413287693337,0.0,0.0,0.0,0.0015537642847566968,0.0,0.0,0.0,0.0,0.0,0.0,0.0,0.0,0.0,0.0,0.0,0.0,0.0,0.001214239423427581,0.0,0.0,8.052679175990782,2.9973589636702487,0.0,1.0496519829151776,0.01575191781402785,2.0556502599787727,0.18143828595861086,0.0,0.0,0.0027252215745793068,0.0,0.0,0.0,0.0,,,,,,,,,,,,,,,,,,,,,,,,,,,,,,,494.89206843874285,0.0,0.0,0.0,0.0,0.24825016241615658,0.0,0,0,0,0,0,0,0,0,0,0,0,0,0,0,0,0,0,0,0,0,0,0,1,0,0,0,0,0,0,0
synthetic_CSRF_15,synthetic_single,"[""CSRF""]",0,1,196.24740900602094,0.0,0.004127156078356257,244.44785267488177,4.446111556443014,0.005966887811537148,0.0,0.0,0.0,0.0,0.0,0.004342289320071172,0.008658338854895241,0.0,0.0,0.0,0.0,0.0003700798486575337,0.0,0.0,0.0,0.0,0.0,0.0011494784330427928,0.015431021941969082,0.0,0.0,0.001197782585103935,0.0,0.0,0.0,0.0,0.0,0.0,0.0,0.0,0.0,0.0,0.0,0.0,0.0,0.0,0.0,0.0,7.931134956544162,3.0043610615766174,0.0,1.1946460882361494,0.004041372079839683,1.9911675435837768,0.08272734857907477,0.0,0.0,0.0,0.0020212513777032384,0.0,0.0,0.0,,,,,,,,,,,,,,,,,,,,,,,,,,,,,,,503.9505196784128,0.0,0.0004571775426701516,0.0,0.0,0.46935671317654243,0.2952567207768967,0,0,0,0,0,0,0,0,0,0,0,0,0,0,0,0,0,0,0,0,0,0,1,0,0,0,0,0,0,0
synthetic_RateLimit_0,synthetic_single,"[""RateLimit""]",0,1,240.92173409215934,0.0,0.03378848344917887,383.13835614395435,4.593748143813573,0.16586208251839463,0.0,0.0,0.0,0.056419244967700635,0.008811502515963656,0.027472977343489725,0.0,0.03366873144728615,0.0,0.0,0.007783371657313097,0.0003392488162896404,0.0,0.0,0.0,0.0,0.0,0.024838201396459127,0.14485448145752441,0.0,0.0,0.0,0.0,0.0,0.0,0.0,0.0,0.0,0.0,0.0,0.0,0.0,0.0,0.0,0.0,0.04623845726199554,0.02946881530477978,0.0,8.014384111384265,3.0422654187567573,0.01401099266746853,1.2538380076141837,0.05861795892702112,2.2107511202934793,0.884057849827944,0.0,0.0,0.0,0.011100065378363121,0.0,0.0,0.0,,,,,,,,,,,,,,,,,,,,,,,,,,,,,,,308.59668197684437,0.0,0.012367461260497273,0.0,0.0279836679046579,0.1435313347509978,1.4711633748549988,0,0,0,0,0,0,0,0,0,0,0,0,0,0,0,0,0,0,0,0,0,0,0,1,0,0,0,0,0,0
synthetic_RateLimit_1,synthetic_single,"[""RateLimit""]",0,1,225.77194240772226,0.0,0.01556437020934582,1196.6254305181812,4.515872534828175,0.03938772478313445,0.0,0.0,0.0,0.21344125159021338,0.0,0.023948444227639525,0.0,0.0786491621750761,0.0,0.0,0.17051990075381734,0.016232365563334423,0.0,0.0,0.0,0.0,0.0,0.012936990658455168,0.21743731638598296,0.0,0.0,0.016072593402492074,0.0,0.0,0.0,0.0,0.0,0.0,0.0,0.0,0.0,0.0,0.0,0.0,0.0,0.014952022871204331,0.03338672576619753,0.0,8.264203986144429,2.9955793697864928,0.03703806846606438,1.0462493844882625,0.13184782382852173,2.3286291323144277,0.39432394146415267,0.0,0.0,0.011997065561957483,0.006937394337450977,0.0,0.0,0.0,,,,,,,,,,,,,,,,,,,,,,,,,,,,,,,231.1484624242246,0.0,0.020223266062988215,0.0,0.03340951315348457,0.12028243831006939,0.8522611385269241,0,0,0,0,0,0,0,0,0,0,0,0,0,0,0,0,0,0,0,0,0,0,0,1,0,0,0,0,0,0
synthetic_RateLimit_2,synthetic_single,"[""RateLimit""]",0,1,216.52124380269427,0.0,0.02687732976918899,243.03960548579823,4.437026909113319,0.10772224581767303,0.0,0.0,0.0,0.0,0.0,0.035605143222699455,0.0,0.15274123690886796,0.0,0.0,0.17983393131552938,0.045599067351584116,0.0,0.0,0.0,0.0,0.0,0.09979035111795401,0.22371259526363765,0.0,0.0,0.01875015483944942,0.0,0.0,0.0,0.0,0.0,0.0,0.0,0.0,0.0,0.0,0.0,0.0,0.0,0.006519025076084566,0.031455468603975176,0.0,8.336920056489804,3.0126313403873053,0.03971214769921711,0.8774122725376795,0.01632463352693992,1.0988680845296381,1.196105497337616,0.0,0.0,0.02555369331076185,0.02962290954142658,0.0,0.0,0.0,,,,,,,,,,,,,,,,,,,,,,,,,,,,,,,277.7078450932239,0.0,0.010144122772317988,0.0,0.0,0.14949980486086922,1.4187396908137597,0,0,0,0,0,0,0,0,0,0,0,0,0,0,0,0,0,0,0,0,0,0,0,1,0,0,0,0,0,0
synthetic_RateLimit_3,synthetic_single,"[""RateLimit""]",0,1,240.62965915443309,0.0,0.03457954632852431,259.49118206289666,4.582685041895031,0.042435830085043875,0.0,0.0,0.0,0.12351531295548199,0.0,0.018462306664290433,0.022051529551213422,0.017219690967689535,0.0,0.0,0.1857707112922897,0.010128760376275515,0.0,0.0,0.0,0.0,0.0,0.07888593415107269,0.22107887577122046,0.0,0.0,0.0,0.0,0.0,0.0,0.0,0.0,0.0,0.0,0.0,0.0,0.0,0.0,0.0,0.0,0.00630800070254821,0.0,0.0,8.257654643361388,2.9966922655807027,0.055826839852107055,0.9223351782210213,0.0,2.2969467759858104,0.5261207166415797,0.0,0.0,0.03465371103841608,0.021052407265088682,0.0,0.0,0.0,,,,,,,,,,,,,,,,,,,,,,,,,,,,,,,279.48248805504045,0.0,0.00548271295961841,0.0,0.05448430799354406,0.10792744085956484,2.3373880964376106,0,0,0,0,0,0,0,0,0,0,0,0,0,0,0,0,0,0,0,0,0,0,0,1,0,0,0,0,0,0
synthetic_RateLimit_4,synthetic_single,"[""RateLimit""]",0,1,229.9235512131727,0.0,0.008898942956047365,1063.212833468086,4.501686880190762,0.12475942657575403,0.0,0.0,0.0,0.0,0.005890991428754721,0.0,0.018782751482424632,0.14752746336070752,0.0,0.027141404526511016,0.0,0.0034442083465107444,0.0,0.0,0.0,0.0,0.0,0.01208077453070399,0.22156058995863542,0.0,0.0,0.0,0.0,0.0,0.0,0.0,0.0,0.0,0.0,0.0,0.0,0.0,0.0,0.0,0.0,0.008696089922329765,0.0359214302984301,0.0,8.286560351689994,3.0308907288918068,0.07323452110442719,0.9987661962727291,0.07905926123672051,1.1815174426599442,0.7129890231251421,0.0,0.0,0.002507451426147911,0.0,0.0,0.0,0.0,,,,,,,,,,,,,,,,,,,,,,,,,,,,,,,314.8437455595275,0.0,0.012335695097932116,0.0,0.026428202040384006,0.16077458221640167,2.858917443661534,0,0,0,0,0,0,0,0,0,0,0,0,0,0,0,0,0,0,0,0,0,0,0,1,0,0,0,0,0,0
synthetic_RateLimit_5,synthetic_single,"[""RateLimit""]",0,1,246.5842338361616,0.0,0.016279645391043707,155.32201432698287,4.453118490143813,0.0,0.0,0.0,0.0,0.0,0.025425481764015292,0.020965704359494033,0.03887010154126448,0.025787660518787205,0.0,0.0787788289038322,0.06666722506601964,0.023063417932484658,0.0,0.0,0.0,0.0,0.0,0.007920449645626847,0.1421773691892045,0.0,0.0,0.021067015394642473,0.0,0.0,0.0,0.0,0.0,0.0,0.0,0.0,0.0,0.0,0.0,0.0,0.0,0.0046879508290673215,0.04661123481102334,0.0,8.206343846096045,3.0504764915144142,0.04900244755764646,1.0711060318292267,0.031144992425598147,2.1985449233788263,0.42210174596525446,0.0,0.0,0.009030763067490885,0.0,0.0,0.0,0.0,,,,,,,,,,,,,,,,,,,,,,,,,,,,,,,303.2849347295165,0.0,0.0,0.0,0.03432342338094364,0.06650802254787128,1.246309572820718,0,0,0,0,0,0,0,0,0,0,0,0,0,0,0,0,0,0,0,0,0,0,0,1,0,0,0,0,0,0
synthetic_RateLimit_6,synthetic_single,"[""RateLimit""]",0,1,244.27270487198487,0.0,0.03191398037890042,952.4295659171698,4.54403268301324,0.05599461595018609,0.0,0.0,0.0,0.20356634658502984,0.06287942752181935,0.0,0.007951685881651568,0.0817264659451681,0.0,0.0,0.2624094598230281,0.01332818591333674,0.0,0.0,0.0,0.0,0.0,0.018546346835718725,0.21120664399954525,0.0,0.0,0.020543570795248718,0.0,0.0,0.0,0.0,0.0,0.0,0.0,0.0,0.0,0.0,0.0,0.0,0.0,0.035685834158916914,0.0026316464742011138,0.0,8.000361310601894,3.010107677816345,0.0,1.0503291893059217,0.0,1.6956836958374557,0.41654133510810354,0.0,0.0,0.0,0.0039316267285717365,0.0,0.0,0.0,,,,,,,,,,,,,,,,,,,,,,,,,,,,,,,297.6690646773183,0.0,0.015987249467306317,0.0,0.005424189559355849,0.12003476412603865,0.9483932523959846,0,0,0,0,0,0,0,0,0,0,0,0,0,0,0,0,0,0,0,0,0,0,0,1,0,0,0,0,0,0
synthetic_RateLimit_7,synthetic_single,"[""RateLimit""]",0,1,235.0437716210461,0.0,0.011890510726206295,960.8847515787386,4.570482493234689,0.1069493996050574,0.0,0.0,0.0,0.05145501209275831,0.027862326679948188,0.0,0.07473380688596265,0.08490703173823748,0.0,0.0,0.014664754564465594,0.0,0.0,0.0,0.0,0.0,0.0,0.09055314274765974,0.22683242309737553,0.0,0.0,0.0,0.0,0.0,0.0,0.0,0.0,0.0,0.0,0.0,0.0,0.0,0.0,0.0,0.0,0.013913118294545257,0.028343394086061187,0.0,8.159353035888529,2.97811391266416,0.04882836713034154,1.1967235706468362,0.07382237073667858,1.1284893934331575,0.8319052818629514,0.0,0.0,0.034831367613145606,0.0,0.0,0.0,0.0,,,,,,,,,,,,,,,,,,,,,,,,,,,,,,,279.5043077804906,0.0,0.010275947444513427,0.0,0.051732331727615724,0.09741008678094687,1.941569750626935,0,0,0,0,0,0,0,0,0,0,0,0,0,0,0,0,0,0,0,0,0,0,0,1,0,0,0,0,0,0
synthetic_RateLimit_8,synthetic_single,"[""RateLimit""]",0,1,231.09983663258743,0.0,0.030812447754460973,98.66883132510344,4.552244850447504,0.0,0.0,0.0,0.0,0.16309748011412473,0.0681707576424817,0.03164780189142501,0.0,0.023414980846868272,0.0,0.07497407892372354,0.048912744811284874,0.004263248503553217,0.0,0.0,0.0,0.0,0.0,0.01625953455790119,0.09364897788517212,0.0,0.0,0.03347666306613074,0.0,0.0,0.0,0.0,0.0,0.0,0.0,0.0,0.0,0.0,0.0,0.0,0.0,0.01347955654178481,0.05570176317983829,0.0,8.151499988721476,3.0169476100397685,0.0,1.0806586417496902,0.05190049237276664,1.1269811927759386,0.7191449421101305,0.0,0.0,0.0,0.0,0.0,0.0,0.0,,,,,,,,,,,,,,,,,,,,,,,,,,,,,,,334.96440106137896,0.0,0.003759543389036338,0.0,0.006988987454193685,0.13816555559131907,1.525478957510476,0,0,0,0,0,0,0,0,0,0,0,0,0,0,0,0,0,0,0,0,0,0,0,1,0,0,0,0,0,0
synthetic_RateLimit_9,synthetic_single,"[""RateLimit""]",0,1,250.16453130063024,0.0,0.020607368096171214,304.0850893909553,4.6033861799384646,0.0,0.0,0.0,0.0,0.3909435418694348,0.009703583703894,0.0,0.03580577480141917,0.0,0.0,0.08494280805265506,0.14111903958096955,0.0,0.0,0.0,0.0,0.0,0.0,0.02039313180209319,0.2542076659351724,0.0,0.0,0.032743453974656785,0.0,0.0,0.0,0.0,0.0,0.0,0.0,0.0,0.0,0.0,0.0,0.0,0.0,0.0,0.02205687277104936,0.0,8.076013657159939,3.0039458285368177,0.05898667014850546,0.7560552932234905,0.08478782234338128,2.0293088640225387,1.047346735513267,0.0,0.0,0.006665687935905587,0.0,0.0,0.0,0.0,,,,,,,,,,,,,,,,,,,,,,,,,,,,,,,282.48922755344995,0.0,0.006769557046336255,0.0,0.03095655187157014,0.14902512708775975,1.4286540907636123,0,0,0,0,0,0,0,0,0,0,0,0,0,0,0,0,0,0,0,0,0,0,0,1,0,0,0,0,0,0
synthetic_RateLimit_10,synthetic_single,"[""RateLimit""]",0,1,241.67039690160834,0.0,0.022818203422128806,559.9337160791199,4.57885742376658,0.08969670581035791,0.0,0.0,0.0,0.18996837848291115,0.025922343570776652,0.015930510914894343,0.025279531354817846,0.016721620680768462,0.0,0.12819995741541648,0.1837345590073587,0.01802374262708869,0.0,0.0,0.0,0.0,0.0,0.0,0.2286698997972923,0.0,0.0,0.0062724953124382735,0.0,0.0,0.0,0.0,0.0,0.0,0.0,0.0,0.0,0.0,0.0,0.0,0.0,0.0,0.0,0.0,8.309545265479114,2.985130471291302,0.0,0.8410309730362953,0.0,2.8383406176295622,0.6629106574779785,0.0,0.0,0.012654312338848945,0.009153802976863738,0.0,0.0,0.0,,,,,,,,,,,,,,,,,,,,,,,,,,,,,,,312.298716536893,0.0,0.006589883576413588,0.0,0.01838494169778325,0.17227740377104228,1.318275394949323,0,0,0,0,0,0,0,0,0,0,0,0,0,0,0,0,0,0,0,0,0,0,0,1,0,0,0,0,0,0
synthetic_RateLimit_11,synthetic_single,"[""RateLimit""]",0,1,236.92112476472744,0.0,0.01848855047203571,658.3547386425266,4.458236947215392,0.11375329854474321,0.0,0.0,0.0,0.42229092041969374,0.0505793242574914,0.030444488616450015,0.031686801265588836,0.18491800667755537,0.0,0.0,0.0,0.0,0.0,0.0,0.0,0.0,0.0,0.07671977101153427,0.11927472281858825,0.0,0.0,0.0017738973692465135,0.0,0.0,0.0,0.0,0.0,0.0,0.0,0.0,0.0,0.0,0.0,0.0,0.0,0.02288900023211208,0.005495566144573303,0.0,8.105591221808771,3.001169205361166,0.02298364116913736,0.8168785115826284,0.06422893033119623,1.6586507479739563,0.8985049509576782,0.0,0.0,0.006265419468209967,0.027654379754039848,0.0,0.0,0.0,,,,,,,,,,,,,,,,,,,,,,,,,,,,,,,300.0699647545011,0.0,0.0048875028386184995,0.0,0.04162654729610574,0.14405071759118332,1.8514979615417229,0,0,0,0,0,0,0,0,0,0,0,0,0,0,0,0,0,0,0,0,0,0,0,1,0,0,0,0,0,0
synthetic_RateLimit_12,synthetic_single,"[""RateLimit""]",0,1,245.00976072111249,0.0,0.031474840110800095,942.0347786331125,4.494096747710671,0.11693832213426986,0.0,0.0,0.0,0.024379252762735615,0.0,0.010991909801776053,0.06876870082337645,0.10522584221120873,0.0,0.04017139749496691,0.14547439751098876,0.02543760024773548,0.0,0.0,0.0,0.0,0.0,0.0820023270913603,0.22980616928711528,0.0,0.0,0.0010365755046556919,0.0,0.0,0.0,0.0,0.0,0.0,0.0,0.0,0.0,0.0,0.0,0.0,0.0,0.026032773584584494,0.0,0.0,8.13586598364099,3.0120847663662094,0.0,0.8937466544251493,0.0,2.539193684549043,0.3061375243646488,0.0,0.0,0.003015892052964155,0.0,0.0,0.0,0.0,,,,,,,,,,,,,,,,,,,,,,,,,,,,,,,294.5582590294042,0.0,0.0,0.0,0.019782380660249958,0.12326289829072838,3.1449031342605456,0,0,0,0,0,0,0,0,0,0,0,0,0,0,0,0,0,0,0,0,0,0,0,1,0,0,0,0,0,0
synthetic_RateLimit_13,synthetic_single,"[""RateLimit""]",0,1,213.78400240853188,0.0,0.02292416295856895,316.4936476253937,4.544223725175011,0.0,0.0,0.0,0.0,0.0,0.034285274449115964,0.037825844567925766,0.03621890489416196,0.07228131922940627,0.0,0.0339384921941366,0.034976411535900524,0.013612776328283956,0.0,0.0,0.0,0.0,0.0,0.07805599309654791,0.05086696360156778,0.0,0.0,0.013480004152989078,0.0,0.0,0.0,0.0,0.0,0.0,0.0,0.0,0.0,0.0,0.0,0.0,0.0,0.0049375895148404386,0.021901359098805577,0.0,8.166013906548216,3.0073887590027946,0.0289508311022677,1.1174944603111818,0.050474019211688405,0.913330558333131,0.21020104338021262,0.0,0.0,0.02705759859157121,0.0,0.0,0.0,0.0,,,,,,,,,,,,,,,,,,,,,,,,,,,,,,,309.9127396359839,0.0,0.014744430709699278,0.0,0.03129840162376542,0.11679857025235894,3.621772716051161,0,0,0,0,0,0,0,0,0,0,0,0,0,0,0,0,0,0,0,0,0,0,0,1,0,0,0,0,0,0
synthetic_RateLimit_14,synthetic_single,"[""RateLimit""]",0,1,207.97513632182748,0.0,0.020667554848583562,476.48846436565225,4.455284952360375,0.0,0.0,0.0,0.0,0.0,0.06150126295450754,0.047337850350048366,0.03710021718802004,0.1243837958594353,0.0,0.00988581309131268,0.0,0.0,0.0,0.0,0.0,0.0,0.0,0.04313741458768499,0.14922519923105554,0.0,0.0,0.018642253576619708,0.0,0.0,0.0,0.0,0.0,0.0,0.0,0.0,0.0,0.0,0.0,0.0,0.0,0.023310452758291272,0.008425475569860924,0.0,8.119773491491951,3.03642558245995,0.03715906636240932,1.0613695969813552,0.043594209524287296,1.7598318058815714,1.32293551598661,0.0,0.0,0.04903728407429579,0.03631790384525035,0.0,0.0,0.0,,,,,,,,,,,,,,,,,,,,,,,,,,,,,,,296.02561310549765,0.0,0.01228368778179223,0.0,0.03188092105999285,0.12238548641475926,1.0579503436918678,0,0,0,0,0,0,0,0,0,0,0,0,0,0,0,0,0,0,0,0,0,0,0,1,0,0,0,0,0,0
synthetic_RateLimit_15,synthetic_single,"[""RateLimit""]",0,1,235.17218232957376,0.0,0.012163663077450391,737.8741379567666,4.587588102414484,0.0020478923328511034,0.0,0.0,0.0,0.0,0.01635164895997753,0.04442769381174534,0.07507550898244648,0.2571157622957462,0.0,0.016479284496538647,0.07109736195650594,0.023698094594777903,0.0,0.0,0.0,0.0,0.0,0.0,0.14573145332634332,0.0,0.0,0.026298784936457785,0.0,0.0,0.0,0.0,0.0,0.0,0.0,0.0,0.0,0.0,0.0,0.0,0.0,0.0,0.005228239366354363,0.0,8.21055087265259,3.0123072809954237,0.03362437341765603,0.6449075942533468,0.04810191580319885,2.661553299654917,0.7985233283722735,0.0,0.0,0.03697340866845315,0.02319786567026176,0.0,0.0,0.0,,,,,,,,,,,,,,,,,,,,,,,,,,,,,,,300.5803130708381,0.0,0.0008896588213522993,0.0,0.039433237400971446,0.14297106765295767,1.1648428146236727,0,0,0,0,0,0,0,0,0,0,0,0,0,0,0,0,0,0,0,0,0,0,0,1,0,0,0,0,0,0
synthetic_RateLimit_16,synthetic_single,"[""RateLimit""]",0,1,227.41012571167445,0.0,0.018762289069280905,353.2202848920315,4.571761167264273,0.06744852754681602,0.0,0.0,0.0,0.07605189160512825,0.09138684466224942,0.009269097389361432,0.02899940574796629,0.17490248782849163,0.0,0.09201545925510866,0.11735228533132269,0.03630927997477137,0.0,0.0,0.0,0.0,0.0,0.07178649605957248,0.20100342365201948,0.0,0.0,0.012873614378858509,0.0,0.0,0.0,0.0,0.0,0.0,0.0,0.0,0.0,0.0,0.0,0.0,0.0,0.030669319904536467,0.0056716222602228895,0.0,8.095732936277162,3.0225023776777107,0.04175702437811978,0.8298259040936306,0.015308757080458247,1.6244749421349405,0.0244507391483495,0.0,0.0,0.0,0.024733411862825284,0.0,0.0,0.0,,,,,,,,,,,,,,,,,,,,,,,,,,,,,,,332.9003775351622,0.0,0.006474631037281571,0.0,0.031201273697042526,0.11662059219352619,2.344031731287484,0,0,0,0,0,0,0,0,0,0,0,0,0,0,0,0,0,0,0,0,0,0,0,1,0,0,0,0,0,0
synthetic_RateLimit_17,synthetic_single,"[""RateLimit""]",0,1,224.3709199075107,0.0,0.01607935001590248,804.032125384218,4.489525818753523,0.05494013742033735,0.0,0.0,0.0,0.21115085890921514,0.04361124094584015,0.013136259246072543,0.004028585142811222,0.12209665590397985,0.0,0.041562819199090814,0.023577714169079275,0.0,0.0,0.0,0.0,0.0,0.0,0.026090932403176184,0.2613440258427147,0.0,0.0,0.04757005649173529,0.0,0.0,0.0,0.0,0.0,0.0,0.0,0.0,0.0,0.0,0.0,0.0,0.0,0.03653469091064691,0.02772045094543904,0.0,8.15192090170914,3.0382888508896406,0.0,1.0663499343289182,0.0648715547313784,1.1373529931876698,0.7544038192466298,0.0,0.0,0.01965079491894132,0.03584691847745314,0.0,0.0,0.0,,,,,,,,,,,,,,,,,,,,,,,,,,,,,,,328.306992118359,0.0,0.010903462210095749,0.0,0.047940438613738964,0.10633633077725743,3.001546742558446,0,0,0,0,0,0,0,0,0,0,0,0,0,0,0,0,0,0,0,0,0,0,0,1,0,0,0,0,0,0
synthetic_RateLimit_18,synthetic_single,"[""RateLimit""]",0,1,245.18987447208752,0.0,0.023060700645212942,1209.5609992084212,4.632539028838394,0.033226201895518614,0.0,0.0,0.0,0.0,0.009084556378535277,0.0193591022232407,0.0,0.0,0.0,0.15119928083353001,0.029585596384994018,0.03339342651389399,0.0,0.0,0.0,0.0,0.0,0.03759769936394783,0.24144256318402962,0.0,0.0,0.0,0.0,0.0,0.0,0.0,0.0,0.0,0.0,0.0,0.0,0.0,0.0,0.0,0.0,0.010292328911576954,0.01916359591065567,0.0,8.08523635302165,3.0008605050546104,0.016262335026432796,0.8724583859234615,0.04235949320916053,1.9263491656053215,0.8760878915835117,0.0,0.0,0.03090115330111083,0.03818965089306864,0.0,0.0,0.0,,,,,,,,,,,,,,,,,,,,,,,,,,,,,,,297.4773643648317,0.0,0.005175563830408896,0.0,0.0,0.05866611242482918,2.6618829775281005,0,0,0,0,0,0,0,0,0,0,0,0,0,0,0,0,0,0,0,0,0,0,0,1,0,0,0,0,0,0
synthetic_InfoDisc_0,synthetic_single,"[""InfoDisc""]",0,1,237.75435552440004,0.0,0.009781145231501582,623.6245878922612,4.457382972113258,0.13156359350614835,0.0,0.0,0.0,0.13312255539389148,0.02582687212690894,0.0,0.07656769820735138,0.10123823924810271,0.0,0.0,0.15599175929347792,0.017684118562306464,0.0,0.0,0.0,0.0,0.0,0.060797229169886294,0.20422413948948015,0.0,0.0,0.0386316206232227,0.0,0.0,0.0,0.0,0.0,0.0,0.0,0.0,0.0,0.0,0.0,0.0,0.0,0.005461252336264169,0.0015855229102248267,0.0,8.041189278337786,2.9878250458673286,0.0035454803692029566,1.2291592735085322,0.009840042378556749,2.1128062589792136,0.5122292415908707,0.0,0.0,0.015525307475180378,0.04220944412966435,0.0,0.0,0.0,,,,,,,,,,,,,,,,,,,,,,,,,,,,,,,307.06603454330474,0.0,0.010903526123612499,0.0,0.04889220245356393,0.1600444069260072,0.4847845299676058,0,0,0,0,0,0,0,0,0,0,0,0,0,0,0,0,0,0,0,0,0,0,0,0,1,0,0,0,0,0
synthetic_InfoDisc_1,synthetic_single,"[""InfoDisc""]",0,1,230.55825292731487,0.0,0.019950631581069928,607.8322284577189,4.531465343348116,0.013845237475947257,0.0,0.0,0.0,0.30753231194156855,0.035036820450042666,0.0,0.0,0.13214655493116825,0.0,0.03186547051158726,0.09189032256267257,0.011715372466619276,0.0,0.0,0.0,0.0,0.0,0.05232022724508222,0.11287481615995584,0.0,0.0,0.03002289173279346,0.0,0.0,0.0,0.0,0.0,0.0,0.0,0.0,0.0,0.0,0.0,0.0,0.0,0.00962964759735503,0.0,0.0,8.15716972737491,2.9830723396578627,0.0,1.2939182369788937,0.12164365579470318,1.1629520448183288,0.7486013822425193,0.0,0.0,0.0,0.03981198200678352,0.0,0.0,0.0,,,,,,,,,,,,,,,,,,,,,,,,,,,,,,,297.1208895734651,0.0,0.006034531078232159,0.0,0.02877128842486555,0.17942341166870734,0.6742592334411003,0,0,0,0,0,0,0,0,0,0,0,0,0,0,0,0,0,0,0,0,0,0,0,0,1,0,0,0,0,0
synthetic_InfoDisc_2,synthetic_single,"[""InfoDisc""]",0,1,214.073886737245,0.0,0.019584664906723802,1077.9481839998498,4.5023885903198435,0.0,0.0,0.0,0.0,0.16161958538272214,0.026008741728869755,0.00968627834123288,0.10981169142178679,0.2165165428690174,0.0,0.25319265623212556,0.14246088451479433,0.00518059031139417,0.0,0.0,0.0,0.0,0.0,0.0023093218602123905,0.19569120524224265,0.0,0.0,0.024167353137711126,0.0,0.0,0.0,0.0,0.0,0.0,0.0,0.0,0.0,0.0,0.0,0.0,0.0,0.0315214681761626,0.0,0.0,8.271357573225055,3.0393855033757387,0.033454343863096404,0.7754933061960986,0.10870771285949857,1.9117053430989472,0.6722973359819383,0.0,0.0,0.006954708781905771,0.0,0.0,0.0,0.0,,,,,,,,,,,,,,,,,,,,,,,,,,,,,,,269.89886830378725,0.0,0.0,0.0,0.00028286129725998976,0.10649299911054645,0.5621969261810233,0,0,0,0,0,0,0,0,0,0,0,0,0,0,0,0,0,0,0,0,0,0,0,0,1,0,0,0,0,0
synthetic_InfoDisc_3,synthetic_single,"[""InfoDisc""]",0,1,238.85694833307022,0.0,0.015224022869377235,582.8333506089676,4.559314958214108,0.08061242151236647,0.0,0.0,0.0,0.2908514139156959,0.009088680844195965,0.0,0.00829854793378109,0.28786123497412786,0.0,0.048922075646802635,0.18194318120779884,0.007082066146630468,0.0,0.0,0.0,0.0,0.0,0.0,0.17578189377782422,0.0,0.0,0.0,0.0,0.0,0.0,0.0,0.0,0.0,0.0,0.0,0.0,0.0,0.0,0.0,0.0,0.019011418793529532,0.0,0.0,8.066598434215376,3.0145724265367257,0.04560441618139433,0.8969528132678621,0.0,2.665204973755683,0.29415369875383,0.0,0.0,0.004398014052245691,0.013747035997886356,0.0,0.0,0.0,,,,,,,,,,,,,,,,,,,,,,,,,,,,,,,305.69312714826026,0.0,0.01382896829216521,0.0,0.036272884675654635,0.17183644196257689,2.2933354617161177,0,0,0,0,0,0,0,0,0,0,0,0,0,0,0,0,0,0,0,0,0,0,0,0,1,0,0,0,0,0
synthetic_InfoDisc_4,synthetic_single,"[""InfoDisc""]",0,1,247.11574605336367,0.0,0.026651180559010463,770.5996426975214,4.514725950812887,0.21000077757321645,0.0,0.0,0.0,0.11683311067377151,0.0038225142425952797,0.0,0.030275443835014626,0.0971811543465726,0.0,0.029521115482400228,0.12279254098579409,0.0,0.0,0.0,0.0,0.0,0.0,0.05808193492446209,0.18340336007768124,0.0,0.0,0.02743605486184314,0.0,0.0,0.0,0.0,0.0,0.0,0.0,0.0,0.0,0.0,0.0,0.0,0.0,0.01583631400164465,0.0,0.0,8.047558144097728,2.994234895422017,0.033220098337124186,0.7216912659407899,0.09405935997397777,2.715854200412225,1.2395928932483395,0.0,0.0,0.004992640124851943,0.0035485701082141503,0.0,0.0,0.0,,,,,,,,,,,,,,,,,,,,,,,,,,,,,,,294.9155581330248,0.0,0.005231740237442112,0.0,0.010195778448138574,0.1432648372971084,0.29769586545350646,0,0,0,0,0,0,0,0,0,0,0,0,0,0,0,0,0,0,0,0,0,0,0,0,1,0,0,0,0,0
synthetic_InfoDisc_5,synthetic_single,"[""InfoDisc""]",0,1,239.25655984857593,0.0,0.014295035133867654,725.6184574551862,4.491033918400789,0.10025699369020871,0.0,0.0,0.0,0.04656613780353891,0.019004682294905557,0.0021881046170006153,0.06722667511967503,0.007213068823206797,0.0,0.0,0.005719353041225006,0.024328611740925765,0.0,0.0,0.0,0.0,0.0,0.012647763028825604,0.2649052317121969,0.0,0.0,0.0,0.0,0.0,0.0,0.0,0.0,0.0,0.0,0.0,0.0,0.0,0.0,0.0,0.0,0.0208980674550781,0.015338029497411162,0.0,8.185747857985007,3.017583558687007,0.03572681068036479,1.2480297611881004,0.10805171595375243,1.6784423295961537,0.39548824459917864,0.0,0.0,0.012843575042598846,0.021988321668453308,0.0,0.0,0.0,,,,,,,,,,,,,,,,,,,,,,,,,,,,,,,288.4981945080373,0.0,0.0011098809838467677,0.0,0.03692260641841187,0.13802795731931028,0.9245023322866115,0,0,0,0,0,0,0,0,0,0,0,0,0,0,0,0,0,0,0,0,0,0,0,0,1,0,0,0,0,0
synthetic_InfoDisc_6,synthetic_single,"[""InfoDisc""]",0,1,239.91486712298413,0.0,0.01707040040393264,252.314287856615,4.517814363250247,0.07847207972435148,0.0,0.0,0.0,0.29262046177749723,0.002562026079662355,0.0456517902215587,0.011773627225732088,0.11486197011662613,0.0,0.1169781021948714,0.0,0.004203468449244184,0.0,0.0,0.0,0.0,0.0,0.02853686934188633,0.1704731736790073,0.0,0.0,0.0,0.0,0.0,0.0,0.0,0.0,0.0,0.0,0.0,0.0,0.0,0.0,0.0,0.0,0.0,0.04145295511847961,0.0,8.128777973502368,2.9954304249236072,0.01814941940037535,0.8278800228138486,0.055689445205451445,1.9455428489367659,0.5939831488374409,0.0,0.0,0.0,0.034213333511938476,0.0,0.0,0.0,,,,,,,,,,,,,,,,,,,,,,,,,,,,,,,313.68559970668105,0.0,0.006945746275404367,0.0,0.0541107444188736,0.12905618597878596,0.7602323157950092,0,0,0,0,0,0,0,0,0,0,0,0,0,0,0,0,0,0,0,0,0,0,0,0,1,0,0,0,0,0
synthetic_InfoDisc_7,synthetic_single,"[""InfoDisc""]",0,1,226.11757004429316,0.0,0.028208334442453728,1037.9056564166867,4.578538811551806,0.003105848826192123,0.0,0.0,0.0,0.2607975979982426,0.0473798930134675,0.023727654689939634,0.05512387548776465,0.07142447766547017,0.0,0.13441685336149833,0.05650433807746816,0.00429351959506463,0.0,0.0,0.0,0.0,0.0,0.0032113286744835587,0.10887309200348651,0.0,0.0,0.042272417434255465,0.0,0.0,0.0,0.0,0.0,0.0,0.0,0.0,0.0,0.0,0.0,0.0,0.0,0.018968646972692606,0.01228799755441099,0.0,8.237335647832918,3.003777536954614,0.044270111703384615,1.2220626998408581,0.062038073662926865,1.5405473733560398,0.23205884759369894,0.0,0.0,0.0,0.0,0.0,0.0,0.0,,,,,,,,,,,,,,,,,,,,,,,,,,,,,,,312.1778643438811,0.0,0.004672636526768539,0.0,0.0520263038969415,0.14737784864339554,1.652284576386915,0,0,0,0,0,0,0,0,0,0,0,0,0,0,0,0,0,0,0,0,0,0,0,0,1,0,0,0,0,0
synthetic_InfoDisc_8,synthetic_single,"[""InfoDisc""]",0,1,247.5642739396254,0.0,0.024900080861375344,507.5738816293818,4.528028617983311,0.0,0.0,0.0,0.0,0.23617063423941592,0.029139614209575466,0.02790206210292309,0.0,0.0,0.0,0.08369251979000868,0.11288310985764174,0.01494257514460205,0.0,0.0,0.0,0.0,0.0,0.042050255990066523,0.0627317241861483,0.0,0.0,0.04058837522080532,0.0,0.0,0.0,0.0,0.0,0.0,0.0,0.0,0.0,0.0,0.0,0.0,0.0,0.015317776162604636,0.02395121577740388,0.0,8.133288476997295,3.0190758394976407,0.02352809143851218,0.9892227644047575,0.0,2.1547943067759285,0.40110244145338536,0.0,0.0,0.01918077325500737,0.020873455385517704,0.0,0.0,0.0,,,,,,,,,,,,,,,,,,,,,,,,,,,,,,,324.5480346339584,0.0,0.00959533589224909,0.0,0.021345951039478797,0.1401401736430364,2.4746209230567504,0,0,0,0,0,0,0,0,0,0,0,0,0,0,0,0,0,0,0,0,0,0,0,0,1,0,0,0,0,0
synthetic_InfoDisc_9,synthetic_single,"[""InfoDisc""]",0,1,228.73898149267887,0.0,0.018246354046131126,711.0487975678668,4.476489758443896,0.11804141341097885,0.0,0.0,0.0,0.1384852359964239,0.005138623757893042,0.014927505922916045,0.05561465289885338,0.12908802095507727,0.0,0.030793211606465025,0.06762168796733907,0.03732993805129068,0.0,0.0,0.0,0.0,0.0,0.03434030695597596,0.2678228133519243,0.0,0.0,0.002950186901249735,0.0,0.0,0.0,0.0,0.0,0.0,0.0,0.0,0.0,0.0,0.0,0.0,0.0,0.0,0.019297129822808606,0.0,8.168229817844423,3.0047187874579873,0.027284572491106954,0.5546660873913501,0.01200078322782478,1.4381433002183688,0.6081180311843832,0.0,0.0,0.0,0.025816879709601795,0.0,0.0,0.0,,,,,,,,,,,,,,,,,,,,,,,,,,,,,,,340.39004106124594,0.0,0.004529856261043011,0.0,0.04249433185203894,0.15707550254923897,2.0361718703973057,0,0,0,0,0,0,0,0,0,0,0,0,0,0,0,0,0,0,0,0,0,0,0,0,1,0,0,0,0,0
synthetic_InfoDisc_10,synthetic_single,"[""InfoDisc""]",0,1,244.5511618496213,0.0,0.017312929012554778,0.0,4.505431932558071,0.03452089252428919,0.0,0.0,0.0,0.005352038073259124,0.07222094479384239,0.019760073315461354,0.055916122422380816,0.07491851966280136,0.0,0.09092232902070109,0.10597670298771128,0.010361154597992592,0.0,0.0,0.0,0.0,0.0,0.06260537050985196,0.3345925685419545,0.0,0.0,0.019387598731693215,0.0,0.0,0.0,0.0,0.0,0.0,0.0,0.0,0.0,0.0,0.0,0.0,0.0,0.0,0.0,0.0,8.114958673344608,3.012492753553762,0.02130793259103364,0.6897081728008068,0.05490651425466632,1.8146838736470579,0.32573866207221225,0.0,0.0,0.0,0.0014382250652800865,0.0,0.0,0.0,,,,,,,,,,,,,,,,,,,,,,,,,,,,,,,275.4235474934482,0.0,0.0031897101853831412,0.0,0.03164013837151868,0.09560088635937584,0.3290469496564057,0,0,0,0,0,0,0,0,0,0,0,0,0,0,0,0,0,0,0,0,0,0,0,0,1,0,0,0,0,0
synthetic_InfoDisc_11,synthetic_single,"[""InfoDisc""]",0,1,216.91537206974493,0.0,0.036950840379711816,693.4971938337844,4.4002202301188165,0.10048055605156903,0.0,0.0,0.0,0.2835797724290158,0.05802915308856138,0.0031852073320775467,0.029268254932759794,0.09890294361850302,0.0,0.024955992159259786,0.11858761150014535,0.01805458139935282,0.0,0.0,0.0,0.0,0.0,0.03931434909320854,0.2981920957743975,0.0,0.0,0.010132891245209977,0.0,0.0,0.0,0.0,0.0,0.0,0.0,0.0,0.0,0.0,0.0,0.0,0.0,0.0,0.0,0.0,8.100550422273452,2.9995079946325527,0.017211988803605867,0.8229516460528152,0.12037183280931432,1.9850565869818264,0.5679855125404878,0.0,0.0,0.008834676312925688,0.02949854640809655,0.0,0.0,0.0,,,,,,,,,,,,,,,,,,,,,,,,,,,,,,,306.7425904423888,0.0,0.004183481435240761,0.0,0.005921879573402986,0.061549751715642996,1.0268752750282024,0,0,0,0,0,0,0,0,0,0,0,0,0,0,0,0,0,0,0,0,0,0,0,0,1,0,0,0,0,0
synthetic_InfoDisc_12,synthetic_single,"[""InfoDisc""]",0,1,238.3598640079397,0.0,0.024964358336730788,150.97017513543688,4.481294861969231,0.14870759442363413,0.0,0.0,0.0,0.15699484863940275,0.021601887838122155,0.010561915177682388,0.04874635973071216,0.1046435587294561,0.0,0.1144798301938414,0.09392311658865114,0.018977740600363037,0.0,0.0,0.0,0.0,0.0,0.08931504199145124,0.14244122389555405,0.0,0.0,0.008185054599705685,0.0,0.0,0.0,0.0,0.0,0.0,0.0,0.0,0.0,0.0,0.0,0.0,0.0,0.0005154838579141344,0.016281004376280245,0.0,8.08092146088188,3.01718900360988,0.02107503683282518,0.6050335521529098,0.0,0.7336188215378612,0.5979605728063351,0.0,0.0,0.0,0.03460241396923495,0.0,0.0,0.0,,,,,,,,,,,,,,,,,,,,,,,,,,,,,,,243.626048604076,0.0,0.0035293708307226647,0.0,0.028213259917828516,0.1096322502259232,1.1598876672061202,0,0,0,0,0,0,0,0,0,0,0,0,0,0,0,0,0,0,0,0,0,0,0,0,1,0,0,0,0,0
synthetic_InfoDisc_13,synthetic_single,"[""InfoDisc""]",0,1,217.7253573445585,0.0,0.01097899968080069,331.65264778318806,4.535742047904865,0.13723831469636988,0.0,0.0,0.0,0.12608314057142636,0.022729761710595216,0.03615693829950375,0.05699285560261418,0.10417731860771064,0.0,0.01826458667848175,0.09676480522742514,0.004588432902757428,0.0,0.0,0.0,0.0,0.0,0.0534365291516325,0.2504356352447219,0.0,0.0,0.01980503397174758,0.0,0.0,0.0,0.0,0.0,0.0,0.0,0.0,0.0,0.0,0.0,0.0,0.0,0.007474473106093271,0.04646104328976846,0.0,8.010933699068856,3.003681228051323,0.016970556769018347,1.1710462229683252,0.0,2.5181443143618036,0.9192752446814318,0.0,0.0,0.0,0.012501311949643563,0.0,0.0,0.0,,,,,,,,,,,,,,,,,,,,,,,,,,,,,,,279.65352239717646,0.0,0.0026091666805082617,0.0,0.054610447680934676,0.12749836182457297,1.851655512161625,0,0,0,0,0,0,0,0,0,0,0,0,0,0,0,0,0,0,0,0,0,0,0,0,1,0,0,0,0,0
synthetic_InfoDisc_14,synthetic_single,"[""InfoDisc""]",0,1,241.020117753886,0.0,0.018780863657071854,0.0,4.500491651613351,0.14411225703949612,0.0,0.0,0.0,0.11293874185288368,0.03423076238447859,0.0025016378055964725,0.022421188126671026,0.0957203771295104,0.0,0.06853639282867391,0.0,0.0,0.0,0.0,0.0,0.0,0.0,0.0,0.2969935577320667,0.0,0.0,0.014697606340406507,0.0,0.0,0.0,0.0,0.0,0.0,0.0,0.0,0.0,0.0,0.0,0.0,0.0,0.024736520718833126,0.03822999984993897,0.0,8.022154497902863,2.9942068173362273,0.04519033079229824,0.772777658581832,0.0,1.0600296296957088,0.7260379633920682,0.0,0.0,0.02072946194489043,0.01660987818333936,0.0,0.0,0.0,,,,,,,,,,,,,,,,,,,,,,,,,,,,,,,280.74155931825555,0.0,0.009917845570678378,0.0,0.041064225793070716,0.0799261705585638,2.189246369729829,0,0,0,0,0,0,0,0,0,0,0,0,0,0,0,0,0,0,0,0,0,0,0,0,1,0,0,0,0,0
synthetic_InfoDisc_15,synthetic_single,"[""InfoDisc""]",0,1,234.4469016486153,0.0,0.035983313468600286,0.0,4.554335860737335,0.16401678808374778,0.0,0.0,0.0,0.2898350348597542,0.056270453466771994,0.02937089776317369,0.01502799285317589,0.12773282458659946,0.0,0.14087817508148096,0.007131329118295372,0.031785938294542106,0.0,0.0,0.0,0.0,0.0,0.02787560994129741,0.14652600369943045,0.0,0.0,0.016546791415564855,0.0,0.0,0.0,0.0,0.0,0.0,0.0,0.0,0.0,0.0,0.0,0.0,0.0,0.0,0.0,0.0,8.167995470568814,3.0140865830676127,0.008311811189826827,0.992924060679174,0.10018116989414626,1.799910174117547,0.160097202141053,0.0,0.0,0.0,0.01400359920618359,0.0,0.0,0.0,,,,,,,,,,,,,,,,,,,,,,,,,,,,,,,310.90252151612015,0.0,0.0,0.0,0.04498792639803709,0.06937905922118276,1.2370320605962768,0,0,0,0,0,0,0,0,0,0,0,0,0,0,0,0,0,0,0,0,0,0,0,0,1,0,0,0,0,0
synthetic_InfoDisc_16,synthetic_single,"[""InfoDisc""]",0,1,233.44626538764126,0.0,0.01566253519792015,44.01456715359217,4.539858958717004,0.0,0.0,0.0,0.0,0.0,0.058209458207279324,0.026274855094190593,0.06286916322826847,0.035639544551188194,0.0,0.0,0.09356672072095276,0.007242765992208672,0.0,0.0,0.0,0.0,0.0,0.07994640554487292,0.1288129092298788,0.0,0.0,0.0,0.0,0.0,0.0,0.0,0.0,0.0,0.0,0.0,0.0,0.0,0.0,0.0,0.0,0.0,0.011751205704187338,0.0,7.962956921219785,2.9990921491988884,0.013741946583239588,0.8572912687811902,0.11236726956259524,1.3331381364851425,1.1623115593053313,0.0,0.0,0.0,0.043047986442655395,0.0,0.0,0.0,,,,,,,,,,,,,,,,,,,,,,,,,,,,,,,325.4650954761666,0.0,0.0,0.0,0.007165140523618382,0.06916766317670106,0.6529105896853213,0,0,0,0,0,0,0,0,0,0,0,0,0,0,0,0,0,0,0,0,0,0,0,0,1,0,0,0,0,0
synthetic_InfoDisc_17,synthetic_single,"[""InfoDisc""]",0,1,243.6849874988094,0.0,0.017285628190054175,543.7784926090703,4.530693505719916,0.013242580174792462,0.0,0.0,0.0,0.4804661383752721,0.06892653197111892,0.013664367374912875,0.04559748486239194,0.0,0.0,0.10055703120113313,0.0,0.02310863272658041,0.0,0.0,0.0,0.0,0.0,0.07699874722116017,0.23825970579414912,0.0,0.0,0.015475902900726656,0.0,0.0,0.0,0.0,0.0,0.0,0.0,0.0,0.0,0.0,0.0,0.0,0.0,0.0,0.0,0.0,8.06556731735566,3.0093458706040503,0.0,1.054921133311459,0.0,1.461306324747469,1.1142343626590197,0.0,0.0,0.0,0.018129776780047575,0.0,0.0,0.0,,,,,,,,,,,,,,,,,,,,,,,,,,,,,,,291.2435859713408,0.0,0.0,0.0,0.005546870633069724,0.08545899620238795,0.8147322651842664,0,0,0,0,0,0,0,0,0,0,0,0,0,0,0,0,0,0,0,0,0,0,0,0,1,0,0,0,0,0
synthetic_InfoDisc_18,synthetic_single,"[""InfoDisc""]",0,1,237.02442692824278,0.0,0.021475693417133634,129.46689949782797,4.525067525487715,0.15216674391008023,0.0,0.0,0.0,0.06611980012674204,0.039352415578117986,0.0,0.022486045388670495,0.09942780568204021,0.0,0.0,0.008284021462412347,0.0,0.0,0.0,0.0,0.0,0.0,0.018052312208418887,0.23577342461621562,0.0,0.0,0.0318898621300432,0.0,0.0,0.0,0.0,0.0,0.0,0.0,0.0,0.0,0.0,0.0,0.0,0.0,0.0,0.009234830201257073,0.0,7.996733463547709,3.015045062279967,0.038702254289108555,1.1163088081231156,0.0,2.486681931079131,0.0,0.0,0.0,0.015999712060370933,0.0,0.0,0.0,0.0,,,,,,,,,,,,,,,,,,,,,,,,,,,,,,,328.22845665309177,0.0,0.012492312934895866,0.0,0.0,0.1398481082695005,1.3359988071482891,0,0,0,0,0,0,0,0,0,0,0,0,0,0,0,0,0,0,0,0,0,0,0,0,1,0,0,0,0,0
synthetic_InfoDisc_19,synthetic_single,"[""InfoDisc""]",0,1,222.02508979258553,0.0,0.030669066695334084,1212.2772288059778,4.475577799551014,0.15011866726681194,0.0,0.0,0.0,0.009236840905332291,0.011394175509010989,0.028979445444154144,0.005352723798102903,0.12222832339999068,0.0,0.06537143321011105,0.07040106469322101,0.0,0.0,0.0,0.0,0.0,0.0,0.022049448731457155,0.2232999832050667,0.0,0.0,0.0198243271271837,0.0,0.0,0.0,0.0,0.0,0.0,0.0,0.0,0.0,0.0,0.0,0.0,0.0,0.009684780922682075,0.022379051526656524,0.0,8.261922367006836,3.019459798362387,0.007046771389653237,0.9442315817978165,0.2203255501350489,1.549499223476024,0.8352846826304576,0.0,0.0,0.006371071318138798,0.0007242547737187407,0.0,0.0,0.0,,,,,,,,,,,,,,,,,,,,,,,,,,,,,,,344.81848742380544,0.0,0.00418083781887546,0.0,0.032971820869377326,0.08764190614980437,0.017834553569186173,0,0,0,0,0,0,0,0,0,0,0,0,0,0,0,0,0,0,0,0,0,0,0,0,1,0,0,0,0,0
synthetic_InsecCrypto_0,synthetic_single,"[""InsecCrypto""]",0,1,227.44904969229577,0.0,0.014004537524951696,1016.881257785106,4.5991701348360445,0.04377441457983521,0.0,0.0,0.0,0.0,0.03496382489649913,0.010661190293088268,0.0,0.1253808606469311,0.0,0.05826900813949806,0.02396141337998003,0.001196077409783343,0.0,0.0,0.0,0.0,0.0,0.08747516523718374,0.09606982068679104,0.0,0.0,0.0005496895766566694,0.0,0.0,0.0,0.0,0.0,0.0,0.0,0.0,0.0,0.0,0.0,0.0,0.0,0.0,0.018502800140336898,0.0,8.346439366971357,2.998001429231873,0.01745254550089518,1.3357518813336062,0.029678973741881245,2.111796623081573,0.23416951330026176,0.0,0.0,0.006742936948149654,0.016474580203513042,0.0,0.0,0.0,,,,,,,,,,,,,,,,,,,,,,,,,,,,,,,324.35676513281294,0.0,0.002336692071203202,0.0,0.011494997289609319,0.1570470896211068,0.7333408363058099,0,0,0,0,0,0,0,0,0,0,0,0,0,0,0,0,0,0,0,0,0,0,0,0,0,1,0,0,0,0
synthetic_InsecCrypto_1,synthetic_single,"[""InsecCrypto""]",0,1,220.72047971947052,0.0,0.005683296999248239,1404.7886496138808,4.530534634320956,0.0,0.0,0.0,0.0,0.11210109289105893,0.05375924472503535,0.0012250589607597645,0.039187791132466995,0.0819277868807365,0.0,0.0782512468554967,0.04777268201403848,0.030576837497331262,0.0,0.0,0.0,0.0,0.0,0.06801277398154355,0.24200503498591142,0.0,0.0,0.015481493145143268,0.0,0.0,0.0,0.0,0.0,0.0,0.0,0.0,0.0,0.0,0.0,0.0,0.0,0.0,0.03640600187615303,0.0,7.995527150505332,3.0014009328192968,0.06185665442088602,1.078675391302962,0.13303324440519088,1.9758866154963781,1.1294847573544489,0.0,0.0,0.019671169892502754,0.01462244880763983,0.0,0.0,0.0,,,,,,,,,,,,,,,,,,,,,,,,,,,,,,,299.88302515603056,0.0,0.009059571159779883,0.0,0.016880514322366404,0.18421850120071082,0.9525929032000733,0,0,0,0,0,0,0,0,0,0,0,0,0,0,0,0,0,0,0,0,0,0,0,0,0,1,0,0,0,0
synthetic_InsecCrypto_2,synthetic_single,"[""InsecCrypto""]",0,1,238.9102023161567,0.0,0.019246199456213402,0.0,4.556774974488523,0.017485299123878424,0.0,0.0,0.0,0.036956835788621495,0.0068969874849461425,0.005846971284713331,0.0,0.0,0.0,0.08901377683259273,0.09212702264495651,0.023862105816422362,0.0,0.0,0.0,0.0,0.0,0.05582602215810836,0.22327678130740972,0.0,0.0,0.0,0.0,0.0,0.0,0.0,0.0,0.0,0.0,0.0,0.0,0.0,0.0,0.0,0.0,0.024706362381554194,0.017158443268603007,0.0,8.153923833500766,2.9876196580897325,0.021128455538183537,0.9679532200377063,0.019992492054702396,1.7577119717085905,0.7648401367570712,0.0,0.0,0.035192647743551374,0.04126312707951636,0.0,0.0,0.0,,,,,,,,,,,,,,,,,,,,,,,,,,,,,,,356.13357283771654,0.0,0.0068749536900108545,0.0,0.04500175715041645,0.11122303107135385,2.852748763103096,0,0,0,0,0,0,0,0,0,0,0,0,0,0,0,0,0,0,0,0,0,0,0,0,0,1,0,0,0,0
synthetic_InsecCrypto_3,synthetic_single,"[""InsecCrypto""]",0,1,235.27893765529623,0.0,0.014551127839180344,205.46000309952933,4.49585151369491,0.0508364033452514,0.0,0.0,0.0,0.0,0.009031091556883485,0.015993871465027242,0.03469093665138805,0.27049464823127933,0.0,0.10835990067631246,0.008337560936918932,0.01821338186148023,0.0,0.0,0.0,0.0,0.0,0.024942377585138464,0.2698422463855475,0.0,0.0,0.03613435423605945,0.0,0.0,0.0,0.0,0.0,0.0,0.0,0.0,0.0,0.0,0.0,0.0,0.0,0.01619913101353535,0.017775824948892977,0.0,8.333768483873314,3.007061162175787,0.042227403847762045,0.8230420450102481,0.0,2.5974630470801645,0.28357183300570626,0.0,0.0,0.009523771691353497,0.010578087820508366,0.0,0.0,0.0,,,,,,,,,,,,,,,,,,,,,,,,,,,,,,,327.39031310779166,0.0,0.0036204446498465503,0.0,0.03189940135350302,0.1316877736417318,1.7447889762537652,0,0,0,0,0,0,0,0,0,0,0,0,0,0,0,0,0,0,0,0,0,0,0,0,0,1,0,0,0,0
synthetic_InsecCrypto_4,synthetic_single,"[""InsecCrypto""]",0,1,248.71813708982452,0.0,0.03674808802849281,873.7214999295581,4.570841965086301,0.06438198796257444,0.0,0.0,0.0,0.256170268780792,0.021877168237453053,0.0069138325138175995,0.0,0.13321233535529137,0.0,0.08090545156262542,0.07295773108376177,0.01092733747658602,0.0,0.0,0.0,0.0,0.0,0.09010477075367404,0.09979296260296887,0.0,0.0,0.0,0.0,0.0,0.0,0.0,0.0,0.0,0.0,0.0,0.0,0.0,0.0,0.0,0.0,0.0019297100049361377,0.015162962781901842,0.0,8.096836477683377,3.0315598323299247,0.03868193032150653,1.3371712075296647,0.027093621926536707,2.265834365223464,1.166793731296205,0.0,0.0,0.034572705740670374,0.02499566631183646,0.0,0.0,0.0,,,,,,,,,,,,,,,,,,,,,,,,,,,,,,,290.3864572373985,0.0,0.0016697602836810562,0.0,0.006146601024300407,0.0936457176162201,1.504398776480105,0,0,0,0,0,0,0,0,0,0,0,0,0,0,0,0,0,0,0,0,0,0,0,0,0,1,0,0,0,0
synthetic_InsecCrypto_5,synthetic_single,"[""InsecCrypto""]",0,1,227.20482183798413,0.0,0.02091388609069571,0.0,4.578363920657119,0.11285526116061731,0.0,0.0,0.0,0.0,0.05048734856018639,0.0,0.07226650346076921,0.1282819893134545,0.0,0.06802615211530694,0.0842998268976757,0.013874061590863424,0.0,0.0,0.0,0.0,0.0,0.034749872856461174,0.21200252313610635,0.0,0.0,0.007400777515742638,0.0,0.0,0.0,0.0,0.0,0.0,0.0,0.0,0.0,0.0,0.0,0.0,0.0,0.0,0.03810118300885827,0.0,8.119091614904761,2.995149264899995,0.05120585975817188,0.9917646449426094,0.03845377567158091,0.9126783605887668,1.1550837009432346,0.0,0.0,0.013259380324561929,0.022637165698340667,0.0,0.0,0.0,,,,,,,,,,,,,,,,,,,,,,,,,,,,,,,346.57023004484194,0.0,0.009331685450333305,0.0,0.025832639498748765,0.07993067693812997,2.671669452484342,0,0,0,0,0,0,0,0,0,0,0,0,0,0,0,0,0,0,0,0,0,0,0,0,0,1,0,0,0,0
synthetic_InsecCrypto_6,synthetic_single,"[""InsecCrypto""]",0,1,246.89297178757414,0.0,0.028108448511168088,1622.1916584639428,4.53655006216723,0.18443874459431486,0.0,0.0,0.0,0.0,0.023924672859380765,0.009491118260525,0.025800923059860762,0.005395425411265739,0.0,0.07805993783696531,0.0,0.013983380908999136,0.0,0.0,0.0,0.0,0.0,0.03847938453443356,0.19069612563675822,0.0,0.0,0.02969618808257766,0.0,0.0,0.0,0.0,0.0,0.0,0.0,0.0,0.0,0.0,0.0,0.0,0.0,0.027774280293542057,0.00963155770265657,0.0,7.785244188189629,3.013385569100878,0.045817214385061325,0.5345618772403267,0.04171323050331017,1.1940613453661029,1.197519955512091,0.0,0.0,0.03571611592381884,0.015300722524518329,0.0,0.0,0.0,,,,,,,,,,,,,,,,,,,,,,,,,,,,,,,305.32379018836696,0.0,0.012727334698808695,0.0,0.03302929760885514,0.15066130140064524,2.214437277958507,0,0,0,0,0,0,0,0,0,0,0,0,0,0,0,0,0,0,0,0,0,0,0,0,0,1,0,0,0,0
synthetic_InsecCrypto_7,synthetic_single,"[""InsecCrypto""]",0,1,243.5214487099705,0.0,0.015710891341969156,504.0080609086207,4.5923890341265965,0.0,0.0,0.0,0.0,0.0,0.04367156193079905,0.0211781602992816,0.1179234847030059,0.10013617835410676,0.0,0.1214799379938872,0.0,0.013863124086717627,0.0,0.0,0.0,0.0,0.0,0.07479629917040528,0.25231195212704705,0.0,0.0,0.0036620419721505298,0.0,0.0,0.0,0.0,0.0,0.0,0.0,0.0,0.0,0.0,0.0,0.0,0.0,0.0,0.0,0.0,8.407517285818079,3.0123553103877736,0.05596836585044818,1.1021625446666403,0.07577320222039594,2.149994483423507,1.3995862253640001,0.0,0.0,0.010316116670411074,0.0,0.0,0.0,0.0,,,,,,,,,,,,,,,,,,,,,,,,,,,,,,,305.28012639238636,0.0,0.00520918072484973,0.0,0.017684136270833914,0.08448055392785617,1.0793229996420928,0,0,0,0,0,0,0,0,0,0,0,0,0,0,0,0,0,0,0,0,0,0,0,0,0,1,0,0,0,0
synthetic_InsecCrypto_8,synthetic_single,"[""InsecCrypto""]",0,1,238.24252834374164,0.0,0.02025546523550967,185.4356064113528,4.506203582684804,0.10959882026935691,0.0,0.0,0.0,0.0,0.0753871722872844,0.026915326662575387,0.03627268603616897,0.06291586437746738,0.0,0.0,0.09973922396330531,0.013988017049088416,0.0,0.0,0.0,0.0,0.0,0.07029647748670563,0.18905234339646027,0.0,0.0,0.02172716085956724,0.0,0.0,0.0,0.0,0.0,0.0,0.0,0.0,0.0,0.0,0.0,0.0,0.0,0.02314229911851011,0.021177435500115974,0.0,7.74063560755521,3.0547276601495006,0.04728536981351349,1.0078905986891233,0.0,1.5508217112860232,0.7551915790357981,0.0,0.0,0.024049561196255495,0.025989593281393313,0.0,0.0,0.0,,,,,,,,,,,,,,,,,,,,,,,,,,,,,,,327.97111308737584,0.0,0.002625405769786915,0.0,0.03900269685836772,0.1112750815470065,0.6620194932883516,0,0,0,0,0,0,0,0,0,0,0,0,0,0,0,0,0,0,0,0,0,0,0,0,0,1,0,0,0,0
synthetic_InsecCrypto_9,synthetic_single,"[""InsecCrypto""]",0,1,235.06456359434603,0.0,0.01242156073107835,385.1607327401328,4.562050513307546,0.1760418464189939,0.0,0.0,0.0,0.13305646590788928,0.025735569118416485,0.0,0.0,0.0,0.0,0.12624222364942514,0.11647616405850772,0.0,0.0,0.0,0.0,0.0,0.0,0.019886805504429908,0.1937067513234642,0.0,0.0,0.002346841163712289,0.0,0.0,0.0,0.0,0.0,0.0,0.0,0.0,0.0,0.0,0.0,0.0,0.0,0.033606217862914206,0.021299232662734917,0.0,8.246346900822175,3.0136360863538876,0.017459107044967635,1.2698712838743653,0.12953402064845163,1.0362326403239086,0.7277190588724782,0.0,0.0,0.0,0.03543368051807387,0.0,0.0,0.0,,,,,,,,,,,,,,,,,,,,,,,,,,,,,,,288.2180825350594,0.0,0.0006410361435965793,0.0,0.02767491692555627,0.18103596266375863,1.192876425701751,0,0,0,0,0,0,0,0,0,0,0,0,0,0,0,0,0,0,0,0,0,0,0,0,0,1,0,0,0,0
synthetic_InsecCrypto_10,synthetic_single,"[""InsecCrypto""]",0,1,222.14296791835034,0.0,0.019626727876229405,646.073913346859,4.506528147965987,0.0,0.0,0.0,0.0,0.34169426310377504,0.014385578462048436,0.03139098997783175,0.0,0.3266537595596414,0.0,0.0,0.20561057708736252,0.0,0.0,0.0,0.0,0.0,0.0,0.06191760404714891,0.2767455614062605,0.0,0.0,0.0016517934678799383,0.0,0.0,0.0,0.0,0.0,0.0,0.0,0.0,0.0,0.0,0.0,0.0,0.0,0.0,0.003501721808107044,0.0,8.175893865256679,3.011023942611958,0.03324520537141062,1.0561403951747188,0.05685401424516482,1.9238435862243377,0.2571207878549349,0.0,0.0,0.0,0.01966056818961737,0.0,0.0,0.0,,,,,,,,,,,,,,,,,,,,,,,,,,,,,,,298.3288734058216,0.0,0.0009457059682716883,0.0,0.01575150062416384,0.1352055811947246,1.4680961941766968,0,0,0,0,0,0,0,0,0,0,0,0,0,0,0,0,0,0,0,0,0,0,0,0,0,1,0,0,0,0
synthetic_InsecCrypto_11,synthetic_single,"[""InsecCrypto""]",0,1,214.57132622488942,0.0,0.018532255204810836,493.2125548958928,4.500492185780018,0.056979392904484436,0.0,0.0,0.0,0.33447572136840376,0.04036747717027826,0.03443381590982312,0.006745037595537816,0.0,0.0,0.08892730040061678,0.12401347672476179,0.008544773168717898,0.0,0.0,0.0,0.0,0.0,0.0,0.12775235336847562,0.0,0.0,0.0292230576605573,0.0,0.0,0.0,0.0,0.0,0.0,0.0,0.0,0.0,0.0,0.0,0.0,0.0,0.013602906852992848,0.024689572028954908,0.0,7.960847072328048,3.0423792066479534,0.05554725478704342,0.7644834643318416,0.11545295634514133,3.1305166246473384,0.0,0.0,0.0,0.019653538961353637,0.03360449286544374,0.0,0.0,0.0,,,,,,,,,,,,,,,,,,,,,,,,,,,,,,,284.9881515157183,0.0,0.0021580578225598264,0.0,0.00987414859339104,0.10024154289924338,1.7095694465968108,0,0,0,0,0,0,0,0,0,0,0,0,0,0,0,0,0,0,0,0,0,0,0,0,0,1,0,0,0,0
synthetic_InsecCrypto_12,synthetic_single,"[""InsecCrypto""]",0,1,229.55697125177247,0.0,0.015055333826775485,1079.7889685185487,4.578656873116776,0.06021042051276743,0.0,0.0,0.0,0.09650173385249221,0.0,0.0,0.0,0.0,0.0,0.23855952334908168,0.12737254834016593,0.0,0.0,0.0,0.0,0.0,0.0,0.03155237712909208,0.24247711092966506,0.0,0.0,0.0006911590237263822,0.0,0.0,0.0,0.0,0.0,0.0,0.0,0.0,0.0,0.0,0.0,0.0,0.0,0.03281380186146966,0.013176918063857858,0.0,8.395393151179762,3.011732465440055,0.02047009766969922,1.0013092688824494,0.06547672145721768,2.7160742191967264,1.09280690164228,0.0,0.0,0.0,0.030129018929978206,0.0,0.0,0.0,,,,,,,,,,,,,,,,,,,,,,,,,,,,,,,297.492504797055,0.0,0.005244462646250321,0.0,0.00571181714906251,0.14864923995668894,2.046712661343799,0,0,0,0,0,0,0,0,0,0,0,0,0,0,0,0,0,0,0,0,0,0,0,0,0,1,0,0,0,0
synthetic_InsecCrypto_13,synthetic_single,"[""InsecCrypto""]",0,1,233.29037282025095,0.0,0.031607671612500166,227.27662350209135,4.508684830778544,0.062498383970909496,0.0,0.0,0.0,0.07994862245966862,0.023735524661082603,0.0003660123942565482,0.07149895225708598,0.12542913532174554,0.0,0.011916242794245586,0.0,0.001513472496615079,0.0,0.0,0.0,0.0,0.0,0.027041671500420666,0.22397243571429962,0.0,0.0,0.010458505251111215,0.0,0.0,0.0,0.0,0.0,0.0,0.0,0.0,0.0,0.0,0.0,0.0,0.0,0.03048015154951897,0.049204860155810604,0.0,8.297607316334007,2.9931062678203904,0.012948802330968213,1.1855832726615438,0.0,1.3629396482570364,0.6967174478027557,0.0,0.0,0.013511775994400134,0.01619485544151669,0.0,0.0,0.0,,,,,,,,,,,,,,,,,,,,,,,,,,,,,,,288.05058843300833,0.0,0.008028099768435933,0.0,0.024479137983849476,0.15212949783310042,1.0540688216995382,0,0,0,0,0,0,0,0,0,0,0,0,0,0,0,0,0,0,0,0,0,0,0,0,0,1,0,0,0,0
synthetic_InsecCrypto_14,synthetic_single,"[""InsecCrypto""]",0,1,239.4547409612526,0.0,0.024541819405267312,0.0,4.505379119923888,0.0,0.0,0.0,0.0,0.0,0.026393867007088186,0.0018439077617078189,0.05876962985914766,0.01132729312379066,0.0,0.07451686705527562,0.0,0.0,0.0,0.0,0.0,0.0,0.0,0.08442004868591835,0.09895953055163773,0.0,0.0,0.04616071982624687,0.0,0.0,0.0,0.0,0.0,0.0,0.0,0.0,0.0,0.0,0.0,0.0,0.0,0.028969197291725125,0.016505573246266128,0.0,8.017576450513813,3.0303995052857404,0.03289476211696628,0.9123849513576707,0.0,2.6694096638139104,0.6215671518940342,0.0,0.0,0.01875227098394028,0.0,0.0,0.0,0.0,,,,,,,,,,,,,,,,,,,,,,,,,,,,,,,309.61176704050297,0.0,0.0023178787566669025,0.0,0.018358580629529594,0.0978123782590179,2.5008220324758943,0,0,0,0,0,0,0,0,0,0,0,0,0,0,0,0,0,0,0,0,0,0,0,0,0,1,0,0,0,0
synthetic_InsecCrypto_15,synthetic_single,"[""InsecCrypto""]",0,1,226.58734273672312,0.0,0.022394670291239108,1069.0930616776586,4.592228730064397,0.23737075465474777,0.0,0.0,0.0,0.0,0.0,0.029096194447739372,0.04491192838720277,0.13395010973629046,0.0,0.0,0.0,0.004044830600049492,0.0,0.0,0.0,0.0,0.0,0.03646746754979618,0.1793331420565371,0.0,0.0,0.06279242191823643,0.0,0.0,0.0,0.0,0.0,0.0,0.0,0.0,0.0,0.0,0.0,0.0,0.0,0.01020968195057167,0.02434986539045837,0.0,8.11702021048565,3.0382992093856003,0.0471592246875516,1.1398661933672543,0.0,1.3918733492773863,1.188603282756056,0.0,0.0,0.01914006853650465,0.029924534708673012,0.0,0.0,0.0,,,,,,,,,,,,,,,,,,,,,,,,,,,,,,,342.3136927692632,0.0,0.0,0.0,0.009964542947598496,0.10302305192534092,0.0,0,0,0,0,0,0,0,0,0,0,0,0,0,0,0,0,0,0,0,0,0,0,0,0,0,1,0,0,0,0
synthetic_InsecCrypto_16,synthetic_single,"[""InsecCrypto""]",0,1,221.8884458712724,0.0,0.021919227973281483,427.76637458695984,4.483163468166748,0.07338114258920722,0.0,0.0,0.0,0.1969424968609782,0.01121865392637465,0.013035260403742565,0.04269436277852006,0.0,0.0,0.06231498324815414,0.0,0.027604404447552633,0.0,0.0,0.0,0.0,0.0,0.0,0.21967256600152757,0.0,0.0,0.008953314548426222,0.0,0.0,0.0,0.0,0.0,0.0,0.0,0.0,0.0,0.0,0.0,0.0,0.0,0.004117278160541752,0.0,0.0,8.011569274244046,3.036092047219813,0.045255653287751524,1.4164613273243774,0.05225669545984088,2.276655867956052,0.6000652971505995,0.0,0.0,0.03021100291804158,0.01655132326974178,0.0,0.0,0.0,,,,,,,,,,,,,,,,,,,,,,,,,,,,,,,299.52891144768233,0.0,0.005936947668318318,0.0,0.043723879974848466,0.14067065061044204,3.157894662142482,0,0,0,0,0,0,0,0,0,0,0,0,0,0,0,0,0,0,0,0,0,0,0,0,0,1,0,0,0,0
synthetic_InsecCrypto_17,synthetic_single,"[""InsecCrypto""]",0,1,220.12364033198762,0.0,0.011201431428208156,667.6027177950534,4.505794907919853,0.0,0.0,0.0,0.0,0.06619486131027413,0.0551730888141988,0.008932011801461937,0.01734975893177358,0.13330741869856214,0.0,0.12431324456988249,0.0,0.0027662487726208707,0.0,0.0,0.0,0.0,0.0,0.05085357053841651,0.2055988924331542,0.0,0.0,0.026497631897071112,0.0,0.0,0.0,0.0,0.0,0.0,0.0,0.0,0.0,0.0,0.0,0.0,0.0,0.02467364215514127,0.006791179791765021,0.0,8.233398698466196,2.9810814096796805,0.03960859199242538,0.9564316165554455,0.0,1.3358109933979063,0.7317327674879313,0.0,0.0,0.00810772275419774,0.014296025088015111,0.0,0.0,0.0,,,,,,,,,,,,,,,,,,,,,,,,,,,,,,,315.81440492027406,0.0,0.012887275497441768,0.0,0.026592871277316087,0.11972043415058532,0.0,0,0,0,0,0,0,0,0,0,0,0,0,0,0,0,0,0,0,0,0,0,0,0,0,0,1,0,0,0,0
synthetic_InsecCrypto_18,synthetic_single,"[""InsecCrypto""]",0,1,217.16932346429851,0.0,0.017926734307233818,0.0,4.540389597187774,0.11451326157432029,0.0,0.0,0.0,0.22927968644823093,0.033509046388720314,0.0,0.0,0.16824816687986285,0.0,0.07118449022508253,0.05772547210271746,0.023758033297639525,0.0,0.0,0.0,0.0,0.0,0.019638545216048752,0.18952425708660622,0.0,0.0,0.010322589135676056,0.0,0.0,0.0,0.0,0.0,0.0,0.0,0.0,0.0,0.0,0.0,0.0,0.0,0.01231502016097134,0.016029799929465193,0.0,8.347033676966728,2.997151072258707,0.015982367793527574,1.07825527471156,0.0297722629975127,1.3577365878556458,1.0086879431565572,0.0,0.0,0.04083891116723743,0.009778166758508457,0.0,0.0,0.0,,,,,,,,,,,,,,,,,,,,,,,,,,,,,,,258.9038999248457,0.0,0.01766220010651546,0.0,0.03699421011549353,0.13285494048511037,1.4315764068128256,0,0,0,0,0,0,0,0,0,0,0,0,0,0,0,0,0,0,0,0,0,0,0,0,0,1,0,0,0,0
synthetic_InsecCrypto_19,synthetic_single,"[""InsecCrypto""]",0,1,232.8741306357273,0.0,0.02235501345370669,0.0,4.419947300619731,0.001415687282270664,0.0,0.0,0.0,0.14668453601996922,0.05622561346304229,0.03641294555406713,0.06805337419843908,0.009147271043898564,0.0,0.02123328733690004,0.15553006980954837,0.03277986899182884,0.0,0.0,0.0,0.0,0.0,0.099706910741796,0.21891151769898456,0.0,0.0,0.008883360746748444,0.0,0.0,0.0,0.0,0.0,0.0,0.0,0.0,0.0,0.0,0.0,0.0,0.0,0.0256348832802327,0.03142994400565294,0.0,8.088727071548286,3.030148500850285,0.049947335335202375,1.2471105026565867,0.12330081828281589,1.4805323407172366,0.5971882426072358,0.0,0.0,0.0325242340365851,0.009658503561438644,0.0,0.0,0.0,,,,,,,,,,,,,,,,,,,,,,,,,,,,,,,256.12727493739067,0.0,0.014073150081880821,0.0,0.026745120394069562,0.12412925569885767,1.2538379193887925,0,0,0,0,0,0,0,0,0,0,0,0,0,0,0,0,0,0,0,0,0,0,0,0,0,1,0,0,0,0
synthetic_OpenRedirect_0,synthetic_single,"[""OpenRedirect""]",0,1,224.34454655714586,0.0,0.024749188898578262,327.04372517054503,4.536706901390347,0.10871609592766375,0.0,0.0,0.0,0.21587107239263503,0.04275087286033099,0.0035722560553612427,0.06112599076065067,0.07604541826014614,0.0,0.0,0.08715782493207286,0.017493898240494278,0.0,0.0,0.0,0.0,0.0,0.0,0.15981917415490088,0.0,0.0,0.0359823917973815,0.0,0.0,0.0,0.0,0.0,0.0,0.0,0.0,0.0,0.0,0.0,0.0,0.0,0.0019631269533610853,0.02774715894632837,0.0,8.176718918025609,3.0133153723645187,0.01899316240272042,0.7043103282627177,0.03112415655180647,1.2998496652547153,0.9829379210901804,0.0,0.0,0.0,0.0,0.0,0.0,0.0,,,,,,,,,,,,,,,,,,,,,,,,,,,,,,,231.714685715153,0.0,0.005545999400739709,0.0,0.027553663532117446,0.09530046077566656,2.9292794898458165,0,0,0,0,0,0,0,0,0,0,0,0,0,0,0,0,0,0,0,0,0,0,0,0,0,0,1,0,0,0
synthetic_OpenRedirect_1,synthetic_single,"[""OpenRedirect""]",0,1,224.50717945947338,0.0,0.03675243872762877,681.3091158631661,4.501145237212986,0.19695039427456462,0.0,0.0,0.0,0.14717959486597734,0.022721011149696657,0.0010071837964836083,0.02597592354949041,0.26167628503919116,0.0,0.08023061935137428,0.02972310641771182,0.011130972558966681,0.0,0.0,0.0,0.0,0.0,0.0691250112394191,0.22628172159074655,0.0,0.0,0.03927840164915905,0.0,0.0,0.0,0.0,0.0,0.0,0.0,0.0,0.0,0.0,0.0,0.0,0.0,0.030619167833708508,0.03202131629438385,0.0,8.285247105567137,3.0359076604446775,0.05536641076706302,1.0021743940907513,0.11042731494717284,1.5716753260554448,0.3956131826274949,0.0,0.0,0.010370258182597885,0.0064974063684717365,0.0,0.0,0.0,,,,,,,,,,,,,,,,,,,,,,,,,,,,,,,334.8972596143868,0.0,0.009057635833050722,0.0,0.04971967892932168,0.1275839513397684,0.14057722089960345,0,0,0,0,0,0,0,0,0,0,0,0,0,0,0,0,0,0,0,0,0,0,0,0,0,0,1,0,0,0
synthetic_OpenRedirect_2,synthetic_single,"[""OpenRedirect""]",0,1,225.20705719905712,0.0,0.022559846037579875,377.64355245335105,4.511546862153133,0.0,0.0,0.0,0.0,0.03995834681754415,0.038803499707072746,0.0,0.05386243468839777,0.06593305790139824,0.0,0.0,0.1289427293450378,0.0,0.0,0.0,0.0,0.0,0.0,0.02416685281330264,0.16539959270382426,0.0,0.0,0.009302596400422629,0.0,0.0,0.0,0.0,0.0,0.0,0.0,0.0,0.0,0.0,0.0,0.0,0.0,0.04026185144725249,0.02651916525839075,0.0,8.112864583960464,3.019378058971475,0.034975444870455626,1.3219589637211309,0.09518334387614394,2.4870718425041765,0.47052892341670133,0.0,0.0,0.014775597171909152,0.016406102326797532,0.0,0.0,0.0,,,,,,,,,,,,,,,,,,,,,,,,,,,,,,,301.3930720730525,0.0,0.02024083829572596,0.0,0.04233961601620878,0.11476956017336179,2.4224579755750684,0,0,0,0,0,0,0,0,0,0,0,0,0,0,0,0,0,0,0,0,0,0,0,0,0,0,1,0,0,0
synthetic_OpenRedirect_3,synthetic_single,"[""OpenRedirect""]",0,1,230.6458447210892,0.0,0.031238151765616586,439.36655002616953,4.577886109170632,0.0,0.0,0.0,0.0,0.0,0.0,0.004250283755851191,0.032365269011946876,0.012635575887099945,0.0,0.03380680507069246,0.003962817593862716,0.0,0.0,0.0,0.0,0.0,0.0,0.08662771663779534,0.2651172028203235,0.0,0.0,0.010184304320629722,0.0,0.0,0.0,0.0,0.0,0.0,0.0,0.0,0.0,0.0,0.0,0.0,0.0,0.0,0.017922616521738387,0.0,8.049846623283106,2.976846059490954,0.00917922284437584,1.02145180633046,0.0,1.6770235327882614,0.7783859051520328,0.0,0.0,0.02507741785223717,0.0,0.0,0.0,0.0,,,,,,,,,,,,,,,,,,,,,,,,,,,,,,,303.53224383519006,0.0,0.005979379463519033,0.0,0.051902400859027045,0.12836632765741327,0.809719518617562,0,0,0,0,0,0,0,0,0,0,0,0,0,0,0,0,0,0,0,0,0,0,0,0,0,0,1,0,0,0
synthetic_OpenRedirect_4,synthetic_single,"[""OpenRedirect""]",0,1,239.13974978058837,0.0,0.018613447107863713,746.985632025103,4.55491409136501,0.04419882354355764,0.0,0.0,0.0,0.18449054559904507,0.027080888325439936,0.006022102659198529,0.036651264884502974,0.0,0.0,0.12546295768392993,0.006704541626514182,0.011211586407332882,0.0,0.0,0.0,0.0,0.0,0.08829575393937261,0.2687217739065114,0.0,0.0,0.036101661848594965,0.0,0.0,0.0,0.0,0.0,0.0,0.0,0.0,0.0,0.0,0.0,0.0,0.0,0.007753931026275638,0.018493675433105792,0.0,8.220182947324746,3.025646354310442,0.06417014053736356,1.06278652310726,0.022837193785406506,2.3826934558439534,0.6117314271261514,0.0,0.0,0.0047744464642796875,0.032200062866098916,0.0,0.0,0.0,,,,,,,,,,,,,,,,,,,,,,,,,,,,,,,307.37892934657316,0.0,0.005696206925222259,0.0,0.026524593541227534,0.1469137403558345,0.9013383207533469,0,0,0,0,0,0,0,0,0,0,0,0,0,0,0,0,0,0,0,0,0,0,0,0,0,0,1,0,0,0
synthetic_OpenRedirect_5,synthetic_single,"[""OpenRedirect""]",0,1,242.9373539437547,0.0,0.024112365091747818,295.28912364600905,4.481531902085187,0.13317248959211747,0.0,0.0,0.0,0.4719353869328179,0.044127147837876274,0.0018680560847867417,0.02605499708897332,0.055749313380046336,0.0,0.12245270447219939,0.01045672540944264,0.01670726142188027,0.0,0.0,0.0,0.0,0.0,0.0,0.14177584353617165,0.0,0.0,0.015668505842604673,0.0,0.0,0.0,0.0,0.0,0.0,0.0,0.0,0.0,0.0,0.0,0.0,0.0,0.0,0.04391297355914384,0.0,8.068262451913593,3.0075967995314667,0.0,1.0017132693859057,0.033980785561665006,2.283085604943417,1.0069059767794286,0.0,0.0,0.009582607991539165,0.0,0.0,0.0,0.0,,,,,,,,,,,,,,,,,,,,,,,,,,,,,,,287.5254651912812,0.0,0.007738169315125969,0.0,0.051790299927468864,0.1566250657117324,1.0527006968565282,0,0,0,0,0,0,0,0,0,0,0,0,0,0,0,0,0,0,0,0,0,0,0,0,0,0,1,0,0,0
synthetic_OpenRedirect_6,synthetic_single,"[""OpenRedirect""]",0,1,222.5389163771148,0.0,0.030380837201914607,415.7344743979237,4.497498757271367,0.017514001617689012,0.0,0.0,0.0,0.30755396909832367,0.04773170953947598,0.010308088866277498,0.026633055879877538,0.1854017397928942,0.0,0.16751798524521344,0.10020170757401448,0.017813445634414102,0.0,0.0,0.0,0.0,0.0,0.003903040885511279,0.211079941892688,0.0,0.0,0.0,0.0,0.0,0.0,0.0,0.0,0.0,0.0,0.0,0.0,0.0,0.0,0.0,0.0,0.027128893417150073,0.0231507220897566,0.0,8.288919904611001,3.052073617579909,0.040257093251007604,0.9825459248495917,0.09286090294722972,1.5984345929483783,0.1806597546673352,0.0,0.0,0.0,0.0,0.0,0.0,0.0,,,,,,,,,,,,,,,,,,,,,,,,,,,,,,,334.2204804126306,0.0,0.0021763184943689945,0.0,0.027214578178321888,0.11872488867781145,2.381003881582921,0,0,0,0,0,0,0,0,0,0,0,0,0,0,0,0,0,0,0,0,0,0,0,0,0,0,1,0,0,0
synthetic_OpenRedirect_7,synthetic_single,"[""OpenRedirect""]",0,1,227.61048174766555,0.0,0.02090210803612619,782.3788354572662,4.666683064092337,0.18891265488919284,0.0,0.0,0.0,0.039118991830628946,0.031940002739140536,0.018922934786734895,0.047830580107808884,0.0,0.0,0.15397826728355832,0.0,3.733153452302983e-05,0.0,0.0,0.0,0.0,0.0,0.019805909698601423,0.10656377928425383,0.0,0.0,0.0391199203658033,0.0,0.0,0.0,0.0,0.0,0.0,0.0,0.0,0.0,0.0,0.0,0.0,0.0,0.03649966305722456,0.015623448439593304,0.0,8.276100817449215,3.0223124076326466,0.08312580410088588,0.7560767774007586,0.03952577874427685,0.7684053902540487,0.22255918652471712,0.0,0.0,0.04045426814481933,0.0,0.0,0.0,0.0,,,,,,,,,,,,,,,,,,,,,,,,,,,,,,,307.81894117942534,0.0,0.011182903474692453,0.0,0.030279343257877723,0.08196755927352734,1.7500267651293417,0,0,0,0,0,0,0,0,0,0,0,0,0,0,0,0,0,0,0,0,0,0,0,0,0,0,1,0,0,0
synthetic_OpenRedirect_8,synthetic_single,"[""OpenRedirect""]",0,1,230.0411626933072,0.0,0.026492675555375926,263.3406862347523,4.490667275821311,0.06359232645257343,0.0,0.0,0.0,0.2841279081661429,0.0375742233114039,0.012866067317459947,0.06997588767099645,0.07359039643750365,0.0,0.05077442841863888,0.05752124528632647,0.06774304511567243,0.0,0.0,0.0,0.0,0.0,0.09921627761754054,0.16363454600805813,0.0,0.0,0.0346425066642047,0.0,0.0,0.0,0.0,0.0,0.0,0.0,0.0,0.0,0.0,0.0,0.0,0.0,0.019938438734916793,0.009392317516491732,0.0,8.157783944977757,3.0559221700433192,0.03035844037232263,0.8891927338574729,0.0446248726811941,2.544827255237288,0.5657068558292853,0.0,0.0,0.0,0.022270281815934878,0.0,0.0,0.0,,,,,,,,,,,,,,,,,,,,,,,,,,,,,,,300.1414815950774,0.0,0.003339678376442421,0.0,0.0007856248185900763,0.1217905771882726,0.8028127272799177,0,0,0,0,0,0,0,0,0,0,0,0,0,0,0,0,0,0,0,0,0,0,0,0,0,0,1,0,0,0
synthetic_OpenRedirect_9,synthetic_single,"[""OpenRedirect""]",0,1,232.16133075622398,0.0,0.018982047464291836,341.5632703014919,4.539592332593874,0.18300971339088357,0.0,0.0,0.0,0.18978178731684098,0.04502108609467753,0.0,0.03920569757132168,0.11659048848655236,0.0,0.0,0.20392222654999348,0.033246877765044404,0.0,0.0,0.0,0.0,0.0,0.0,0.23744914916301216,0.0,0.0,0.007542827143668219,0.0,0.0,0.0,0.0,0.0,0.0,0.0,0.0,0.0,0.0,0.0,0.0,0.0,0.0,0.0,0.0,8.035122456204338,2.9985242911077266,0.004409647971032445,1.137710757903566,0.09589948451651203,2.0046473830253992,0.505594267416121,0.0,0.0,0.04211081780968921,0.0002388142999181636,0.0,0.0,0.0,,,,,,,,,,,,,,,,,,,,,,,,,,,,,,,309.741799989857,0.0,0.0054581533695835585,0.0,0.02965734149398929,0.1372294869354506,2.469211565644405,0,0,0,0,0,0,0,0,0,0,0,0,0,0,0,0,0,0,0,0,0,0,0,0,0,0,1,0,0,0
synthetic_OpenRedirect_10,synthetic_single,"[""OpenRedirect""]",0,1,230.34971097381683,0.0,0.018037377817325707,690.2488523254375,4.541961326245021,0.18636570103887695,0.0,0.0,0.0,0.22539016712821758,0.025281815406813703,0.009948641798641912,0.009293877266676544,0.0,0.0,0.09379223090172509,0.07894001696147246,0.01190681275168083,0.0,0.0,0.0,0.0,0.0,0.0575043246151378,0.19335586335593608,0.0,0.0,0.01257377487453914,0.0,0.0,0.0,0.0,0.0,0.0,0.0,0.0,0.0,0.0,0.0,0.0,0.0,0.04330409898311424,0.015940884443944217,0.0,8.265428670764317,3.023182036135118,0.01793827453489659,0.6573542457812661,0.18044332860309403,2.2949765142235963,0.9394266408163512,0.0,0.0,0.02711139086389714,0.013830728651393532,0.0,0.0,0.0,,,,,,,,,,,,,,,,,,,,,,,,,,,,,,,305.3973403177698,0.0,0.01852467457340211,0.0,0.0362664901030138,0.08985092692270408,1.5768485724304828,0,0,0,0,0,0,0,0,0,0,0,0,0,0,0,0,0,0,0,0,0,0,0,0,0,0,1,0,0,0
synthetic_OpenRedirect_11,synthetic_single,"[""OpenRedirect""]",0,1,211.88366100783108,0.0,0.02095633756330719,950.0167053980806,4.4535357487768295,0.09035981152121661,0.0,0.0,0.0,0.19421641205875534,0.02286871636838155,0.0,0.006846304542834487,0.0013737324174681598,0.0,0.1604633562050956,0.028505308298653487,0.0216099767391231,0.0,0.0,0.0,0.0,0.0,0.06393676257090217,0.055981607320886195,0.0,0.0,0.0,0.0,0.0,0.0,0.0,0.0,0.0,0.0,0.0,0.0,0.0,0.0,0.0,0.0,0.0,0.03991017793339957,0.0,8.060729926342185,3.036997150919923,0.02215955734438377,0.9624964051572417,0.16423112291824682,2.420641041905649,0.5208749743312933,0.0,0.0,0.02756261774223693,0.0,0.0,0.0,0.0,,,,,,,,,,,,,,,,,,,,,,,,,,,,,,,302.0174576477041,0.0,0.007176764335764404,0.0,0.022950936227240114,0.13355586444136933,1.983137313773109,0,0,0,0,0,0,0,0,0,0,0,0,0,0,0,0,0,0,0,0,0,0,0,0,0,0,1,0,0,0
synthetic_OpenRedirect_12,synthetic_single,"[""OpenRedirect""]",0,1,236.82576920590435,0.0,0.02501745572374101,607.2048532867066,4.432061982757555,0.0,0.0,0.0,0.0,0.27867609931433324,0.059126780411105306,0.024473707875215786,0.0,0.0,0.0,0.0025891215621577715,0.1448262764194824,0.0,0.0,0.0,0.0,0.0,0.0,0.02348532192368879,0.2185947258194767,0.0,0.0,0.010093463314883653,0.0,0.0,0.0,0.0,0.0,0.0,0.0,0.0,0.0,0.0,0.0,0.0,0.0,0.05066878025896707,0.013980866365970904,0.0,8.267331103031724,2.9973207249316625,0.020337949733895036,0.9533564592548899,0.0034802121091108626,2.6122183488971467,1.1200240858889239,0.0,0.0,0.02813565959179738,0.018209913260676894,0.0,0.0,0.0,,,,,,,,,,,,,,,,,,,,,,,,,,,,,,,323.47892945719155,0.0,0.0072429797148900535,0.0,0.03579046543695958,0.12422167330709774,0.46778849159710534,0,0,0,0,0,0,0,0,0,0,0,0,0,0,0,0,0,0,0,0,0,0,0,0,0,0,1,0,0,0
synthetic_OpenRedirect_13,synthetic_single,"[""OpenRedirect""]",0,1,244.9652273008086,0.0,0.016718417300655236,0.0,4.5460053877870035,0.24226708504408845,0.0,0.0,0.0,0.12274776090841676,0.017723935305708045,0.04928219286175778,0.02820414996151434,0.0,0.0,0.13226145863766672,0.0730160962015859,0.007243560882994227,0.0,0.0,0.0,0.0,0.0,0.01800704335152364,0.26780693158805535,0.0,0.0,0.014652445497447347,0.0,0.0,0.0,0.0,0.0,0.0,0.0,0.0,0.0,0.0,0.0,0.0,0.0,0.02403149026743144,0.0,0.0,8.160672245409984,3.0175955449506398,0.0,0.8689442314847784,0.04302754251861919,0.8397694824984492,1.1184478118404928,0.0,0.0,0.044748988920207435,0.019738672346987878,0.0,0.0,0.0,,,,,,,,,,,,,,,,,,,,,,,,,,,,,,,337.9894139927254,0.0,0.012149810953359194,0.0,0.053440710601865546,0.050284355178453324,0.9997970965128286,0,0,0,0,0,0,0,0,0,0,0,0,0,0,0,0,0,0,0,0,0,0,0,0,0,0,1,0,0,0
synthetic_OpenRedirect_14,synthetic_single,"[""OpenRedirect""]",0,1,211.182499842696,0.0,0.01683746852828944,349.04200956001546,4.592936217591328,0.0,0.0,0.0,0.0,0.40703626870275733,0.0,0.0,0.08011530845685011,0.009622583387454989,0.0,0.16912894806786322,0.0993656548977147,0.0,0.0,0.0,0.0,0.0,0.0,0.05449682835695756,0.13105657347814326,0.0,0.0,0.012185098794495954,0.0,0.0,0.0,0.0,0.0,0.0,0.0,0.0,0.0,0.0,0.0,0.0,0.0,0.0,0.00911534700778908,0.0,8.268065861507667,3.000906550833482,0.02364888145853117,0.7710634878567064,0.1265843175630286,2.149204078482785,0.4952095011746411,0.0,0.0,0.02120874132003523,0.02000582728187438,0.0,0.0,0.0,,,,,,,,,,,,,,,,,,,,,,,,,,,,,,,294.7357339873234,0.0,0.006984033709590001,0.0,0.03624650800556944,0.1562363673614558,1.7337653362153527,0,0,0,0,0,0,0,0,0,0,0,0,0,0,0,0,0,0,0,0,0,0,0,0,0,0,1,0,0,0
synthetic_OpenRedirect_15,synthetic_single,"[""OpenRedirect""]",0,1,227.48995166427224,0.0,0.02690076745087898,737.8003324485062,4.591584419440686,0.05833131167119887,0.0,0.0,0.0,0.1144674493277183,0.0,0.011720117933488419,0.03177303648240323,0.06742034876751367,0.0,0.026736610740817842,0.13186909753396517,0.01821771507637885,0.0,0.0,0.0,0.0,0.0,0.05869723690101887,0.13210737088213004,0.0,0.0,0.025107543808181025,0.0,0.0,0.0,0.0,0.0,0.0,0.0,0.0,0.0,0.0,0.0,0.0,0.0,0.022211308596098746,0.013653137410504746,0.0,8.160762499364921,3.03835513231856,0.016176582863603944,0.9678328307311718,0.0070997993053146385,1.1324653072033621,1.117613546323915,0.0,0.0,0.0,0.01501681530565035,0.0,0.0,0.0,,,,,,,,,,,,,,,,,,,,,,,,,,,,,,,286.5994569335067,0.0,0.014822437404666674,0.0,0.03037833581078382,0.19633835130917954,2.45159258541522,0,0,0,0,0,0,0,0,0,0,0,0,0,0,0,0,0,0,0,0,0,0,0,0,0,0,1,0,0,0
synthetic_OpenRedirect_16,synthetic_single,"[""OpenRedirect""]",0,1,245.25682085706993,0.0,0.02211608320195481,587.8498071933556,4.526027233280747,0.052016823037209385,0.0,0.0,0.0,0.09373386403545998,0.0,0.0277136201653362,0.08183572825118865,0.0,0.0,0.10447401279514654,0.14135033873919578,0.019800812366713272,0.0,0.0,0.0,0.0,0.0,0.07213355526190182,0.16947556642099346,0.0,0.0,0.04525324313910174,0.0,0.0,0.0,0.0,0.0,0.0,0.0,0.0,0.0,0.0,0.0,0.0,0.0,0.032996049984947866,0.01995000614790585,0.0,8.134567709331646,2.999726707350315,0.038009070938629146,0.8321393945984865,0.011161444840445078,0.8380362105739748,1.2434645824075865,0.0,0.0,0.01911272035413717,0.02037406480469875,0.0,0.0,0.0,,,,,,,,,,,,,,,,,,,,,,,,,,,,,,,329.4837462611786,0.0,0.006182189245438412,0.0,0.02491171591470313,0.12373365796087124,1.3652447899775113,0,0,0,0,0,0,0,0,0,0,0,0,0,0,0,0,0,0,0,0,0,0,0,0,0,0,1,0,0,0
synthetic_OpenRedirect_17,synthetic_single,"[""OpenRedirect""]",0,1,232.96636365385086,0.0,0.015935609364402675,1097.1726660480433,4.493819544119282,0.04736316574624583,0.0,0.0,0.0,0.26243115599180106,0.0014357991060815617,0.0,0.07130936965848482,0.0,0.0,0.026471442411643797,0.15741270098502985,0.009038216788140404,0.0,0.0,0.0,0.0,0.0,0.0,0.11718235950214023,0.0,0.0,0.01421269560863434,0.0,0.0,0.0,0.0,0.0,0.0,0.0,0.0,0.0,0.0,0.0,0.0,0.0,0.004819664739226652,0.0,0.0,8.119486889146868,3.0033081370033243,0.043087432588258416,1.2723951500307775,0.03632286696481046,2.1269746277413404,1.0858159208600648,0.0,0.0,0.0,0.013312118174039546,0.0,0.0,0.0,,,,,,,,,,,,,,,,,,,,,,,,,,,,,,,305.13937900663035,0.0,0.0,0.0,0.008308271932867286,0.0874554791005861,0.5373524056572452,0,0,0,0,0,0,0,0,0,0,0,0,0,0,0,0,0,0,0,0,0,0,0,0,0,0,1,0,0,0
synthetic_OpenRedirect_18,synthetic_single,"[""OpenRedirect""]",0,1,245.27197412454092,0.0,0.02369209843222253,914.1779414906641,4.566281508872753,0.05794035753329792,0.0,0.0,0.0,0.14587546448181893,0.031225034370912605,0.010396191299662539,0.0,0.07335556474838702,0.0,0.0,0.0201285965761515,0.02547464800968431,0.0,0.0,0.0,0.0,0.0,0.03614122797463876,0.10722528606928133,0.0,0.0,0.024202977945287106,0.0,0.0,0.0,0.0,0.0,0.0,0.0,0.0,0.0,0.0,0.0,0.0,0.0,0.008410874633000477,0.014349621293276575,0.0,8.04513184406374,3.0196319643047347,0.038316806685516513,1.3226413302104996,0.0,1.8587162590332336,0.45858887580412006,0.0,0.0,0.0,0.024448455262371153,0.0,0.0,0.0,,,,,,,,,,,,,,,,,,,,,,,,,,,,,,,301.7191772097494,0.0,0.0,0.0,0.06617030059618302,0.09206266492818632,1.0482501493261467,0,0,0,0,0,0,0,0,0,0,0,0,0,0,0,0,0,0,0,0,0,0,0,0,0,0,1,0,0,0
synthetic_JWT_0,synthetic_single,"[""JWT""]",0,1,246.5597284099239,0.0,0.02401832842346673,569.6183233185191,4.4327746301780735,0.0,0.0,0.0,0.0,0.1378721248614627,0.011184465563801293,0.008471424486985096,0.07428052354243937,0.09325803774896912,0.0,0.019793894305585202,0.0,0.024661304266113217,0.0,0.0,0.0,0.0,0.0,0.00782296882009325,0.1749569418527899,0.0,0.0,0.011631961505640435,0.0,0.0,0.0,0.0,0.0,0.0,0.0,0.0,0.0,0.0,0.0,0.0,0.0,0.046183249759762485,0.04421241960706005,0.0,8.202763290602558,3.0087955131656177,0.07029235892603568,0.7381661684727698,0.0991396950366335,1.8318247097183564,0.0,0.0,0.0,0.0,0.0,0.0,0.0,0.0,,,,,,,,,,,,,,,,,,,,,,,,,,,,,,,318.650727980692,0.0,0.008965891676085466,0.0,0.032542746352524514,0.061224090444559946,2.4749242291744817,0,0,0,0,0,0,0,0,0,0,0,0,0,0,0,0,0,0,0,0,0,0,0,0,0,0,0,1,0,0
synthetic_JWT_1,synthetic_single,"[""JWT""]",0,1,247.94129548376804,0.0,0.026574939280686778,452.0316701343439,4.610906202655202,0.0,0.0,0.0,0.0,0.2874304648307415,0.0,0.024437333330086825,0.0010395069880992647,0.1208972033649808,0.0,0.0,0.1681268559416633,0.013635059330502975,0.0,0.0,0.0,0.0,0.0,0.04148586781001622,0.09068019733327276,0.0,0.0,0.0,0.0,0.0,0.0,0.0,0.0,0.0,0.0,0.0,0.0,0.0,0.0,0.0,0.0,0.0,0.016153637278432602,0.0,8.069323239842156,3.033607968695901,0.032221182178355456,1.0278776084154282,0.014181844296385079,1.5381549641092938,0.4948384642778094,0.0,0.0,0.0,0.0,0.0,0.0,0.0,,,,,,,,,,,,,,,,,,,,,,,,,,,,,,,266.9367728443746,0.0,0.010538937522145141,0.0,0.04108648065208842,0.09536324612424454,0.3919253007724328,0,0,0,0,0,0,0,0,0,0,0,0,0,0,0,0,0,0,0,0,0,0,0,0,0,0,0,1,0,0
synthetic_JWT_2,synthetic_single,"[""JWT""]",0,1,237.8491330822187,0.0,0.012394321873443154,386.5279562311962,4.585454084465665,0.024467213303424946,0.0,0.0,0.0,0.09704982515417078,0.0375870354320277,0.002176717900122537,0.048505363395597786,0.04159790136264419,0.0,0.16343157259835867,0.0,0.027680123454112138,0.0,0.0,0.0,0.0,0.0,0.007187399478820938,0.1545830799807748,0.0,0.0,0.01383104815425393,0.0,0.0,0.0,0.0,0.0,0.0,0.0,0.0,0.0,0.0,0.0,0.0,0.0,0.0,0.022676712035221112,0.0,8.001288007336962,3.0004869501811426,0.07201242739560151,0.8784728290997921,0.12706721608478802,2.092428227835147,0.5306162627521132,0.0,0.0,0.021021408684634632,0.036287064747133765,0.0,0.0,0.0,,,,,,,,,,,,,,,,,,,,,,,,,,,,,,,260.8094088541136,0.0,0.010931958262829135,0.0,0.012475225090336762,0.09184361027413138,1.7510479973988606,0,0,0,0,0,0,0,0,0,0,0,0,0,0,0,0,0,0,0,0,0,0,0,0,0,0,0,1,0,0
synthetic_JWT_3,synthetic_single,"[""JWT""]",0,1,237.17189685609756,0.0,0.024055721061812516,260.8859403778563,4.5877885488231485,0.09620630171706071,0.0,0.0,0.0,0.053444455512806466,0.029677385828669283,0.0,0.0,0.1419212207474424,0.0,0.12767639882417042,0.07700627950620595,0.0,0.0,0.0,0.0,0.0,0.0,0.024691009883428757,0.1920903813857052,0.0,0.0,0.031067423261685934,0.0,0.0,0.0,0.0,0.0,0.0,0.0,0.0,0.0,0.0,0.0,0.0,0.0,0.038143442245087145,0.008815258148946847,0.0,8.21149283704212,3.0327086017340554,0.020056904269795853,1.3376778014182378,0.011917548313918069,1.5036491103679241,0.5683187539107786,0.0,0.0,0.026720325384665546,0.008375209902640401,0.0,0.0,0.0,,,,,,,,,,,,,,,,,,,,,,,,,,,,,,,353.65143905167747,0.0,0.010246263394763078,0.0,0.024476833799038755,0.15070962886514902,2.148225417661669,0,0,0,0,0,0,0,0,0,0,0,0,0,0,0,0,0,0,0,0,0,0,0,0,0,0,0,1,0,0
synthetic_JWT_4,synthetic_single,"[""JWT""]",0,1,224.25036450214935,0.0,0.01924690868259071,990.8566981032525,4.5390031394558035,0.09205061267647559,0.0,0.0,0.0,0.28814980048315775,0.044962657813979526,0.0456043127328506,0.029322775795239425,0.0,0.0,0.03505255596170059,0.0,0.02202034604712903,0.0,0.0,0.0,0.0,0.0,0.05826687763067681,0.1484270466512781,0.0,0.0,0.0,0.0,0.0,0.0,0.0,0.0,0.0,0.0,0.0,0.0,0.0,0.0,0.0,0.0,0.04595023749186358,0.005840460334256629,0.0,8.122943025222721,2.988678845404636,0.015439777469295247,0.43792501136128104,0.04088624985174487,2.071070195841145,0.8087302685675514,0.0,0.0,0.0021331147529011028,0.035036927928334835,0.0,0.0,0.0,,,,,,,,,,,,,,,,,,,,,,,,,,,,,,,285.92277781450014,0.0,0.006459949161967786,0.0,0.0,0.12489473640753021,1.660834383748048,0,0,0,0,0,0,0,0,0,0,0,0,0,0,0,0,0,0,0,0,0,0,0,0,0,0,0,1,0,0
synthetic_JWT_5,synthetic_single,"[""JWT""]",0,1,217.7682881698098,0.0,0.02652074187497408,763.9381156043893,4.540870964555682,0.15561354863443744,0.0,0.0,0.0,0.16699865448950463,0.02905527188234691,0.0,0.08819235085120591,0.032535195307938795,0.0,0.019521912714016536,0.13227542860898742,0.00891202994233388,0.0,0.0,0.0,0.0,0.0,0.024045178801743006,0.1767585784239643,0.0,0.0,0.0,0.0,0.0,0.0,0.0,0.0,0.0,0.0,0.0,0.0,0.0,0.0,0.0,0.0,0.0,0.0,0.0,8.062339400957416,3.02708479973932,0.0,1.0073527558839168,0.00033248121784106716,0.7712705562025277,0.32527073834931297,0.0,0.0,0.002863355087907346,0.0,0.0,0.0,0.0,,,,,,,,,,,,,,,,,,,,,,,,,,,,,,,303.29676546733646,0.0,0.007398236477635776,0.0,0.0457677426976463,0.15013896105162367,0.8241697155089226,0,0,0,0,0,0,0,0,0,0,0,0,0,0,0,0,0,0,0,0,0,0,0,0,0,0,0,1,0,0
synthetic_JWT_6,synthetic_single,"[""JWT""]",0,1,220.50485049370053,0.0,0.0253837876065706,645.9384377919984,4.488776579955496,0.13868704437190751,0.0,0.0,0.0,0.2502171825592006,0.05484772195220373,0.018610381930116854,0.0,0.19003637498213105,0.0,0.020115750706925138,0.0,0.011760609514466516,0.0,0.0,0.0,0.0,0.0,0.04661402795445915,0.12411425131163557,0.0,0.0,0.013029244808128768,0.0,0.0,0.0,0.0,0.0,0.0,0.0,0.0,0.0,0.0,0.0,0.0,0.0,0.0045455338454389455,0.0,0.0,8.389532532892325,2.969987969895025,0.0,0.9707430002020979,0.07899904881763323,0.7954423240100711,0.7067515636717909,0.0,0.0,0.01993824359556099,0.0,0.0,0.0,0.0,,,,,,,,,,,,,,,,,,,,,,,,,,,,,,,305.24831048933737,0.0,0.0032321453488019917,0.0,0.021696912858676948,0.07429378831645911,0.7611168910817311,0,0,0,0,0,0,0,0,0,0,0,0,0,0,0,0,0,0,0,0,0,0,0,0,0,0,0,1,0,0
synthetic_JWT_7,synthetic_single,"[""JWT""]",0,1,232.24213216930872,0.0,0.018331778388121632,831.0498643020753,4.496882010260194,0.050666731960403395,0.0,0.0,0.0,0.2456836258386866,0.009156302760712692,0.043696489964042726,0.05544059973826873,0.2523030850011582,0.0,0.011361618988137132,0.03754346971585282,0.016964281103767617,0.0,0.0,0.0,0.0,0.0,0.029101077746697478,0.2720067540797301,0.0,0.0,0.04613466800483228,0.0,0.0,0.0,0.0,0.0,0.0,0.0,0.0,0.0,0.0,0.0,0.0,0.0,0.0,0.016433664944577472,0.0,8.230881663893191,3.0366560463593233,0.02449342575287086,0.9470926555954418,0.06984388684605183,2.1012856491807237,0.5447383957811491,0.0,0.0,0.0186384160773667,0.0,0.0,0.0,0.0,,,,,,,,,,,,,,,,,,,,,,,,,,,,,,,272.52689612294637,0.0,0.0032122630206320108,0.0,0.05263359447798385,0.09721546264597414,0.5485719503753118,0,0,0,0,0,0,0,0,0,0,0,0,0,0,0,0,0,0,0,0,0,0,0,0,0,0,0,1,0,0
synthetic_JWT_8,synthetic_single,"[""JWT""]",0,1,243.06049092228872,0.0,0.03843598553185325,95.66781499443897,4.561790932876422,0.0,0.0,0.0,0.0,0.24946191802209142,0.025723141522759382,0.03310840602823688,0.05461890115802736,0.0,0.0,0.13811331330742233,0.0,0.023278141506444656,0.0,0.0,0.0,0.0,0.0,0.0,0.21985666679754717,0.0,0.0,0.0,0.0,0.0,0.0,0.0,0.0,0.0,0.0,0.0,0.0,0.0,0.0,0.0,0.0,0.025358765078158957,0.01334664400647554,0.0,8.207010616634404,3.0094676110385374,0.03438255361557735,1.0276206631976812,0.052639793988493805,1.3532454998890833,1.1226148318789404,0.0,0.0,0.0,0.005688154430555647,0.0,0.0,0.0,,,,,,,,,,,,,,,,,,,,,,,,,,,,,,,340.23062738493303,0.0,0.01103704632210219,0.0,0.04104147090916247,0.11540275709108101,2.4799443387493976,0,0,0,0,0,0,0,0,0,0,0,0,0,0,0,0,0,0,0,0,0,0,0,0,0,0,0,1,0,0
synthetic_JWT_9,synthetic_single,"[""JWT""]",0,1,221.99265394092444,0.0,0.03143329028428956,1137.6801054314606,4.5061288532473345,0.017680683405776193,0.0,0.0,0.0,0.1662248330868022,0.009850205045457573,0.03237502854777858,0.03557647133313523,0.06583898789842298,0.0,0.06383098944218712,0.0037864075314638507,0.03523796949452389,0.0,0.0,0.0,0.0,0.0,0.05072113955038905,0.2097810938788099,0.0,0.0,0.020222245490082426,0.0,0.0,0.0,0.0,0.0,0.0,0.0,0.0,0.0,0.0,0.0,0.0,0.0,0.049285832208561225,0.031993427465348896,0.0,8.022588285561234,2.98337404478763,0.01475754259145379,0.9957161360789456,0.1596571109304317,1.5979424044137263,0.6832786660956818,0.0,0.0,0.04412521146039264,0.036332999599719945,0.0,0.0,0.0,,,,,,,,,,,,,,,,,,,,,,,,,,,,,,,303.2696508090374,0.0,0.011543222698006478,0.0,0.053901045040937345,0.14140256997879644,0.18279708083877466,0,0,0,0,0,0,0,0,0,0,0,0,0,0,0,0,0,0,0,0,0,0,0,0,0,0,0,1,0,0
synthetic_JWT_10,synthetic_single,"[""JWT""]",0,1,248.02106835865573,0.0,0.03300506550232338,819.4657134023623,4.6361751674647955,0.0,0.0,0.0,0.0,0.27208670049582506,0.01886419805383377,0.038289742394580425,0.0,0.0,0.0,0.09306298162076068,0.12274483658082097,0.0,0.0,0.0,0.0,0.0,0.0,0.012245966107759736,0.19150179332091233,0.0,0.0,0.013467570603509537,0.0,0.0,0.0,0.0,0.0,0.0,0.0,0.0,0.0,0.0,0.0,0.0,0.0,0.007037635406618208,0.002067656851293693,0.0,8.093359080913974,3.00919971168852,0.045866591420064155,1.1775255318034619,0.03169762661644328,2.179858344846589,0.7820450159470282,0.0,0.0,0.049124155224580704,0.02541756422771721,0.0,0.0,0.0,,,,,,,,,,,,,,,,,,,,,,,,,,,,,,,326.22378457328875,0.0,0.012647306594693979,0.0,0.005445998229065559,0.1419683688429268,1.6672715320233804,0,0,0,0,0,0,0,0,0,0,0,0,0,0,0,0,0,0,0,0,0,0,0,0,0,0,0,1,0,0
synthetic_JWT_11,synthetic_single,"[""JWT""]",0,1,231.25325812843036,0.0,0.006327086488335649,493.42205983642003,4.564251584259323,0.0,0.0,0.0,0.0,0.0,0.04273503168149974,0.013667034357171492,0.0,0.20443532472998188,0.0,0.048704644320565704,0.13991610955848824,0.04075602597442784,0.0,0.0,0.0,0.0,0.0,0.0,0.13317860242093493,0.0,0.0,0.00016820800376294263,0.0,0.0,0.0,0.0,0.0,0.0,0.0,0.0,0.0,0.0,0.0,0.0,0.0,0.028984381737286895,0.0,0.0,8.085114235089947,3.0096565737880137,0.0,0.822222092109537,0.13691968433569013,1.5723823663391392,0.29931245443137844,0.0,0.0,0.04667391089325669,0.008600687208187345,0.0,0.0,0.0,,,,,,,,,,,,,,,,,,,,,,,,,,,,,,,285.9313095265821,0.0,0.006515045592366296,0.0,0.030481870274949214,0.07145709471202893,0.4991831486589803,0,0,0,0,0,0,0,0,0,0,0,0,0,0,0,0,0,0,0,0,0,0,0,0,0,0,0,1,0,0
synthetic_JWT_12,synthetic_single,"[""JWT""]",0,1,226.62513186641328,0.0,0.00529099265778841,905.1861129480276,4.600269413107867,0.14374108382268386,0.0,0.0,0.0,0.28361456065009377,0.006671434841074641,0.03948009123656262,0.03239151887982214,0.21719782489096473,0.0,0.0074658757686469485,0.04400567402546306,0.017623904585837936,0.0,0.0,0.0,0.0,0.0,0.0,0.17180926966146912,0.0,0.0,0.007855564468913457,0.0,0.0,0.0,0.0,0.0,0.0,0.0,0.0,0.0,0.0,0.0,0.0,0.0,0.021678618941651687,0.035456474250629706,0.0,8.440516457234368,3.0333081010255594,0.029657772337593463,0.9714485539206935,0.1301908730995747,1.9905532221545856,0.8222761632315656,0.0,0.0,0.0,0.024097882586341154,0.0,0.0,0.0,,,,,,,,,,,,,,,,,,,,,,,,,,,,,,,290.5716694112842,0.0,0.0029005608138271354,0.0,0.0339708435200977,0.10388095207630128,1.7448809714155629,0,0,0,0,0,0,0,0,0,0,0,0,0,0,0,0,0,0,0,0,0,0,0,0,0,0,0,1,0,0
synthetic_JWT_13,synthetic_single,"[""JWT""]",0,1,216.35345085311698,0.0,0.031867635319648854,514.2729441283054,4.532317439204474,0.0,0.0,0.0,0.0,0.4641987861604656,0.043779508385979174,0.0,0.1108427619191317,0.0,0.0,0.0736629560000741,0.08336957994000731,0.004689600699597939,0.0,0.0,0.0,0.0,0.0,0.052240381921458245,0.22327809764816825,0.0,0.0,0.024969959866123256,0.0,0.0,0.0,0.0,0.0,0.0,0.0,0.0,0.0,0.0,0.0,0.0,0.0,0.014579400172281005,0.0,0.0,8.121790062310195,3.015309195085538,0.015225888973417175,0.6278622988458562,0.0069757316686430496,2.2800367239259285,0.6745535032750987,0.0,0.0,0.0,0.0029063797668165,0.0,0.0,0.0,,,,,,,,,,,,,,,,,,,,,,,,,,,,,,,330.40262170950325,0.0,0.0,0.0,0.03997564928459885,0.14596517867828376,3.0651022707843025,0,0,0,0,0,0,0,0,0,0,0,0,0,0,0,0,0,0,0,0,0,0,0,0,0,0,0,1,0,0
synthetic_JWT_14,synthetic_single,"[""JWT""]",0,1,248.85032228922182,0.0,0.01761838852056325,885.340472236518,4.62634513356688,0.1750306984563768,0.0,0.0,0.0,0.17517623178373815,0.02281497684009505,0.0,0.0620741150970521,0.0767403913020275,0.0,0.09357317047668348,0.018146679784114716,0.029821085221842937,0.0,0.0,0.0,0.0,0.0,0.03157404086634695,0.14214863636303876,0.0,0.0,0.023066576159968467,0.0,0.0,0.0,0.0,0.0,0.0,0.0,0.0,0.0,0.0,0.0,0.0,0.0,0.020294298378573845,0.014351094066109613,0.0,8.199121867971218,2.9959794652348184,0.018841982506717727,0.9370711905276464,0.032710767941800306,1.2042929239070157,0.4296129073909395,0.0,0.0,0.008534162286798498,0.035280953883966334,0.0,0.0,0.0,,,,,,,,,,,,,,,,,,,,,,,,,,,,,,,245.2550054335338,0.0,0.006692324009959735,0.0,0.040171073144736315,0.14049033568397193,0.004627093811681027,0,0,0,0,0,0,0,0,0,0,0,0,0,0,0,0,0,0,0,0,0,0,0,0,0,0,0,1,0,0
synthetic_JWT_15,synthetic_single,"[""JWT""]",0,1,244.62739374891436,0.0,0.010482225572245754,370.83190645517675,4.5105007834242725,0.15195542369991,0.0,0.0,0.0,0.27588772196560535,0.021601902860216515,0.01727978891941043,0.05990451437734348,0.15613172434723283,0.0,0.0,0.09505314691124797,0.030541102552130793,0.0,0.0,0.0,0.0,0.0,0.03543179472150127,0.11354734491314596,0.0,0.0,0.009676132527596724,0.0,0.0,0.0,0.0,0.0,0.0,0.0,0.0,0.0,0.0,0.0,0.0,0.0,0.0,0.0,0.0,8.274028399258771,3.0015616118959576,0.0,1.06136890601042,0.07654021395872944,1.1201223391905113,0.579775606433367,0.0,0.0,0.00924528814737044,0.01615003418736312,0.0,0.0,0.0,,,,,,,,,,,,,,,,,,,,,,,,,,,,,,,286.9792250587505,0.0,0.012357279234384316,0.0,0.013784149915572273,0.1389158105557569,1.8339887444078133,0,0,0,0,0,0,0,0,0,0,0,0,0,0,0,0,0,0,0,0,0,0,0,0,0,0,0,1,0,0
synthetic_JWT_16,synthetic_single,"[""JWT""]",0,1,225.08172592851557,0.0,0.016988173304229824,0.0,4.468597282947087,0.0,0.0,0.0,0.0,0.3717414120209839,0.009361066610774203,0.0031307408205619707,0.0,0.023996257198381422,0.0,0.04280996730097226,0.07183478622842426,0.0,0.0,0.0,0.0,0.0,0.0,0.07090219846856896,0.21609781442840145,0.0,0.0,0.029188520905261237,0.0,0.0,0.0,0.0,0.0,0.0,0.0,0.0,0.0,0.0,0.0,0.0,0.0,0.0,0.02771437713851416,0.0,8.220138858851234,3.014013314471317,0.0,0.818340810694197,0.0,2.149265800399939,0.5398102801457062,0.0,0.0,0.04372888613494248,0.015175887966186952,0.0,0.0,0.0,,,,,,,,,,,,,,,,,,,,,,,,,,,,,,,292.48108338879194,0.0,0.004478112590145833,0.0,0.02333685680797317,0.16834696122427364,1.6405355248443454,0,0,0,0,0,0,0,0,0,0,0,0,0,0,0,0,0,0,0,0,0,0,0,0,0,0,0,1,0,0
synthetic_JWT_17,synthetic_single,"[""JWT""]",0,1,229.2480824195107,0.0,0.01073695863807147,242.74371967305024,4.472452822550025,0.0,0.0,0.0,0.0,0.19770280285508202,0.04312262326856994,0.0016543185238385074,0.045592104483239915,0.03055218826672322,0.0,0.0,0.0,0.019186200338216594,0.0,0.0,0.0,0.0,0.0,0.07268920431634851,0.22071087406629938,0.0,0.0,0.020106408313202314,0.0,0.0,0.0,0.0,0.0,0.0,0.0,0.0,0.0,0.0,0.0,0.0,0.0,0.005846419048234014,0.0,0.0,8.176406685954197,3.014691908813357,0.00663762256917021,1.0619589188611687,0.0536626105256286,2.0674185524521986,0.6843254871094364,0.0,0.0,0.020065387008868476,0.020676920898586172,0.0,0.0,0.0,,,,,,,,,,,,,,,,,,,,,,,,,,,,,,,311.504733237254,0.0,0.006041135210376529,0.0,0.023968465494706624,0.14970891812878734,1.9430368827002227,0,0,0,0,0,0,0,0,0,0,0,0,0,0,0,0,0,0,0,0,0,0,0,0,0,0,0,1,0,0
synthetic_JWT_18,synthetic_single,"[""JWT""]",0,1,240.91276307853744,0.0,0.027831805206193966,81.93182403711705,4.516556553964804,0.0,0.0,0.0,0.0,0.18968108746362164,0.03964537386684882,0.0,0.024460992413821277,0.0,0.0,0.05501489647858475,0.0,0.0,0.0,0.0,0.0,0.0,0.0,0.060421167009472976,0.1772519277991236,0.0,0.0,0.0,0.0,0.0,0.0,0.0,0.0,0.0,0.0,0.0,0.0,0.0,0.0,0.0,0.0,0.008746064376617305,0.01144959463428618,0.0,8.107530922831007,3.0394579040116616,0.05218921388452252,0.920690721015968,0.03619912980399586,0.9222900839190596,0.3762249790421564,0.0,0.0,0.027162441473718282,0.023217218693157668,0.0,0.0,0.0,,,,,,,,,,,,,,,,,,,,,,,,,,,,,,,302.05390556811295,0.0,0.016853688528577583,0.0,0.03379039446181605,0.09598086413778342,3.6137587703923497,0,0,0,0,0,0,0,0,0,0,0,0,0,0,0,0,0,0,0,0,0,0,0,0,0,0,0,1,0,0
synthetic_CRLF_Injection_0,synthetic_single,"[""CRLF_Injection""]",0,1,197.21022795218542,0.0,0.16091417646377554,9868.105382554966,4.378237831334987,1.841517313031781,0.0,0.0,0.0,3.392588633829926,0.00403482464541488,0.4140054819349473,0.8341929624058302,2.503089699090172,0.0,1.665695635663636,1.679311253125483,0.41919484040413696,0.0,0.0,0.0,0.0,0.0,0.4163577114622942,0.8285928948843893,0.0,0.0,0.42807045260238435,0.0,0.0,0.0,0.0,0.0,0.0,0.0,0.0,0.0,0.0,0.0,0.0,0.0,0.41655421078922855,0.4231992394791237,0.0,10.073286498207219,3.0036672126342587,0.4276535581760993,3.604815001051291,0.0,16.44969706575666,8.784110899972395,0.0,0.0,0.427146128121182,0.4259714964869098,0.0,0.0,0.0,,,,,,,,,,,,,,,,,,,,,,,,,,,,,,,397.92666265695595,0.0,0.005444220632423212,0.0,0.00010942157295555901,0.008137698693815497,0.7542010763636414,0,0,0,0,0,0,0,0,0,0,0,0,0,0,0,0,0,0,0,0,0,0,0,0,0,0,0,0,1,0
synthetic_CRLF_Injection_1,synthetic_single,"[""CRLF_Injection""]",0,1,197.26088887681118,0.0,0.004569830118389826,138.55849914204583,4.230204845338794,0.0,0.0,0.0,0.0,0.035497766703732475,0.0,0.0,8.830361999998976e-06,0.0006682997110015945,0.0,0.002774630445285978,0.0,0.0028746492479588296,0.0,0.0,0.0,0.0,0.0,0.004584270265315524,0.0019638315644641144,0.0,0.0,0.0053470719249556755,0.0,0.0,0.0,0.0,0.0,0.0,0.0,0.0,0.0,0.0,0.0,0.0,0.0,0.0,0.010115666992757509,0.0,8.082051267164891,3.003654734274999,0.0019357197854081845,0.9623509926290603,0.0,0.7033905416808387,0.24422889536089598,0.0,0.0,0.005944115751627409,0.0,0.0,0.0,0.0,,,,,,,,,,,,,,,,,,,,,,,,,,,,,,,251.11392975630977,0.0,0.0019984294425373942,0.0,0.005048664364850178,0.009596215165728166,0.0,0,0,0,0,0,0,0,0,0,0,0,0,0,0,0,0,0,0,0,0,0,0,0,0,0,0,0,0,1,0
synthetic_CRLF_Injection_2,synthetic_single,"[""CRLF_Injection""]",0,1,204.15296714573407,0.0,0.007535200245638149,66.2797033672464,4.22830858462923,0.0,0.0,0.0,0.0,0.0,0.0,0.0,0.006132372788091184,0.0,0.0,1.3017230802463463e-05,0.023613265440432355,0.0,0.0,0.0,0.0,0.0,0.0,0.0,0.0,0.0,0.0,0.008962989847742586,0.0,0.0,0.0,0.0,0.0,0.0,0.0,0.0,0.0,0.0,0.0,0.0,0.0,0.0,0.0,0.0,8.05176609160136,2.998185017321064,0.005764640602334023,1.0245142445432567,0.0,1.1723710809774894,0.0,0.0,0.0,0.00023866367378371674,0.00696686348358,0.0,0.0,0.0,,,,,,,,,,,,,,,,,,,,,,,,,,,,,,,249.34962938399667,0.0,0.0,0.0,0.010392312242310669,0.0,0.5694661961615644,0,0,0,0,0,0,0,0,0,0,0,0,0,0,0,0,0,0,0,0,0,0,0,0,0,0,0,0,1,0
synthetic_CRLF_Injection_3,synthetic_single,"[""CRLF_Injection""]",0,1,199.8160277083266,0.0,0.226528588312603,13869.800316620702,4.482667462308122,2.555077810633505,0.0,0.0,0.0,4.780934052553361,0.0,0.5957730602631708,1.191337808454681,3.6010831843926927,0.0,2.400130105024963,2.3858224579062908,0.5858793825625416,0.0,0.0,0.0,0.0,0.0,0.5893025902214586,1.1928992657258968,0.0,0.0,0.5902721005894588,0.0,0.0,0.0,0.0,0.0,0.0,0.0,0.0,0.0,0.0,0.0,0.0,0.0,0.5860241714434107,0.5920391988794393,0.0,10.979835449063424,3.003620765098893,0.587377951780406,4.571391845947823,0.029432160588463843,22.464980074016996,12.431432707159487,0.0,0.0,0.5898283102431934,0.5937782418616442,0.0,0.0,0.0,,,,,,,,,,,,,,,,,,,,,,,,,,,,,,,438.8949835529384,0.0,0.0,0.0,0.0,0.0,1.3524242842923577,0,0,0,0,0,0,0,0,0,0,0,0,0,0,0,0,0,0,0,0,0,0,0,0,0,0,0,0,1,0
synthetic_CRLF_Injection_4,synthetic_single,"[""CRLF_Injection""]",0,1,194.90531295700035,0.0,0.2501011127904643,15285.91960109242,4.505067395947015,2.89279546590852,0.0,0.0,0.0,5.35450895075323,0.0,0.6665423041515217,1.3371614217146628,4.029719716752114,0.0,2.6185928658659954,2.6777904314614682,0.6685022805682006,0.0,0.0,0.0,0.0,0.0,0.664507481453972,1.3321529613752354,0.0,0.0,0.6570835245117113,0.0,0.0,0.0,0.0,0.0,0.0,0.0,0.0,0.0,0.0,0.0,0.0,0.0,0.6563164346345928,0.6627707949097296,0.0,11.259496856372289,3.0100836331652583,0.667367243869619,5.013261887647092,0.0,25.275602135111292,14.035981830740532,0.0,0.0,0.6584874213420205,0.6611021957183087,0.0,0.0,0.0,,,,,,,,,,,,,,,,,,,,,,,,,,,,,,,486.71945932992,0.0,0.0,0.0,0.0028215116062046018,0.005945054789984615,1.7204803730486955,0,0,0,0,0,0,0,0,0,0,0,0,0,0,0,0,0,0,0,0,0,0,0,0,0,0,0,0,1,0
synthetic_CRLF_Injection_5,synthetic_single,"[""CRLF_Injection""]",0,1,198.56643779670543,0.0,0.20128650150762137,12085.700624549489,4.424626718378361,2.3061925752132235,0.0,0.0,0.0,4.356817166377329,0.0042849837468290075,0.527942647674048,1.0574819886249125,3.233471183397226,0.0,2.1464781592810227,2.118262086015376,0.5246710510346475,0.0,0.0,0.0,0.0,0.0,0.548863299520949,1.0610321234574052,0.0,0.0,0.5375154469562159,0.0,0.0,0.0,0.0,0.0,0.0,0.0,0.0,0.0,0.0,0.0,0.0,0.0,0.5253132583833149,0.516955757648046,0.0,10.661505114978253,2.9975961335331567,0.5252118163430706,4.154141042969104,0.0,19.750623823492496,11.200603770718406,0.0,0.0,0.5312810153225895,0.5323417569497881,0.0,0.0,0.0,,,,,,,,,,,,,,,,,,,,,,,,,,,,,,,447.23621134075495,0.0,0.0,0.0,0.0,0.008222223200463175,1.7173431107978903,0,0,0,0,0,0,0,0,0,0,0,0,0,0,0,0,0,0,0,0,0,0,0,0,0,0,0,0,1,0
synthetic_CRLF_Injection_6,synthetic_single,"[""CRLF_Injection""]",0,1,200.6928193025335,0.0,0.1757836837701423,10565.329078513094,4.4227383835554255,1.9572276651081517,0.0,0.0,0.0,3.723844336723514,0.0,0.45883601475341074,0.9143852489953906,2.7424064919281372,0.0,1.8234763181780884,1.825704526953498,0.4597148824343756,0.0,0.0,0.0,0.0,0.0,0.47204424519297983,0.8819438901371952,0.0,0.0,0.451421901490935,0.0,0.0,0.0,0.0,0.0,0.0,0.0,0.0,0.0,0.0,0.0,0.0,0.0,0.45667518132560525,0.4585255123166203,0.0,10.259945594431855,3.0070939984217677,0.4548078244653114,3.721211524248481,0.01381297852346851,17.11529747038617,9.388158289123705,0.0,0.0,0.45353921223398624,0.45925509796261843,0.0,0.0,0.0,,,,,,,,,,,,,,,,,,,,,,,,,,,,,,,416.6318745833432,0.0,0.00231824842009121,0.0,0.003932358864713422,0.0,1.0979558204341842,0,0,0,0,0,0,0,0,0,0,0,0,0,0,0,0,0,0,0,0,0,0,0,0,0,0,0,0,1,0
synthetic_CRLF_Injection_7,synthetic_single,"[""CRLF_Injection""]",0,1,195.62979847910512,0.0,0.25477383754032307,15570.10067671132,4.512110702054474,2.8901964467918435,0.0,0.0,0.0,5.371272702913771,0.0039072797722920815,0.6707011023738039,1.3539716977452538,3.999801611599212,0.0,2.697815546726346,2.679583604907581,0.6703360300158797,0.0,0.0,0.0,0.0,0.0,0.6621084896227788,1.3357484915517701,0.0,0.0,0.6661612013429485,0.0,0.0,0.0,0.0,0.0,0.0,0.0,0.0,0.0,0.0,0.0,0.0,0.0,0.6716330107590621,0.6569051719508711,0.0,11.34837563345817,3.004636267457308,0.6509833146606476,5.027007188136354,0.011161887653220832,24.620158410508637,13.791614886255736,0.0,0.0,0.6645946426999342,0.6684819959022041,0.0,0.0,0.0,,,,,,,,,,,,,,,,,,,,,,,,,,,,,,,473.7143441264942,0.0,0.0,0.0,0.0,0.0,1.3276170102779221,0,0,0,0,0,0,0,0,0,0,0,0,0,0,0,0,0,0,0,0,0,0,0,0,0,0,0,0,1,0
synthetic_CRLF_Injection_8,synthetic_single,"[""CRLF_Injection""]",0,1,200.3754402754681,0.0,0.20594149725122005,12615.198391777338,4.47482298565001,2.36212350237333,0.0,0.0,0.0,4.526333011162713,0.0026717105442139373,0.5478566766253776,1.1156687066307198,3.279980716699456,0.0,2.134227649258217,2.196330413414458,0.556204982100709,0.0,0.0,0.0,0.0,0.0,0.5499107390814328,1.0904474536000788,0.0,0.0,0.5567891502548162,0.0,0.0,0.0,0.0,0.0,0.0,0.0,0.0,0.0,0.0,0.0,0.0,0.0,0.5515979254873691,0.5443344421609069,0.0,10.751853570049853,3.005001120449097,0.5622178909190583,4.307862834917682,0.0,20.729480285610077,11.450075406450756,0.0,0.0,0.5471679295741979,0.5529610716287326,0.0,0.0,0.0,,,,,,,,,,,,,,,,,,,,,,,,,,,,,,,446.59148527991226,0.0,0.001837570104102458,0.0,0.0028004669427248176,0.0,1.0777125448683322,0,0,0,0,0,0,0,0,0,0,0,0,0,0,0,0,0,0,0,0,0,0,0,0,0,0,0,0,1,0
synthetic_CRLF_Injection_9,synthetic_single,"[""CRLF_Injection""]",0,1,210.09117265547533,0.0,0.1636811374909797,9789.033312171332,4.461612510650841,1.8598715393621308,0.0,0.0,0.0,3.467488925914909,0.006592341119066929,0.4418824521016153,0.8842584041234471,2.5920857619216218,0.0,1.7202809088407531,1.7262232334339498,0.4172688431866122,0.0,0.0,0.0,0.0,0.0,0.4312369580050473,0.8462687180637716,0.0,0.0,0.42349209516287567,0.0,0.0,0.0,0.0,0.0,0.0,0.0,0.0,0.0,0.0,0.0,0.0,0.0,0.41930956175052464,0.42888448315516275,0.0,10.167773710351442,3.0103801048514023,0.41799194998287337,3.603360119930779,0.0,17.022330850800923,9.097086388135265,0.0,0.0,0.4265887268620632,0.43193475203286474,0.0,0.0,0.0,,,,,,,,,,,,,,,,,,,,,,,,,,,,,,,396.86097044700557,0.0,0.0,0.0,0.008665391785376599,0.0,0.704096484871543,0,0,0,0,0,0,0,0,0,0,0,0,0,0,0,0,0,0,0,0,0,0,0,0,0,0,0,0,1,0
synthetic_CRLF_Injection_10,synthetic_single,"[""CRLF_Injection""]",0,1,198.21458116598313,0.0,0.004910925525540271,198.3728262847933,4.25891775365714,0.0,0.0,0.0,0.0,0.0,0.0,0.0,0.0,0.0,0.0,0.0,0.0,0.0,0.0,0.0,0.0,0.0,0.0,0.0,0.0,0.0,0.0,0.013806436567502982,0.0,0.0,0.0,0.0,0.0,0.0,0.0,0.0,0.0,0.0,0.0,0.0,0.0,0.0,0.0007808854832868323,0.0,7.990884222922459,2.9951362433236124,0.010145266492911387,1.0185656218607546,0.01240999858212383,0.8226008756338811,0.0,0.0,0.0,0.0,0.0,0.0,0.0,0.0,,,,,,,,,,,,,,,,,,,,,,,,,,,,,,,248.5417514942146,0.0,0.0,0.0,0.0,0.002609457923111385,0.0,0,0,0,0,0,0,0,0,0,0,0,0,0,0,0,0,0,0,0,0,0,0,0,0,0,0,0,0,1,0
synthetic_CRLF_Injection_11,synthetic_single,"[""CRLF_Injection""]",0,1,196.1449699725888,0.0,0.0029618645427579057,22.766818978096197,4.224054399600279,0.03415592874220618,0.0,0.0,0.0,0.0,0.01685775523704942,0.0,0.014219170523891742,0.0,0.0,0.0,0.03527127164866398,0.004451535442683386,0.0,0.0,0.0,0.0,0.0,0.0,0.0,0.0,0.0,0.0,0.0,0.0,0.0,0.0,0.0,0.0,0.0,0.0,0.0,0.0,0.0,0.0,0.0,0.005396932287033808,0.0,0.0,7.996259040979046,3.0055418474701785,0.008735801318405546,1.0038406018939703,0.0,0.946517564060863,0.0,0.0,0.0,0.0,0.0,0.0,0.0,0.0,,,,,,,,,,,,,,,,,,,,,,,,,,,,,,,248.95086210344783,0.0,0.0,0.0,0.008639518724186382,0.0016302753449183615,0.0,0,0,0,0,0,0,0,0,0,0,0,0,0,0,0,0,0,0,0,0,0,0,0,0,0,0,0,0,1,0
synthetic_CRLF_Injection_12,synthetic_single,"[""CRLF_Injection""]",0,1,198.46946838465598,0.0,0.20765607880803927,12583.512783024578,4.4589960984513,2.4001200491439203,0.0,0.0,0.0,4.451677848253255,0.0008769714834614503,0.5509278125039586,1.1148472997577885,3.2503904293590375,0.0,2.166515392465535,2.1814892888662545,0.5552553907319091,0.0,0.0,0.0,0.0,0.0,0.5385888363028604,1.1086264784550819,0.0,0.0,0.5508132971104315,0.0,0.0,0.0,0.0,0.0,0.0,0.0,0.0,0.0,0.0,0.0,0.0,0.0,0.5498166557785612,0.5522214520376518,0.0,10.719893861887437,3.005898121977483,0.5534230674874803,4.242292771798774,0.0,20.53146936647118,11.542669702701469,0.0,0.0,0.5454660349655026,0.5357313487567438,0.0,0.0,0.0,,,,,,,,,,,,,,,,,,,,,,,,,,,,,,,438.9707412640583,0.0,0.00023861620065895612,0.0,0.0,0.0,2.0611896461925476,0,0,0,0,0,0,0,0,0,0,0,0,0,0,0,0,0,0,0,0,0,0,0,0,0,0,0,0,1,0
synthetic_CRLF_Injection_13,synthetic_single,"[""CRLF_Injection""]",0,1,196.27677760547374,0.0,0.005489146192024705,0.0,4.25328561884146,0.013196024407387789,0.0,0.0,0.0,0.038274373352158296,0.004201794526057441,0.009070296998924358,0.0,0.0,0.0,0.0,0.0,0.008781885260038067,0.0,0.0,0.0,0.0,0.0,0.0,0.0035427108433250935,0.0,0.0,0.00531290156487272,0.0,0.0,0.0,0.0,0.0,0.0,0.0,0.0,0.0,0.0,0.0,0.0,0.0,0.0,0.001757576988683589,0.0,8.031941490061463,3.0085138940133875,0.0,1.0743894270263714,0.03405476306937501,1.1286395749586229,0.19002361730422476,0.0,0.0,0.0030126450640473737,0.0010414690328986803,0.0,0.0,0.0,,,,,,,,,,,,,,,,,,,,,,,,,,,,,,,268.9355655760652,0.0,0.0013728176617338035,0.0,0.0,0.003815469619642037,0.0,0,0,0,0,0,0,0,0,0,0,0,0,0,0,0,0,0,0,0,0,0,0,0,0,0,0,0,0,1,0
synthetic_CRLF_Injection_14,synthetic_single,"[""CRLF_Injection""]",0,1,198.4319432925436,0.0,0.2283590670205223,13746.402976807594,4.533497159921281,2.58848343049917,0.0,0.0,0.0,4.708420970700888,0.00976147220293206,0.5920897490108558,1.1737392634827766,3.6216434265651554,0.0,2.345437049910422,2.3535229007140304,0.58922431169384,0.0,0.0,0.0,0.0,0.0,0.5895148985487535,1.178443035006285,0.0,0.0,0.5985652547589482,0.0,0.0,0.0,0.0,0.0,0.0,0.0,0.0,0.0,0.0,0.0,0.0,0.0,0.6008746285191032,0.588473814338071,0.0,10.961485063620684,3.003361465674322,0.5857387973972836,4.4998846417125575,0.013366459451273698,22.73323736219563,12.611591873318957,0.0,0.0,0.5809413815912917,0.6043819472288091,0.0,0.0,0.0,,,,,,,,,,,,,,,,,,,,,,,,,,,,,,,435.3066199722699,0.0,0.0009058771443410831,0.0,0.0,0.0,2.034890048687648,0,0,0,0,0,0,0,0,0,0,0,0,0,0,0,0,0,0,0,0,0,0,0,0,0,0,0,0,1,0
synthetic_CRLF_Injection_15,synthetic_single,"[""CRLF_Injection""]",0,1,196.83587255989292,0.0,0.14216092158130292,8394.981304619187,4.435406901149293,1.5114886453706873,0.0,0.0,0.0,2.8602863718979785,0.008968492432976299,0.36148131556621094,0.7165376073525977,2.1347778210663475,0.0,1.3922515756753129,1.439725824382257,0.3669482231244038,0.0,0.0,0.0,0.0,0.0,0.35631860406652865,0.7309505264261906,0.0,0.0,0.34800748654807495,0.0,0.0,0.0,0.0,0.0,0.0,0.0,0.0,0.0,0.0,0.0,0.0,0.0,0.3670984379823527,0.36632130461080936,0.0,9.808571556323383,3.003029956343886,0.3483407785423891,3.1088771745341215,0.02388528224377848,13.666983220064377,7.460061388464954,0.0,0.0,0.3531548557619472,0.3564303533325511,0.0,0.0,0.0,,,,,,,,,,,,,,,,,,,,,,,,,,,,,,,365.00606038370853,0.0,0.0,0.0,0.0,0.023431047859685875,1.1209150724175736,0,0,0,0,0,0,0,0,0,0,0,0,0,0,0,0,0,0,0,0,0,0,0,0,0,0,0,0,1,0
synthetic_CRLF_Injection_16,synthetic_single,"[""CRLF_Injection""]",0,1,200.2197942036373,0.0,0.0055214623660556315,0.0,4.223659302488484,0.0,0.0,0.0,0.0,0.05902420081086731,0.0,0.014481307902451047,0.005871737276974464,0.02038490320083111,0.0,0.029569904491046215,0.023036893923283272,0.0,0.0,0.0,0.0,0.0,0.0,0.002818873835479084,0.013986145118480156,0.0,0.0,0.0,0.0,0.0,0.0,0.0,0.0,0.0,0.0,0.0,0.0,0.0,0.0,0.0,0.0,0.011147880916240395,0.0036285688853401523,0.0,7.967413938937835,2.9959388938848615,0.0,0.9649336246840691,0.022439651199068357,1.0298851600801262,0.0696607395557087,0.0,0.0,0.0036246049115838124,0.0,0.0,0.0,0.0,,,,,,,,,,,,,,,,,,,,,,,,,,,,,,,261.2161789422963,0.0,0.000622344558144477,0.0,0.005295343340934675,0.0,0.0,0,0,0,0,0,0,0,0,0,0,0,0,0,0,0,0,0,0,0,0,0,0,0,0,0,0,0,0,1,0
synthetic_RaceCondition_0,synthetic_single,"[""RaceCondition""]",0,1,233.91910286276945,0.0,0.021947565005343287,619.3282382566969,4.481821481713411,0.07906196578922106,0.0,0.0,0.0,0.07589561356837368,0.011264360052355902,0.015219944783082659,0.04383721758825708,0.0225552580433471,0.0,0.0,0.014943959755817512,0.039137104740812535,0.0,0.0,0.0,0.0,0.0,0.08996143945549903,0.2558025656061738,0.0,0.0,0.0472613432284927,0.0,0.0,0.0,0.0,0.0,0.0,0.0,0.0,0.0,0.0,0.0,0.0,0.0,0.016348982166934586,0.0,0.0,7.953789764597494,2.9975360431432945,0.0373510016503593,0.8375196157737629,0.05932711569411901,3.0584669249150256,1.0240298653644533,0.0,0.0,0.0,0.03153218353785513,0.0,0.0,0.0,,,,,,,,,,,,,,,,,,,,,,,,,,,,,,,261.1331643476426,0.0,0.01377688079964703,0.0,0.03302516883259739,0.15261640422414624,0.9888317241985423,0,0,0,0,0,0,0,0,0,0,0,0,0,0,0,0,0,0,0,0,0,0,0,0,0,0,0,0,0,1
synthetic_RaceCondition_1,synthetic_single,"[""RaceCondition""]",0,1,206.41793034547183,0.0,0.027560356275710365,658.6431947395495,4.531452633638045,0.1202296331548563,0.0,0.0,0.0,0.24266663328696714,0.012507000420859836,0.05339970362153871,0.0,0.0,0.0,0.13624270602060012,0.1392095562010324,0.0,0.0,0.0,0.0,0.0,0.0,0.04567125123955291,0.15215072340312613,0.0,0.0,0.009726846514483202,0.0,0.0,0.0,0.0,0.0,0.0,0.0,0.0,0.0,0.0,0.0,0.0,0.0,0.014331435638433091,0.0,0.0,8.395167481825268,3.013397230548404,0.018827364307077654,0.9962042183331593,0.0,2.5434399245555257,0.44908131560748255,0.0,0.0,0.0016605756379458499,0.0,0.0,0.0,0.0,,,,,,,,,,,,,,,,,,,,,,,,,,,,,,,295.18264756695555,0.0,0.0032568216388024467,0.0,0.05393271067839426,0.13478485190177397,1.396629906222822,0,0,0,0,0,0,0,0,0,0,0,0,0,0,0,0,0,0,0,0,0,0,0,0,0,0,0,0,0,1
synthetic_RaceCondition_2,synthetic_single,"[""RaceCondition""]",0,1,222.372859637077,0.0,0.014728308190707699,817.4914020495949,4.477904363831751,0.1503842969289387,0.0,0.0,0.0,0.010761663077075143,0.04761711786881517,0.0,0.0,0.02536334473897227,0.0,0.10723199860714999,0.12536039655481462,0.0032660019881962654,0.0,0.0,0.0,0.0,0.0,0.051090958130772454,0.28215575134393056,0.0,0.0,0.0,0.0,0.0,0.0,0.0,0.0,0.0,0.0,0.0,0.0,0.0,0.0,0.0,0.0,0.01873644880490623,0.0,0.0,8.159617376905606,3.0104299029012513,0.04871508876949736,1.0162792198066128,0.10199454333709995,2.569684831561642,0.853399857690101,0.0,0.0,0.020739979116183464,0.03410668504414196,0.0,0.0,0.0,,,,,,,,,,,,,,,,,,,,,,,,,,,,,,,292.3333073814922,0.0,0.008455727093822422,0.0,0.016581398069952676,0.12209037630352734,0.9322957048718236,0,0,0,0,0,0,0,0,0,0,0,0,0,0,0,0,0,0,0,0,0,0,0,0,0,0,0,0,0,1
synthetic_RaceCondition_3,synthetic_single,"[""RaceCondition""]",0,1,252.228915309386,0.0,0.03695418557115073,791.825515769444,4.393818172621309,0.020392192962431485,0.0,0.0,0.0,0.0,0.029569388605383388,0.0,0.055602657516797147,0.052306192842555506,0.0,0.0,0.0,0.031224902135369374,0.0,0.0,0.0,0.0,0.0,0.0,0.09050232310453014,0.0,0.0,0.029892336580907813,0.0,0.0,0.0,0.0,0.0,0.0,0.0,0.0,0.0,0.0,0.0,0.0,0.0,0.020715335136933192,0.00988664726057947,0.0,8.141282876265956,2.996252502007668,0.06821845392535296,1.2247188656020516,0.04532848277105195,1.5373615049250164,1.01925975894992,0.0,0.0,0.03737339547225121,0.019442453397552063,0.0,0.0,0.0,,,,,,,,,,,,,,,,,,,,,,,,,,,,,,,322.7869719287904,0.0,0.007938869983624126,0.0,0.03556058214657023,0.12730588130495188,2.303909555023651,0,0,0,0,0,0,0,0,0,0,0,0,0,0,0,0,0,0,0,0,0,0,0,0,0,0,0,0,0,1
synthetic_RaceCondition_4,synthetic_single,"[""RaceCondition""]",0,1,224.5423916980483,0.0,0.025988718029017924,1193.5524706341853,4.511957607916066,0.10321903705855384,0.0,0.0,0.0,0.17585465621314972,0.03235927185588827,0.009095687494630418,0.0,0.0,0.0,0.024910038164524178,0.050659343226167955,0.016549342757177028,0.0,0.0,0.0,0.0,0.0,0.05415387100213299,0.226213069477047,0.0,0.0,0.011953186923218534,0.0,0.0,0.0,0.0,0.0,0.0,0.0,0.0,0.0,0.0,0.0,0.0,0.0,0.026062590480999116,0.04014581727139255,0.0,7.980468723934604,3.0228479027683863,0.02393982595557813,1.333737994660468,0.10376700174965711,0.8392108419487486,0.38396601053564094,0.0,0.0,0.023307168275001316,0.008845003720970912,0.0,0.0,0.0,,,,,,,,,,,,,,,,,,,,,,,,,,,,,,,264.13623550644854,0.0,0.018385977889957904,0.0,0.0385054438386246,0.1486779856504641,1.6626524494667267,0,0,0,0,0,0,0,0,0,0,0,0,0,0,0,0,0,0,0,0,0,0,0,0,0,0,0,0,0,1
synthetic_RaceCondition_5,synthetic_single,"[""RaceCondition""]",0,1,242.3696830679168,0.0,0.0300482496529675,0.0,4.568458039594154,0.26049374864037916,0.0,0.0,0.0,0.13112082263262628,0.00047139749376792425,0.01016943705918758,0.0,0.0,0.0,0.10926456392879966,0.08187226322618146,0.01625611839146484,0.0,0.0,0.0,0.0,0.0,0.06854227606940287,0.20713715207685812,0.0,0.0,0.03040582634066072,0.0,0.0,0.0,0.0,0.0,0.0,0.0,0.0,0.0,0.0,0.0,0.0,0.0,0.049903850468732025,0.02265230015078191,0.0,7.925813077544184,2.991840346597392,0.014240846227972065,0.588114887559003,0.0286801459293447,2.6059173853316344,0.0,0.0,0.0,0.0,0.01101299325757487,0.0,0.0,0.0,,,,,,,,,,,,,,,,,,,,,,,,,,,,,,,320.73244699584524,0.0,0.00694696384677106,0.0,0.01824331282945331,0.09579973290370762,0.6690193808795717,0,0,0,0,0,0,0,0,0,0,0,0,0,0,0,0,0,0,0,0,0,0,0,0,0,0,0,0,0,1
synthetic_RaceCondition_6,synthetic_single,"[""RaceCondition""]",0,1,256.69308100103797,0.0,0.029874563456293208,798.6629404370624,4.521612495691086,0.06915355272321097,0.0,0.0,0.0,0.011794581295187664,0.0,0.04323159947040014,0.063018674608752,0.13228183977899188,0.0,0.08086281294048095,0.03526576228888654,0.004572080339115032,0.0,0.0,0.0,0.0,0.0,0.0,0.24463385116901024,0.0,0.0,0.0022115492285938176,0.0,0.0,0.0,0.0,0.0,0.0,0.0,0.0,0.0,0.0,0.0,0.0,0.0,0.036555107437648206,0.031189767939215754,0.0,8.19631869322592,3.010072724462806,0.0,0.9700543077845625,0.10002315029708439,2.3339380023558416,0.35223265620727917,0.0,0.0,0.0003403488720136721,0.0032158018675072664,0.0,0.0,0.0,,,,,,,,,,,,,,,,,,,,,,,,,,,,,,,314.34273686560743,0.0,0.015511788481790065,0.0,0.05611533592390863,0.1202773756040019,1.5563934397302552,0,0,0,0,0,0,0,0,0,0,0,0,0,0,0,0,0,0,0,0,0,0,0,0,0,0,0,0,0,1
synthetic_RaceCondition_7,synthetic_single,"[""RaceCondition""]",0,1,215.35311786434724,0.0,0.022620639495069185,1322.6187750841102,4.508698313188927,0.0,0.0,0.0,0.0,0.0911869538663096,0.032398612954133835,0.0,0.0,0.2597730545327691,0.0,0.08199728118514152,0.05391694447548476,0.0023923522875739667,0.0,0.0,0.0,0.0,0.0,0.061844985576351846,0.13486569187336903,0.0,0.0,0.016008249193732754,0.0,0.0,0.0,0.0,0.0,0.0,0.0,0.0,0.0,0.0,0.0,0.0,0.0,0.012518532595773608,0.04463851249542541,0.0,8.243301285073576,3.002703362535301,0.0,0.9771661929022354,0.0,0.47469014685435673,0.4538060110289923,0.0,0.0,0.0,0.0,0.0,0.0,0.0,,,,,,,,,,,,,,,,,,,,,,,,,,,,,,,324.12694327682095,0.0,0.008089090878769425,0.0,0.035499187081572695,0.04716840796444351,1.29233618672615,0,0,0,0,0,0,0,0,0,0,0,0,0,0,0,0,0,0,0,0,0,0,0,0,0,0,0,0,0,1
synthetic_RaceCondition_8,synthetic_single,"[""RaceCondition""]",0,1,244.5619539052913,0.0,0.023294555907889335,0.0,4.56242899001223,0.03476570031627517,0.0,0.0,0.0,0.07176655075099006,0.029606407534967412,0.0,0.012020392632043096,0.11048823728989729,0.0,0.07730821782091796,0.09591719332999739,0.02393379839034744,0.0,0.0,0.0,0.0,0.0,0.028381205265866703,0.2243138024463691,0.0,0.0,0.0,0.0,0.0,0.0,0.0,0.0,0.0,0.0,0.0,0.0,0.0,0.0,0.0,0.0,0.04158040116093306,0.008333140503837547,0.0,7.972047448045732,3.0132665765326014,0.012113413707754352,0.7987041116256623,0.0,1.484271645804796,0.32086048155666574,0.0,0.0,0.012897756773609489,0.010543432013277811,0.0,0.0,0.0,,,,,,,,,,,,,,,,,,,,,,,,,,,,,,,320.4642765371784,0.0,0.004756766950744388,0.0,0.01022749176438223,0.09801681662321322,1.7187102194804582,0,0,0,0,0,0,0,0,0,0,0,0,0,0,0,0,0,0,0,0,0,0,0,0,0,0,0,0,0,1
synthetic_RaceCondition_9,synthetic_single,"[""RaceCondition""]",0,1,218.8201488188114,0.0,0.01863106999065797,401.4586216501615,4.563044087707897,0.1853353050047289,0.0,0.0,0.0,0.2686569862050554,0.04115079728846716,0.0,0.06958226941578857,0.2523716342651876,0.0,0.11779992065335684,0.1258928748516666,0.02516097661114823,0.0,0.0,0.0,0.0,0.0,0.0507367614518093,0.06292966239744754,0.0,0.0,0.012615654154792457,0.0,0.0,0.0,0.0,0.0,0.0,0.0,0.0,0.0,0.0,0.0,0.0,0.0,0.021764889662959384,0.025303077884051103,0.0,8.067312378630925,2.983577096955945,0.023969827056371937,0.6667838885194568,0.003321466708510884,0.7616057147528889,1.1290812637322034,0.0,0.0,0.02288409463972533,0.03306684455627306,0.0,0.0,0.0,,,,,,,,,,,,,,,,,,,,,,,,,,,,,,,333.191644766176,0.0,0.0,0.0,0.026462733168145014,0.15237693424557222,1.9042652239758298,0,0,0,0,0,0,0,0,0,0,0,0,0,0,0,0,0,0,0,0,0,0,0,0,0,0,0,0,0,1
synthetic_RaceCondition_10,synthetic_single,"[""RaceCondition""]",0,1,245.63394654172959,0.0,0.00871327974541037,762.2049930303409,4.548152693621015,0.04604207254722866,0.0,0.0,0.0,0.18123264619596063,0.04212044303668769,0.03591816544251599,0.02693726809654239,0.11457222766247402,0.0,0.06084420130060882,0.09553144589304782,0.0,0.0,0.0,0.0,0.0,0.0,0.03535877437532424,0.19021437972609306,0.0,0.0,0.01941094428774929,0.0,0.0,0.0,0.0,0.0,0.0,0.0,0.0,0.0,0.0,0.0,0.0,0.0,0.0036515034813465966,0.007348192409908572,0.0,8.247781783443175,2.988685219161335,0.01947863756123256,0.8858158655445858,0.0,1.5569961052062187,0.9475971416508598,0.0,0.0,0.0,0.040709211804635104,0.0,0.0,0.0,,,,,,,,,,,,,,,,,,,,,,,,,,,,,,,368.11547978784085,0.0,0.005872542435185402,0.0,0.06574309595451339,0.1089865131471301,1.5473477267084752,0,0,0,0,0,0,0,0,0,0,0,0,0,0,0,0,0,0,0,0,0,0,0,0,0,0,0,0,0,1
synthetic_RaceCondition_11,synthetic_single,"[""RaceCondition""]",0,1,221.75047140396882,0.0,0.01868231461880816,344.0874911136231,4.583927570588777,0.0,0.0,0.0,0.0,0.2489396321687546,0.04609804244879128,0.014138957268345468,0.03751651560168825,0.07486656378743882,0.0,0.16242985201527682,0.12721052248897574,0.052071048276947175,0.0,0.0,0.0,0.0,0.0,0.03190971984398138,0.10210124411140807,0.0,0.0,0.02067956393930519,0.0,0.0,0.0,0.0,0.0,0.0,0.0,0.0,0.0,0.0,0.0,0.0,0.0,0.014977742017002998,0.017497845026964283,0.0,8.080459127894043,3.000939070176467,0.028855815928860808,0.8011336550783681,0.0,1.2766269482581267,1.0667927878507464,0.0,0.0,0.014430809882188143,0.025869661590993395,0.0,0.0,0.0,,,,,,,,,,,,,,,,,,,,,,,,,,,,,,,300.7965725224198,0.0,0.005751256792374625,0.0,0.035421026805606284,0.12976834603585521,0.0,0,0,0,0,0,0,0,0,0,0,0,0,0,0,0,0,0,0,0,0,0,0,0,0,0,0,0,0,0,1
synthetic_RaceCondition_12,synthetic_single,"[""RaceCondition""]",0,1,237.81314335781104,0.0,0.025893098743404085,535.3678396845559,4.5331016826940695,0.07397993309985272,0.0,0.0,0.0,0.06066749458095613,0.0009243495942997566,0.021690934221968945,0.04173289081443666,0.07602720449543884,0.0,0.06137309723856045,0.09564406436090386,0.027848551996774155,0.0,0.0,0.0,0.0,0.0,0.0,0.10360737154906756,0.0,0.0,0.004837231096726851,0.0,0.0,0.0,0.0,0.0,0.0,0.0,0.0,0.0,0.0,0.0,0.0,0.0,0.02315432195595581,0.00783092240916668,0.0,8.364503876315313,3.004180353552823,0.03330673905406808,1.0317370912682433,0.02032510576062219,1.454540881455645,0.692805680719117,0.0,0.0,0.010495318331506378,0.011182370796027751,0.0,0.0,0.0,,,,,,,,,,,,,,,,,,,,,,,,,,,,,,,289.6685614388165,0.0,0.011208555848553025,0.0,0.02590538088695465,0.09312305859115014,0.6289770945218772,0,0,0,0,0,0,0,0,0,0,0,0,0,0,0,0,0,0,0,0,0,0,0,0,0,0,0,0,0,1
synthetic_RaceCondition_13,synthetic_single,"[""RaceCondition""]",0,1,233.6793448863667,0.0,0.00901891330015596,0.0,4.5309424800651845,0.11294020102258787,0.0,0.0,0.0,0.09931739280177299,0.0,0.044822301773962646,0.0,0.06273343516101988,0.0,0.08020903127403009,0.11972508934477738,0.0,0.0,0.0,0.0,0.0,0.0,0.0223810978038849,0.23734624816577773,0.0,0.0,0.030192720756741585,0.0,0.0,0.0,0.0,0.0,0.0,0.0,0.0,0.0,0.0,0.0,0.0,0.0,0.025127724525945014,0.0355381441436603,0.0,8.023996881945505,2.994629429315864,0.04111044133561362,0.7933232179099157,0.0,2.3979165860041136,0.4700329084813735,0.0,0.0,0.013858030957042128,0.028443660059042232,0.0,0.0,0.0,,,,,,,,,,,,,,,,,,,,,,,,,,,,,,,298.1860774577902,0.0,0.004310643928253751,0.0,0.012150821553939001,0.12188672655594275,2.8910453010624106,0,0,0,0,0,0,0,0,0,0,0,0,0,0,0,0,0,0,0,0,0,0,0,0,0,0,0,0,0,1
synthetic_RaceCondition_14,synthetic_single,"[""RaceCondition""]",0,1,234.99645008486337,0.0,0.009997838501837903,1206.9714461051226,4.5364943703443,0.14127312333391284,0.0,0.0,0.0,0.17854581190106333,0.04452588758632757,0.04235852122201571,0.09719559972546966,0.16517706183572411,0.0,0.020117091055363745,0.02151115379996333,0.03441501827592568,0.0,0.0,0.0,0.0,0.0,0.055669782946132396,0.12902157645787532,0.0,0.0,0.0518732206697819,0.0,0.0,0.0,0.0,0.0,0.0,0.0,0.0,0.0,0.0,0.0,0.0,0.0,0.0008956777321848085,0.01040864111036715,0.0,8.179625026482006,3.0027207044081803,0.012242507622271656,1.1098926465431258,0.0,1.4999735275550246,0.3212441230866555,0.0,0.0,0.0,0.0,0.0,0.0,0.0,,,,,,,,,,,,,,,,,,,,,,,,,,,,,,,322.07280104563927,0.0,0.006806848586654516,0.0,0.027566875791648675,0.07342139799267235,0.9452197619773401,0,0,0,0,0,0,0,0,0,0,0,0,0,0,0,0,0,0,0,0,0,0,0,0,0,0,0,0,0,1
synthetic_RaceCondition_15,synthetic_single,"[""RaceCondition""]",0,1,241.87355497933606,0.0,0.026111057874710436,460.21996235757393,4.558810493517962,0.0620480273741594,0.0,0.0,0.0,0.0,0.024548980168599462,0.02621847721778997,0.09031046580884346,0.013901402526272616,0.0,0.11727267066841332,0.008563479922689028,0.03275860958417072,0.0,0.0,0.0,0.0,0.0,0.0024252573153676973,0.3037964078897132,0.0,0.0,0.0,0.0,0.0,0.0,0.0,0.0,0.0,0.0,0.0,0.0,0.0,0.0,0.0,0.0,0.023093284631045062,0.0,0.0,8.176283199213053,3.020255219733235,0.052556228460499746,0.9970433014516885,0.10893658254126196,1.4653403169325014,1.0252638183983502,0.0,0.0,0.02193780273042968,0.0,0.0,0.0,0.0,,,,,,,,,,,,,,,,,,,,,,,,,,,,,,,321.1247782083136,0.0,0.012546889441887494,0.0,0.0270799840436241,0.15456327398569075,3.0561388713778896,0,0,0,0,0,0,0,0,0,0,0,0,0,0,0,0,0,0,0,0,0,0,0,0,0,0,0,0,0,1
synthetic_RaceCondition_16,synthetic_single,"[""RaceCondition""]",0,1,228.18327573972215,0.0,0.019144815967410817,385.280887764801,4.556250116698569,0.11899082678386108,0.0,0.0,0.0,0.0,0.02971367114572209,0.036919161935075516,0.06692128930958147,0.018127271514128886,0.0,0.08811716666833182,0.17098288132563574,0.02967694090911483,0.0,0.0,0.0,0.0,0.0,0.04240425508708916,0.16344856200530436,0.0,0.0,0.0,0.0,0.0,0.0,0.0,0.0,0.0,0.0,0.0,0.0,0.0,0.0,0.0,0.0,0.0,0.031943711838047124,0.0,8.100103170096686,2.9959336234124714,0.05162080593450638,0.9272342841757578,0.12039775575981634,0.0,0.9288134668638881,0.0,0.0,0.013279353617766127,0.024896998830411483,0.0,0.0,0.0,,,,,,,,,,,,,,,,,,,,,,,,,,,,,,,285.6448243035341,0.0,0.012349035286026315,0.0,0.05556481099256459,0.16201166306189535,2.0454118358025717,0,0,0,0,0,0,0,0,0,0,0,0,0,0,0,0,0,0,0,0,0,0,0,0,0,0,0,0,0,1
synthetic_RaceCondition_17,synthetic_single,"[""RaceCondition""]",0,1,227.2018336084165,0.0,0.020063368610550282,217.28659138604786,4.523126441784905,0.03403452826063716,0.0,0.0,0.0,0.0629903281978573,0.05754644262385354,0.030801540240284343,0.0259796329111593,0.0,0.0,0.0156949300369787,0.06555449775004873,0.016014557092886458,0.0,0.0,0.0,0.0,0.0,0.04568109743201443,0.19089484231328607,0.0,0.0,0.025312649246924272,0.0,0.0,0.0,0.0,0.0,0.0,0.0,0.0,0.0,0.0,0.0,0.0,0.0,0.007883703562464556,0.0,0.0,8.033236909705264,3.035164103449213,0.012565843737492541,0.5582881135814406,0.11825694358787986,0.865299310858011,0.4019752590098853,0.0,0.0,0.01608981670477932,0.033414230394535435,0.0,0.0,0.0,,,,,,,,,,,,,,,,,,,,,,,,,,,,,,,303.60634060080497,0.0,0.01244329414597768,0.0,0.03114000316166901,0.14526526997768124,1.8097193786522052,0,0,0,0,0,0,0,0,0,0,0,0,0,0,0,0,0,0,0,0,0,0,0,0,0,0,0,0,0,1
synthetic_combo_CSRF-XSS_0,synthetic_combo,"[""XSS"", ""CSRF""]",0,2,226.6011277318127,0.0,0.022270370625325383,368.2092216177826,4.545616207848442,0.017937708403014105,0.0,0.0,0.0,0.28760320243640414,0.004947919740815737,0.02033725297765834,0.0208758850723656,0.07096909669972536,0.0,0.07004511748605614,0.0,0.007302467709135953,0.0,0.0,0.0,0.0,0.0,0.07946741910883859,0.2249906583592333,0.0,0.0,0.0011899773382070909,0.0,0.0,0.0,0.0,0.0,0.0,0.0,0.0,0.0,0.0,0.0,0.0,0.0,0.008364172399114116,0.0,0.0,8.058735300225067,2.999902197609113,0.02234159944371543,0.8874161850123191,0.0,1.7185141255134135,0.5542038699155433,0.0,0.0,0.017046762483211318,0.011586757233249992,0.0,0.0,0.0,,,,,,,,,,,,,,,,,,,,,,,,,,,,,,,287.34746911324146,0.0,0.006428331205931612,0.0,0.03306888153286845,0.1104873763527608,0.4857548943756931,0,0,0,0,0,0,0,1,0,0,0,0,0,0,0,0,0,0,0,0,0,0,1,0,0,0,0,0,0,0
synthetic_combo_CSRF-XSS_1,synthetic_combo,"[""XSS"", ""CSRF""]",0,2,236.55490525615718,0.0,0.023395701074126998,642.963804216812,4.480005035937092,0.06408038966413387,0.0,0.0,0.0,0.12663631899146763,0.03882262387660109,0.005003510155723902,0.018061022529136488,0.14027564359146,0.0,0.08670156426944636,0.056744711898052795,0.006189420816318198,0.0,0.0,0.0,0.0,0.0,0.0798308655824477,0.22782981468202104,0.0,0.0,0.017838004001276837,0.0,0.0,0.0,0.0,0.0,0.0,0.0,0.0,0.0,0.0,0.0,0.0,0.0,0.0049235884520698065,0.029442984322620373,0.0,8.08424944492586,3.019982051974475,0.0279668048539354,0.8593800281316246,0.0017108110810695396,2.634213464756386,0.6053966390894333,0.0,0.0,0.0,0.023169142029202307,0.0,0.0,0.0,,,,,,,,,,,,,,,,,,,,,,,,,,,,,,,264.9102905817102,0.0,0.009521954469899266,0.0,0.019648267486362454,0.14300571215703958,2.2338361823483432,0,0,0,0,0,0,0,1,0,0,0,0,0,0,0,0,0,0,0,0,0,0,1,0,0,0,0,0,0,0
synthetic_combo_CSRF-XSS_2,synthetic_combo,"[""XSS"", ""CSRF""]",0,2,220.81846649939664,0.0,0.01813935972685596,0.0,4.482927935052219,0.07590071784028847,0.0,0.0,0.0,0.33169575883534,0.0006065312357587879,0.0330320230174112,0.05147890830197421,0.0688945771374551,0.0,0.047841514650557644,0.1261915942690318,0.00379829555500575,0.0,0.0,0.0,0.0,0.0,0.03634009454218639,0.200152890527132,0.0,0.0,0.006902851755011034,0.0,0.0,0.0,0.0,0.0,0.0,0.0,0.0,0.0,0.0,0.0,0.0,0.0,0.0,0.0,0.0,8.206410101365636,2.9980519169898523,0.045414530893241115,0.8165654661814573,0.01533509927447535,2.249814469441489,0.5074602799728455,0.0,0.0,0.027105023099548552,0.01231454436260438,0.0,0.0,0.0,,,,,,,,,,,,,,,,,,,,,,,,,,,,,,,325.1001860719656,0.0,0.007418486083045816,0.0,0.04259790173058886,0.10360859338870751,1.6423292271590584,0,0,0,0,0,0,0,1,0,0,0,0,0,0,0,0,0,0,0,0,0,0,1,0,0,0,0,0,0,0
synthetic_combo_CSRF-XSS_3,synthetic_combo,"[""XSS"", ""CSRF""]",0,2,224.51877704333785,0.0,0.026590242199208348,541.8456213457083,4.534711400427406,0.10071330612103063,0.0,0.0,0.0,0.10567904300347214,0.03669700735091191,0.0,0.01527489237142335,0.051671761016312115,0.0,0.023831129376810308,0.05538603097129639,7.187299084390232e-05,0.0,0.0,0.0,0.0,0.0,0.06587079682677968,0.11874118726763053,0.0,0.0,0.0,0.0,0.0,0.0,0.0,0.0,0.0,0.0,0.0,0.0,0.0,0.0,0.0,0.0,0.0,0.00274747575852282,0.0,8.032269844774339,3.0135086504350017,0.019908290979157084,0.8555924843418595,0.08841169807455854,2.1645051700471383,0.8322489015335099,0.0,0.0,0.03313503067322417,0.0,0.0,0.0,0.0,,,,,,,,,,,,,,,,,,,,,,,,,,,,,,,292.24211502413385,0.0,0.0018093077473400453,0.0,0.020972329193555062,0.15141739848146898,1.5920524453828384,0,0,0,0,0,0,0,1,0,0,0,0,0,0,0,0,0,0,0,0,0,0,1,0,0,0,0,0,0,0
synthetic_combo_CSRF-XSS_4,synthetic_combo,"[""XSS"", ""CSRF""]",0,2,231.25655021134463,0.0,0.02235326382668851,749.6952537468366,4.517161714697164,0.1565342849823042,0.0,0.0,0.0,0.0,0.04342602793825452,0.0407294902539038,0.036071998561256896,0.10687640592790755,0.0,0.006662987939185634,0.0553712689125729,0.01580717583445393,0.0,0.0,0.0,0.0,0.0,0.06864331346041755,0.19971295894089747,0.0,0.0,0.020336942007400362,0.0,0.0,0.0,0.0,0.0,0.0,0.0,0.0,0.0,0.0,0.0,0.0,0.0,0.0,0.015211868221992407,0.0,8.168691636937593,3.014425442453073,0.02306612810569316,0.8291593286169023,0.0173282562866728,1.4444466853895317,0.5314955561295327,0.0,0.0,0.004282642212616402,0.02106699185549025,0.0,0.0,0.0,,,,,,,,,,,,,,,,,,,,,,,,,,,,,,,316.5221589635594,0.0,0.004315903392555189,0.0,0.021896156326171028,0.11295984855599757,1.5748260334424706,0,0,0,0,0,0,0,1,0,0,0,0,0,0,0,0,0,0,0,0,0,0,1,0,0,0,0,0,0,0
synthetic_combo_CSRF-XSS_5,synthetic_combo,"[""XSS"", ""CSRF""]",0,2,234.70730608356192,0.0,0.015293354754198844,744.137782195301,4.512733916969726,0.09372679668551848,0.0,0.0,0.0,0.24199198661004417,0.017961230273095333,0.0,0.04229942965554953,0.09540653848239884,0.0,0.0,0.04822449609121185,0.014501858528795966,0.0,0.0,0.0,0.0,0.0,0.03551695084253963,0.1331048641419788,0.0,0.0,0.013225393424480375,0.0,0.0,0.0,0.0,0.0,0.0,0.0,0.0,0.0,0.0,0.0,0.0,0.0,0.026225796225441064,0.03155474397993252,0.0,8.210479316912428,3.0217000403513037,0.0,1.1716044364288003,0.023829056200425833,1.8230046762413548,0.9760333157300691,0.0,0.0,0.022614678616128203,0.026718795006252925,0.0,0.0,0.0,,,,,,,,,,,,,,,,,,,,,,,,,,,,,,,288.00405079684566,0.0,0.0027799374078444207,0.0,0.03932665911669263,0.12073664051771352,1.666513059203574,0,0,0,0,0,0,0,1,0,0,0,0,0,0,0,0,0,0,0,0,0,0,1,0,0,0,0,0,0,0
synthetic_combo_CSRF-XSS_6,synthetic_combo,"[""XSS"", ""CSRF""]",0,2,236.35032551142166,0.0,0.018340151080324628,914.061583015382,4.547611504154872,0.039849517359831776,0.0,0.0,0.0,0.14945472904576032,0.02494240135011022,0.0007712758802051328,0.04164319870006667,0.05636470769900796,0.0,0.0,0.029630272402933363,0.020498265967322907,0.0,0.0,0.0,0.0,0.0,0.037032687873831974,0.14563865872246323,0.0,0.0,0.008183874995158519,0.0,0.0,0.0,0.0,0.0,0.0,0.0,0.0,0.0,0.0,0.0,0.0,0.0,0.0323995094464275,0.006396930597461109,0.0,8.14037855904045,3.0157009465155373,0.027114082284401826,1.1746694320018898,0.008989884199929007,1.890169383887289,0.9136657328661367,0.0,0.0,0.024991112690776876,0.010301961317455916,0.0,0.0,0.0,,,,,,,,,,,,,,,,,,,,,,,,,,,,,,,296.502534553952,0.0,0.006051785051976085,0.0,0.03110911123839423,0.09929292538319044,1.1938333922316806,0,0,0,0,0,0,0,1,0,0,0,0,0,0,0,0,0,0,0,0,0,0,1,0,0,0,0,0,0,0
synthetic_combo_CSRF-XSS_7,synthetic_combo,"[""XSS"", ""CSRF""]",0,2,251.88549011348937,0.0,0.021157407503325298,188.03498974596857,4.4646050188458,0.01683685561384643,0.0,0.0,0.0,0.0,0.020511779217134783,0.0,0.03010597524078972,0.008290602254059212,0.0,0.07072403940995521,0.002121449101961416,0.0,0.0,0.0,0.0,0.0,0.0,0.0737300899481583,0.1451956960957229,0.0,0.0,0.020162986097528236,0.0,0.0,0.0,0.0,0.0,0.0,0.0,0.0,0.0,0.0,0.0,0.0,0.0,0.019871723133235403,0.019212212972870107,0.0,8.11529131236822,3.043844384145188,0.03999902000990111,1.2294408258163059,0.03255213254070999,1.4194455187857409,0.7305308637010375,0.0,0.0,0.002708698085013183,0.011972274821455783,0.0,0.0,0.0,,,,,,,,,,,,,,,,,,,,,,,,,,,,,,,307.3402865175528,0.0,0.0033462260590761198,0.0,0.016074710869321163,0.1339210237952924,2.7669717084334264,0,0,0,0,0,0,0,1,0,0,0,0,0,0,0,0,0,0,0,0,0,0,1,0,0,0,0,0,0,0
synthetic_combo_BrokenAuth-SQLi_0,synthetic_combo,"[""SQLi"", ""BrokenAuth""]",0,2,229.90347463073292,0.0,0.008871017815425632,348.0127793325594,4.550958171126722,0.07398196472053338,0.0,0.0,0.0,0.044287630622243196,0.038525698511827536,0.014272592402870574,0.0023684796780302116,0.0,0.0,0.06235241889689902,0.0,0.015302470516098406,0.0,0.0,0.0,0.0,0.0,0.04484422756812146,0.18077080624788458,0.0,0.0,0.020877118349066186,0.0,0.0,0.0,0.0,0.0,0.0,0.0,0.0,0.0,0.0,0.0,0.0,0.0,0.0071742245066541335,0.008893999500750385,0.0,8.104345938471285,3.0095359953441982,0.01327288482554284,0.9358284257884001,0.0467602550182228,1.8136379495471366,0.4764819557092985,0.0,0.0,0.008536815765958716,0.0003674014106724126,0.0,0.0,0.0,,,,,,,,,,,,,,,,,,,,,,,,,,,,,,,312.60564199846783,0.0,0.009679857656958528,0.0,0.041043317291403744,0.13883670707887022,2.876024792010954,1,0,0,0,0,0,1,0,0,0,0,0,0,0,0,0,0,0,0,0,0,0,0,0,0,0,0,0,0,0
synthetic_combo_BrokenAuth-SQLi_1,synthetic_combo,"[""SQLi"", ""BrokenAuth""]",0,2,248.65315858214413,0.0,0.03700684859015957,926.6099774091065,4.51873830842489,0.0,0.0,0.0,0.0,0.048611620011677376,0.02601657709296782,0.021357462371844736,0.0042440164659852675,0.07111784172141662,0.0,0.1358720908006467,0.02114210331702327,0.016988674448351365,0.0,0.0,0.0,0.0,0.0,0.010088412530465055,0.18905202748196176,0.0,0.0,0.022744770183039463,0.0,0.0,0.0,0.0,0.0,0.0,0.0,0.0,0.0,0.0,0.0,0.0,0.0,0.002637183279129464,0.0035439334621667137,0.0,8.160794959240947,3.0116333050837585,0.024394766320611577,0.7985182910424831,0.03644461041021262,2.339866632452574,0.6057209993227604,0.0,0.0,0.0036208432745231424,0.0029691270849344018,0.0,0.0,0.0,,,,,,,,,,,,,,,,,,,,,,,,,,,,,,,304.9630225696178,0.0,0.0011708927219326072,0.0,0.01908051422745244,0.1113334001614664,0.7793572160069474,1,0,0,0,0,0,1,0,0,0,0,0,0,0,0,0,0,0,0,0,0,0,0,0,0,0,0,0,0,0
synthetic_combo_BrokenAuth-SQLi_2,synthetic_combo,"[""SQLi"", ""BrokenAuth""]",0,2,216.32286713896946,0.0,0.02582072278793028,367.753231600473,4.5853829232610535,0.005130524613675198,0.0,0.0,0.0,0.24180999543210555,0.006043206314537655,0.02611387309499278,0.018564136195403265,0.11067965556775583,0.0,0.12129229412787434,0.012069905583899615,0.0,0.0,0.0,0.0,0.0,0.0,0.034568173823352935,0.18549194336788113,0.0,0.0,0.0222375527805471,0.0,0.0,0.0,0.0,0.0,0.0,0.0,0.0,0.0,0.0,0.0,0.0,0.0,0.015025420631474539,0.007788297746346026,0.0,8.072555976016101,3.0092257128197435,0.020960325691650947,0.9369829872260933,0.06076508622747881,1.9649588423814823,0.7643044455973523,0.0,0.0,0.004393184785797316,0.003578946213969538,0.0,0.0,0.0,,,,,,,,,,,,,,,,,,,,,,,,,,,,,,,292.4849442150862,0.0,0.010573134186763054,0.0,0.024932313182206407,0.12811641418422814,0.36319849222240697,1,0,0,0,0,0,1,0,0,0,0,0,0,0,0,0,0,0,0,0,0,0,0,0,0,0,0,0,0,0
synthetic_combo_BrokenAuth-SQLi_3,synthetic_combo,"[""SQLi"", ""BrokenAuth""]",0,2,221.98841805554653,0.0,0.011443440674934727,125.94015426838831,4.4718871346705615,0.04021236978034583,0.0,0.0,0.0,0.1141610984756238,0.030224409097297688,0.01742921689858582,0.05119474103857824,0.04655966139565866,0.0,0.0426680101785637,0.006882429814880325,0.01148633477329142,0.0,0.0,0.0,0.0,0.0,0.06426626139446494,0.18544215180314344,0.0,0.0,0.03137827219611183,0.0,0.0,0.0,0.0,0.0,0.0,0.0,0.0,0.0,0.0,0.0,0.0,0.0,0.008735571849752238,0.005067253894765535,0.0,8.18111087916221,3.011457586045457,0.0002526249712851182,0.9106589031926998,0.05006689849704532,1.4286141720410483,0.6982241983214581,0.0,0.0,0.01646021584743833,0.0,0.0,0.0,0.0,,,,,,,,,,,,,,,,,,,,,,,,,,,,,,,307.75712323235547,0.0,0.0032013355331508555,0.0,0.03822766355596173,0.12950188568454982,2.2153887561670156,1,0,0,0,0,0,1,0,0,0,0,0,0,0,0,0,0,0,0,0,0,0,0,0,0,0,0,0,0,0
synthetic_combo_BrokenAuth-SQLi_4,synthetic_combo,"[""SQLi"", ""BrokenAuth""]",0,2,224.1353022971608,0.0,0.012470789522275592,537.6542429241316,4.54060671273603,0.08941644093794403,0.0,0.0,0.0,0.17411135737064215,0.03498383538539442,0.02377984465226721,0.0,0.029256389970115905,0.0,0.0,0.046995122484758844,0.0251480276273613,0.0,0.0,0.0,0.0,0.0,0.0527748551937289,0.2668232017742219,0.0,0.0,0.028610468385364234,0.0,0.0,0.0,0.0,0.0,0.0,0.0,0.0,0.0,0.0,0.0,0.0,0.0,0.019856135616151824,0.020842837093653917,0.0,8.322143849800874,3.0238889868939802,0.02590031359878669,1.0168917565323041,0.02877952000870053,2.2881406761207956,0.6977281141873268,0.0,0.0,0.010193525912568537,0.010957486823177445,0.0,0.0,0.0,,,,,,,,,,,,,,,,,,,,,,,,,,,,,,,308.44543954295375,0.0,0.00240472976425388,0.0,0.029701567321445375,0.15301041621774872,0.8063916433370747,1,0,0,0,0,0,1,0,0,0,0,0,0,0,0,0,0,0,0,0,0,0,0,0,0,0,0,0,0,0
synthetic_combo_BrokenAuth-SQLi_5,synthetic_combo,"[""SQLi"", ""BrokenAuth""]",0,2,222.54276619218655,0.0,0.0213295119342636,713.5550142938998,4.507908692143331,0.06570475783236014,0.0,0.0,0.0,0.21326756518075493,0.01532416846116858,0.011250830813420858,0.005160730063584251,0.005670359420847829,0.0,0.026756997749525675,0.0,0.0,0.0,0.0,0.0,0.0,0.0,0.05424603752052693,0.17807558621030792,0.0,0.0,0.015015678973166975,0.0,0.0,0.0,0.0,0.0,0.0,0.0,0.0,0.0,0.0,0.0,0.0,0.0,0.01811256415131823,0.023001661882492197,0.0,8.184979545021617,3.0181121518048704,0.014154759023412317,0.9678558544246315,0.06922459847180294,1.439152107684797,0.7196873670066208,0.0,0.0,0.03138715767652716,0.019961499298024498,0.0,0.0,0.0,,,,,,,,,,,,,,,,,,,,,,,,,,,,,,,284.3611462150061,0.0,0.01370508421784308,0.0,0.026795859409390013,0.1270593366135455,0.9603070580860903,1,0,0,0,0,0,1,0,0,0,0,0,0,0,0,0,0,0,0,0,0,0,0,0,0,0,0,0,0,0
synthetic_combo_BrokenAuth-SQLi_6,synthetic_combo,"[""SQLi"", ""BrokenAuth""]",0,2,224.8503287338692,0.0,0.017854723098034077,662.8892012136437,4.498259733823985,0.13466106640690473,0.0,0.0,0.0,0.0,0.016413862771754106,0.019506233751478943,0.0025984106457749914,0.07725586154684136,0.0,0.07071400190876667,0.07972813761295103,0.016058385372995903,0.0,0.0,0.0,0.0,0.0,0.03918839559307707,0.26811629679130766,0.0,0.0,0.012667961767359659,0.0,0.0,0.0,0.0,0.0,0.0,0.0,0.0,0.0,0.0,0.0,0.0,0.0,0.0038306791319619986,0.012016180629156385,0.0,8.188984492923879,3.0245019898047434,0.024739813178431352,0.9873670118926704,0.029122659252765724,1.0713929008789984,0.41768589154844604,0.0,0.0,0.0,0.019990262294259785,0.0,0.0,0.0,,,,,,,,,,,,,,,,,,,,,,,,,,,,,,,306.884396243257,0.0,0.005603071715017528,0.0,0.021277442673296117,0.1043850247041502,1.8037950178156432,1,0,0,0,0,0,1,0,0,0,0,0,0,0,0,0,0,0,0,0,0,0,0,0,0,0,0,0,0,0
synthetic_combo_BrokenAuth-SQLi_7,synthetic_combo,"[""SQLi"", ""BrokenAuth""]",0,2,227.1224544964788,0.0,0.01258826298066938,885.7798073549989,4.549564079179398,0.05656307510427955,0.0,0.0,0.0,0.08424880911917154,0.0229499332046028,0.03023104279880299,0.012167666191004572,0.12714822162299255,0.0,0.0,0.07154648675705627,0.003331991694869552,0.0,0.0,0.0,0.0,0.0,0.03098125608771148,0.19037220333471971,0.0,0.0,0.010930979883373354,0.0,0.0,0.0,0.0,0.0,0.0,0.0,0.0,0.0,0.0,0.0,0.0,0.0,0.02162871943801443,0.033546508558192814,0.0,8.178699554015619,2.9905880923613233,0.0,0.98741708269224,0.02715320669939737,1.4148596724237472,0.7373231798963424,0.0,0.0,0.014774129297800951,0.021978578303859127,0.0,0.0,0.0,,,,,,,,,,,,,,,,,,,,,,,,,,,,,,,294.13303429070896,0.0,0.002579878105565654,0.0,0.017684423232820753,0.11375344417740046,1.140122798643287,1,0,0,0,0,0,1,0,0,0,0,0,0,0,0,0,0,0,0,0,0,0,0,0,0,0,0,0,0,0
synthetic_combo_CredsExpose-InfoDisc_0,synthetic_combo,"[""InfoDisc"", ""CredsExpose""]",0,2,235.50343778314976,0.0,0.02237441879881863,935.3046111566427,4.503474313977312,0.04436936099564891,0.0,0.0,0.0,0.11442912491756276,0.01896518180421048,0.003053262236202404,0.04238740695436838,0.051461599198906284,0.0,0.05448462176354718,0.07683113833749342,0.011443769592508122,0.0,0.0,0.0,0.0,0.0,0.06000863847034274,0.15102460776792895,0.0,0.0,0.0017927223891881956,0.0,0.0,0.0,0.0,0.0,0.0,0.0,0.0,0.0,0.0,0.0,0.0,0.0,0.013144470599951935,0.0,0.0,8.250563764106003,2.9983713173597857,0.004466599360092926,0.8969931113028708,0.05933678935811165,1.374933879097136,0.4407059376426845,0.0,0.0,0.012197500339340637,0.013852167200045862,0.0,0.0,0.0,,,,,,,,,,,,,,,,,,,,,,,,,,,,,,,292.91755820807157,0.0,0.0038364897169822425,0.0,0.017360988327141412,0.09720304427607103,1.0982470628581473,0,0,0,0,0,1,0,0,0,0,0,0,0,0,0,0,0,0,0,0,0,0,0,0,1,0,0,0,0,0
synthetic_combo_CredsExpose-InfoDisc_1,synthetic_combo,"[""InfoDisc"", ""CredsExpose""]",0,2,215.01432636665035,0.0,0.022620022874057427,640.2341615889778,4.493112026542966,0.04823322985100739,0.0,0.0,0.0,0.06490339896109312,0.028551052721004666,0.01818591842260408,0.01384587931903135,0.05465454754971465,0.0,0.01307963464466138,0.06010640119125656,0.026562598670588675,0.0,0.0,0.0,0.0,0.0,0.06641218662522531,0.230935279844944,0.0,0.0,0.004513240600990868,0.0,0.0,0.0,0.0,0.0,0.0,0.0,0.0,0.0,0.0,0.0,0.0,0.0,0.0005529357458230119,0.0,0.0,8.144768726236238,3.015522197132531,0.018936132587210316,1.182526669493656,0.0,1.7873522705795297,0.08045891079612755,0.0,0.0,0.0,0.018494911211581297,0.0,0.0,0.0,,,,,,,,,,,,,,,,,,,,,,,,,,,,,,,305.04951800889916,0.0,0.006768533088146866,0.0,0.03537388646188095,0.11707840577396227,0.8048437267128706,0,0,0,0,0,1,0,0,0,0,0,0,0,0,0,0,0,0,0,0,0,0,0,0,1,0,0,0,0,0
synthetic_combo_CredsExpose-InfoDisc_2,synthetic_combo,"[""InfoDisc"", ""CredsExpose""]",0,2,219.7455702108764,0.0,0.013625829735418352,719.580172526239,4.497515096517297,0.024530784469209338,0.0,0.0,0.0,0.24142379006517264,0.03645469650886844,0.020921983116156166,0.007511904012960591,0.018940689819055494,0.0,0.05327810250773337,0.05092787582184708,0.0,0.0,0.0,0.0,0.0,0.0,0.011436993331870534,0.21527673945757714,0.0,0.0,0.0,0.0,0.0,0.0,0.0,0.0,0.0,0.0,0.0,0.0,0.0,0.0,0.0,0.0,0.02189024496453803,0.01500286728601467,0.0,8.163045554928383,3.027974605070439,0.043854237728621334,0.7783230650116775,0.040859059186791176,1.8386290952284643,0.3552020946487986,0.0,0.0,0.0029890282794117744,0.0,0.0,0.0,0.0,,,,,,,,,,,,,,,,,,,,,,,,,,,,,,,331.2711586184933,0.0,0.005007536960148201,0.0,0.04219689679078109,0.10604485898535451,1.5431809050103,0,0,0,0,0,1,0,0,0,0,0,0,0,0,0,0,0,0,0,0,0,0,0,0,1,0,0,0,0,0
synthetic_combo_CredsExpose-InfoDisc_3,synthetic_combo,"[""InfoDisc"", ""CredsExpose""]",0,2,238.2584517770034,0.0,0.020374458182949053,184.15199305662844,4.48854407774474,0.1335145234342044,0.0,0.0,0.0,0.1446756600325245,0.018173886156807845,0.0335592359378391,0.0,0.0,0.0,0.07145396395905051,0.06108371349810039,0.0038901552298334797,0.0,0.0,0.0,0.0,0.0,0.03422803251983516,0.17449647130891835,0.0,0.0,0.02644334595010034,0.0,0.0,0.0,0.0,0.0,0.0,0.0,0.0,0.0,0.0,0.0,0.0,0.0,0.023661384467723354,0.017764242093076664,0.0,8.087659260016313,3.0149221325454625,0.02727331549764802,0.9563864051288562,0.04807963836498203,2.015995654926362,0.9749913365725658,0.0,0.0,0.028723240673511445,0.01565298357471089,0.0,0.0,0.0,,,,,,,,,,,,,,,,,,,,,,,,,,,,,,,317.0430492464286,0.0,0.005543756375520258,0.0,0.03171191314906365,0.1161968727730229,0.32106559020901937,0,0,0,0,0,1,0,0,0,0,0,0,0,0,0,0,0,0,0,0,0,0,0,0,1,0,0,0,0,0
synthetic_combo_CredsExpose-InfoDisc_4,synthetic_combo,"[""InfoDisc"", ""CredsExpose""]",0,2,234.66573850347302,0.0,0.015717206554397865,642.8664021977189,4.541789272861763,0.0017903247992901855,0.0,0.0,0.0,0.07927192379817422,0.03924616876856983,0.003517072512842029,0.0,0.15523395812143603,0.0,0.10712117657902614,0.08591536587486293,0.014543076529756447,0.0,0.0,0.0,0.0,0.0,0.02235114857960736,0.24423616422642225,0.0,0.0,0.0,0.0,0.0,0.0,0.0,0.0,0.0,0.0,0.0,0.0,0.0,0.0,0.0,0.0,0.007714055889668573,0.0011065571990607447,0.0,8.194181347554075,3.0123116854321905,0.0029108247601402036,0.992392501857189,0.07055339125568577,1.8807409284557393,0.46841132569619165,0.0,0.0,0.013746134484628312,0.041200829554631196,0.0,0.0,0.0,,,,,,,,,,,,,,,,,,,,,,,,,,,,,,,290.42049497139413,0.0,0.010233429267087417,0.0,0.037852601118853135,0.11135719371868504,1.7013714749860271,0,0,0,0,0,1,0,0,0,0,0,0,0,0,0,0,0,0,0,0,0,0,0,0,1,0,0,0,0,0
synthetic_combo_CredsExpose-InfoDisc_5,synthetic_combo,"[""InfoDisc"", ""CredsExpose""]",0,2,240.75782779259544,0.0,0.023372252688582305,763.1416804504581,4.548255780231261,0.01652020634895697,0.0,0.0,0.0,0.21402331466703173,0.040509149578270065,0.007385378516378909,0.0,0.0,0.0,0.03087038022114763,0.06630665237933323,0.00977804993704115,0.0,0.0,0.0,0.0,0.0,0.04566619674144798,0.1756926543388816,0.0,0.0,0.006753419321201974,0.0,0.0,0.0,0.0,0.0,0.0,0.0,0.0,0.0,0.0,0.0,0.0,0.0,0.02381301722807931,0.009501739475926856,0.0,7.994716689148812,3.0082446841653594,0.0004502628194220995,1.098413404295144,0.06707076909100179,2.0559265486853087,0.8243572913452458,0.0,0.0,0.005501416168007731,0.013764535161118328,0.0,0.0,0.0,,,,,,,,,,,,,,,,,,,,,,,,,,,,,,,302.5917997163457,0.0,0.006956123354203661,0.0,0.021723949056973058,0.10364375709013741,2.601816394128198,0,0,0,0,0,1,0,0,0,0,0,0,0,0,0,0,0,0,0,0,0,0,0,0,1,0,0,0,0,0
synthetic_combo_CredsExpose-InfoDisc_6,synthetic_combo,"[""InfoDisc"", ""CredsExpose""]",0,2,240.2771828073144,0.0,0.02305343710781275,931.4971119906324,4.57860091621855,0.07775554636297671,0.0,0.0,0.0,0.10161894891594912,0.03765522622914473,0.005896202577294784,0.0,0.1683974383318702,0.0,0.09151402349910409,0.0,0.018162960292582624,0.0,0.0,0.0,0.0,0.0,0.05654059897634951,0.17550793031188272,0.0,0.0,0.013237241627446106,0.0,0.0,0.0,0.0,0.0,0.0,0.0,0.0,0.0,0.0,0.0,0.0,0.0,0.0,0.014860570224722237,0.0,8.125988928791935,3.0200460162773832,0.0,0.9136415668537738,0.0069847271434852615,1.0440387277727128,0.6352483315698403,0.0,0.0,0.018035127740447816,0.019724362069219847,0.0,0.0,0.0,,,,,,,,,,,,,,,,,,,,,,,,,,,,,,,280.3313084849623,0.0,0.00714817785030744,0.0,0.03506414466121889,0.1295736091750165,1.786384962468665,0,0,0,0,0,1,0,0,0,0,0,0,0,0,0,0,0,0,0,0,0,0,0,0,1,0,0,0,0,0
synthetic_combo_CredsExpose-InfoDisc_7,synthetic_combo,"[""InfoDisc"", ""CredsExpose""]",0,2,220.88860132224167,0.0,0.018702310320720214,474.18138029472107,4.4726912786010935,0.04818230164114442,0.0,0.0,0.0,0.24683009375530504,0.03277727682364204,0.035572307846754705,0.02961333316683054,0.07140639856278098,0.0,0.16128110974495097,0.10817144519460017,0.01874092862211153,0.0,0.0,0.0,0.0,0.0,0.04200406488526265,0.19423678808508463,0.0,0.0,0.012182448133200355,0.0,0.0,0.0,0.0,0.0,0.0,0.0,0.0,0.0,0.0,0.0,0.0,0.0,0.0015746271884349104,0.0,0.0,7.897123313397469,3.0133140403607332,0.05423174296951337,0.9524581059125845,0.08203479209805989,1.575063807592862,1.0596810265127237,0.0,0.0,0.001998921536264662,0.01544771116010165,0.0,0.0,0.0,,,,,,,,,,,,,,,,,,,,,,,,,,,,,,,295.89398864160023,0.0,0.003334368860061404,0.0,0.0224978633413714,0.14303654160494145,1.197510565755371,0,0,0,0,0,1,0,0,0,0,0,0,0,0,0,0,0,0,0,0,0,0,0,0,1,0,0,0,0,0
synthetic_combo_InfoDisc-InsecPerm_0,synthetic_combo,"[""InfoDisc"", ""InsecPerm""]",0,2,230.5539698173353,0.0,0.020156779373338343,596.5263377552837,4.510097843184721,0.04277478780863632,0.0,0.0,0.0,0.10563824354180304,0.026271696559645678,0.002009678269755977,0.059689357964723286,0.09323612386126005,0.0,0.07749730089765075,0.09725972302023041,0.0006884017603090084,0.0,0.0,0.0,0.0,0.0,0.04537381662937236,0.10123657097034672,0.0,0.0,0.015280650259406206,0.0,0.0,0.0,0.0,0.0,0.0,0.0,0.0,0.0,0.0,0.0,0.0,0.0,0.007289780147327821,0.028108726897055514,0.0,8.148853149649911,3.016958175350914,0.030891261262940548,1.0329255171829281,0.0336363066612778,1.334015286745907,0.9429176914883999,0.0,0.0,0.024317364539416894,0.0,0.0,0.0,0.0,,,,,,,,,,,,,,,,,,,,,,,,,,,,,,,334.21034047008715,0.0,0.00046355689132034344,0.0,0.018514404302773384,0.12271713794398535,1.5785045571628875,0,0,0,0,0,0,0,0,0,0,0,0,1,0,0,0,0,0,0,0,0,0,0,0,1,0,0,0,0,0
synthetic_combo_InfoDisc-InsecPerm_1,synthetic_combo,"[""InfoDisc"", ""InsecPerm""]",0,2,224.17292639287092,0.0,0.01673363728382454,794.3678916046573,4.491327793616969,0.13252717259138924,0.0,0.0,0.0,0.11142819040564624,0.05841962551536553,0.007177776844303187,0.03531137279300227,0.051996929652264656,0.0,0.10912113764457676,0.11797582805237478,0.0,0.0,0.0,0.0,0.0,0.0,0.029074563734529463,0.19412767892935298,0.0,0.0,0.00487548472808109,0.0,0.0,0.0,0.0,0.0,0.0,0.0,0.0,0.0,0.0,0.0,0.0,0.0,0.005997200926232045,0.024832302745396762,0.0,8.286540789615499,3.022605523625005,0.024314388709617715,1.0775510638823782,0.1021534123845258,1.508022970915229,0.43896970899966226,0.0,0.0,0.007376341798597167,0.01234468385414212,0.0,0.0,0.0,,,,,,,,,,,,,,,,,,,,,,,,,,,,,,,308.2615970244902,0.0,0.006933127791385547,0.0,0.0351697047830994,0.12460133431935416,0.0,0,0,0,0,0,0,0,0,0,0,0,0,1,0,0,0,0,0,0,0,0,0,0,0,1,0,0,0,0,0
synthetic_combo_InfoDisc-InsecPerm_2,synthetic_combo,"[""InfoDisc"", ""InsecPerm""]",0,2,233.7770801530375,0.0,0.023580039393916723,671.5505064070314,4.568536455281502,0.022468416927690166,0.0,0.0,0.0,0.07076198523454698,0.019187738609130464,0.014446522028489315,0.027633019248788478,0.018583203864323057,0.0,0.06240636412266297,0.0,0.014099955227974548,0.0,0.0,0.0,0.0,0.0,0.0361239873016416,0.2007388705616446,0.0,0.0,0.02163473220185353,0.0,0.0,0.0,0.0,0.0,0.0,0.0,0.0,0.0,0.0,0.0,0.0,0.0,0.023444105374231486,0.01082251704665689,0.0,8.248880932460487,3.038570144174443,0.019675640770303426,0.9487530101634818,0.049182394766013084,1.949706697852489,0.6844336208028686,0.0,0.0,0.035756168175109244,0.0,0.0,0.0,0.0,,,,,,,,,,,,,,,,,,,,,,,,,,,,,,,270.71962150641593,0.0,0.0020911327707722905,0.0,0.022031991780799596,0.10560386398614265,1.7017089796024636,0,0,0,0,0,0,0,0,0,0,0,0,1,0,0,0,0,0,0,0,0,0,0,0,1,0,0,0,0,0
synthetic_combo_InfoDisc-InsecPerm_3,synthetic_combo,"[""InfoDisc"", ""InsecPerm""]",0,2,235.57585617032566,0.0,0.0221250454366488,697.9291875887393,4.464812277647095,0.054341193897978535,0.0,0.0,0.0,0.12803362071765859,0.040065195496196755,0.018725215056853185,0.05914754692692041,0.10579912696117585,0.0,0.032461926660151325,0.09959227322851082,0.022798854976022763,0.0,0.0,0.0,0.0,0.0,0.06043930643771396,0.20038615134375873,0.0,0.0,0.023841269554319824,0.0,0.0,0.0,0.0,0.0,0.0,0.0,0.0,0.0,0.0,0.0,0.0,0.0,0.0142833284042359,0.01975764142101559,0.0,8.10190049234948,3.034829972149391,0.0,0.7754537369205659,0.047482755390890356,0.9771163506976954,0.4710614051234553,0.0,0.0,0.016564227360623636,0.017706229578040737,0.0,0.0,0.0,,,,,,,,,,,,,,,,,,,,,,,,,,,,,,,302.4643776891028,0.0,0.0024816173307474153,0.0,0.03731922676925625,0.14244715416931997,1.3173877032140515,0,0,0,0,0,0,0,0,0,0,0,0,1,0,0,0,0,0,0,0,0,0,0,0,1,0,0,0,0,0
synthetic_combo_InfoDisc-InsecPerm_4,synthetic_combo,"[""InfoDisc"", ""InsecPerm""]",0,2,239.1398594198832,0.0,0.01854590074335287,978.4390621423622,4.565296712385881,0.017498151349373527,0.0,0.0,0.0,0.12852619059733553,0.005039850330504941,0.01682358189497418,0.05839970366937024,0.0696769554350775,0.0,0.026374655270561178,0.0,0.0,0.0,0.0,0.0,0.0,0.0,0.035155168147948786,0.2031809690654163,0.0,0.0,0.020005507176567603,0.0,0.0,0.0,0.0,0.0,0.0,0.0,0.0,0.0,0.0,0.0,0.0,0.0,0.011805240182355016,0.028500095116227423,0.0,8.15753906943006,3.0180507619673125,0.026335952506699872,1.1856407620407439,0.03669798854837154,2.426069804167724,0.49752445540668827,0.0,0.0,0.011796886980741706,0.0,0.0,0.0,0.0,,,,,,,,,,,,,,,,,,,,,,,,,,,,,,,263.55067022268724,0.0,0.00041918396884474234,0.0,0.04052329782881403,0.10535751349050014,1.7671953601813355,0,0,0,0,0,0,0,0,0,0,0,0,1,0,0,0,0,0,0,0,0,0,0,0,1,0,0,0,0,0
synthetic_combo_InfoDisc-InsecPerm_5,synthetic_combo,"[""InfoDisc"", ""InsecPerm""]",0,2,223.27688393806713,0.0,0.01933677494277492,535.9076097305998,4.519492153370571,0.06033650261635955,0.0,0.0,0.0,0.1505969375576322,0.013946780605823784,0.007953660911044404,0.02840736471413267,0.09256850709441718,0.0,0.0,0.05185013199244626,0.001981527604638711,0.0,0.0,0.0,0.0,0.0,0.027620219711112504,0.21921142402274524,0.0,0.0,0.0018386401951414662,0.0,0.0,0.0,0.0,0.0,0.0,0.0,0.0,0.0,0.0,0.0,0.0,0.0,0.030347894916019906,0.014623745476155386,0.0,8.227444710318695,3.005708702288416,0.0240526274868578,1.086049853827824,0.0,2.0690347938781533,0.763025558492254,0.0,0.0,0.01811628307636776,0.005818706207602713,0.0,0.0,0.0,,,,,,,,,,,,,,,,,,,,,,,,,,,,,,,293.56447432522555,0.0,0.010897208598325794,0.0,0.016735462180302023,0.11177748011199311,2.9955651113687054,0,0,0,0,0,0,0,0,0,0,0,0,1,0,0,0,0,0,0,0,0,0,0,0,1,0,0,0,0,0
synthetic_combo_InfoDisc-InsecPerm_6,synthetic_combo,"[""InfoDisc"", ""InsecPerm""]",0,2,219.1591692687073,0.0,0.02727630026302996,384.5078632756497,4.49950575059825,0.0766060223529414,0.0,0.0,0.0,0.06802342077490865,0.037360242889361794,0.017981640246160578,0.05762139328687663,0.18171536383189352,0.0,0.13159007371538017,0.03225829502274691,0.0,0.0,0.0,0.0,0.0,0.0,0.028727498724821554,0.26587118737083426,0.0,0.0,0.025097812890235955,0.0,0.0,0.0,0.0,0.0,0.0,0.0,0.0,0.0,0.0,0.0,0.0,0.0,0.009863195684967695,0.014613306794854848,0.0,8.204824508293372,3.0182019839230954,0.043077368190719445,0.9385424850744825,0.0,1.2982484858814551,0.5164173120700928,0.0,0.0,0.0021053864522847902,0.0,0.0,0.0,0.0,,,,,,,,,,,,,,,,,,,,,,,,,,,,,,,297.64665782252916,0.0,0.0046043450854442985,0.0,0.03839042777502247,0.12487755085054271,0.760855261625693,0,0,0,0,0,0,0,0,0,0,0,0,1,0,0,0,0,0,0,0,0,0,0,0,1,0,0,0,0,0
synthetic_combo_InfoDisc-InsecPerm_7,synthetic_combo,"[""InfoDisc"", ""InsecPerm""]",0,2,239.8733241876723,0.0,0.025308349078635543,572.1948039446892,4.528753138611378,0.05113670197322507,0.0,0.0,0.0,0.0,0.016685600533280765,0.03002813613967556,0.0014188255775744348,0.04057570385536265,0.0,0.016286106242678747,0.04220967187818037,0.01502787027915516,0.0,0.0,0.0,0.0,0.0,0.051235625024204444,0.2041862121210384,0.0,0.0,0.014996049788474367,0.0,0.0,0.0,0.0,0.0,0.0,0.0,0.0,0.0,0.0,0.0,0.0,0.0,0.01838209096285243,0.0,0.0,8.192382645921718,3.0176685466957007,0.036364090220087006,0.8574857681569947,0.05352992162227548,0.9142269430730833,0.576583031588697,0.0,0.0,0.015489248983795893,0.006834610814623218,0.0,0.0,0.0,,,,,,,,,,,,,,,,,,,,,,,,,,,,,,,326.15212192323816,0.0,0.007620327910910302,0.0,0.02296160721981164,0.13519831181142133,1.3596750221542624,0,0,0,0,0,0,0,0,0,0,0,0,1,0,0,0,0,0,0,0,0,0,0,0,1,0,0,0,0,0
synthetic_combo_CMDi-DirTrav_0,synthetic_combo,"[""CMDi"", ""DirTrav""]",0,2,230.259772175314,0.0,0.025269506494739566,422.6401137189548,4.533854521092518,0.12638546529582917,0.0,0.0,0.0,0.18795481993116164,0.015732673320507613,0.02483285304988291,0.04189838026037441,0.12269429248188726,0.0,0.05707433704018669,0.07698823450780012,0.015623005392655029,0.0,0.0,0.0,0.0,0.0,0.038059191742864124,0.14371944569186335,0.0,0.0,0.0022627054326618233,0.0,0.0,0.0,0.0,0.0,0.0,0.0,0.0,0.0,0.0,0.0,0.0,0.0,0.011469199099806083,0.016619619795300102,0.0,8.141400605559772,3.005059401950009,0.04234564974081969,1.0031644217298923,0.03867351075693745,1.5604681472689752,0.39923069977619197,0.0,0.0,0.0,0.010507579474118674,0.0,0.0,0.0,,,,,,,,,,,,,,,,,,,,,,,,,,,,,,,316.13799263063584,0.0,0.0066490948350621856,0.0,0.04379297685520241,0.1431989296491794,1.7793689580924812,0,1,0,0,0,0,0,0,1,0,0,0,0,0,0,0,0,0,0,0,0,0,0,0,0,0,0,0,0,0
synthetic_combo_CMDi-DirTrav_1,synthetic_combo,"[""CMDi"", ""DirTrav""]",0,2,224.9045038829942,0.0,0.028445855782888947,671.7586976124678,4.549038555543827,0.06516440701693613,0.0,0.0,0.0,0.0,0.04863834094936591,0.02106321181656778,0.0,0.0,0.0,0.08161587724015112,0.02552071802155856,0.002973246300724028,0.0,0.0,0.0,0.0,0.0,0.040176800762883415,0.1228883724331034,0.0,0.0,0.004159540304433348,0.0,0.0,0.0,0.0,0.0,0.0,0.0,0.0,0.0,0.0,0.0,0.0,0.0,0.022243372672544053,0.0,0.0,8.230146435258167,3.009244822296815,0.024493368023335068,0.869241653274432,0.03365280802152306,1.0859428122939523,0.32271051825012675,0.0,0.0,0.0,0.003984444563361127,0.0,0.0,0.0,,,,,,,,,,,,,,,,,,,,,,,,,,,,,,,277.12182799053085,0.0,0.0025315423306422192,0.0,0.02590039597987563,0.09662086710312338,2.277618308137752,0,1,0,0,0,0,0,0,1,0,0,0,0,0,0,0,0,0,0,0,0,0,0,0,0,0,0,0,0,0
synthetic_combo_CMDi-DirTrav_2,synthetic_combo,"[""CMDi"", ""DirTrav""]",0,2,235.38909665165485,0.0,0.022795728342059,108.52511228125212,4.468783731925259,6.382923308497629e-05,0.0,0.0,0.0,0.13711168076813146,0.05420742730066319,0.022044898308502425,0.01324774317748471,0.14317611311249057,0.0,0.01428387539698281,0.0,0.0037492036350110242,0.0,0.0,0.0,0.0,0.0,0.016926684377737734,0.13568255768256016,0.0,0.0,0.01839155980159284,0.0,0.0,0.0,0.0,0.0,0.0,0.0,0.0,0.0,0.0,0.0,0.0,0.0,0.017430708999594535,0.018415261697914315,0.0,8.048406604297679,2.986308252364788,0.037862597503767456,0.9109693963016334,0.08828285225771632,1.099300444174908,0.7326395602568073,0.0,0.0,0.006370698120944497,0.0,0.0,0.0,0.0,,,,,,,,,,,,,,,,,,,,,,,,,,,,,,,324.9779510219467,0.0,0.004715189767558911,0.0,0.034881559877984955,0.1002324970975172,1.2176888873878267,0,1,0,0,0,0,0,0,1,0,0,0,0,0,0,0,0,0,0,0,0,0,0,0,0,0,0,0,0,0
synthetic_combo_CMDi-DirTrav_3,synthetic_combo,"[""CMDi"", ""DirTrav""]",0,2,226.23715788323426,0.0,0.025627232929738144,593.6667965073599,4.513293223365737,0.1573309566763297,0.0,0.0,0.0,0.18399008510311668,0.014026104779699214,0.004564317007224391,0.07337869325517758,0.07612151115511462,0.0,0.09135979811128239,0.004747899230803751,0.013511221963673633,0.0,0.0,0.0,0.0,0.0,0.06283120551328111,0.239432864798303,0.0,0.0,0.031685168368195044,0.0,0.0,0.0,0.0,0.0,0.0,0.0,0.0,0.0,0.0,0.0,0.0,0.0,0.009368879316883289,0.020125534641449446,0.0,8.131340166160273,3.0180777144462634,0.007440276994480199,0.9610989186461464,0.0,1.2689948113354395,0.4948676109053062,0.0,0.0,0.0,0.020613898671867477,0.0,0.0,0.0,,,,,,,,,,,,,,,,,,,,,,,,,,,,,,,292.40126890390763,0.0,0.008432360044672804,0.0,0.04697694973436639,0.10802520556344902,0.43748514056498866,0,1,0,0,0,0,0,0,1,0,0,0,0,0,0,0,0,0,0,0,0,0,0,0,0,0,0,0,0,0
synthetic_combo_CMDi-DirTrav_4,synthetic_combo,"[""CMDi"", ""DirTrav""]",0,2,234.8256808896138,0.0,0.015803129842300707,361.44281649042136,4.492552347396462,0.06680612262062867,0.0,0.0,0.0,0.23680529864319244,0.03176097142651404,0.019928956701775802,0.07182130749213252,0.0,0.0,0.04015905079275167,0.11617596112633824,0.010864242617938103,0.0,0.0,0.0,0.0,0.0,0.06597701320063834,0.22278625222142068,0.0,0.0,0.0,0.0,0.0,0.0,0.0,0.0,0.0,0.0,0.0,0.0,0.0,0.0,0.0,0.0,0.007737505182644563,0.014129802343764495,0.0,8.037338520664935,3.0251786744469964,0.040402577167935494,0.7370627685471609,0.0,0.7615065444468154,0.6399309934143146,0.0,0.0,0.026552323370947456,0.023596837782938605,0.0,0.0,0.0,,,,,,,,,,,,,,,,,,,,,,,,,,,,,,,292.2918435030349,0.0,0.004786594889179601,0.0,0.028743055929709927,0.12334165592765019,1.377473605228918,0,1,0,0,0,0,0,0,1,0,0,0,0,0,0,0,0,0,0,0,0,0,0,0,0,0,0,0,0,0
synthetic_combo_CMDi-DirTrav_5,synthetic_combo,"[""CMDi"", ""DirTrav""]",0,2,241.52737296300037,0.0,0.020809996200307213,691.9305081204357,4.533641800607589,0.12795821325025167,0.0,0.0,0.0,0.0,0.016227643424468897,0.0,0.02404935726680789,0.0,0.0,0.03394784602274909,0.10874942240487412,0.019934127502033366,0.0,0.0,0.0,0.0,0.0,0.03024879905415364,0.21048173120824346,0.0,0.0,0.014260070072223506,0.0,0.0,0.0,0.0,0.0,0.0,0.0,0.0,0.0,0.0,0.0,0.0,0.0,0.01988598149501883,0.0,0.0,8.203482876623038,3.010539539550261,0.01152511435878725,1.0160770697442718,0.0,2.3008565747360983,0.34934501021045217,0.0,0.0,0.009865174750677691,0.018309095049483068,0.0,0.0,0.0,,,,,,,,,,,,,,,,,,,,,,,,,,,,,,,308.6630597164949,0.0,0.0050566659148149964,0.0,0.026292061449802052,0.11984256709938233,1.8375162141917172,0,1,0,0,0,0,0,0,1,0,0,0,0,0,0,0,0,0,0,0,0,0,0,0,0,0,0,0,0,0
synthetic_combo_CMDi-DirTrav_6,synthetic_combo,"[""CMDi"", ""DirTrav""]",0,2,234.03611266864147,0.0,0.028542233582408663,650.2436687521927,4.529868156975745,0.09454886199443883,0.0,0.0,0.0,0.14975085456005888,0.037939619356678285,0.027761225378661825,0.06819414790242914,0.0,0.0,0.0013526676114192643,0.0,0.05328739785375112,0.0,0.0,0.0,0.0,0.0,0.0,0.11038824660827823,0.0,0.0,0.00256693490165698,0.0,0.0,0.0,0.0,0.0,0.0,0.0,0.0,0.0,0.0,0.0,0.0,0.0,0.027657266619485813,0.010373591407532835,0.0,8.176833133531403,3.0092638264249696,0.046888096558343195,1.0699035585289374,0.052807555099486946,1.516732074158645,0.34215833100876775,0.0,0.0,0.003508500025531396,0.009915657786059963,0.0,0.0,0.0,,,,,,,,,,,,,,,,,,,,,,,,,,,,,,,279.89268789421453,0.0,0.0,0.0,0.026076850794021222,0.1047539525493621,0.8720432758028508,0,1,0,0,0,0,0,0,1,0,0,0,0,0,0,0,0,0,0,0,0,0,0,0,0,0,0,0,0,0
synthetic_combo_CMDi-DirTrav_7,synthetic_combo,"[""CMDi"", ""DirTrav""]",0,2,232.91359310049793,0.0,0.023838099074831885,877.2859786250378,4.537391926043384,0.12565393609977116,0.0,0.0,0.0,0.11343938872600685,0.03128479545449229,0.0015891030051111577,0.06535187647248453,0.027515762329339596,0.0,0.02115894742958055,0.0,0.018195420765083042,0.0,0.0,0.0,0.0,0.0,0.04796240367435869,0.10510702660551292,0.0,0.0,0.017656192227227085,0.0,0.0,0.0,0.0,0.0,0.0,0.0,0.0,0.0,0.0,0.0,0.0,0.0,0.017858739505812606,0.0018446946068808295,0.0,8.22997277262768,3.0188253947149275,0.024096189903494616,1.1239003910468426,0.05811875734485847,2.1091602385760395,0.9939856282555477,0.0,0.0,0.008480320581848177,0.0,0.0,0.0,0.0,,,,,,,,,,,,,,,,,,,,,,,,,,,,,,,295.1093703480323,0.0,0.006764338402060862,0.0,0.0431632074010568,0.1355263413392165,0.10835533693545729,0,1,0,0,0,0,0,0,1,0,0,0,0,0,0,0,0,0,0,0,0,0,0,0,0,0,0,0,0,0
synthetic_combo_InfoDisc-XSS_0,synthetic_combo,"[""XSS"", ""InfoDisc""]",0,2,243.45689441770946,0.0,0.02402250711726346,574.4306664506204,4.499345955913038,0.0790682117538411,0.0,0.0,0.0,0.06348863632853295,0.0,0.003440976582597217,0.055851479888713834,0.1462546669837466,0.0,0.07072671689141734,0.14556211592747303,0.027951390849962846,0.0,0.0,0.0,0.0,0.0,0.024460589479980695,0.1838686204937611,0.0,0.0,0.024769413647556845,0.0,0.0,0.0,0.0,0.0,0.0,0.0,0.0,0.0,0.0,0.0,0.0,0.0,0.025977969580493206,0.0031110384595514073,0.0,8.165114488282653,2.9976174707193146,0.0413092525473291,1.001736385856967,0.04335459945898377,1.9348264330427059,1.0253613577243663,0.0,0.0,0.0,0.004466304210116671,0.0,0.0,0.0,,,,,,,,,,,,,,,,,,,,,,,,,,,,,,,315.8736907656778,0.0,0.0027699366114167893,0.0,0.028270922613730792,0.13638501692747435,1.5333704741690948,0,0,0,0,0,0,0,1,0,0,0,0,0,0,0,0,0,0,0,0,0,0,0,0,1,0,0,0,0,0
synthetic_combo_InfoDisc-XSS_1,synthetic_combo,"[""XSS"", ""InfoDisc""]",0,2,234.56839998904394,0.0,0.013745808374009398,99.05092317145198,4.455347190848132,0.0,0.0,0.0,0.0,0.054775923462022966,0.01762676547693731,0.006961470278878673,0.014141476485762495,0.0,0.0,0.00991811337506765,0.11073535488234884,0.02603499329568771,0.0,0.0,0.0,0.0,0.0,0.06891431397721824,0.14719097661978853,0.0,0.0,0.01001861148199313,0.0,0.0,0.0,0.0,0.0,0.0,0.0,0.0,0.0,0.0,0.0,0.0,0.0,0.023968653813168428,0.009825425197979593,0.0,8.138443307255539,3.010150828962094,0.04684759629668089,0.8933106238640944,0.0007984072499144582,2.0807739100564935,0.5877411274111705,0.0,0.0,0.009192311398579272,0.004771442657874221,0.0,0.0,0.0,,,,,,,,,,,,,,,,,,,,,,,,,,,,,,,291.3768828670978,0.0,0.0,0.0,0.03348539037577064,0.11598158299912692,2.181762711594013,0,0,0,0,0,0,0,1,0,0,0,0,0,0,0,0,0,0,0,0,0,0,0,0,1,0,0,0,0,0
synthetic_combo_InfoDisc-XSS_2,synthetic_combo,"[""XSS"", ""InfoDisc""]",0,2,234.19637456625537,0.0,0.024147084620770806,482.23294152000784,4.492497022145808,0.0,0.0,0.0,0.0,0.17475071380916699,0.0377304484573448,0.008653761850531514,0.037541706695041185,0.11717944910514114,0.0,0.06093516929847785,0.07251440126959077,0.01762477118853745,0.0,0.0,0.0,0.0,0.0,0.0064985930824747185,0.19273362213711684,0.0,0.0,0.03282970782971658,0.0,0.0,0.0,0.0,0.0,0.0,0.0,0.0,0.0,0.0,0.0,0.0,0.0,0.015259304489507065,0.012334090861140791,0.0,8.148238103794576,3.02557972945998,0.0,0.9275857996502579,0.0,1.531785588565367,0.6402364271230012,0.0,0.0,0.028878476965044392,0.009278186373418467,0.0,0.0,0.0,,,,,,,,,,,,,,,,,,,,,,,,,,,,,,,327.067986055781,0.0,0.004326227941704035,0.0,0.025816834782945993,0.13418980005050576,0.6145961058486079,0,0,0,0,0,0,0,1,0,0,0,0,0,0,0,0,0,0,0,0,0,0,0,0,1,0,0,0,0,0
synthetic_combo_InfoDisc-XSS_3,synthetic_combo,"[""XSS"", ""InfoDisc""]",0,2,246.40391749831366,0.0,0.02588898096717085,234.47677906644697,4.511069124303386,0.12432143243107736,0.0,0.0,0.0,0.04797035314055534,0.02541746171746717,0.005698164353187065,0.03374351603265122,0.06360205152010254,0.0,0.04468467874564286,0.12355428263137641,0.0025439087976894623,0.0,0.0,0.0,0.0,0.0,0.05737096355148388,0.1940859718814971,0.0,0.0,0.02017144342993997,0.0,0.0,0.0,0.0,0.0,0.0,0.0,0.0,0.0,0.0,0.0,0.0,0.0,0.014837165685616915,0.02517062886568009,0.0,8.205724803938113,3.004308248049835,0.021931213173835874,1.037270666605101,0.02392521744860364,2.7348074648094736,0.7313752358817442,0.0,0.0,0.016450963552841254,0.01877576276789164,0.0,0.0,0.0,,,,,,,,,,,,,,,,,,,,,,,,,,,,,,,283.03631057319205,0.0,0.001786039343322391,0.0,0.02849576752828396,0.12960338880975772,0.9452070232612875,0,0,0,0,0,0,0,1,0,0,0,0,0,0,0,0,0,0,0,0,0,0,0,0,1,0,0,0,0,0
synthetic_combo_InfoDisc-XSS_4,synthetic_combo,"[""XSS"", ""InfoDisc""]",0,2,227.22609124204237,0.0,0.020967115891656368,692.7419774891262,4.50166619995912,0.03664314587342739,0.0,0.0,0.0,0.169122191213386,0.0,0.0032354521868454573,0.008559746823189315,0.1502663183797638,0.0,0.0,0.07129884972648934,0.01906765933378926,0.0,0.0,0.0,0.0,0.0,0.05206496059661685,0.19156789909575386,0.0,0.0,0.0022823454843480147,0.0,0.0,0.0,0.0,0.0,0.0,0.0,0.0,0.0,0.0,0.0,0.0,0.0,0.021122169538118452,0.020697832292374103,0.0,8.228804644807166,3.039126575105025,0.020157678188962965,0.8341304559853756,0.06783084070720295,2.205605924187141,0.5618707935108758,0.0,0.0,0.0,0.014961997959079818,0.0,0.0,0.0,,,,,,,,,,,,,,,,,,,,,,,,,,,,,,,340.49539219218184,0.0,0.00689442782794731,0.0,0.03090810244896926,0.09954807311847341,1.6573005392143043,0,0,0,0,0,0,0,1,0,0,0,0,0,0,0,0,0,0,0,0,0,0,0,0,1,0,0,0,0,0
synthetic_combo_InfoDisc-XSS_5,synthetic_combo,"[""XSS"", ""InfoDisc""]",0,2,228.47518802861782,0.0,0.026592292237546514,402.2838807573708,4.523746983198222,0.07003268082048247,0.0,0.0,0.0,0.0,0.02332949711678397,0.03537664589046464,0.03608608449800807,0.08742279617918856,0.0,0.047079171558286746,0.12404010758231784,0.026067527944801966,0.0,0.0,0.0,0.0,0.0,0.04617797733015255,0.23671412386435858,0.0,0.0,0.02953118136034083,0.0,0.0,0.0,0.0,0.0,0.0,0.0,0.0,0.0,0.0,0.0,0.0,0.0,0.0070889696888219965,0.019527638512186273,0.0,8.131154109409152,3.0303703270722537,0.03355988066838554,1.1196975687620991,0.0,2.390781069902164,0.37395702702708516,0.0,0.0,0.017685212252521683,0.01786680958953625,0.0,0.0,0.0,,,,,,,,,,,,,,,,,,,,,,,,,,,,,,,297.009564433747,0.0,0.007953970476542714,0.0,0.03422249480212382,0.1249069348994233,2.0477801477497786,0,0,0,0,0,0,0,1,0,0,0,0,0,0,0,0,0,0,0,0,0,0,0,0,1,0,0,0,0,0
synthetic_combo_InfoDisc-XSS_6,synthetic_combo,"[""XSS"", ""InfoDisc""]",0,2,242.6576656642928,0.0,0.004548195948947564,289.9015970462069,4.492883154268538,0.0593971073572007,0.0,0.0,0.0,0.15249853762865476,0.01395639477698265,0.01487800079415208,0.0,0.03414404593287576,0.0,0.1045925727678928,0.05859180703405631,0.011950175333600245,0.0,0.0,0.0,0.0,0.0,0.005574792722808149,0.1632897056521958,0.0,0.0,0.019451973272615046,0.0,0.0,0.0,0.0,0.0,0.0,0.0,0.0,0.0,0.0,0.0,0.0,0.0,0.011508301783022675,0.01219228073747036,0.0,8.127962954317017,3.004328295171498,0.03222894848840047,0.8669108897310784,0.014453901004580522,2.1347108484933663,0.5735204608559326,0.0,0.0,0.017271660356558746,0.0,0.0,0.0,0.0,,,,,,,,,,,,,,,,,,,,,,,,,,,,,,,264.2333745865551,0.0,0.01155829781911809,0.0,0.01954303770735759,0.09089968167314905,1.7318374186821388,0,0,0,0,0,0,0,1,0,0,0,0,0,0,0,0,0,0,0,0,0,0,0,0,1,0,0,0,0,0
synthetic_combo_InfoDisc-XSS_7,synthetic_combo,"[""XSS"", ""InfoDisc""]",0,2,218.2921591827662,0.0,0.023109939506047835,540.040848089665,4.53314158751439,0.027138092090621162,0.0,0.0,0.0,0.08439526881256576,0.05757301327879682,0.017542401377399153,0.042885329996158614,0.0,0.0,0.0,0.06764894914059151,0.009694487437300602,0.0,0.0,0.0,0.0,0.0,0.044981686613562645,0.2468423089007371,0.0,0.0,0.025296366976663875,0.0,0.0,0.0,0.0,0.0,0.0,0.0,0.0,0.0,0.0,0.0,0.0,0.0,0.037884600880548625,0.005709896562180453,0.0,8.000230549236461,3.0123119267394007,0.0193083804318887,1.0192030327404187,0.04038235501618946,1.8490335675859548,0.7634319372554157,0.0,0.0,0.018123707548065242,0.024567779593289985,0.0,0.0,0.0,,,,,,,,,,,,,,,,,,,,,,,,,,,,,,,293.7574882977102,0.0,0.007933847972911683,0.0,0.04296538895854855,0.11664874040936657,1.6455766856913392,0,0,0,0,0,0,0,1,0,0,0,0,0,0,0,0,0,0,0,0,0,0,0,0,1,0,0,0,0,0
synthetic_combo_InfoDisc-SSRF_0,synthetic_combo,"[""SSRF"", ""InfoDisc""]",0,2,222.37289257576222,0.0,0.01518488191810612,227.5958363626824,4.519739075509946,0.0311044919117281,0.0,0.0,0.0,0.0640344485601808,0.026485526897481838,0.0006634717388888847,0.04203770662855334,0.18239378731550793,0.0,0.08003254045144836,0.12701721920417172,0.0038550321766042256,0.0,0.0,0.0,0.0,0.0,0.01596514425552153,0.16192085448655444,0.0,0.0,0.015367480817651467,0.0,0.0,0.0,0.0,0.0,0.0,0.0,0.0,0.0,0.0,0.0,0.0,0.0,0.004237141304319493,0.02322262181337374,0.0,8.174403613143538,2.9815573092878807,0.012870623428356195,0.9336080994896644,0.026571373374206904,1.0121812859959929,0.438715294854335,0.0,0.0,0.013098547888335362,0.003104425223238545,0.0,0.0,0.0,,,,,,,,,,,,,,,,,,,,,,,,,,,,,,,310.01936599657853,0.0,0.006839429217789715,0.0,0.02401321186615547,0.12801418638225304,1.1079008914211568,0,0,0,0,0,0,0,0,0,0,0,0,0,0,0,1,0,0,0,0,0,0,0,0,1,0,0,0,0,0
synthetic_combo_InfoDisc-SSRF_1,synthetic_combo,"[""SSRF"", ""InfoDisc""]",0,2,238.82744216269518,0.0,0.017328986581338326,936.2803390913427,4.460906346954925,0.13473518413796454,0.0,0.0,0.0,0.028695036943255092,0.01907922634743737,0.029141876705221503,0.022902413537602688,0.0,0.0,0.06326344425769867,0.0,0.03131862524916972,0.0,0.0,0.0,0.0,0.0,0.0105872585736424,0.1553056673730954,0.0,0.0,0.0,0.0,0.0,0.0,0.0,0.0,0.0,0.0,0.0,0.0,0.0,0.0,0.0,0.0,0.004546796895106387,0.026631469752459704,0.0,8.109477417552455,3.012321560509315,0.034994651796559535,1.036669085810095,0.0866233748722636,1.313320457362153,0.8416306358687546,0.0,0.0,0.00949885995367845,0.026290395331740657,0.0,0.0,0.0,,,,,,,,,,,,,,,,,,,,,,,,,,,,,,,302.3722542195793,0.0,0.0106321101580477,0.0,0.035582668101126175,0.10690582471896831,0.9958307880014486,0,0,0,0,0,0,0,0,0,0,0,0,0,0,0,1,0,0,0,0,0,0,0,0,1,0,0,0,0,0
synthetic_combo_InfoDisc-SSRF_2,synthetic_combo,"[""SSRF"", ""InfoDisc""]",0,2,221.82867230098412,0.0,0.01881660894176149,706.2627308117442,4.494743212412707,0.033426786457624,0.0,0.0,0.0,0.16339684347707273,0.02743811147858674,0.0041321537861481565,0.022311100881539057,0.141911454880271,0.0,0.08542666065285187,0.0690053282815718,0.009862016003994355,0.0,0.0,0.0,0.0,0.0,0.020050903031898718,0.1034809877848378,0.0,0.0,0.0,0.0,0.0,0.0,0.0,0.0,0.0,0.0,0.0,0.0,0.0,0.0,0.0,0.0,0.010183872675976442,0.02348814154739233,0.0,8.151165660022066,3.031192464827892,0.07035633761938012,0.8567203371036161,0.08761636704270565,1.2946184962481357,0.8025275674061749,0.0,0.0,0.012986751170173914,0.0,0.0,0.0,0.0,,,,,,,,,,,,,,,,,,,,,,,,,,,,,,,302.69002516852817,0.0,0.0,0.0,0.04157220558246365,0.11329707578278923,1.0095985377926615,0,0,0,0,0,0,0,0,0,0,0,0,0,0,0,1,0,0,0,0,0,0,0,0,1,0,0,0,0,0
synthetic_combo_InfoDisc-SSRF_3,synthetic_combo,"[""SSRF"", ""InfoDisc""]",0,2,233.61138515712122,0.0,0.012145758321148144,183.2200310725334,4.509524231845117,0.1237950254641018,0.0,0.0,0.0,0.07445490128042033,0.02517660125474878,0.013482888875800333,0.0,0.10082191096492085,0.0,0.0829207109925782,0.00940087166451719,0.006228272906041955,0.0,0.0,0.0,0.0,0.0,0.06513604625404963,0.2409410651718068,0.0,0.0,0.011247705436965787,0.0,0.0,0.0,0.0,0.0,0.0,0.0,0.0,0.0,0.0,0.0,0.0,0.0,0.016275090491773066,0.020011937884743175,0.0,8.193131136023576,2.9990543948512025,0.057826837362992566,0.9425192170147422,0.08502305421976984,1.7304737589554517,0.9529242668772471,0.0,0.0,0.0030402033463567124,0.003778105338694068,0.0,0.0,0.0,,,,,,,,,,,,,,,,,,,,,,,,,,,,,,,300.1808943125049,0.0,0.006306096748400017,0.0,0.03220363382097892,0.13666054785392823,1.6371397296525492,0,0,0,0,0,0,0,0,0,0,0,0,0,0,0,1,0,0,0,0,0,0,0,0,1,0,0,0,0,0
synthetic_combo_InfoDisc-SSRF_4,synthetic_combo,"[""SSRF"", ""InfoDisc""]",0,2,242.03501017031374,0.0,0.026334143456471237,504.2265547698531,4.554272265293903,0.09723989307541075,0.0,0.0,0.0,0.12012129726716704,0.027794128796580955,0.0002074434612215261,0.027748814850308355,0.11464919552303426,0.0,0.00204786053660503,0.08149399975419011,0.010297108376806764,0.0,0.0,0.0,0.0,0.0,0.05761745452938888,0.20761034900589648,0.0,0.0,0.00980977071828477,0.0,0.0,0.0,0.0,0.0,0.0,0.0,0.0,0.0,0.0,0.0,0.0,0.0,0.0,0.04046278678424845,0.0,8.153261136542092,3.0090516749449576,0.03347365395838627,0.909912539131975,0.04516402624040796,1.7789185248349753,0.5165869714724608,0.0,0.0,0.017640161649675537,0.02095935735384569,0.0,0.0,0.0,,,,,,,,,,,,,,,,,,,,,,,,,,,,,,,312.3873180744457,0.0,0.002866022109646363,0.0,0.04014297535043348,0.09774569077953302,0.9369550953189227,0,0,0,0,0,0,0,0,0,0,0,0,0,0,0,1,0,0,0,0,0,0,0,0,1,0,0,0,0,0
synthetic_combo_InfoDisc-SSRF_5,synthetic_combo,"[""SSRF"", ""InfoDisc""]",0,2,230.97714874102365,0.0,0.026487740659358383,846.9551018688644,4.48787250056988,0.09849481946920655,0.0,0.0,0.0,0.2080718261089764,0.0,0.009362164758976433,0.06134997813055379,0.0743934935192482,0.0,0.020942651219435234,0.10153366041261137,0.0006411405935451767,0.0,0.0,0.0,0.0,0.0,0.026614230652015958,0.19682449451828982,0.0,0.0,0.0,0.0,0.0,0.0,0.0,0.0,0.0,0.0,0.0,0.0,0.0,0.0,0.0,0.0,0.03523360180194138,0.008831384066669187,0.0,7.988663821553678,3.0155980459556053,0.022995060357111463,0.9689451251024686,0.044250867692558385,1.8160484333587625,0.677720341931993,0.0,0.0,0.01532206236414517,0.0,0.0,0.0,0.0,,,,,,,,,,,,,,,,,,,,,,,,,,,,,,,307.14610223378054,0.0,0.008397307062739843,0.0,0.03339514336558223,0.10696509225563529,0.4633179630438876,0,0,0,0,0,0,0,0,0,0,0,0,0,0,0,1,0,0,0,0,0,0,0,0,1,0,0,0,0,0
synthetic_combo_InfoDisc-SSRF_6,synthetic_combo,"[""SSRF"", ""InfoDisc""]",0,2,219.19968856250264,0.0,0.022052644995273332,346.23488622843144,4.4967171220985165,0.02614901298686309,0.0,0.0,0.0,0.1389910532718646,0.0673559584839439,0.009342745342748555,0.01615240953051734,0.14511429121285613,0.0,0.0,0.09053581989326215,0.008727668130003495,0.0,0.0,0.0,0.0,0.0,0.02453620360193795,0.16947218197064806,0.0,0.0,0.02113571267379119,0.0,0.0,0.0,0.0,0.0,0.0,0.0,0.0,0.0,0.0,0.0,0.0,0.0,0.015084657290428126,0.0005216079727101055,0.0,8.2105852712174,3.0098816316776906,0.0367865838794153,0.9530489770304872,0.013330645635594149,1.420612611626137,0.3358887257566761,0.0,0.0,0.0024756293977315057,0.006617847850530627,0.0,0.0,0.0,,,,,,,,,,,,,,,,,,,,,,,,,,,,,,,316.09182569596874,0.0,0.0038180547764388824,0.0,0.026389598575816846,0.09660004733068185,2.1903747513549283,0,0,0,0,0,0,0,0,0,0,0,0,0,0,0,1,0,0,0,0,0,0,0,0,1,0,0,0,0,0
synthetic_combo_InfoDisc-SSRF_7,synthetic_combo,"[""SSRF"", ""InfoDisc""]",0,2,227.6172537608901,0.0,0.013953196092695998,788.9780923382033,4.525925856408235,0.06449214105868836,0.0,0.0,0.0,0.23404990828257122,0.0409473580946003,0.012632843677781846,0.017020185195282568,0.09488921249655011,0.0,0.09215197992554362,0.029826848430922686,0.010797360337032406,0.0,0.0,0.0,0.0,0.0,0.029105702423716153,0.23826649828615823,0.0,0.0,0.02840435731745494,0.0,0.0,0.0,0.0,0.0,0.0,0.0,0.0,0.0,0.0,0.0,0.0,0.0,0.020421166923098817,0.006183363619805763,0.0,8.221699083675302,3.0109123959820363,0.07903882474289696,0.9150898014654354,0.025500971096866,0.9144486754296364,0.7222999699333228,0.0,0.0,0.008434061926168092,0.021089597663125265,0.0,0.0,0.0,,,,,,,,,,,,,,,,,,,,,,,,,,,,,,,312.6248088280079,0.0,0.018953115010237404,0.0,0.008173444301190387,0.08601277509241444,3.3219597922367985,0,0,0,0,0,0,0,0,0,0,0,0,0,0,0,1,0,0,0,0,0,0,0,0,1,0,0,0,0,0
synthetic_combo_CORS-InfoDisc_0,synthetic_combo,"[""CORS"", ""InfoDisc""]",0,2,229.8451436330676,0.0,0.024805178369354024,156.74814104724356,4.5018548527325395,0.17214303643765175,0.0,0.0,0.0,0.0,0.06151470900749967,0.0,0.02687268869309728,0.013914246378986278,0.0,0.060054483146892594,0.12136995048611643,0.038894864945721544,0.0,0.0,0.0,0.0,0.0,0.040468764719968554,0.2533652850886098,0.0,0.0,0.00404960583853539,0.0,0.0,0.0,0.0,0.0,0.0,0.0,0.0,0.0,0.0,0.0,0.0,0.0,0.010454657428700907,0.02214061581190578,0.0,8.207777237774044,3.00412520947866,0.010902379200995543,0.9500616708314494,0.06471374741578427,1.5515326519816663,0.5763963813973638,0.0,0.0,0.005442088920811881,0.015542321662272278,0.0,0.0,0.0,,,,,,,,,,,,,,,,,,,,,,,,,,,,,,,310.3884490783165,0.0,0.011718984169801322,0.0,0.01351748827924921,0.09655029161863662,2.1871070061567903,0,0,0,0,0,0,0,0,0,0,0,0,0,0,0,0,0,0,0,0,0,1,0,0,1,0,0,0,0,0
synthetic_combo_CORS-InfoDisc_1,synthetic_combo,"[""CORS"", ""InfoDisc""]",0,2,221.8645128572362,0.0,0.015316605077477934,529.1521628567184,4.535174131032393,0.07406666466395453,0.0,0.0,0.0,0.0763843675568134,0.042786457452738014,0.006559314368614401,0.0,0.13937425541674978,0.0,0.024324111742310844,0.0,0.008039620230220416,0.0,0.0,0.0,0.0,0.0,0.008664662238100009,0.13996199345081944,0.0,0.0,0.004548380286709933,0.0,0.0,0.0,0.0,0.0,0.0,0.0,0.0,0.0,0.0,0.0,0.0,0.0,0.0,0.018431286128631985,0.0,8.173262848670532,3.0307739743975644,0.030077974046304894,1.1708804055287898,0.0,2.1920136881990038,0.002356858922723082,0.0,0.0,0.022784175390885737,0.008659304972021296,0.0,0.0,0.0,,,,,,,,,,,,,,,,,,,,,,,,,,,,,,,298.7853957517479,0.0,0.0004293323693721259,0.0,0.017221057891893064,0.12054636698116625,1.2271191811780406,0,0,0,0,0,0,0,0,0,0,0,0,0,0,0,0,0,0,0,0,0,1,0,0,1,0,0,0,0,0
synthetic_combo_CORS-InfoDisc_2,synthetic_combo,"[""CORS"", ""InfoDisc""]",0,2,214.51094218113153,0.0,0.009299692935738851,746.3173458318838,4.519623320085355,0.0,0.0,0.0,0.0,0.13987623187578418,0.04049497074993691,0.006628567248718164,0.0058912770792980615,0.019445165474724538,0.0,0.06312441707056385,0.07809503708127677,0.0,0.0,0.0,0.0,0.0,0.0,0.008889727844954808,0.20371822016430913,0.0,0.0,0.024074417420043348,0.0,0.0,0.0,0.0,0.0,0.0,0.0,0.0,0.0,0.0,0.0,0.0,0.0,0.011702215755100179,0.026544198628575173,0.0,8.241289536284444,3.0193886213017955,0.026895164022183463,1.073337449732581,0.04951559096240498,1.8814874580712069,0.42372425275264447,0.0,0.0,0.01631807406068359,0.015536811703347071,0.0,0.0,0.0,,,,,,,,,,,,,,,,,,,,,,,,,,,,,,,271.347291491184,0.0,0.00556381038073056,0.0,0.04407528410191794,0.09067522748972597,3.3401605558889544,0,0,0,0,0,0,0,0,0,0,0,0,0,0,0,0,0,0,0,0,0,1,0,0,1,0,0,0,0,0
synthetic_combo_CORS-InfoDisc_3,synthetic_combo,"[""CORS"", ""InfoDisc""]",0,2,224.34765629989934,0.0,0.00900505690545137,347.0115465100089,4.515098165764871,0.13484629544685114,0.0,0.0,0.0,0.34195240293479845,0.05856744326822791,0.017598394940152792,0.017318585423094467,0.15085964508801938,0.0,0.08161018133533121,0.043542089051079966,0.0068909878025945155,0.0,0.0,0.0,0.0,0.0,0.039321542164776346,0.1803619362794374,0.0,0.0,0.0033849724202677615,0.0,0.0,0.0,0.0,0.0,0.0,0.0,0.0,0.0,0.0,0.0,0.0,0.0,0.037578287743109506,0.010304811393722307,0.0,8.121331446714619,3.0001389585387597,0.029651594897794117,0.8963333731965374,0.06403503183263286,1.6135288282513112,0.56208285680444,0.0,0.0,0.015330005709527326,0.016109408912175018,0.0,0.0,0.0,,,,,,,,,,,,,,,,,,,,,,,,,,,,,,,300.18152937743804,0.0,0.005107749067715636,0.0,0.03382314180584002,0.14331438436190097,1.1657307620694972,0,0,0,0,0,0,0,0,0,0,0,0,0,0,0,0,0,0,0,0,0,1,0,0,1,0,0,0,0,0
synthetic_combo_CORS-InfoDisc_4,synthetic_combo,"[""CORS"", ""InfoDisc""]",0,2,234.0607272453547,0.0,0.016765165587637753,758.9228183744269,4.516268715145532,0.02344079877065925,0.0,0.0,0.0,0.0,0.0360451041181401,0.010744711434449269,0.035314941009797166,0.059761760014215536,0.0,0.10898233724670026,0.11387503500235094,0.010720536862092317,0.0,0.0,0.0,0.0,0.0,0.05674028461893958,0.17462680598130173,0.0,0.0,0.0154240210706136,0.0,0.0,0.0,0.0,0.0,0.0,0.0,0.0,0.0,0.0,0.0,0.0,0.0,0.027784999174701366,0.0067409779624159555,0.0,8.095657854759793,3.0161952507346688,0.045334027861242104,0.9598100422450769,0.019967103045542754,1.6723453584518184,0.7879624229737981,0.0,0.0,0.012043913364999046,0.018666450888657735,0.0,0.0,0.0,,,,,,,,,,,,,,,,,,,,,,,,,,,,,,,315.9588467272826,0.0,0.00940217133127972,0.0,0.019378960556585712,0.14706457184343216,1.515234209497905,0,0,0,0,0,0,0,0,0,0,0,0,0,0,0,0,0,0,0,0,0,1,0,0,1,0,0,0,0,0
synthetic_combo_CORS-InfoDisc_5,synthetic_combo,"[""CORS"", ""InfoDisc""]",0,2,230.73236903882443,0.0,0.022206213546502693,381.6808109391086,4.520870584167917,0.0,0.0,0.0,0.0,0.13421821733316272,0.011694254353540564,0.0025046320105727195,0.016355770604882917,0.033531338484534594,0.0,0.0468736807509721,0.09606133933850122,0.014290282908467575,0.0,0.0,0.0,0.0,0.0,0.03073025455770243,0.2109147228859537,0.0,0.0,0.004627497545636329,0.0,0.0,0.0,0.0,0.0,0.0,0.0,0.0,0.0,0.0,0.0,0.0,0.0,0.010123888671100381,0.029680549897757376,0.0,8.047372291269113,3.0061904636204853,0.012034366491981136,1.0402132672381723,0.01354858179968638,2.0017391552079715,0.8283106927113681,0.0,0.0,0.026824161558876035,0.010658674137280793,0.0,0.0,0.0,,,,,,,,,,,,,,,,,,,,,,,,,,,,,,,289.21236900484774,0.0,0.007834685869747086,0.0,0.03582793983127278,0.1569467295736699,1.0085576236538805,0,0,0,0,0,0,0,0,0,0,0,0,0,0,0,0,0,0,0,0,0,1,0,0,1,0,0,0,0,0
synthetic_combo_CORS-InfoDisc_6,synthetic_combo,"[""CORS"", ""InfoDisc""]",0,2,225.70608600048365,0.0,0.028315857201469615,468.51556752766504,4.579259010479532,0.09651714221790875,0.0,0.0,0.0,0.0,0.015265860896517023,0.011031389850180045,0.033003362558501954,0.13339822698933276,0.0,0.07669691275411253,0.050872673455220244,0.020616761232141772,0.0,0.0,0.0,0.0,0.0,0.034188640473975775,0.22942209454552048,0.0,0.0,0.011894292303279434,0.0,0.0,0.0,0.0,0.0,0.0,0.0,0.0,0.0,0.0,0.0,0.0,0.0,0.006880959068291538,0.009802794398879662,0.0,8.30794479164116,3.0231338078187986,0.02953938428162673,0.8764190156294451,0.0,1.3865650206628237,0.8996337876068528,0.0,0.0,0.013964393208883971,0.051458600871237804,0.0,0.0,0.0,,,,,,,,,,,,,,,,,,,,,,,,,,,,,,,290.7225897657907,0.0,0.008476602970783176,0.0,0.033417923592263074,0.11353890543564701,1.8296918189644253,0,0,0,0,0,0,0,0,0,0,0,0,0,0,0,0,0,0,0,0,0,1,0,0,1,0,0,0,0,0
synthetic_combo_CORS-InfoDisc_7,synthetic_combo,"[""CORS"", ""InfoDisc""]",0,2,224.01293012736932,0.0,0.025935587227570334,787.4055243747499,4.519427160027186,0.11835958053711954,0.0,0.0,0.0,0.06803098267563845,0.00882182380739355,0.012440289442807445,0.028287523547361602,0.036526673290136175,0.0,0.09223098306356448,0.09800683333289534,0.03756300635101657,0.0,0.0,0.0,0.0,0.0,0.05422598912281193,0.15832070091256253,0.0,0.0,0.021103092325809293,0.0,0.0,0.0,0.0,0.0,0.0,0.0,0.0,0.0,0.0,0.0,0.0,0.0,0.015833684702841494,0.010080872188143028,0.0,8.106501176849608,3.0147805825499727,0.030641253644388838,0.9087223470435464,0.0272902964492776,2.1432810284428387,0.6870312735028427,0.0,0.0,0.0,0.009911298395665166,0.0,0.0,0.0,,,,,,,,,,,,,,,,,,,,,,,,,,,,,,,313.8068719295714,0.0,0.0,0.0,0.021914134692273463,0.0937058911764296,1.6552470549173235,0,0,0,0,0,0,0,0,0,0,0,0,0,0,0,0,0,0,0,0,0,1,0,0,1,0,0,0,0,0
synthetic_combo_InsecDeser-InsecUpload_0,synthetic_combo,"[""InsecUpload"", ""InsecDeser""]",0,2,230.83451399925465,0.0,0.022416854649019022,488.1808379805631,4.488566200884242,0.0,0.0,0.0,0.0,0.20667601220048096,0.0010738156280623336,0.0,0.0,0.031767014219717074,0.0,0.06992886005488572,0.061229605169668494,0.012072098581854544,0.0,0.0,0.0,0.0,0.0,0.03407619606792789,0.1321955164833647,0.0,0.0,0.019066633856476733,0.0,0.0,0.0,0.0,0.0,0.0,0.0,0.0,0.0,0.0,0.0,0.0,0.0,0.022066355083337555,0.0036510662011959936,0.0,8.221401722515665,3.022956232422211,0.03747741813667768,1.026213404313357,0.055452565021849726,1.747508352538769,1.0635201704280517,0.0,0.0,0.0,0.038371956404101314,0.0,0.0,0.0,,,,,,,,,,,,,,,,,,,,,,,,,,,,,,,302.4079283823959,0.0,0.0013386347507853419,0.0,0.04471387908560805,0.11996341239066662,1.0307367756388766,0,0,1,1,0,0,0,0,0,0,0,0,0,0,0,0,0,0,0,0,0,0,0,0,0,0,0,0,0,0
synthetic_combo_InsecDeser-InsecUpload_1,synthetic_combo,"[""InsecUpload"", ""InsecDeser""]",0,2,224.5401527182648,0.0,0.026541991416079866,422.61784940629934,4.508769554052323,0.059994546328956136,0.0,0.0,0.0,0.10674102871894589,0.014270244551879576,0.020826727799352733,0.004997955337644262,0.0,0.0,0.08481764770484448,0.1361630756005523,0.03644704875762205,0.0,0.0,0.0,0.0,0.0,0.029573979637012374,0.23646230236124843,0.0,0.0,0.025113992502320298,0.0,0.0,0.0,0.0,0.0,0.0,0.0,0.0,0.0,0.0,0.0,0.0,0.0,0.01115191889513419,0.005403372427921833,0.0,8.214074861686136,3.008627993356205,0.01725330862188912,0.9115735628922909,0.026614492135468383,1.977912507953036,0.727447891203493,0.0,0.0,0.015377837324219809,0.0,0.0,0.0,0.0,,,,,,,,,,,,,,,,,,,,,,,,,,,,,,,318.3919778932368,0.0,0.0,0.0,0.007955796122119229,0.1122392722541311,0.34447804699853823,0,0,1,1,0,0,0,0,0,0,0,0,0,0,0,0,0,0,0,0,0,0,0,0,0,0,0,0,0,0
synthetic_combo_InsecDeser-InsecUpload_2,synthetic_combo,"[""InsecUpload"", ""InsecDeser""]",0,2,245.79773715718505,0.0,0.02098607203993388,472.6643234049701,4.470702340818703,0.13119609961628192,0.0,0.0,0.0,0.03259771556483229,0.0,0.009956161162810773,0.032254850380859526,0.1653773953454043,0.0,0.09249110521048942,0.07194601890966917,0.016965664761800312,0.0,0.0,0.0,0.0,0.0,0.05448024553643456,0.16453093958935788,0.0,0.0,0.0,0.0,0.0,0.0,0.0,0.0,0.0,0.0,0.0,0.0,0.0,0.0,0.0,0.0,0.018503073457631056,0.016381142806012796,0.0,8.102128829820934,3.0241469790367157,0.03333397286009,0.9457458051949484,0.021273066125888695,0.9958088581240214,0.341414508360823,0.0,0.0,0.005308459223998103,0.010327326368146447,0.0,0.0,0.0,,,,,,,,,,,,,,,,,,,,,,,,,,,,,,,306.4278685187937,0.0,0.011570791855531812,0.0,0.02579837742742402,0.07568733793063419,2.807338871628999,0,0,1,1,0,0,0,0,0,0,0,0,0,0,0,0,0,0,0,0,0,0,0,0,0,0,0,0,0,0
synthetic_combo_InsecDeser-InsecUpload_3,synthetic_combo,"[""InsecUpload"", ""InsecDeser""]",0,2,244.1346902425687,0.0,0.02175725319017882,489.8705824426538,4.525428764340388,0.0755756051148521,0.0,0.0,0.0,0.10521231560224087,0.035382758676122006,0.024731979976922162,0.05634357675378228,0.09764653983349397,0.0,0.057718735228491067,0.13461430799125526,0.024850384281536554,0.0,0.0,0.0,0.0,0.0,0.004438253378985513,0.2909729395346472,0.0,0.0,0.010979836058714542,0.0,0.0,0.0,0.0,0.0,0.0,0.0,0.0,0.0,0.0,0.0,0.0,0.0,0.010428418128965933,0.02994839789652253,0.0,8.182678143128076,3.0160863056104708,0.0468207207927198,0.9537708873819999,0.00763876224521718,1.883716930355817,0.6833458662174832,0.0,0.0,0.00876844585285015,0.03302761025979528,0.0,0.0,0.0,,,,,,,,,,,,,,,,,,,,,,,,,,,,,,,296.7550717635002,0.0,0.0033839573307304117,0.0,0.011912642368921852,0.1251569526540715,1.5557526547851515,0,0,1,1,0,0,0,0,0,0,0,0,0,0,0,0,0,0,0,0,0,0,0,0,0,0,0,0,0,0
synthetic_combo_InsecDeser-InsecUpload_4,synthetic_combo,"[""InsecUpload"", ""InsecDeser""]",0,2,222.67436065683995,0.0,0.019099071828289682,906.6075121664044,4.519518201672014,0.12495791632319035,0.0,0.0,0.0,0.2887504964026346,0.04083132998270513,0.0020224902868165723,0.03864746890819745,0.03594228817252147,0.0,0.1195688667707425,0.07633630922255252,0.0,0.0,0.0,0.0,0.0,0.0,0.04082204013399344,0.06025377824686465,0.0,0.0,0.0,0.0,0.0,0.0,0.0,0.0,0.0,0.0,0.0,0.0,0.0,0.0,0.0,0.0,0.01409710595253431,0.0019016010532241518,0.0,8.11198189126358,3.0213584491271157,0.028883897923174803,1.0056300339231086,0.07356594490795167,1.974725067929803,0.8137825979522564,0.0,0.0,0.006094214741029208,0.007242360441845628,0.0,0.0,0.0,,,,,,,,,,,,,,,,,,,,,,,,,,,,,,,285.021476877563,0.0,0.007532531988467977,0.0,0.02179377359906615,0.08015496530295724,1.907696928194448,0,0,1,1,0,0,0,0,0,0,0,0,0,0,0,0,0,0,0,0,0,0,0,0,0,0,0,0,0,0
synthetic_combo_InsecDeser-InsecUpload_5,synthetic_combo,"[""InsecUpload"", ""InsecDeser""]",0,2,231.342530019151,0.0,0.013545654501568805,350.7747313227193,4.546369100706066,0.0427630726172652,0.0,0.0,0.0,0.07314802605275653,0.013068378152010538,0.0197187631468176,0.032882752172723934,0.07416817683483976,0.0,0.0651008782438398,0.0,0.009247754221875425,0.0,0.0,0.0,0.0,0.0,0.06473736807646217,0.21973570152596805,0.0,0.0,0.020506749170816296,0.0,0.0,0.0,0.0,0.0,0.0,0.0,0.0,0.0,0.0,0.0,0.0,0.0,0.012364335890203994,0.0038219675967196137,0.0,8.211777619793109,3.0077437385358845,0.03193587403932381,0.997514407618708,0.05244671060985543,1.6367398227844205,0.4464921163084049,0.0,0.0,0.009414971213148418,0.024699350243599143,0.0,0.0,0.0,,,,,,,,,,,,,,,,,,,,,,,,,,,,,,,288.35572587376066,0.0,0.009599723830145684,0.0,0.03439356783508723,0.15313039112033275,0.06832548484737555,0,0,1,1,0,0,0,0,0,0,0,0,0,0,0,0,0,0,0,0,0,0,0,0,0,0,0,0,0,0
synthetic_combo_InsecDeser-InsecUpload_6,synthetic_combo,"[""InsecUpload"", ""InsecDeser""]",0,2,218.26340294619555,0.0,0.019974317211805866,168.07647235393353,4.56920581964188,0.06411048179762509,0.0,0.0,0.0,0.036949204136987795,0.026225291694510326,0.026744297307162882,0.039858292300608354,0.12457140159387711,0.0,0.010175270499775346,0.025199461577979483,0.018779605325631523,0.0,0.0,0.0,0.0,0.0,0.041263997482474724,0.2313898201760781,0.0,0.0,0.021472987509902036,0.0,0.0,0.0,0.0,0.0,0.0,0.0,0.0,0.0,0.0,0.0,0.0,0.0,0.0,0.003278457836527115,0.0,8.278003270977596,3.009360870878468,0.022723159829398175,1.1203338757820016,0.032269812815031086,1.05754859626798,0.7362447929518684,0.0,0.0,0.023930269897812124,0.008374379903751093,0.0,0.0,0.0,,,,,,,,,,,,,,,,,,,,,,,,,,,,,,,294.0318535492181,0.0,0.012387214687746135,0.0,0.027462615201709326,0.07925059777825161,2.135978607245092,0,0,1,1,0,0,0,0,0,0,0,0,0,0,0,0,0,0,0,0,0,0,0,0,0,0,0,0,0,0
synthetic_combo_InsecDeser-InsecUpload_7,synthetic_combo,"[""InsecUpload"", ""InsecDeser""]",0,2,224.9084080280576,0.0,0.02908786834548551,562.526905084211,4.570281019965562,0.11169865702949902,0.0,0.0,0.0,0.2540254794509317,0.032933680714900916,0.017203383777325304,0.016027152794421216,0.05200539360827678,0.0,0.03265053067949084,0.07036276487922659,0.021282769932836343,0.0,0.0,0.0,0.0,0.0,0.01898959766927567,0.15923103314007372,0.0,0.0,0.012928888527103598,0.0,0.0,0.0,0.0,0.0,0.0,0.0,0.0,0.0,0.0,0.0,0.0,0.0,0.033132657095528664,0.01707656371385857,0.0,8.179448530815,3.0084596266653985,0.03290975856274163,0.9632365558101508,0.009882711499115841,1.655657440640961,0.20342100163917248,0.0,0.0,0.0,0.00801630696561152,0.0,0.0,0.0,,,,,,,,,,,,,,,,,,,,,,,,,,,,,,,294.9900765699991,0.0,0.009555379887336027,0.0,0.023011606937476226,0.14001693230243123,1.5995521064532865,0,0,1,1,0,0,0,0,0,0,0,0,0,0,0,0,0,0,0,0,0,0,0,0,0,0,0,0,0,0
synthetic_combo_BrokenAuth-NoSQLi_0,synthetic_combo,"[""NoSQLi"", ""BrokenAuth""]",0,2,229.83908256123647,0.0,0.017138618406169454,933.7745673568176,4.492249665360477,0.07820801603409658,0.0,0.0,0.0,0.035200100377745625,0.03241392257579298,0.0030055393089745072,0.010007515187526819,0.0,0.0,0.04279712776817814,0.004256202285299791,0.006935272890233595,0.0,0.0,0.0,0.0,0.0,0.03391363414729568,0.1855476574016731,0.0,0.0,0.02312602740066039,0.0,0.0,0.0,0.0,0.0,0.0,0.0,0.0,0.0,0.0,0.0,0.0,0.0,0.026365676053581817,0.017805204282051262,0.0,7.951810924588482,3.0215860347723926,0.03226299136046179,1.0141351850329672,0.001616524638054083,1.8960417544462804,0.7864080226310812,0.0,0.0,0.020213063631999005,0.01345098405040802,0.0,0.0,0.0,,,,,,,,,,,,,,,,,,,,,,,,,,,,,,,326.85787540278073,0.0,0.008589431086387619,0.0,0.042940689871931025,0.1080755372183681,1.5011640913214719,0,0,0,0,0,0,1,0,0,0,1,0,0,0,0,0,0,0,0,0,0,0,0,0,0,0,0,0,0,0
synthetic_combo_BrokenAuth-NoSQLi_1,synthetic_combo,"[""NoSQLi"", ""BrokenAuth""]",0,2,229.8701241578064,0.0,0.023178553368753428,36.598917869595596,4.4945366012776145,0.0,0.0,0.0,0.0,0.10573610990730312,0.046485773122759866,0.0026248983419375517,0.01530379425778602,0.09042939364821304,0.0,0.05066759247001264,0.00862908572444733,0.019986784847444383,0.0,0.0,0.0,0.0,0.0,0.01516617125383007,0.1987315808548742,0.0,0.0,0.022997682479252192,0.0,0.0,0.0,0.0,0.0,0.0,0.0,0.0,0.0,0.0,0.0,0.0,0.0,0.014170930763782681,0.009035533827357146,0.0,8.24918728154516,3.002440605100709,0.004463776494332272,0.9639243502368157,0.0,1.429631060221268,0.3404363494310948,0.0,0.0,0.00902652938511819,0.02139173452855992,0.0,0.0,0.0,,,,,,,,,,,,,,,,,,,,,,,,,,,,,,,319.96226467720857,0.0,0.010359178995121515,0.0,0.016135856905502427,0.12565788451706558,0.6851066339241458,0,0,0,0,0,0,1,0,0,0,1,0,0,0,0,0,0,0,0,0,0,0,0,0,0,0,0,0,0,0
synthetic_combo_BrokenAuth-NoSQLi_2,synthetic_combo,"[""NoSQLi"", ""BrokenAuth""]",0,2,226.66142730619245,0.0,0.02547693423861719,587.236642244605,4.538471856028285,0.02883941288461969,0.0,0.0,0.0,0.15974296765714824,0.04116655485813105,0.022053487069867924,0.0,0.032352598970845546,0.0,0.05859335126567485,0.12143685137011453,0.013470686587061697,0.0,0.0,0.0,0.0,0.0,0.06311191866586562,0.14795683189136458,0.0,0.0,0.008069232415505528,0.0,0.0,0.0,0.0,0.0,0.0,0.0,0.0,0.0,0.0,0.0,0.0,0.0,0.02012240764460415,0.013242849642605456,0.0,8.199981355510651,3.0279200546876024,0.02433112939412564,0.9689504379111725,0.0,1.1630197487692762,0.6814978952322611,0.0,0.0,0.0,0.008540790494648606,0.0,0.0,0.0,,,,,,,,,,,,,,,,,,,,,,,,,,,,,,,299.6858732699,0.0,0.004225691383510817,0.0,0.022665424223041172,0.12328708324515246,0.3774002851087115,0,0,0,0,0,0,1,0,0,0,1,0,0,0,0,0,0,0,0,0,0,0,0,0,0,0,0,0,0,0
synthetic_combo_BrokenAuth-NoSQLi_3,synthetic_combo,"[""NoSQLi"", ""BrokenAuth""]",0,2,237.90604496040297,0.0,0.025278326072068535,361.28648036381514,4.487302765172739,0.0643774844997414,0.0,0.0,0.0,0.12544128854332937,0.022374402365923505,0.0,0.03335219772459082,0.045655161309569106,0.0,0.042730937519338597,0.13936270147380053,0.00034143428001501795,0.0,0.0,0.0,0.0,0.0,0.05951184837463094,0.18607831542839642,0.0,0.0,0.01731718481244018,0.0,0.0,0.0,0.0,0.0,0.0,0.0,0.0,0.0,0.0,0.0,0.0,0.0,0.00800158821808938,0.012148663625442301,0.0,8.160439478302191,3.0166256662288435,0.0,0.8869410312466123,0.07492403813164826,1.4378255007701952,0.22647281547443432,0.0,0.0,0.028713295354688327,0.012678233376278731,0.0,0.0,0.0,,,,,,,,,,,,,,,,,,,,,,,,,,,,,,,287.17432339537777,0.0,0.01914300266552397,0.0,0.03961951127279538,0.14487460134247598,1.609564226037092,0,0,0,0,0,0,1,0,0,0,1,0,0,0,0,0,0,0,0,0,0,0,0,0,0,0,0,0,0,0
synthetic_combo_BrokenAuth-NoSQLi_4,synthetic_combo,"[""NoSQLi"", ""BrokenAuth""]",0,2,236.45561571869823,0.0,0.025899363595586533,121.5818589985858,4.535742879682994,0.05983440765460118,0.0,0.0,0.0,0.1545071270457293,0.04561952495110598,0.016151516893688107,0.05310626675950728,0.12436077176028537,0.0,0.11428822402137478,0.08243729049830047,0.012230077875969653,0.0,0.0,0.0,0.0,0.0,0.0253899607473937,0.11607520437818108,0.0,0.0,0.00028176802821939205,0.0,0.0,0.0,0.0,0.0,0.0,0.0,0.0,0.0,0.0,0.0,0.0,0.0,0.017743298902073643,0.0,0.0,8.215024946211418,3.0337148439347525,0.04892334823382606,1.1273011162077822,0.015379429698392014,1.8483150481431747,0.1437967405102562,0.0,0.0,0.009630371942535972,0.011045883150444174,0.0,0.0,0.0,,,,,,,,,,,,,,,,,,,,,,,,,,,,,,,332.1384375410759,0.0,0.007179645441444748,0.0,0.03197590907373278,0.11129196511880059,2.2822402461606526,0,0,0,0,0,0,1,0,0,0,1,0,0,0,0,0,0,0,0,0,0,0,0,0,0,0,0,0,0,0
synthetic_combo_BrokenAuth-NoSQLi_5,synthetic_combo,"[""NoSQLi"", ""BrokenAuth""]",0,2,220.38271358811565,0.0,0.01864829538087353,484.3558261509188,4.515370504889179,0.0,0.0,0.0,0.0,0.19910505395064199,0.049973396742431356,0.011983436016710631,0.046821190441299634,0.0659530661006443,0.0,0.15242746096537887,0.09097989543639798,0.010114767628968674,0.0,0.0,0.0,0.0,0.0,0.0032109245013710666,0.16853185068553483,0.0,0.0,0.023999935947780025,0.0,0.0,0.0,0.0,0.0,0.0,0.0,0.0,0.0,0.0,0.0,0.0,0.0,0.02477647483536624,0.00933503810107413,0.0,8.231923076223026,3.0206293313319876,0.06128233205395142,1.0839275417318495,0.0807879128638841,1.7453938102937683,0.4149231370117268,0.0,0.0,0.023440729648618742,0.011458713551496948,0.0,0.0,0.0,,,,,,,,,,,,,,,,,,,,,,,,,,,,,,,292.62562813294153,0.0,0.008818762643495254,0.0,0.020172967748031664,0.1334265851789356,2.4321082088427746,0,0,0,0,0,0,1,0,0,0,1,0,0,0,0,0,0,0,0,0,0,0,0,0,0,0,0,0,0,0
synthetic_combo_BrokenAuth-NoSQLi_6,synthetic_combo,"[""NoSQLi"", ""BrokenAuth""]",0,2,236.5212724554481,0.0,0.022242614866483573,340.87933337532553,4.553814196326853,0.06912141509728145,0.0,0.0,0.0,0.0,0.0,0.016745358228562244,0.0,0.02315120410775076,0.0,0.03727985269442757,0.003203903471057458,0.006300935408223141,0.0,0.0,0.0,0.0,0.0,0.047176500154330114,0.21221439096526423,0.0,0.0,0.01107882946142699,0.0,0.0,0.0,0.0,0.0,0.0,0.0,0.0,0.0,0.0,0.0,0.0,0.0,0.007811207118294824,0.008821338560177788,0.0,8.172764180451887,3.0144791457891973,0.027010368440371878,0.894731105673016,0.04794819855031173,1.320796620729935,0.4741948719601192,0.0,0.0,0.014103009970290573,0.008664018113130618,0.0,0.0,0.0,,,,,,,,,,,,,,,,,,,,,,,,,,,,,,,316.0864506669053,0.0,0.0054268618936566225,0.0,0.02628547841940683,0.15055812155246198,2.0711965594311765,0,0,0,0,0,0,1,0,0,0,1,0,0,0,0,0,0,0,0,0,0,0,0,0,0,0,0,0,0,0
synthetic_combo_BrokenAuth-NoSQLi_7,synthetic_combo,"[""NoSQLi"", ""BrokenAuth""]",0,2,235.16461114223563,0.0,0.027535867970079647,1007.5533182191258,4.468099875451715,0.05357850446402959,0.0,0.0,0.0,0.05614815238632842,0.04911888436393217,0.0024282013956511937,0.012028774219032682,0.0903409653889013,0.0,0.028806367700342634,0.0888671923730441,0.021936436056123682,0.0,0.0,0.0,0.0,0.0,0.03902310773091569,0.16451450080342772,0.0,0.0,0.005407286841891214,0.0,0.0,0.0,0.0,0.0,0.0,0.0,0.0,0.0,0.0,0.0,0.0,0.0,0.009862764859368035,0.028109859696213026,0.0,8.202030816284445,3.0249495260770467,0.04674515091957224,0.8946856084912497,0.05749333157653094,1.569575804439851,0.42230284541301166,0.0,0.0,0.011797687293472903,0.026846597427309063,0.0,0.0,0.0,,,,,,,,,,,,,,,,,,,,,,,,,,,,,,,278.2395799679192,0.0,0.005735504515020521,0.0,0.045978059813824385,0.1366408265203787,1.5255617014489964,0,0,0,0,0,0,1,0,0,0,1,0,0,0,0,0,0,0,0,0,0,0,0,0,0,0,0,0,0,0
synthetic_combo_SSRF-XXE_0,synthetic_combo,"[""XXE"", ""SSRF""]",0,2,234.14042880905427,0.0,0.019728902191203237,717.0701120728778,4.491549940901658,0.06991874794025678,0.0,0.0,0.0,0.08538302921412179,0.027619730439109768,0.005325765895995821,0.03195496294027063,0.00307538907615805,0.0,0.07514623955448346,0.009134915366855595,0.030807285070269017,0.0,0.0,0.0,0.0,0.0,0.05654187239148288,0.24516197674844162,0.0,0.0,0.018312270453953196,0.0,0.0,0.0,0.0,0.0,0.0,0.0,0.0,0.0,0.0,0.0,0.0,0.0,0.006875381661344187,0.004159128542955378,0.0,8.1666735063551,3.016703432447347,0.024520858610854002,1.0794409016490045,0.07794284424716737,2.015485164447691,0.8824431195988673,0.0,0.0,0.0019041174923219422,0.01727529865598314,0.0,0.0,0.0,,,,,,,,,,,,,,,,,,,,,,,,,,,,,,,319.77600979077596,0.0,0.004181779913410722,0.0,0.01975001421258657,0.10467903131211885,1.2043918702004048,0,0,0,0,0,0,0,0,0,1,0,0,0,0,0,1,0,0,0,0,0,0,0,0,0,0,0,0,0,0
synthetic_combo_SSRF-XXE_1,synthetic_combo,"[""XXE"", ""SSRF""]",0,2,229.50353077168296,0.0,0.006135954428190517,552.4167522281301,4.575056920978164,0.04783938404963587,0.0,0.0,0.0,0.06879073386753363,0.042327207523064084,0.007714140950748923,0.03231107103703049,0.15435256480584855,0.0,0.034410008172326534,0.07514543228237024,0.0,0.0,0.0,0.0,0.0,0.0,0.046287025007956055,0.15039468064159675,0.0,0.0,0.008763601285128098,0.0,0.0,0.0,0.0,0.0,0.0,0.0,0.0,0.0,0.0,0.0,0.0,0.0,0.015571353705615265,0.041572616210248034,0.0,8.199482204884808,3.0065971291966243,0.02924314309455048,0.812658510230249,0.010298390167554052,2.309439625803935,0.8436989344830379,0.0,0.0,0.0,0.012077805162318154,0.0,0.0,0.0,,,,,,,,,,,,,,,,,,,,,,,,,,,,,,,344.77062461454193,0.0,0.007021637311460051,0.0,0.019218711139152935,0.11812733159466597,0.0,0,0,0,0,0,0,0,0,0,1,0,0,0,0,0,1,0,0,0,0,0,0,0,0,0,0,0,0,0,0
synthetic_combo_SSRF-XXE_2,synthetic_combo,"[""XXE"", ""SSRF""]",0,2,223.2254397479605,0.0,0.029336268555217558,632.1301564099009,4.502756123319484,0.0,0.0,0.0,0.0,0.2069671547033527,0.005129157978193379,0.005285375621768701,0.018230537240583107,0.23194202223258842,0.0,0.0742538357165831,0.08942789703315157,0.015961164727037208,0.0,0.0,0.0,0.0,0.0,0.05907109671050198,0.17818370576571468,0.0,0.0,0.0318131831933554,0.0,0.0,0.0,0.0,0.0,0.0,0.0,0.0,0.0,0.0,0.0,0.0,0.0,0.01719529891307959,0.028284323314539436,0.0,8.090548925012053,3.031487530480213,0.024333257572500232,0.8435712883687121,0.025393725702805264,1.7821421545142742,0.07867699849596921,0.0,0.0,0.010911982840433106,0.025317294061200528,0.0,0.0,0.0,,,,,,,,,,,,,,,,,,,,,,,,,,,,,,,316.91622568122574,0.0,0.017047905047731075,0.0,0.032860936693601135,0.1321346431409931,0.29302617753886695,0,0,0,0,0,0,0,0,0,1,0,0,0,0,0,1,0,0,0,0,0,0,0,0,0,0,0,0,0,0
synthetic_combo_SSRF-XXE_3,synthetic_combo,"[""XXE"", ""SSRF""]",0,2,226.46915559171848,0.0,0.021049270911250542,417.591727951766,4.590364035084056,0.11338535063389689,0.0,0.0,0.0,0.0,0.03375027715436577,0.01570934294816527,0.0,0.1228263598567623,0.0,0.002093993243611654,0.06420742086794282,0.019902435639698145,0.0,0.0,0.0,0.0,0.0,0.04663815497477888,0.11637048662137629,0.0,0.0,0.0260423436380346,0.0,0.0,0.0,0.0,0.0,0.0,0.0,0.0,0.0,0.0,0.0,0.0,0.0,0.02287299623443424,0.026947688958995346,0.0,8.16038954834644,3.017180288935029,0.0,0.7789818119793639,0.11454250522797588,2.120701272314431,0.5386521337559645,0.0,0.0,0.016376680979800155,0.021723030684203448,0.0,0.0,0.0,,,,,,,,,,,,,,,,,,,,,,,,,,,,,,,323.2007270606147,0.0,0.012475993128782066,0.0,0.029042829819164392,0.17791994511859865,1.5472083421285514,0,0,0,0,0,0,0,0,0,1,0,0,0,0,0,1,0,0,0,0,0,0,0,0,0,0,0,0,0,0
synthetic_combo_SSRF-XXE_4,synthetic_combo,"[""XXE"", ""SSRF""]",0,2,235.6215706723569,0.0,0.016159166848161474,794.3370552047684,4.498158220193945,0.10645809166317621,0.0,0.0,0.0,0.2710586483954491,0.0025819127868469023,0.007554180152816232,0.006891314314740583,0.06806570606798662,0.0,0.04518468326053887,0.17048853547051615,0.007366263857617905,0.0,0.0,0.0,0.0,0.0,0.020483305362998937,0.2384833699031802,0.0,0.0,0.020164802381625484,0.0,0.0,0.0,0.0,0.0,0.0,0.0,0.0,0.0,0.0,0.0,0.0,0.0,0.00010816961517594141,0.007578248699000569,0.0,7.977254458753595,3.0135168647642208,0.004745835540084946,0.9254832740121751,0.0415671539844786,1.4429115312332632,0.667021729579427,0.0,0.0,0.005071769828459699,0.02110793939497821,0.0,0.0,0.0,,,,,,,,,,,,,,,,,,,,,,,,,,,,,,,298.61304427034764,0.0,0.002120302526068249,0.0,0.018984177725772808,0.12399912739032914,1.010907489135216,0,0,0,0,0,0,0,0,0,1,0,0,0,0,0,1,0,0,0,0,0,0,0,0,0,0,0,0,0,0
synthetic_combo_SSRF-XXE_5,synthetic_combo,"[""XXE"", ""SSRF""]",0,2,227.34878495860778,0.0,0.017536503386489353,463.0274366712207,4.6021991864262475,0.07865074137813322,0.0,0.0,0.0,0.06616962366078001,0.032116852199952,0.024025709636280267,0.028412976576904853,0.06976317933814813,0.0,0.04016749941011908,0.0,0.010486224873038583,0.0,0.0,0.0,0.0,0.0,0.025487722947390327,0.13057514045204746,0.0,0.0,0.01914137431701279,0.0,0.0,0.0,0.0,0.0,0.0,0.0,0.0,0.0,0.0,0.0,0.0,0.0,0.025117417876195793,0.01408649443023156,0.0,7.949413921903462,3.025395035471087,0.029058687608068887,0.8797094332684501,0.07041958201909289,1.9458570675318219,0.8608945440962522,0.0,0.0,0.008264744498870075,0.0034898871943080424,0.0,0.0,0.0,,,,,,,,,,,,,,,,,,,,,,,,,,,,,,,308.028149142664,0.0,0.00787059181628186,0.0,0.0231464231124366,0.10880432116897315,1.9735630136896987,0,0,0,0,0,0,0,0,0,1,0,0,0,0,0,1,0,0,0,0,0,0,0,0,0,0,0,0,0,0
synthetic_combo_SSRF-XXE_6,synthetic_combo,"[""XXE"", ""SSRF""]",0,2,222.54501726644023,0.0,0.020349112089696437,370.8981571433942,4.469912396335293,0.090310355296503,0.0,0.0,0.0,0.06246303577587585,0.019787353446727256,0.0019134181492238209,0.009487420641848512,0.1527820934779735,0.0,0.05861687385938257,0.07908065650921837,0.03400068898184721,0.0,0.0,0.0,0.0,0.0,0.027071136243499074,0.25095187492270865,0.0,0.0,0.0,0.0,0.0,0.0,0.0,0.0,0.0,0.0,0.0,0.0,0.0,0.0,0.0,0.0,0.02038526471032328,0.007911597660049133,0.0,8.236561224684547,3.0288441557677883,0.02062803315074068,0.8801949025669157,0.027584381252788517,2.2126612927331415,0.9167153467529636,0.0,0.0,0.010600335353771778,0.015620511891500379,0.0,0.0,0.0,,,,,,,,,,,,,,,,,,,,,,,,,,,,,,,316.3432623567591,0.0,0.0,0.0,0.03472042985226886,0.09171559271382276,2.4788331017863747,0,0,0,0,0,0,0,0,0,1,0,0,0,0,0,1,0,0,0,0,0,0,0,0,0,0,0,0,0,0
synthetic_combo_SSRF-XXE_7,synthetic_combo,"[""XXE"", ""SSRF""]",0,2,241.95134609323307,0.0,0.02153804139039248,581.0020774002877,4.524847860363479,0.07078038394421125,0.0,0.0,0.0,0.07523686054872046,0.038471678969280984,0.013591140865994684,0.015208135102289966,0.017365403061189263,0.0,0.05766437760760061,0.018530653032805086,0.00970409723664934,0.0,0.0,0.0,0.0,0.0,0.052383854213474926,0.13770357203660985,0.0,0.0,0.019343156027016726,0.0,0.0,0.0,0.0,0.0,0.0,0.0,0.0,0.0,0.0,0.0,0.0,0.0,0.0021022590321785606,0.012624989310677844,0.0,8.141419438079247,3.012120189661308,0.02971883171624733,0.8431350763777832,0.06936617966026883,2.1191244406287484,0.6157522132350569,0.0,0.0,0.019771783741234606,0.019109533402544152,0.0,0.0,0.0,,,,,,,,,,,,,,,,,,,,,,,,,,,,,,,264.4069702390638,0.0,0.008386654309652995,0.0,0.02849439106508385,0.10385174381055837,1.5359091504959426,0,0,0,0,0,0,0,0,0,1,0,0,0,0,0,1,0,0,0,0,0,0,0,0,0,0,0,0,0,0
synthetic_combo_DirTrav-SSTI_0,synthetic_combo,"[""SSTI"", ""DirTrav""]",0,2,206.7769766726537,0.0,0.020031977656800426,261.6102124492438,4.555495717092411,0.1420623995422151,0.0,0.0,0.0,0.0,0.028203575613815358,0.0008851863391962124,0.0017572834257642174,0.027119764274553676,0.0,0.1044910045988889,0.06815865521244978,0.016758440515639822,0.0,0.0,0.0,0.0,0.0,0.055646492347725035,0.23821722749722207,0.0,0.0,0.003615151151474554,0.0,0.0,0.0,0.0,0.0,0.0,0.0,0.0,0.0,0.0,0.0,0.0,0.0,0.04413508578437159,0.000516081771429408,0.0,8.005819876061933,3.0108496106211393,0.0428376665310394,0.8708071215274137,0.0582702488766266,1.9289409637981731,0.5475076231253084,0.0,0.0,0.015137354522380462,0.01329198805174141,0.0,0.0,0.0,,,,,,,,,,,,,,,,,,,,,,,,,,,,,,,320.45242428210884,0.0,0.007758317844124775,0.0,0.04708228449684586,0.15194959559900384,1.6529162389327918,0,0,0,0,0,0,0,0,1,0,0,0,0,0,0,0,1,0,0,0,0,0,0,0,0,0,0,0,0,0
synthetic_combo_DirTrav-SSTI_1,synthetic_combo,"[""SSTI"", ""DirTrav""]",0,2,220.84540435705108,0.0,0.032551743133697915,348.27570543067463,4.564484391680994,0.0041600295409496765,0.0,0.0,0.0,0.15828261862282297,0.07027672011480413,0.0,0.0,0.038157193662332826,0.0,0.07156725723669795,0.04925451107220402,0.0017224984973585305,0.0,0.0,0.0,0.0,0.0,0.061804169130890346,0.10728279083190403,0.0,0.0,0.00654766423122022,0.0,0.0,0.0,0.0,0.0,0.0,0.0,0.0,0.0,0.0,0.0,0.0,0.0,0.01212597730130686,0.002902743874602884,0.0,8.106202055795857,2.990010141845284,0.0400475913386413,0.8761698615817352,0.01910133909990028,2.1072320515756364,0.6864767189223153,0.0,0.0,0.007551308719994431,0.0011441462513282433,0.0,0.0,0.0,,,,,,,,,,,,,,,,,,,,,,,,,,,,,,,277.45783010879336,0.0,0.0,0.0,0.024012408700480187,0.11714616053137229,1.454635577538067,0,0,0,0,0,0,0,0,1,0,0,0,0,0,0,0,1,0,0,0,0,0,0,0,0,0,0,0,0,0
synthetic_combo_DirTrav-SSTI_2,synthetic_combo,"[""SSTI"", ""DirTrav""]",0,2,235.96039250176918,0.0,0.01845564848151081,542.5965780296115,4.492001509924031,0.013009994960830995,0.0,0.0,0.0,0.0,0.02458528797467738,0.01855827114209908,0.0425492641600774,0.0,0.0,0.004323668381439966,0.13231899459908975,0.009798905467059452,0.0,0.0,0.0,0.0,0.0,0.07288891825188125,0.17029197941852006,0.0,0.0,0.015853500350061025,0.0,0.0,0.0,0.0,0.0,0.0,0.0,0.0,0.0,0.0,0.0,0.0,0.0,0.028941857787775797,0.010510653203070494,0.0,8.30551292414472,3.0249307233712064,0.022664545787767353,1.062690334632125,0.05511226236931884,1.0200164840821773,0.3396188296122103,0.0,0.0,0.00642035587861186,0.01369171281353565,0.0,0.0,0.0,,,,,,,,,,,,,,,,,,,,,,,,,,,,,,,307.83572809357617,0.0,0.004879699149445088,0.0,0.0207529561724074,0.12555569071043088,1.1403099145622442,0,0,0,0,0,0,0,0,1,0,0,0,0,0,0,0,1,0,0,0,0,0,0,0,0,0,0,0,0,0
synthetic_combo_DirTrav-SSTI_3,synthetic_combo,"[""SSTI"", ""DirTrav""]",0,2,224.7436698652783,0.0,0.020328606585961435,111.50546211263571,4.538680575153336,0.07805691634711842,0.0,0.0,0.0,0.03539294206164116,0.019846611411348792,0.013597677620983784,0.021321675730028515,0.014249073615519525,0.0,0.07201039393210387,0.08377579937090182,0.008269042084659953,0.0,0.0,0.0,0.0,0.0,0.04358536006313415,0.12612720866249033,0.0,0.0,0.029594429364735136,0.0,0.0,0.0,0.0,0.0,0.0,0.0,0.0,0.0,0.0,0.0,0.0,0.0,0.034319264087796314,0.001542324589376795,0.0,8.217655783267544,2.9978529293946368,0.03167380716398311,0.7940110741013292,0.10399328919700501,2.3820932586139674,0.7896297969991956,0.0,0.0,0.005718957652866463,0.030069827382992242,0.0,0.0,0.0,,,,,,,,,,,,,,,,,,,,,,,,,,,,,,,300.61525147713405,0.0,0.00521539766020915,0.0,0.027159731348973048,0.11966419219829809,1.8029832203431588,0,0,0,0,0,0,0,0,1,0,0,0,0,0,0,0,1,0,0,0,0,0,0,0,0,0,0,0,0,0
synthetic_combo_DirTrav-SSTI_4,synthetic_combo,"[""SSTI"", ""DirTrav""]",0,2,230.30810819987047,0.0,0.023741254560903105,715.5185394520305,4.53115262624411,0.08259613856640818,0.0,0.0,0.0,0.049191510981543715,0.05104832731670611,0.024204438485066676,0.032317029892139276,0.10642412779196891,0.0,0.02937059832094477,0.11057061530397325,0.03403071882311742,0.0,0.0,0.0,0.0,0.0,0.04563018929460043,0.1496702275776603,0.0,0.0,0.008189062588079391,0.0,0.0,0.0,0.0,0.0,0.0,0.0,0.0,0.0,0.0,0.0,0.0,0.0,0.019698432971749717,0.03134767405779328,0.0,8.102403766568148,3.004284656729544,0.0,0.8772428832710971,0.0020464378000813674,2.359494163698049,0.668882990950949,0.0,0.0,0.0,0.0,0.0,0.0,0.0,,,,,,,,,,,,,,,,,,,,,,,,,,,,,,,311.9553854126647,0.0,0.004610130098261941,0.0,0.028948911328089633,0.09437377020781751,0.7413510739497268,0,0,0,0,0,0,0,0,1,0,0,0,0,0,0,0,1,0,0,0,0,0,0,0,0,0,0,0,0,0
synthetic_combo_DirTrav-SSTI_5,synthetic_combo,"[""SSTI"", ""DirTrav""]",0,2,227.5263133894487,0.0,0.030747027838908595,346.9010590673324,4.499254802963055,0.011447179557711087,0.0,0.0,0.0,0.1643633248847622,0.052467654387050464,0.014168658409659094,0.022495351627434875,0.09625010097661425,0.0,0.06600114227293763,0.07822357340410295,0.014377299035904251,0.0,0.0,0.0,0.0,0.0,0.029763953562420203,0.18878817603689074,0.0,0.0,0.0,0.0,0.0,0.0,0.0,0.0,0.0,0.0,0.0,0.0,0.0,0.0,0.0,0.0,0.006173257052114565,0.02067886832734974,0.0,8.231680246956202,3.0225501944109903,0.052997741849773114,1.1052501680446938,0.10381012215302882,1.8607119630402622,0.7620320058387342,0.0,0.0,0.022197410138729577,0.0005386706135438908,0.0,0.0,0.0,,,,,,,,,,,,,,,,,,,,,,,,,,,,,,,311.5086309411237,0.0,0.010137137316092537,0.0,0.03607829246009137,0.13660845485724715,1.090062466156539,0,0,0,0,0,0,0,0,1,0,0,0,0,0,0,0,1,0,0,0,0,0,0,0,0,0,0,0,0,0
synthetic_combo_DirTrav-SSTI_6,synthetic_combo,"[""SSTI"", ""DirTrav""]",0,2,250.95636129482602,0.0,0.019544713666278815,302.2139403297872,4.526315769457306,0.06852018221120368,0.0,0.0,0.0,0.21895661649217474,0.0,0.010531491470783604,0.03975460536688069,0.0106655733632533,0.0,0.05311939042528519,0.052236736788266,0.007039351549238448,0.0,0.0,0.0,0.0,0.0,0.030339366872876784,0.22953802700437045,0.0,0.0,0.018344871920797003,0.0,0.0,0.0,0.0,0.0,0.0,0.0,0.0,0.0,0.0,0.0,0.0,0.0,0.0,0.02442639696350442,0.0,8.099152147258678,3.0133989234357474,0.004829267085811596,1.0340960485280344,0.019158854050092468,0.5531112526306676,0.7149899957139026,0.0,0.0,0.0,0.018977427125819065,0.0,0.0,0.0,,,,,,,,,,,,,,,,,,,,,,,,,,,,,,,291.33502642677456,0.0,0.0,0.0,0.02919178540551935,0.09342451635902155,1.3984791620606778,0,0,0,0,0,0,0,0,1,0,0,0,0,0,0,0,1,0,0,0,0,0,0,0,0,0,0,0,0,0
synthetic_combo_DirTrav-SSTI_7,synthetic_combo,"[""SSTI"", ""DirTrav""]",0,2,236.1612447109066,0.0,0.029654432945815833,720.5923293623808,4.487132386452631,0.08372157221997345,0.0,0.0,0.0,0.07822222651773585,0.02727740470413962,0.02614219249786539,0.015232537981848305,0.05975973923822592,0.0,0.07680532884649752,0.0,0.0,0.0,0.0,0.0,0.0,0.0,0.0,0.2333457752491353,0.0,0.0,0.0,0.0,0.0,0.0,0.0,0.0,0.0,0.0,0.0,0.0,0.0,0.0,0.0,0.0,0.0006573290978126364,0.0,0.0,8.13487294328236,2.9890137844489404,0.06362413175705173,0.8316482111635121,0.080483539977979,1.5304278834228315,0.7528806873513745,0.0,0.0,0.014589446410963637,0.007511339903328829,0.0,0.0,0.0,,,,,,,,,,,,,,,,,,,,,,,,,,,,,,,288.8175170303385,0.0,0.0,0.0,0.016625777658431214,0.13164741793273746,0.03306352163488846,0,0,0,0,0,0,0,0,1,0,0,0,0,0,0,0,1,0,0,0,0,0,0,0,0,0,0,0,0,0
synthetic_combo_BrokenAuth-JWT_0,synthetic_combo,"[""JWT"", ""BrokenAuth""]",0,2,226.4663935838595,0.0,0.021001523503959774,643.6859992909751,4.595951592886843,0.028245491196992073,0.0,0.0,0.0,0.0,0.029996193730325152,0.0014816538099451677,0.0,0.07027451003831868,0.0,0.0366942717626319,0.07074648670790465,0.03360230786289478,0.0,0.0,0.0,0.0,0.0,0.06997052776621851,0.18321759405703494,0.0,0.0,0.01883738899310412,0.0,0.0,0.0,0.0,0.0,0.0,0.0,0.0,0.0,0.0,0.0,0.0,0.0,0.01555985824211687,0.017384158132784454,0.0,8.076256553670525,2.981276714494857,0.01505891860526904,0.9452025264540145,0.05825113419485381,1.1604310963334217,0.8614222884963365,0.0,0.0,0.023013495199184688,0.014897595110316566,0.0,0.0,0.0,,,,,,,,,,,,,,,,,,,,,,,,,,,,,,,305.6651075568099,0.0,0.006465113404810561,0.0,0.02938623105244069,0.07005499607781263,1.111569865744808,0,0,0,0,0,0,1,0,0,0,0,0,0,0,0,0,0,0,0,0,0,0,0,0,0,0,0,1,0,0
synthetic_combo_BrokenAuth-JWT_1,synthetic_combo,"[""JWT"", ""BrokenAuth""]",0,2,223.98421812238095,0.0,0.014935289817295014,58.68024064574195,4.500129856750782,0.07714261356496073,0.0,0.0,0.0,0.07772928649101345,0.01484635027886876,0.00820962322424134,0.0,0.0609555030093107,0.0,0.026296280529610305,0.016400023877644825,0.023586386140625366,0.0,0.0,0.0,0.0,0.0,0.02694700276497932,0.22507490078898626,0.0,0.0,0.005038385980126995,0.0,0.0,0.0,0.0,0.0,0.0,0.0,0.0,0.0,0.0,0.0,0.0,0.0,0.025664031299784548,0.0,0.0,8.097963117750421,3.0177410015133543,0.00518732536308238,0.9822121816328072,0.04666369891634115,2.2324002262150544,0.844359563807751,0.0,0.0,0.023391952478057067,0.0059470710267636616,0.0,0.0,0.0,,,,,,,,,,,,,,,,,,,,,,,,,,,,,,,290.85210831594134,0.0,0.005054358090638101,0.0,0.03444560392253567,0.14360563228381362,1.6788269399176832,0,0,0,0,0,0,1,0,0,0,0,0,0,0,0,0,0,0,0,0,0,0,0,0,0,0,0,1,0,0
synthetic_combo_BrokenAuth-JWT_2,synthetic_combo,"[""JWT"", ""BrokenAuth""]",0,2,232.0862354049662,0.0,0.013280343972136236,888.7397021143388,4.543309779945465,0.10170122528065713,0.0,0.0,0.0,0.020882107137775385,0.01897717883614002,0.008556332001050602,0.01516422789750562,0.02995258010075392,0.0,0.07550540700564082,0.06163286377089378,0.0,0.0,0.0,0.0,0.0,0.0,0.0665040543030383,0.15530042632894686,0.0,0.0,0.014477829416296287,0.0,0.0,0.0,0.0,0.0,0.0,0.0,0.0,0.0,0.0,0.0,0.0,0.0,0.01750864192622547,0.020826747036226778,0.0,8.084142237715724,3.0088745996652695,0.004337411703995615,0.9042187776754956,0.02484571150274461,1.3794723059810243,0.4828679560816992,0.0,0.0,0.022361787684052815,0.01820704197313828,0.0,0.0,0.0,,,,,,,,,,,,,,,,,,,,,,,,,,,,,,,335.5156284787703,0.0,0.007331054836662515,0.0,0.03150239393621577,0.11121262082449994,1.583209002444238,0,0,0,0,0,0,1,0,0,0,0,0,0,0,0,0,0,0,0,0,0,0,0,0,0,0,0,1,0,0
synthetic_combo_BrokenAuth-JWT_3,synthetic_combo,"[""JWT"", ""BrokenAuth""]",0,2,232.48801471273927,0.0,0.02158999715505678,730.5341770599274,4.518405063629445,0.04081964185959623,0.0,0.0,0.0,0.17413753062199383,0.0226589850262063,0.0,0.036949548335366754,0.05198595616246619,0.0,0.0,0.0821402458052724,0.016028196677715423,0.0,0.0,0.0,0.0,0.0,0.02807236931418758,0.08681955158892593,0.0,0.0,0.022060666161924196,0.0,0.0,0.0,0.0,0.0,0.0,0.0,0.0,0.0,0.0,0.0,0.0,0.0,0.026413691386269773,0.03347922104900962,0.0,8.158013281187104,3.017732233644293,0.046740974283622325,1.0718644405039728,0.0,1.0963637408003546,0.8061694608988887,0.0,0.0,0.020080423011778516,0.00783024402065699,0.0,0.0,0.0,,,,,,,,,,,,,,,,,,,,,,,,,,,,,,,299.8370259240119,0.0,0.012131885978474585,0.0,0.044462254119055314,0.1348280908099506,0.997335302710464,0,0,0,0,0,0,1,0,0,0,0,0,0,0,0,0,0,0,0,0,0,0,0,0,0,0,0,1,0,0
synthetic_combo_BrokenAuth-JWT_4,synthetic_combo,"[""JWT"", ""BrokenAuth""]",0,2,225.94588649675484,0.0,0.01667288146416213,117.12158689374587,4.526301625169737,0.03615236307152915,0.0,0.0,0.0,0.16126515104221,0.04334045116344434,0.0,0.02232148290261072,0.15450877805767643,0.0,0.06793419949771512,0.12156082124036963,0.0,0.0,0.0,0.0,0.0,0.0,0.020752952833056726,0.16874936257640286,0.0,0.0,0.005030793805522545,0.0,0.0,0.0,0.0,0.0,0.0,0.0,0.0,0.0,0.0,0.0,0.0,0.0,0.032169777946574954,0.010370634454842879,0.0,8.342937108652464,3.0098904921897813,0.03473488169834149,0.9502882357192916,0.0627320278865818,2.0083330737633664,0.7553150526876706,0.0,0.0,0.015586078301903275,0.012742911877137919,0.0,0.0,0.0,,,,,,,,,,,,,,,,,,,,,,,,,,,,,,,276.74176320768777,0.0,0.007864100957707268,0.0,0.02878036961902803,0.18119171189598243,1.6586681611859433,0,0,0,0,0,0,1,0,0,0,0,0,0,0,0,0,0,0,0,0,0,0,0,0,0,0,0,1,0,0
synthetic_combo_BrokenAuth-JWT_5,synthetic_combo,"[""JWT"", ""BrokenAuth""]",0,2,232.8229417969338,0.0,0.016933017875277675,448.3480301732532,4.512010094648416,0.08799427487591907,0.0,0.0,0.0,0.007812736359506578,0.03896897208549076,0.0036868663361872053,0.05443408744816165,0.11769856418497182,0.0,0.02364130316302135,0.03898865855209251,0.007927377700018234,0.0,0.0,0.0,0.0,0.0,0.07528704511140902,0.20970001685311818,0.0,0.0,0.0019089507194050542,0.0,0.0,0.0,0.0,0.0,0.0,0.0,0.0,0.0,0.0,0.0,0.0,0.0,0.03405839392277363,0.020619626880974545,0.0,8.193959544567662,2.999768269432525,0.028753919845060816,1.257146248082591,0.10316891689529939,2.337032588109846,0.2261014727261586,0.0,0.0,0.01664364287124621,0.01349519349641985,0.0,0.0,0.0,,,,,,,,,,,,,,,,,,,,,,,,,,,,,,,267.7831531912839,0.0,0.008712185193503773,0.0,0.030082401731398804,0.1353420994830236,1.2359109392639007,0,0,0,0,0,0,1,0,0,0,0,0,0,0,0,0,0,0,0,0,0,0,0,0,0,0,0,1,0,0
synthetic_combo_BrokenAuth-JWT_6,synthetic_combo,"[""JWT"", ""BrokenAuth""]",0,2,229.18226372830253,0.0,0.013407194652326343,656.4638012759751,4.519016077844803,0.11301881019726014,0.0,0.0,0.0,0.010688869854682578,0.009351881596524555,0.009190130540164676,0.0493675021606393,0.12874778421252278,0.0,0.00042025205117067477,0.09459253779123454,0.0019042767807425295,0.0,0.0,0.0,0.0,0.0,0.040340346791536065,0.203001009622396,0.0,0.0,0.031347652759416325,0.0,0.0,0.0,0.0,0.0,0.0,0.0,0.0,0.0,0.0,0.0,0.0,0.0,0.006557858153687813,0.006580081136688428,0.0,8.214932234762234,3.0103252892927452,0.01869244462462809,0.8235176804513594,0.054643180843460745,2.4739509577357865,0.5114443633241258,0.0,0.0,0.0056644540852750025,0.0006370476935407838,0.0,0.0,0.0,,,,,,,,,,,,,,,,,,,,,,,,,,,,,,,322.24974607102666,0.0,0.01375298380599095,0.0,0.03928770023969983,0.11399440239227733,0.4599920727843685,0,0,0,0,0,0,1,0,0,0,0,0,0,0,0,0,0,0,0,0,0,0,0,0,0,0,0,1,0,0
synthetic_combo_BrokenAuth-JWT_7,synthetic_combo,"[""JWT"", ""BrokenAuth""]",0,2,226.9653188526356,0.0,0.011739963498345052,697.3382059934369,4.523722875311604,0.08635629746561041,0.0,0.0,0.0,0.002064036664500557,0.042312455475617655,0.011077255164588733,0.028055069007572906,0.17840500596121556,0.0,0.08076160352893483,0.005168766740377619,0.029688334708688452,0.0,0.0,0.0,0.0,0.0,0.040024642658409854,0.20118136751544347,0.0,0.0,0.0045600025223913425,0.0,0.0,0.0,0.0,0.0,0.0,0.0,0.0,0.0,0.0,0.0,0.0,0.0,0.024639226734925225,0.01041335479317126,0.0,8.135763560265717,3.0056111426380645,0.006596444869192638,1.1291838737619189,0.047174624026341795,2.2243145858214994,0.2441171374606752,0.0,0.0,0.0187936115264637,0.027680853073844307,0.0,0.0,0.0,,,,,,,,,,,,,,,,,,,,,,,,,,,,,,,307.395151332538,0.0,0.004572557688328179,0.0,0.03557938201501725,0.12531131962129308,0.9567371698087166,0,0,0,0,0,0,1,0,0,0,0,0,0,0,0,0,0,0,0,0,0,0,0,0,0,0,0,1,0,0
synthetic_combo_IDOR-InsecPerm_0,synthetic_combo,"[""IDOR"", ""InsecPerm""]",0,2,229.00992768447907,0.0,0.01843430295659983,527.9608186126961,4.5574376151193965,0.025557626530463125,0.0,0.0,0.0,0.11295184607697176,0.037150485785462435,0.0036645486345661844,0.03081292040384261,0.07763334219901769,0.0,0.06764620249618818,0.03211345986228078,0.033444646056610995,0.0,0.0,0.0,0.0,0.0,0.048775144122684966,0.22002561367277731,0.0,0.0,0.01045446809973111,0.0,0.0,0.0,0.0,0.0,0.0,0.0,0.0,0.0,0.0,0.0,0.0,0.0,0.006825271207056511,0.021733449296334542,0.0,8.216091789102192,3.030736384565652,0.047761173986906894,0.8481830912455787,0.027142957263887144,2.0079791345394193,0.6543916914974353,0.0,0.0,0.0,0.02446599762645954,0.0,0.0,0.0,,,,,,,,,,,,,,,,,,,,,,,,,,,,,,,316.9824606721492,0.0,0.00025241041084879054,0.0,0.02441419033992936,0.11001624919245459,1.2088045543743486,0,0,0,0,0,0,0,0,0,0,0,0,1,1,0,0,0,0,0,0,0,0,0,0,0,0,0,0,0,0
synthetic_combo_IDOR-InsecPerm_1,synthetic_combo,"[""IDOR"", ""InsecPerm""]",0,2,226.45722114113073,0.0,0.022727030897983412,606.2780089950547,4.461051804120896,0.024702356854665958,0.0,0.0,0.0,0.09767262449749672,0.033567635620533595,0.02594219782606418,0.0,0.021976797799052157,0.0,0.0,0.022120531265068917,0.0,0.0,0.0,0.0,0.0,0.0,0.029236350385854853,0.20010756990890272,0.0,0.0,0.032164600261377206,0.0,0.0,0.0,0.0,0.0,0.0,0.0,0.0,0.0,0.0,0.0,0.0,0.0,0.026618484425043464,0.01271376585497632,0.0,8.040271007049016,3.013351828157533,0.04918581135457431,0.7351824404901012,0.006155775588262809,2.340877597449221,0.7215555788021739,0.0,0.0,0.00985037622201175,0.0,0.0,0.0,0.0,,,,,,,,,,,,,,,,,,,,,,,,,,,,,,,274.25106359753676,0.0,0.005845230780563338,0.0,0.015498538580992049,0.10627568821922859,1.3324628458748056,0,0,0,0,0,0,0,0,0,0,0,0,1,1,0,0,0,0,0,0,0,0,0,0,0,0,0,0,0,0
synthetic_combo_IDOR-InsecPerm_2,synthetic_combo,"[""IDOR"", ""InsecPerm""]",0,2,228.79574899165388,0.0,0.02170867225759805,767.4694956061594,4.595195366279234,0.04564493727562417,0.0,0.0,0.0,0.0033515341324432957,0.013548655627762177,0.013042979187095259,0.032032679364955005,0.21867015019455066,0.0,0.06532043521556535,0.03786604524764518,0.026252950229792474,0.0,0.0,0.0,0.0,0.0,0.05591787159066949,0.20050723586697142,0.0,0.0,0.030635040056907106,0.0,0.0,0.0,0.0,0.0,0.0,0.0,0.0,0.0,0.0,0.0,0.0,0.0,0.018728746493852484,0.017598339619360446,0.0,8.055012518318375,3.01659780652549,0.007691548322042375,1.0874139061702233,0.06508261318636918,1.6371834873127773,0.2983446534166861,0.0,0.0,0.025874461631501196,0.0,0.0,0.0,0.0,,,,,,,,,,,,,,,,,,,,,,,,,,,,,,,291.6384172283956,0.0,0.008364106645454936,0.0,0.04185433251121595,0.09005277217495547,1.3307664150982221,0,0,0,0,0,0,0,0,0,0,0,0,1,1,0,0,0,0,0,0,0,0,0,0,0,0,0,0,0,0
synthetic_combo_IDOR-InsecPerm_3,synthetic_combo,"[""IDOR"", ""InsecPerm""]",0,2,231.97822583046118,0.0,0.0205329539296873,633.5262508335421,4.508633844731936,0.059835163668552654,0.0,0.0,0.0,0.18216259574716248,0.05055276547026219,0.0,0.01705723478312628,0.0019101865838016263,0.0,0.0,0.11881825434907198,0.009665096072336473,0.0,0.0,0.0,0.0,0.0,0.04704505741631868,0.14396123194584112,0.0,0.0,0.014536127490070936,0.0,0.0,0.0,0.0,0.0,0.0,0.0,0.0,0.0,0.0,0.0,0.0,0.0,0.01161370317983005,0.0052523625522258675,0.0,8.211380097313882,3.0143821566301447,0.03167476740369526,1.041192433268014,0.0182724885078507,1.4237020337271482,0.4438889094002513,0.0,0.0,0.013777424314753699,0.0,0.0,0.0,0.0,,,,,,,,,,,,,,,,,,,,,,,,,,,,,,,325.1148998672084,0.0,0.0059946669227239095,0.0,0.03206733418450866,0.11342217777576132,1.249992873012653,0,0,0,0,0,0,0,0,0,0,0,0,1,1,0,0,0,0,0,0,0,0,0,0,0,0,0,0,0,0
synthetic_combo_IDOR-InsecPerm_4,synthetic_combo,"[""IDOR"", ""InsecPerm""]",0,2,225.63743446450692,0.0,0.02016322013717512,651.2043584075988,4.539931633257982,0.0015685510764173877,0.0,0.0,0.0,0.17059788453303976,0.02906243072921783,0.0218338003444866,0.0,0.13047271855636666,0.0,0.0,0.044751423418741526,0.02557011594802224,0.0,0.0,0.0,0.0,0.0,0.05530746903587301,0.1878737110748734,0.0,0.0,0.0,0.0,0.0,0.0,0.0,0.0,0.0,0.0,0.0,0.0,0.0,0.0,0.0,0.0,0.007743884285010338,0.013177357958554832,0.0,8.240988425369856,2.999066333992074,0.02901167248911843,0.8357762215034531,0.02227956850319386,1.7694513018467661,0.3924025854622608,0.0,0.0,0.0,0.00742861417751445,0.0,0.0,0.0,,,,,,,,,,,,,,,,,,,,,,,,,,,,,,,298.21434322765725,0.0,0.007701508081393582,0.0,0.022114879534702463,0.14594134282249266,1.221234497781585,0,0,0,0,0,0,0,0,0,0,0,0,1,1,0,0,0,0,0,0,0,0,0,0,0,0,0,0,0,0
synthetic_combo_IDOR-InsecPerm_5,synthetic_combo,"[""IDOR"", ""InsecPerm""]",0,2,235.56456240592303,0.0,0.015853600125483387,121.08829901021807,4.539924124013081,0.00011216187829669877,0.0,0.0,0.0,0.25893436125499436,0.004144903174646088,0.0,0.02280091051984368,0.032574456297167396,0.0,0.08685918922677113,0.014817633393491077,0.0,0.0,0.0,0.0,0.0,0.0,0.044636767792148285,0.20428595124969393,0.0,0.0,0.01303009195934401,0.0,0.0,0.0,0.0,0.0,0.0,0.0,0.0,0.0,0.0,0.0,0.0,0.0,0.0,0.03164367892473768,0.0,8.0947970347294,3.008156369840504,0.04043380060887102,0.9832205685066707,0.0849093306966946,1.6598860476846442,0.8673961830178413,0.0,0.0,0.011651455379541965,0.018949059038439034,0.0,0.0,0.0,,,,,,,,,,,,,,,,,,,,,,,,,,,,,,,314.31183363539725,0.0,0.0009155024276412465,0.0,0.03126406618217392,0.1522776167810617,1.9412402313695258,0,0,0,0,0,0,0,0,0,0,0,0,1,1,0,0,0,0,0,0,0,0,0,0,0,0,0,0,0,0
synthetic_combo_IDOR-InsecPerm_6,synthetic_combo,"[""IDOR"", ""InsecPerm""]",0,2,239.58316062859487,0.0,0.029923773664463166,649.7394185417616,4.488159500863845,0.0,0.0,0.0,0.0,0.07095733000583582,0.030998945912276792,0.011516938857376537,0.04993358890873008,0.07377907423731261,0.0,0.0028571166733864714,0.07941884296144743,0.030480933675570636,0.0,0.0,0.0,0.0,0.0,0.05249891084635023,0.24209910589618724,0.0,0.0,0.034985476342623015,0.0,0.0,0.0,0.0,0.0,0.0,0.0,0.0,0.0,0.0,0.0,0.0,0.0,9.85738840410498e-05,0.024034242116257036,0.0,8.151941838189227,3.0351977773647354,0.018763433984505126,0.9537636698817564,0.0974577273088897,1.6917923292780614,0.7047123140094258,0.0,0.0,0.005987336039117346,0.0,0.0,0.0,0.0,,,,,,,,,,,,,,,,,,,,,,,,,,,,,,,298.17644259012616,0.0,0.0065257866776579285,0.0,0.03529143987219406,0.08274915312561512,0.7862601745673508,0,0,0,0,0,0,0,0,0,0,0,0,1,1,0,0,0,0,0,0,0,0,0,0,0,0,0,0,0,0
synthetic_combo_IDOR-InsecPerm_7,synthetic_combo,"[""IDOR"", ""InsecPerm""]",0,2,212.72275224874858,0.0,0.02782325473398808,582.8023578932819,4.502324111283218,0.14015602548626416,0.0,0.0,0.0,0.17424836412355488,0.01909006394054257,3.9860490964192113e-05,0.0,0.11432176385191639,0.0,0.07949113168117664,0.05484854914668903,0.0,0.0,0.0,0.0,0.0,0.0,0.044651062421739114,0.18357873270655672,0.0,0.0,0.018142020831582888,0.0,0.0,0.0,0.0,0.0,0.0,0.0,0.0,0.0,0.0,0.0,0.0,0.0,0.025221372723760606,0.0,0.0,8.226723161899466,3.013837381599652,0.03280754182961305,0.9556293769599857,0.02410433769344979,1.1568489388428487,0.5246820740399006,0.0,0.0,0.01361058311135188,0.0,0.0,0.0,0.0,,,,,,,,,,,,,,,,,,,,,,,,,,,,,,,283.938549796599,0.0,0.009624091415054114,0.0,0.03249938928060016,0.10915185731056443,1.3451113985773102,0,0,0,0,0,0,0,0,0,0,0,0,1,1,0,0,0,0,0,0,0,0,0,0,0,0,0,0,0,0
synthetic_combo_CRLF_Injection-OpenRedirect_0,synthetic_combo,"[""CRLF_Injection"", ""OpenRedirect""]",0,2,239.8689971108965,0.0,0.01233597286909654,1126.1321333987835,4.516010792741033,0.07455932116138121,0.0,0.0,0.0,0.13680407282201618,0.05809193545885756,0.023712376618766517,0.0156862701087595,0.14356131846165987,0.0,0.06605157963954862,0.08572776390266852,0.005117678257301016,0.0,0.0,0.0,0.0,0.0,0.045703584854546786,0.20342567817262608,0.0,0.0,0.014769637555578356,0.0,0.0,0.0,0.0,0.0,0.0,0.0,0.0,0.0,0.0,0.0,0.0,0.0,0.0011071294824404072,0.01967454451578051,0.0,8.150629334868377,3.0010294844769265,0.019096276570033377,1.1869873365651127,0.03490189313495357,1.01279527926535,0.794846331958603,0.0,0.0,0.0,0.01668075922721844,0.0,0.0,0.0,,,,,,,,,,,,,,,,,,,,,,,,,,,,,,,288.18197223907464,0.0,0.00434634329596958,0.0,0.025702181320207115,0.08805779790639126,1.819075056620113,0,0,0,0,0,0,0,0,0,0,0,0,0,0,0,0,0,0,0,0,0,0,0,0,0,0,1,0,1,0
synthetic_combo_CRLF_Injection-OpenRedirect_1,synthetic_combo,"[""CRLF_Injection"", ""OpenRedirect""]",0,2,231.5842816971707,0.0,0.018911256731720942,538.9594655785646,4.544682843702477,0.035760156358315,0.0,0.0,0.0,0.1510575698572727,0.04040860787833903,0.021788279496076774,0.026239903182769225,0.09352390693151574,0.0,0.08301161438578625,0.06515119771079231,0.001959878822039589,0.0,0.0,0.0,0.0,0.0,0.046675564951326104,0.2316221249852572,0.0,0.0,0.009763905486255348,0.0,0.0,0.0,0.0,0.0,0.0,0.0,0.0,0.0,0.0,0.0,0.0,0.0,0.00437592688516391,0.012408284055669263,0.0,8.137131821330405,3.0229508069462145,0.013084836715091345,1.0249169841818084,0.004900118691916151,2.311537813541684,0.8008819820950168,0.0,0.0,0.03749191349213025,0.016038012003052726,0.0,0.0,0.0,,,,,,,,,,,,,,,,,,,,,,,,,,,,,,,306.25623027734434,0.0,0.0,0.0,0.012941404310757864,0.16690951515992633,2.6025023411355193,0,0,0,0,0,0,0,0,0,0,0,0,0,0,0,0,0,0,0,0,0,0,0,0,0,0,1,0,1,0
synthetic_combo_CRLF_Injection-OpenRedirect_2,synthetic_combo,"[""CRLF_Injection"", ""OpenRedirect""]",0,2,249.55500374213298,0.0,0.020325188901497017,217.33980153272603,4.528888595143724,0.15133225145797402,0.0,0.0,0.0,0.14069922860725284,0.026025573872674023,0.00917876535457077,0.05788964925688257,0.01369458533497131,0.0,0.03393998789491017,0.001338236069113291,0.0065951409421440834,0.0,0.0,0.0,0.0,0.0,0.030114008732862987,0.1753491027612967,0.0,0.0,0.020658742673738018,0.0,0.0,0.0,0.0,0.0,0.0,0.0,0.0,0.0,0.0,0.0,0.0,0.0,0.00597459762999631,0.0,0.0,8.28269195846864,3.005491778126016,0.04806305756461987,1.0852788724860836,0.04233918005518241,1.5696205078687018,0.49786928509285866,0.0,0.0,0.018454154015428693,0.00424879117808266,0.0,0.0,0.0,,,,,,,,,,,,,,,,,,,,,,,,,,,,,,,324.77648922514345,0.0,0.016896941069919437,0.0,0.020813088956769393,0.11510137949630782,1.2336641242339588,0,0,0,0,0,0,0,0,0,0,0,0,0,0,0,0,0,0,0,0,0,0,0,0,0,0,1,0,1,0
synthetic_combo_CRLF_Injection-OpenRedirect_3,synthetic_combo,"[""CRLF_Injection"", ""OpenRedirect""]",0,2,226.01233846931004,0.0,0.0224231577277247,662.6090489011151,4.544331464313244,0.07425829138686957,0.0,0.0,0.0,0.11504673709344455,0.03820306009984989,0.013212794685940738,0.06099026194522522,0.068819745221545,0.0,0.045045613145885705,0.06540079705251493,0.016718952031089588,0.0,0.0,0.0,0.0,0.0,0.0706784765343601,0.15037745880469172,0.0,0.0,0.0,0.0,0.0,0.0,0.0,0.0,0.0,0.0,0.0,0.0,0.0,0.0,0.0,0.0,0.029117112009937524,0.033997231271730204,0.0,8.095595117291172,2.991325396763891,0.024526660677029778,0.8391158149438049,0.03445967540867881,0.7323634955773026,0.2082545922990695,0.0,0.0,0.007882295710988885,0.0,0.0,0.0,0.0,,,,,,,,,,,,,,,,,,,,,,,,,,,,,,,323.0205636930218,0.0,0.008102757311708793,0.0,0.043238395364633836,0.11822679621366132,1.0225070895468154,0,0,0,0,0,0,0,0,0,0,0,0,0,0,0,0,0,0,0,0,0,0,0,0,0,0,1,0,1,0
synthetic_combo_CRLF_Injection-OpenRedirect_4,synthetic_combo,"[""CRLF_Injection"", ""OpenRedirect""]",0,2,231.34158144262216,0.0,0.022095219731766935,0.0,4.561365486808859,0.07918831295665688,0.0,0.0,0.0,0.15879486204607635,0.04027834497172732,0.020036613021599904,0.005875258114173731,0.06233329610349702,0.0,0.045291820630054415,0.11255461179460977,0.02529555270899499,0.0,0.0,0.0,0.0,0.0,0.03440822821538228,0.1731871832189626,0.0,0.0,0.018616091463007023,0.0,0.0,0.0,0.0,0.0,0.0,0.0,0.0,0.0,0.0,0.0,0.0,0.0,0.011837877270726034,0.00767610998452931,0.0,8.036821216654747,3.0047624987114734,0.013429824207890356,0.8191888046473377,0.06675390973848999,2.1984477052272537,0.7854504353062499,0.0,0.0,0.016511212636156375,0.008309809311969,0.0,0.0,0.0,,,,,,,,,,,,,,,,,,,,,,,,,,,,,,,326.4648963160055,0.0,0.00435366207710838,0.0,0.044037882033848924,0.11307540619621137,1.0190564468660863,0,0,0,0,0,0,0,0,0,0,0,0,0,0,0,0,0,0,0,0,0,0,0,0,0,0,1,0,1,0
synthetic_combo_CRLF_Injection-OpenRedirect_5,synthetic_combo,"[""CRLF_Injection"", ""OpenRedirect""]",0,2,247.4739760983722,0.0,0.02687931292125259,1072.1224609199346,4.541009335035872,0.08539467695657538,0.0,0.0,0.0,0.06820264744394977,0.04065093390295909,0.013744339581067935,0.026236577143891326,0.021139612416625264,0.0,0.0,0.0956566011713701,0.0,0.0,0.0,0.0,0.0,0.0,0.017364655965602546,0.22519885386582095,0.0,0.0,0.017090585205590456,0.0,0.0,0.0,0.0,0.0,0.0,0.0,0.0,0.0,0.0,0.0,0.0,0.0,0.025292399649092696,0.004466682860915587,0.0,8.14908840038429,2.9975945173915326,0.042221502169559916,1.0529115915715255,0.10402410351668542,2.0904945947502727,1.0096579696947665,0.0,0.0,0.0032564923809848996,0.015777379344110297,0.0,0.0,0.0,,,,,,,,,,,,,,,,,,,,,,,,,,,,,,,302.0012222192561,0.0,0.005448737205897309,0.0,0.033555517508542146,0.12881285249403446,1.027695233913399,0,0,0,0,0,0,0,0,0,0,0,0,0,0,0,0,0,0,0,0,0,0,0,0,0,0,1,0,1,0
synthetic_combo_CRLF_Injection-OpenRedirect_6,synthetic_combo,"[""CRLF_Injection"", ""OpenRedirect""]",0,2,234.83916357197256,0.0,0.019310989560209255,707.6114091803408,4.543738918802671,0.08221507572868979,0.0,0.0,0.0,0.21637589917797395,0.03694941973933958,0.02181815517112578,0.0,0.081901914215087,0.0,0.0,0.11987692640234346,0.0018186298379957253,0.0,0.0,0.0,0.0,0.0,0.017465405677020394,0.19462667421393282,0.0,0.0,0.0,0.0,0.0,0.0,0.0,0.0,0.0,0.0,0.0,0.0,0.0,0.0,0.0,0.0,0.016736994517237886,0.0,0.0,8.189947076748602,3.0128536802920953,0.04105856563094818,0.8385962050206891,0.014914538658062807,2.045691784133163,0.8353089768362545,0.0,0.0,0.0,0.026744170232470284,0.0,0.0,0.0,,,,,,,,,,,,,,,,,,,,,,,,,,,,,,,315.3855398275524,0.0,0.0,0.0,0.03918231077478333,0.11924359836054775,1.7020143175356515,0,0,0,0,0,0,0,0,0,0,0,0,0,0,0,0,0,0,0,0,0,0,0,0,0,0,1,0,1,0
synthetic_combo_CRLF_Injection-OpenRedirect_7,synthetic_combo,"[""CRLF_Injection"", ""OpenRedirect""]",0,2,232.77717934377256,0.0,0.0143305502640638,75.71343653302893,4.519065145434652,0.07649315518180132,0.0,0.0,0.0,0.012575537338035389,0.0152897059676875,0.023301983985280838,0.03652933636610532,0.12958125220552655,0.0,0.1645480463491285,0.0,0.0033817565575914605,0.0,0.0,0.0,0.0,0.0,0.06065327514670331,0.18122082148109717,0.0,0.0,0.02279101250641884,0.0,0.0,0.0,0.0,0.0,0.0,0.0,0.0,0.0,0.0,0.0,0.0,0.0,0.0,0.013248032320407237,0.0,8.093285887935567,3.0039799817858146,0.0245750019362838,0.9381398106341711,0.034399016036337215,2.5796423879617207,0.8847226867848508,0.0,0.0,0.03181608243058736,0.0,0.0,0.0,0.0,,,,,,,,,,,,,,,,,,,,,,,,,,,,,,,275.5621796335079,0.0,0.005254443671599624,0.0,0.008852522798203765,0.1288643975922228,1.1504435103071498,0,0,0,0,0,0,0,0,0,0,0,0,0,0,0,0,0,0,0,0,0,0,0,0,0,0,1,0,1,0
synthetic_combo_InsecDeser-Prototype_Pollution_0,synthetic_combo,"[""Prototype_Pollution"", ""InsecDeser""]",0,2,234.2853573514044,0.0,0.016374900899209947,823.4796229687861,4.541274028931354,0.03755703413873795,0.0,0.0,0.0,0.017019268302696566,0.0076516532370287105,0.008213333440348105,0.010666441525410127,0.11958724227789255,0.0,0.06294279495310506,0.09738973967151185,0.01288380725807347,0.0,0.0,0.0,0.0,0.0,0.06549200540389385,0.14342641026898464,0.0,0.0,0.005364133493965967,0.0,0.0,0.0,0.0,0.0,0.0,0.0,0.0,0.0,0.0,0.0,0.0,0.0,0.013479133304072057,0.012408419748285077,0.0,8.136174443988985,3.0248973937995265,0.037528092939112107,0.9704849389062421,0.03191535219191977,1.7630657043516678,0.35142454961475883,0.0,0.0,0.018436997968398205,0.0,0.0,0.0,0.0,,,,,,,,,,,,,,,,,,,,,,,,,,,,,,,301.49211013297986,0.0,0.0067371307143285096,0.0,0.030748320840360048,0.17030614405115735,1.4051249718875516,0,0,1,0,0,0,0,0,0,0,0,0,0,0,0,0,0,1,0,0,0,0,0,0,0,0,0,0,0,0
synthetic_combo_InsecDeser-Prototype_Pollution_1,synthetic_combo,"[""Prototype_Pollution"", ""InsecDeser""]",0,2,236.5489690835088,0.0,0.022718988374713894,347.9727455111249,4.543760134352203,0.0,0.0,0.0,0.0,0.22569275112479156,0.033093842670557684,0.0,0.04707134795154122,0.08076738666526115,0.0,0.05947589351016515,0.0,0.029683329748481112,0.0,0.0,0.0,0.0,0.0,0.019253454949277535,0.18359126426213965,0.0,0.0,0.00037725101966620996,0.0,0.0,0.0,0.0,0.0,0.0,0.0,0.0,0.0,0.0,0.0,0.0,0.0,0.0,0.03735089657049427,0.0,8.178757670381554,3.0004632715745467,0.0063860343525972765,0.8988057604138503,0.03837353898328256,1.7522878041695011,0.6875510223512913,0.0,0.0,0.0,0.030009844214975476,0.0,0.0,0.0,,,,,,,,,,,,,,,,,,,,,,,,,,,,,,,301.96355522344356,0.0,0.02043103491461112,0.0,0.01846470291944565,0.09530061836981568,1.5829412869555002,0,0,1,0,0,0,0,0,0,0,0,0,0,0,0,0,0,1,0,0,0,0,0,0,0,0,0,0,0,0
synthetic_combo_InsecDeser-Prototype_Pollution_2,synthetic_combo,"[""Prototype_Pollution"", ""InsecDeser""]",0,2,234.10560905207512,0.0,0.021055627894488435,864.9709720604337,4.562720943934444,0.05156486558795255,0.0,0.0,0.0,0.1403736278453857,0.013812425811518366,0.017308725413592674,0.0,0.10628622502970693,0.0,0.07987245340788857,0.0,0.015859306152936035,0.0,0.0,0.0,0.0,0.0,0.035488739614269085,0.15020251141696647,0.0,0.0,0.0,0.0,0.0,0.0,0.0,0.0,0.0,0.0,0.0,0.0,0.0,0.0,0.0,0.0,0.029049425639028376,0.02414243468642327,0.0,8.103549753531247,3.017212276649281,0.0244118248318852,0.7532255730012973,0.006012208906976263,2.2902500142702378,0.7916286145325584,0.0,0.0,0.015406977463181109,0.018472061679693407,0.0,0.0,0.0,,,,,,,,,,,,,,,,,,,,,,,,,,,,,,,303.5883244138511,0.0,0.008283653044079376,0.0,0.03471380856476878,0.13350104139768884,2.7524152557414556,0,0,1,0,0,0,0,0,0,0,0,0,0,0,0,0,0,1,0,0,0,0,0,0,0,0,0,0,0,0
synthetic_combo_InsecDeser-Prototype_Pollution_3,synthetic_combo,"[""Prototype_Pollution"", ""InsecDeser""]",0,2,228.73537392578226,0.0,0.013964572879487325,926.9093135898405,4.563906390285609,0.0,0.0,0.0,0.0,0.17484617307074019,0.029960043014370587,0.013478755593906298,0.0,0.2682880157164201,0.0,0.010521326249850929,0.0,0.028952619233778586,0.0,0.0,0.0,0.0,0.0,0.025119995523931175,0.2332805371786937,0.0,0.0,0.025699257504876796,0.0,0.0,0.0,0.0,0.0,0.0,0.0,0.0,0.0,0.0,0.0,0.0,0.0,0.015634159748565333,0.02170007043468954,0.0,8.169437811370804,3.0161735586541285,0.01932283273197259,0.9675338761613897,0.013416078995081807,1.2147919065075992,0.2304380760945497,0.0,0.0,0.020078941674584298,0.014405353431385845,0.0,0.0,0.0,,,,,,,,,,,,,,,,,,,,,,,,,,,,,,,282.62378471587397,0.0,0.00836661621758095,0.0,0.013361128920308519,0.11663288191319005,1.206416541078838,0,0,1,0,0,0,0,0,0,0,0,0,0,0,0,0,0,1,0,0,0,0,0,0,0,0,0,0,0,0
synthetic_combo_InsecDeser-Prototype_Pollution_4,synthetic_combo,"[""Prototype_Pollution"", ""InsecDeser""]",0,2,225.6395692400063,0.0,0.025912985893047434,495.9399355235361,4.544907635874206,0.05466199882497927,0.0,0.0,0.0,0.05303298001598859,0.030918740486301163,0.009048491835430685,0.01482034084002308,0.0,0.0,0.07189509719585536,0.047142529577289,0.019858046982164167,0.0,0.0,0.0,0.0,0.0,0.028855831736769172,0.14015445384236125,0.0,0.0,0.01567710977287057,0.0,0.0,0.0,0.0,0.0,0.0,0.0,0.0,0.0,0.0,0.0,0.0,0.0,0.0,0.021103645874902176,0.0,8.190217309602208,3.017091586088484,0.026484705746478706,1.039074693869844,0.0,2.0044421332849307,0.8804218802234316,0.0,0.0,0.0027594733267899147,0.00743658110523036,0.0,0.0,0.0,,,,,,,,,,,,,,,,,,,,,,,,,,,,,,,305.0145338959653,0.0,0.00512095307033994,0.0,0.02901982202106153,0.15215934676836873,0.1720906644885276,0,0,1,0,0,0,0,0,0,0,0,0,0,0,0,0,0,1,0,0,0,0,0,0,0,0,0,0,0,0
synthetic_combo_InsecDeser-Prototype_Pollution_5,synthetic_combo,"[""Prototype_Pollution"", ""InsecDeser""]",0,2,230.83805857552096,0.0,0.011530214462663974,709.1469767633099,4.5539284078313935,0.0,0.0,0.0,0.0,0.15390717442208485,0.030574622315793477,0.0,0.0,0.09509742236073157,0.0,0.010693654916800542,0.11674416794966097,0.005961012627682588,0.0,0.0,0.0,0.0,0.0,0.03803370046799357,0.19649357308009602,0.0,0.0,0.013274605457995359,0.0,0.0,0.0,0.0,0.0,0.0,0.0,0.0,0.0,0.0,0.0,0.0,0.0,0.0,0.005792150733223172,0.0,8.158628513483722,3.018440612625603,0.02307854545454127,1.0084261626119473,0.037044188526159164,1.2407507804256805,0.9835111092782283,0.0,0.0,0.010159583620820561,0.031019229809177908,0.0,0.0,0.0,,,,,,,,,,,,,,,,,,,,,,,,,,,,,,,286.4807053667819,0.0,0.004346260646163285,0.0,0.02979855119013485,0.11281966543323839,2.3127456929282597,0,0,1,0,0,0,0,0,0,0,0,0,0,0,0,0,0,1,0,0,0,0,0,0,0,0,0,0,0,0
synthetic_combo_InsecDeser-Prototype_Pollution_6,synthetic_combo,"[""Prototype_Pollution"", ""InsecDeser""]",0,2,219.85279045232303,0.0,0.02218449652635149,762.7345312791471,4.5115849145546525,0.1727619954432666,0.0,0.0,0.0,0.30310157703304386,0.04340450126569065,0.033302835895730826,0.05946649903288592,0.20955294259347734,0.0,0.14009986487246934,0.07346436740128674,0.021131188607645998,0.0,0.0,0.0,0.0,0.0,0.04034606548174254,0.1434184805698328,0.0,0.0,0.021761183003303673,0.0,0.0,0.0,0.0,0.0,0.0,0.0,0.0,0.0,0.0,0.0,0.0,0.0,0.013412947625588234,0.0,0.0,8.186909574795012,3.008894664708817,0.006092462711920987,1.1843727507505564,0.059020730024973475,2.3146441750379774,0.6764917308631367,0.0,0.0,0.012094836002477384,0.01034659278208221,0.0,0.0,0.0,,,,,,,,,,,,,,,,,,,,,,,,,,,,,,,317.3734294192492,0.0,0.0057673524268472606,0.0,0.02201167974886027,0.13217660101275533,1.6600659388971581,0,0,1,0,0,0,0,0,0,0,0,0,0,0,0,0,0,1,0,0,0,0,0,0,0,0,0,0,0,0
synthetic_combo_InsecDeser-Prototype_Pollution_7,synthetic_combo,"[""Prototype_Pollution"", ""InsecDeser""]",0,2,235.47677074761688,0.0,0.020170676880207773,273.2152007910231,4.508129686974828,0.03836549576407635,0.0,0.0,0.0,0.054182245640403,0.05220551319599269,0.01627925625353875,0.0013118263918689005,0.08598006887771041,0.0,0.035045481197353984,0.08157811319331223,0.008276513328303425,0.0,0.0,0.0,0.0,0.0,0.0833465957518866,0.1845896212965784,0.0,0.0,0.006082430391652857,0.0,0.0,0.0,0.0,0.0,0.0,0.0,0.0,0.0,0.0,0.0,0.0,0.0,0.019223464396693524,0.03439040390556244,0.0,8.174803521150462,3.0131312798523355,0.0247165817435263,1.0615247193316657,0.040438043771504034,2.0161667467261957,0.4490576521846358,0.0,0.0,0.01878726924291,0.0,0.0,0.0,0.0,,,,,,,,,,,,,,,,,,,,,,,,,,,,,,,322.4934097010839,0.0,0.005026134229272789,0.0,0.03607397666835561,0.12381470635816025,2.283667530390857,0,0,1,0,0,0,0,0,0,0,0,0,0,0,0,0,0,1,0,0,0,0,0,0,0,0,0,0,0,0
synthetic_combo_CSRF-SQLi-XSS_0,synthetic_combo,"[""XSS"", ""SQLi"", ""CSRF""]",0,3,229.22823207883667,0.0,0.024569721367840212,582.5334848087695,4.512719365882101,0.011934934438575587,0.0,0.0,0.0,0.07103183901107199,0.013314431239894406,0.0123405446532393,0.03435576964427667,0.11881177205566265,0.0,0.0546198297412253,0.0,0.015710199390943893,0.0,0.0,0.0,0.0,0.0,0.04086214494349308,0.19244542857470634,0.0,0.0,0.0,0.0,0.0,0.0,0.0,0.0,0.0,0.0,0.0,0.0,0.0,0.0,0.0,0.0,0.019736098264785937,0.006079465683389674,0.0,8.118518394049556,3.0130083037995234,0.002404232902998394,0.9066464643254597,0.0086220092634125,1.2836472006100232,0.9972837260548135,0.0,0.0,0.018423671644001938,0.006832827764563545,0.0,0.0,0.0,,,,,,,,,,,,,,,,,,,,,,,,,,,,,,,299.98546094900365,0.0,0.0073413427191863015,0.0,0.03688868097780828,0.10492000248198594,1.0533658085961142,1,0,0,0,0,0,0,1,0,0,0,0,0,0,0,0,0,0,0,0,0,0,1,0,0,0,0,0,0,0
synthetic_combo_CSRF-SQLi-XSS_1,synthetic_combo,"[""XSS"", ""SQLi"", ""CSRF""]",0,3,230.86993193071444,0.0,0.02221229155240652,1007.274003071948,4.563556037976682,0.0,0.0,0.0,0.0,0.14691721261356358,0.04978338740969973,0.009339865838653167,0.03248426387177716,0.013315129311182727,0.0,0.043258267933087215,0.04092140352177375,0.006219362301397457,0.0,0.0,0.0,0.0,0.0,0.0255423763285818,0.16282044953286265,0.0,0.0,0.008857765548441053,0.0,0.0,0.0,0.0,0.0,0.0,0.0,0.0,0.0,0.0,0.0,0.0,0.0,0.01216709822420017,0.009727881532001428,0.0,8.222647274148557,3.0391492457871165,0.03821306910027837,0.7245644358839253,0.05181493480996664,1.7280176288370013,0.8840152448205187,0.0,0.0,0.013251307395609008,0.01147135929991566,0.0,0.0,0.0,,,,,,,,,,,,,,,,,,,,,,,,,,,,,,,289.0323052162581,0.0,0.0,0.0,0.014342527815157349,0.10187495296754698,3.328999222412965,1,0,0,0,0,0,0,1,0,0,0,0,0,0,0,0,0,0,0,0,0,0,1,0,0,0,0,0,0,0
synthetic_combo_CSRF-SQLi-XSS_2,synthetic_combo,"[""XSS"", ""SQLi"", ""CSRF""]",0,3,223.49675009375525,0.0,0.017281506648165218,537.5043626437839,4.575668061612469,0.129211754048278,0.0,0.0,0.0,0.19781624620134114,0.02539800996119747,0.020836194185940824,0.0001881514364476429,0.00577328240833673,0.0,0.004074417799339515,0.08240504486094163,0.0,0.0,0.0,0.0,0.0,0.0,0.029234895223198727,0.14795028625491685,0.0,0.0,0.0062929517646293995,0.0,0.0,0.0,0.0,0.0,0.0,0.0,0.0,0.0,0.0,0.0,0.0,0.0,0.0036038221492097344,0.018827693288351405,0.0,8.07344952812235,2.989739516733638,0.025946515571881438,0.8774972846771969,0.03544200133097312,2.0081591186896746,1.05929716737698,0.0,0.0,0.00955243809758805,0.023320180567014008,0.0,0.0,0.0,,,,,,,,,,,,,,,,,,,,,,,,,,,,,,,273.56278135110404,0.0,0.011101123730731757,0.0,0.029517401241540023,0.12066100386708487,2.3530397557113307,1,0,0,0,0,0,0,1,0,0,0,0,0,0,0,0,0,0,0,0,0,0,1,0,0,0,0,0,0,0
synthetic_combo_CSRF-SQLi-XSS_3,synthetic_combo,"[""XSS"", ""SQLi"", ""CSRF""]",0,3,245.87080175681555,0.0,0.020202826644601806,307.34629094172266,4.556541175701336,0.08165483994657881,0.0,0.0,0.0,0.13929406994486795,0.00424642327769113,0.006519720826642486,0.006782418287123549,0.07242605162074256,0.0,0.06139644271906656,0.0028874627178294213,0.0015721964658176862,0.0,0.0,0.0,0.0,0.0,0.020175866549712606,0.11166939090716937,0.0,0.0,0.03157127519497273,0.0,0.0,0.0,0.0,0.0,0.0,0.0,0.0,0.0,0.0,0.0,0.0,0.0,0.01690278952712443,0.023204766746584032,0.0,8.286858357137827,3.006479526085198,0.015239818579648288,1.1352289060873377,0.017751339601269095,2.058692447456663,0.39550067587911086,0.0,0.0,0.011827275099870626,0.023869460263099142,0.0,0.0,0.0,,,,,,,,,,,,,,,,,,,,,,,,,,,,,,,315.50185534503527,0.0,0.006144204928165674,0.0,0.021109981944300343,0.09756365595066223,1.3488971672809253,1,0,0,0,0,0,0,1,0,0,0,0,0,0,0,0,0,0,0,0,0,0,1,0,0,0,0,0,0,0
synthetic_combo_CSRF-SQLi-XSS_4,synthetic_combo,"[""XSS"", ""SQLi"", ""CSRF""]",0,3,219.41489757926766,0.0,0.011121137875041001,83.22540379383577,4.499428348796636,0.0,0.0,0.0,0.0,0.10599184863858144,0.016902744530390923,0.018884369933327184,0.0033350166517839702,0.13279324643201956,0.0,0.058308098148508514,0.0,0.0,0.0,0.0,0.0,0.0,0.0,0.013805314985442609,0.17876510874051385,0.0,0.0,0.0009922609023665738,0.0,0.0,0.0,0.0,0.0,0.0,0.0,0.0,0.0,0.0,0.0,0.0,0.0,0.017758565552465133,0.0,0.0,8.170484266180937,2.991559568061875,0.02617620799645334,0.8712575227160406,0.02605756896182746,0.8108468591636897,0.5414882062855865,0.0,0.0,0.034558609886565526,0.0,0.0,0.0,0.0,,,,,,,,,,,,,,,,,,,,,,,,,,,,,,,332.36340161265883,0.0,0.00043440614203703754,0.0,0.0064863712351259165,0.14056406608611224,2.6617236641153146,1,0,0,0,0,0,0,1,0,0,0,0,0,0,0,0,0,0,0,0,0,0,1,0,0,0,0,0,0,0
synthetic_combo_CSRF-SQLi-XSS_5,synthetic_combo,"[""XSS"", ""SQLi"", ""CSRF""]",0,3,234.3046584811113,0.0,0.025472011984979923,741.2135695891818,4.535330763958586,0.0810025513438453,0.0,0.0,0.0,0.1084780960591206,0.018565129357778654,0.013075706881247387,0.03044165884107472,0.08232187612724068,0.0,0.05158298017588111,0.0704100719214108,0.0209003264743516,0.0,0.0,0.0,0.0,0.0,0.0,0.20023653994056043,0.0,0.0,0.027668163399290437,0.0,0.0,0.0,0.0,0.0,0.0,0.0,0.0,0.0,0.0,0.0,0.0,0.0,0.018987594189949802,0.009879854103327423,0.0,8.158096123793323,3.027368622935079,0.030394625956478804,1.040541910615489,0.06561039329331697,2.1592254552315406,0.5423594424431075,0.0,0.0,0.03493550851608845,0.002278686155158513,0.0,0.0,0.0,,,,,,,,,,,,,,,,,,,,,,,,,,,,,,,308.6596635169043,0.0,0.0070408103487652855,0.0,0.026344240222655357,0.12629970425237896,2.4043343529347645,1,0,0,0,0,0,0,1,0,0,0,0,0,0,0,0,0,0,0,0,0,0,1,0,0,0,0,0,0,0
synthetic_combo_CSRF-SQLi-XSS_6,synthetic_combo,"[""XSS"", ""SQLi"", ""CSRF""]",0,3,240.2683658729033,0.0,0.015738354065777393,558.6308804704329,4.513698708636712,0.0931047401447855,0.0,0.0,0.0,0.13130982660228194,0.04145048695864103,0.0439484792010013,0.032291213234055635,0.169696917503514,0.0,0.0,0.1049159261745457,0.017310666002532345,0.0,0.0,0.0,0.0,0.0,0.027717142789363804,0.20430742570960214,0.0,0.0,0.011879198751461248,0.0,0.0,0.0,0.0,0.0,0.0,0.0,0.0,0.0,0.0,0.0,0.0,0.0,0.0,0.014082181895918111,0.0,8.09921524630936,3.0303935526958368,0.01765386815337664,0.6859800682280568,0.058747661364417045,2.26422463461362,0.7400727828610738,0.0,0.0,0.0028351476795949824,0.030826559011169548,0.0,0.0,0.0,,,,,,,,,,,,,,,,,,,,,,,,,,,,,,,317.6298122096655,0.0,0.005825016030812436,0.0,0.04611508362455219,0.11068879098587703,1.7936689295185977,1,0,0,0,0,0,0,1,0,0,0,0,0,0,0,0,0,0,0,0,0,0,1,0,0,0,0,0,0,0
synthetic_combo_CSRF-SQLi-XSS_7,synthetic_combo,"[""XSS"", ""SQLi"", ""CSRF""]",0,3,228.16030130319606,0.0,0.01311320224189292,477.6260561157067,4.541274982646372,0.013357754311167716,0.0,0.0,0.0,0.17040740667421192,0.032574846357801626,0.00813224712374682,0.010475423804374086,0.025143744270220945,0.0,0.02600686379916875,0.10004628294114498,0.0077620150996175535,0.0,0.0,0.0,0.0,0.0,0.04185133215872929,0.16140769830915674,0.0,0.0,0.022516546393483793,0.0,0.0,0.0,0.0,0.0,0.0,0.0,0.0,0.0,0.0,0.0,0.0,0.0,0.01651804767909127,0.02624222737372656,0.0,8.008484943661621,3.01457518511913,0.05717221720028374,1.084992263536176,0.020967811448120238,1.608510395263689,0.7651632574238825,0.0,0.0,0.014313115618024645,0.02889155372648461,0.0,0.0,0.0,,,,,,,,,,,,,,,,,,,,,,,,,,,,,,,302.7679415757496,0.0,0.009351147181296258,0.0,0.01970287791912703,0.08448801474874909,0.9565722161190235,1,0,0,0,0,0,0,1,0,0,0,0,0,0,0,0,0,0,0,0,0,0,1,0,0,0,0,0,0,0
synthetic_combo_CredsExpose-InfoDisc-InsecPerm_0,synthetic_combo,"[""InfoDisc"", ""CredsExpose"", ""InsecPerm""]",0,3,227.62683098513784,0.0,0.02367897458479325,274.5471936213613,4.512608704596536,0.021101953153055422,0.0,0.0,0.0,0.005823607991111673,0.045849773911161046,0.015610530594824716,0.03005680061467901,0.06226880152571615,0.0,0.050250776646358075,0.05759767731893979,0.007242532811729906,0.0,0.0,0.0,0.0,0.0,0.048224875332529754,0.19878324281195728,0.0,0.0,0.00907326921196822,0.0,0.0,0.0,0.0,0.0,0.0,0.0,0.0,0.0,0.0,0.0,0.0,0.0,0.007911583742876102,0.014862751109640793,0.0,8.13565951119346,3.0133278340558065,0.05030864488718519,1.0363121385090763,0.0604852464542348,2.0644279043952873,0.5137287629871542,0.0,0.0,0.00836636376780732,0.011584521570189145,0.0,0.0,0.0,,,,,,,,,,,,,,,,,,,,,,,,,,,,,,,295.208974679554,0.0,0.007618981846505076,0.0,0.02160760118317588,0.11976099491691958,0.0,0,0,0,0,0,1,0,0,0,0,0,0,1,0,0,0,0,0,0,0,0,0,0,0,1,0,0,0,0,0
synthetic_combo_CredsExpose-InfoDisc-InsecPerm_1,synthetic_combo,"[""InfoDisc"", ""CredsExpose"", ""InsecPerm""]",0,3,245.629932774329,0.0,0.006299933620318134,798.8891569074565,4.4829511714049355,0.0,0.0,0.0,0.0,0.0,0.03886406045562485,0.003861296453182844,0.011902606254326783,0.05357318754994324,0.0,0.0675558003541962,0.0,0.039806581658880326,0.0,0.0,0.0,0.0,0.0,0.05687148098423089,0.10153978254624056,0.0,0.0,0.005720612302436419,0.0,0.0,0.0,0.0,0.0,0.0,0.0,0.0,0.0,0.0,0.0,0.0,0.0,0.01758600971978525,0.003009778490489735,0.0,8.177046770421573,3.01717132520691,0.009491098321967286,1.1278295096323934,0.06288006650251511,2.24323689444525,0.905552091770795,0.0,0.0,0.018570245316859697,0.01530625500794321,0.0,0.0,0.0,,,,,,,,,,,,,,,,,,,,,,,,,,,,,,,317.4382409779536,0.0,0.004085662676671534,0.0,0.029628735276364913,0.122468002663644,1.8779065647034843,0,0,0,0,0,1,0,0,0,0,0,0,1,0,0,0,0,0,0,0,0,0,0,0,1,0,0,0,0,0
synthetic_combo_CredsExpose-InfoDisc-InsecPerm_2,synthetic_combo,"[""InfoDisc"", ""CredsExpose"", ""InsecPerm""]",0,3,240.89691131562645,0.0,0.019421772874708174,460.25219479393746,4.525804695338057,0.06632740421504284,0.0,0.0,0.0,0.07223016234225832,0.034160123710102686,0.008297992005641689,0.027626180174172718,0.02776043500066276,0.0,0.046957357466883266,0.06700355282562832,0.019515399219732412,0.0,0.0,0.0,0.0,0.0,0.02450628040201138,0.21870018576674424,0.0,0.0,0.004476832836431771,0.0,0.0,0.0,0.0,0.0,0.0,0.0,0.0,0.0,0.0,0.0,0.0,0.0,0.012219828281117808,0.01147643214034829,0.0,8.104039746662874,3.0134069590114048,0.0032726473629738663,1.2453029954320933,0.002577480471721509,2.007914148555477,0.6038168932575659,0.0,0.0,0.022604294627041464,0.009396121691108102,0.0,0.0,0.0,,,,,,,,,,,,,,,,,,,,,,,,,,,,,,,297.68858073831126,0.0,0.006285651885949456,0.0,0.010363768548777432,0.15053722998909858,2.3939517313707284,0,0,0,0,0,1,0,0,0,0,0,0,1,0,0,0,0,0,0,0,0,0,0,0,1,0,0,0,0,0
synthetic_combo_CredsExpose-InfoDisc-InsecPerm_3,synthetic_combo,"[""InfoDisc"", ""CredsExpose"", ""InsecPerm""]",0,3,230.2693331206548,0.0,0.01919182184969491,419.3035056573501,4.46982024171231,0.0,0.0,0.0,0.0,0.15202040536147599,0.003458131110370348,0.0,0.01290553740879192,0.02252459824988489,0.0,0.04889847320115348,0.01594113253130927,0.019849521255364926,0.0,0.0,0.0,0.0,0.0,0.03677782147497441,0.20283267548304001,0.0,0.0,0.0,0.0,0.0,0.0,0.0,0.0,0.0,0.0,0.0,0.0,0.0,0.0,0.0,0.0,0.015478909207549105,0.008540765172484557,0.0,8.10794832186059,3.0129419393440395,0.0006097640651290641,0.9276110118037827,0.05579136045941582,2.252928999142141,0.7482593176135773,0.0,0.0,0.016888687002750563,0.01610898268973717,0.0,0.0,0.0,,,,,,,,,,,,,,,,,,,,,,,,,,,,,,,302.32051911090025,0.0,0.0016313894325877074,0.0,0.031003598679763798,0.10748647880263647,1.2687248435638907,0,0,0,0,0,1,0,0,0,0,0,0,1,0,0,0,0,0,0,0,0,0,0,0,1,0,0,0,0,0
synthetic_combo_CredsExpose-InfoDisc-InsecPerm_4,synthetic_combo,"[""InfoDisc"", ""CredsExpose"", ""InsecPerm""]",0,3,231.72647750413833,0.0,0.019037173426389192,524.1028181091406,4.572560560662479,0.0,0.0,0.0,0.0,0.03157891088969961,0.011677955182012357,0.013754396620859663,0.0,0.0674336493648794,0.0,0.04359870471451118,0.008934115522825421,0.006618248695873462,0.0,0.0,0.0,0.0,0.0,0.053550624710961815,0.20056357361088506,0.0,0.0,0.01864031417030369,0.0,0.0,0.0,0.0,0.0,0.0,0.0,0.0,0.0,0.0,0.0,0.0,0.0,0.03606843457346385,0.0020417801173931716,0.0,8.110652204343127,2.9992509303099504,0.026159989305041993,0.8643688504512668,0.04506912724163755,1.809822559081119,0.14308295042871932,0.0,0.0,0.015512139416729853,0.014230488937341872,0.0,0.0,0.0,,,,,,,,,,,,,,,,,,,,,,,,,,,,,,,279.4029559171033,0.0,0.00794864260618514,0.0,0.040434107443928696,0.13414992387797198,1.2100285522987118,0,0,0,0,0,1,0,0,0,0,0,0,1,0,0,0,0,0,0,0,0,0,0,0,1,0,0,0,0,0
synthetic_combo_CredsExpose-InfoDisc-InsecPerm_5,synthetic_combo,"[""InfoDisc"", ""CredsExpose"", ""InsecPerm""]",0,3,216.74270476692985,0.0,0.019413310740957715,1004.4391419231047,4.539330403069224,9.394152251192972e-05,0.0,0.0,0.0,0.12572818213755205,0.0129458623648805,0.0,0.04005203749319292,0.0924728881650689,0.0,0.0,0.10708241727413358,0.003735751327679544,0.0,0.0,0.0,0.0,0.0,0.0624009426041703,0.11656077177970814,0.0,0.0,0.015630081638190848,0.0,0.0,0.0,0.0,0.0,0.0,0.0,0.0,0.0,0.0,0.0,0.0,0.0,0.009506419536611427,0.013910116829796435,0.0,8.104409505128055,3.0029793051475218,0.016432078358092947,1.2159122899599617,0.05933519284098002,1.3639849987264994,0.6829893374916616,0.0,0.0,0.0356455326956351,0.007726971651921505,0.0,0.0,0.0,,,,,,,,,,,,,,,,,,,,,,,,,,,,,,,289.5301133884966,0.0,0.0019917024735644938,0.0,0.04739293385324932,0.09729417270378869,1.1307532026965792,0,0,0,0,0,1,0,0,0,0,0,0,1,0,0,0,0,0,0,0,0,0,0,0,1,0,0,0,0,0
synthetic_combo_CredsExpose-InfoDisc-InsecPerm_6,synthetic_combo,"[""InfoDisc"", ""CredsExpose"", ""InsecPerm""]",0,3,231.87718202096903,0.0,0.019134941197783098,0.0,4.535631782480649,0.09241956407018957,0.0,0.0,0.0,0.2752924788384983,0.0,0.010641880051440695,0.0605173528144889,0.12059867284825637,0.0,0.012449469783908311,0.010487163873380348,0.025027490968329645,0.0,0.0,0.0,0.0,0.0,0.027035276079286824,0.1751613033701999,0.0,0.0,0.022968051456144153,0.0,0.0,0.0,0.0,0.0,0.0,0.0,0.0,0.0,0.0,0.0,0.0,0.0,0.02271325219966886,0.01396656650977903,0.0,8.089396574744406,3.009122055120305,0.020849083137759645,0.9039591381561237,0.014178443653196433,0.8446873700477481,0.6218664103269772,0.0,0.0,0.023177064064594105,0.016258131723088556,0.0,0.0,0.0,,,,,,,,,,,,,,,,,,,,,,,,,,,,,,,289.0409870607608,0.0,0.008095043513198242,0.0,0.010291770562927807,0.12673888675949327,0.0,0,0,0,0,0,1,0,0,0,0,0,0,1,0,0,0,0,0,0,0,0,0,0,0,1,0,0,0,0,0
synthetic_combo_CredsExpose-InfoDisc-InsecPerm_7,synthetic_combo,"[""InfoDisc"", ""CredsExpose"", ""InsecPerm""]",0,3,230.6957517430765,0.0,0.02479456766649543,52.253965563161955,4.516733023902663,0.056958509634190364,0.0,0.0,0.0,0.12426173053770825,0.04444366602514552,0.005799465869802527,0.035576392507103066,0.057851193678194184,0.0,0.09369018165022222,0.07673825813284389,0.02267550873708006,0.0,0.0,0.0,0.0,0.0,0.03596468099707361,0.15956325753055425,0.0,0.0,0.024769139301843802,0.0,0.0,0.0,0.0,0.0,0.0,0.0,0.0,0.0,0.0,0.0,0.0,0.0,0.010209069547416254,0.02199078919023286,0.0,8.147864311450505,3.0115338859692873,0.027721647007818373,0.9827328425792944,0.06054112662813512,2.0673318522255446,0.9165708801945591,0.0,0.0,0.012763435454541764,0.007991619102872691,0.0,0.0,0.0,,,,,,,,,,,,,,,,,,,,,,,,,,,,,,,296.5546711515076,0.0,0.011075144908105752,0.0,0.033489724168280076,0.11466140339841724,1.8445742934268332,0,0,0,0,0,1,0,0,0,0,0,0,1,0,0,0,0,0,0,0,0,0,0,0,1,0,0,0,0,0
synthetic_combo_CMDi-DirTrav-InfoDisc_0,synthetic_combo,"[""CMDi"", ""DirTrav"", ""InfoDisc""]",0,3,234.07566967485093,0.0,0.021729199608458896,467.3534454632261,4.532500647536913,0.12967580468695228,0.0,0.0,0.0,0.12858662187885211,0.0042374562415646855,0.03889060690201742,0.022758974655023093,0.02485637878331607,0.0,0.03362911207719567,0.059854125039587217,0.006943800163692442,0.0,0.0,0.0,0.0,0.0,0.04055787066890723,0.16417822584958536,0.0,0.0,0.0007271755331118915,0.0,0.0,0.0,0.0,0.0,0.0,0.0,0.0,0.0,0.0,0.0,0.0,0.0,0.0,0.0,0.0,8.127747609385041,3.0125800063423354,0.03200911074091334,1.113875845638685,0.053895656506012066,1.8226049189776654,0.44410774483683907,0.0,0.0,0.004635174973762011,0.0,0.0,0.0,0.0,,,,,,,,,,,,,,,,,,,,,,,,,,,,,,,285.26773549351634,0.0,0.007206725437567872,0.0,0.035979743095607176,0.12049084829532537,2.3442192920437717,0,1,0,0,0,0,0,0,1,0,0,0,0,0,0,0,0,0,0,0,0,0,0,0,1,0,0,0,0,0
synthetic_combo_CMDi-DirTrav-InfoDisc_1,synthetic_combo,"[""CMDi"", ""DirTrav"", ""InfoDisc""]",0,3,231.53981015341358,0.0,0.02360171412580264,545.7204716805807,4.519417246207839,0.0728885801770158,0.0,0.0,0.0,0.2842569897032752,0.025918139749088527,0.011132612211475691,0.0,0.12322235633182196,0.0,0.043339085613875464,0.0844172784863132,0.04565406844262817,0.0,0.0,0.0,0.0,0.0,0.03798606677717755,0.12501249382653074,0.0,0.0,0.026096789633734255,0.0,0.0,0.0,0.0,0.0,0.0,0.0,0.0,0.0,0.0,0.0,0.0,0.0,0.016952088773482792,0.003174593125014797,0.0,8.154111400126277,2.996126495312079,0.0,1.0353455539564833,0.03159706332609201,1.4732527845319436,0.8251582711485604,0.0,0.0,0.03517070546453883,0.0,0.0,0.0,0.0,,,,,,,,,,,,,,,,,,,,,,,,,,,,,,,306.2765759737003,0.0,0.012843001438366102,0.0,0.03024362478038865,0.08286789551406432,0.25422263060602623,0,1,0,0,0,0,0,0,1,0,0,0,0,0,0,0,0,0,0,0,0,0,0,0,1,0,0,0,0,0
synthetic_combo_CMDi-DirTrav-InfoDisc_2,synthetic_combo,"[""CMDi"", ""DirTrav"", ""InfoDisc""]",0,3,223.71217912994675,0.0,0.028935169299732583,499.60226493482133,4.558333395167648,0.030465814517454802,0.0,0.0,0.0,0.22250106125889052,0.025299772893834907,0.014266690940860638,0.039947196851771914,0.11324140536267592,0.0,0.05455021021902043,0.09679051091449115,0.015210325556782115,0.0,0.0,0.0,0.0,0.0,0.06969255361985487,0.17149379683758906,0.0,0.0,0.029024943922964327,0.0,0.0,0.0,0.0,0.0,0.0,0.0,0.0,0.0,0.0,0.0,0.0,0.0,0.018467610517802775,0.0012093267156483359,0.0,8.176328285285914,3.0211670913136586,0.03715627110275724,0.9946009386744489,0.025414032114151712,1.1054227645428873,0.5655064579922492,0.0,0.0,0.0,0.03618160235289699,0.0,0.0,0.0,,,,,,,,,,,,,,,,,,,,,,,,,,,,,,,297.1319133023359,0.0,0.011889977414705256,0.0,0.0355845519304467,0.116829053883298,2.5659466224613383,0,1,0,0,0,0,0,0,1,0,0,0,0,0,0,0,0,0,0,0,0,0,0,0,1,0,0,0,0,0
synthetic_combo_CMDi-DirTrav-InfoDisc_3,synthetic_combo,"[""CMDi"", ""DirTrav"", ""InfoDisc""]",0,3,231.8617172187251,0.0,0.02742303523113812,594.5930875994449,4.521024970502788,0.023463865531606426,0.0,0.0,0.0,0.12845904692599863,0.0,0.01113178953076211,0.025384138667472987,0.10237401213302962,0.0,0.07296032460551127,0.08499905743624545,0.0054584485872207055,0.0,0.0,0.0,0.0,0.0,0.05146435559048545,0.1675714540700554,0.0,0.0,0.049342495206304765,0.0,0.0,0.0,0.0,0.0,0.0,0.0,0.0,0.0,0.0,0.0,0.0,0.0,0.006880381149993879,0.02450413760340591,0.0,8.009967185074656,3.013497479510144,0.046825389671262166,1.1514213689463644,0.034380013788397425,1.6091103912712952,0.7570672359373409,0.0,0.0,0.014235449377855381,0.010548186146475019,0.0,0.0,0.0,,,,,,,,,,,,,,,,,,,,,,,,,,,,,,,267.43580573268764,0.0,0.002312559544902104,0.0,0.028229403968578363,0.10787045205901932,1.6334730631916332,0,1,0,0,0,0,0,0,1,0,0,0,0,0,0,0,0,0,0,0,0,0,0,0,1,0,0,0,0,0
synthetic_combo_CMDi-DirTrav-InfoDisc_4,synthetic_combo,"[""CMDi"", ""DirTrav"", ""InfoDisc""]",0,3,250.67173677586806,0.0,0.015691105128396585,321.65907714873094,4.497545072795097,0.0,0.0,0.0,0.0,0.15207641456092508,0.0,0.0,0.0414060145755791,0.07278189163356469,0.0,0.008344233123842346,0.038920942025044244,0.00743947742972794,0.0,0.0,0.0,0.0,0.0,0.059522341046618354,0.1531349426536675,0.0,0.0,0.012265629667260117,0.0,0.0,0.0,0.0,0.0,0.0,0.0,0.0,0.0,0.0,0.0,0.0,0.0,0.04618246265689185,0.0017131640285317756,0.0,8.190946969436594,3.0123435270811134,0.04313602146291786,0.7638130530693963,0.0,1.8746321034648994,0.0,0.0,0.0,0.01405064490274658,0.007413189547865453,0.0,0.0,0.0,,,,,,,,,,,,,,,,,,,,,,,,,,,,,,,277.77160803368895,0.0,0.007078758087511069,0.0,0.010888046747482696,0.09916563837241388,1.2955451915257372,0,1,0,0,0,0,0,0,1,0,0,0,0,0,0,0,0,0,0,0,0,0,0,0,1,0,0,0,0,0
synthetic_combo_CMDi-DirTrav-InfoDisc_5,synthetic_combo,"[""CMDi"", ""DirTrav"", ""InfoDisc""]",0,3,230.7035582158627,0.0,0.024849369322979993,406.0797970017228,4.5142598115932415,0.04241331439021432,0.0,0.0,0.0,0.0,0.026942292477756043,0.036989870406127744,0.06658721545428882,0.14136121437734056,0.0,0.09473170631198595,0.06834823382032898,0.03282813771828187,0.0,0.0,0.0,0.0,0.0,0.047066881471945154,0.2230296228837303,0.0,0.0,0.0327115880057607,0.0,0.0,0.0,0.0,0.0,0.0,0.0,0.0,0.0,0.0,0.0,0.0,0.0,0.021589292168639737,0.01545420552232455,0.0,8.190031696089513,3.0112768153112497,0.004968662014852233,0.8882666516792124,0.021373606177795743,0.8937622752296744,0.6377498224426503,0.0,0.0,0.016823786790586437,0.02012918043570245,0.0,0.0,0.0,,,,,,,,,,,,,,,,,,,,,,,,,,,,,,,302.9854855621941,0.0,0.004574814320437864,0.0,0.023671620862920108,0.14561928110090416,1.7187248607344348,0,1,0,0,0,0,0,0,1,0,0,0,0,0,0,0,0,0,0,0,0,0,0,0,1,0,0,0,0,0
synthetic_combo_CMDi-DirTrav-InfoDisc_6,synthetic_combo,"[""CMDi"", ""DirTrav"", ""InfoDisc""]",0,3,243.31979719346586,0.0,0.027074314570296767,171.73519690638597,4.488869493825054,0.07809018844976813,0.0,0.0,0.0,0.27612115201951315,0.0,0.032241372081430124,0.0,0.1898629853823352,0.0,0.06055465245053881,0.04889469957193105,0.0,0.0,0.0,0.0,0.0,0.0,0.03202763703783778,0.22054200350826336,0.0,0.0,0.0004299481015053279,0.0,0.0,0.0,0.0,0.0,0.0,0.0,0.0,0.0,0.0,0.0,0.0,0.0,0.003136291013623508,0.025507107041267928,0.0,8.117559791948201,3.029824608466469,0.04633535937199604,0.9596975518284114,0.0427669326332099,2.264094462024666,0.6244910290443926,0.0,0.0,0.021262204257070753,0.027646122195237946,0.0,0.0,0.0,,,,,,,,,,,,,,,,,,,,,,,,,,,,,,,302.99477156229636,0.0,0.003511692314711358,0.0,0.04477186993760825,0.12030030707321215,1.4979702714550749,0,1,0,0,0,0,0,0,1,0,0,0,0,0,0,0,0,0,0,0,0,0,0,0,1,0,0,0,0,0
synthetic_combo_CMDi-DirTrav-InfoDisc_7,synthetic_combo,"[""CMDi"", ""DirTrav"", ""InfoDisc""]",0,3,237.17121883096308,0.0,0.021599264307919815,425.9314650361657,4.536033769735664,0.12172404390572646,0.0,0.0,0.0,0.009380374347842335,0.005144743208662508,0.007967538000485807,0.014484962703565599,0.05194139364193065,0.0,0.07875656069444571,0.11603504225616904,0.03449884853832213,0.0,0.0,0.0,0.0,0.0,0.06290662299539483,0.20439943005398897,0.0,0.0,0.006357170718424958,0.0,0.0,0.0,0.0,0.0,0.0,0.0,0.0,0.0,0.0,0.0,0.0,0.0,0.01632323525245853,0.02606819110749896,0.0,7.967484628611933,3.003503544381397,0.017779174327699435,0.7525833212032896,0.02048764573635345,2.1966865286024433,0.4929155745990398,0.0,0.0,0.02379093726932572,0.0,0.0,0.0,0.0,,,,,,,,,,,,,,,,,,,,,,,,,,,,,,,279.7612985071745,0.0,0.006251716727250472,0.0,0.029797395149600857,0.08457232461221653,1.7941931088832888,0,1,0,0,0,0,0,0,1,0,0,0,0,0,0,0,0,0,0,0,0,0,0,0,1,0,0,0,0,0
synthetic_combo_CORS-InfoDisc-XSS_0,synthetic_combo,"[""XSS"", ""CORS"", ""InfoDisc""]",0,3,229.6963396780112,0.0,0.02371964851605462,761.4094955379575,4.520541172793796,0.08576708310723796,0.0,0.0,0.0,0.24631669795076377,0.014525176254995513,0.012474941719684437,0.017856282867998084,0.10778376736527435,0.0,0.020162221982352173,0.02927192179104779,0.011934431677391864,0.0,0.0,0.0,0.0,0.0,0.02967569252038887,0.24602673333977843,0.0,0.0,0.03284273393420584,0.0,0.0,0.0,0.0,0.0,0.0,0.0,0.0,0.0,0.0,0.0,0.0,0.0,0.0,0.02211100011665298,0.0,8.093812467865677,3.0312798906547833,0.01557499191741959,1.1870658257444622,0.03617339648723413,0.9673701452312381,1.0912266945646794,0.0,0.0,0.0,0.0,0.0,0.0,0.0,,,,,,,,,,,,,,,,,,,,,,,,,,,,,,,310.2316177229508,0.0,0.0015509413490772872,0.0,0.04878683225132314,0.10275526602106949,0.3194070990543263,0,0,0,0,0,0,0,1,0,0,0,0,0,0,0,0,0,0,0,0,0,1,0,0,1,0,0,0,0,0
synthetic_combo_CORS-InfoDisc-XSS_1,synthetic_combo,"[""XSS"", ""CORS"", ""InfoDisc""]",0,3,227.540116264916,0.0,0.019441544680354417,82.78523621769739,4.490755305572153,0.07036700641425807,0.0,0.0,0.0,0.1478038618635315,0.031028138621697655,0.02068935659437858,0.02711657542612495,0.1476814339388665,0.0,0.0045042077728866745,0.07199290210804724,0.0,0.0,0.0,0.0,0.0,0.0,0.052664903113795604,0.23910611688061262,0.0,0.0,0.02125995626410326,0.0,0.0,0.0,0.0,0.0,0.0,0.0,0.0,0.0,0.0,0.0,0.0,0.0,0.006668277085453588,0.0,0.0,8.051283151010141,2.9965731380765983,0.015939595860767944,0.8087917841129368,0.09684256016915205,0.9345325130369717,0.7059093698314061,0.0,0.0,0.011883758451761836,0.015037702951729999,0.0,0.0,0.0,,,,,,,,,,,,,,,,,,,,,,,,,,,,,,,301.6083187898232,0.0,0.007665099582694209,0.0,0.019455097544843113,0.1475292687826428,2.7337411667191405,0,0,0,0,0,0,0,1,0,0,0,0,0,0,0,0,0,0,0,0,0,1,0,0,1,0,0,0,0,0
synthetic_combo_CORS-InfoDisc-XSS_2,synthetic_combo,"[""XSS"", ""CORS"", ""InfoDisc""]",0,3,224.06285969571525,0.0,0.0185528929311345,611.1834139754607,4.514273520456689,0.09202099698430152,0.0,0.0,0.0,0.3017345492979957,0.055991075307311726,0.015916042395002827,0.017368019124897813,0.03625191210362129,0.0,0.07681143556103451,0.03457771396954337,0.00302039427632465,0.0,0.0,0.0,0.0,0.0,0.057206780316412284,0.1985909198450137,0.0,0.0,0.004779571528078673,0.0,0.0,0.0,0.0,0.0,0.0,0.0,0.0,0.0,0.0,0.0,0.0,0.0,0.010401531010165825,0.023797027315763872,0.0,8.146517968296981,3.0308688464815807,0.0,0.9559264041226972,0.01724016718918389,2.0118163545678165,0.5654988717535865,0.0,0.0,0.01571675541027718,0.022598232637474045,0.0,0.0,0.0,,,,,,,,,,,,,,,,,,,,,,,,,,,,,,,295.4032640390827,0.0,0.002081111366425612,0.0,0.028005792825075454,0.12080784560702505,0.3863180064734728,0,0,0,0,0,0,0,1,0,0,0,0,0,0,0,0,0,0,0,0,0,1,0,0,1,0,0,0,0,0
synthetic_combo_CORS-InfoDisc-XSS_3,synthetic_combo,"[""XSS"", ""CORS"", ""InfoDisc""]",0,3,239.21300840813095,0.0,0.01976518305555641,755.1127443428722,4.511598081601674,0.0,0.0,0.0,0.0,0.19913909472933336,0.0445491937317605,0.0018990313522703247,0.0723912216940783,0.014397086079515842,0.0,0.07230672381693207,0.04277181222115305,0.0,0.0,0.0,0.0,0.0,0.0,0.0477207648840348,0.21344741059082664,0.0,0.0,0.01854747382211914,0.0,0.0,0.0,0.0,0.0,0.0,0.0,0.0,0.0,0.0,0.0,0.0,0.0,0.000555074851046021,0.006771805102479432,0.0,8.139724283877506,3.0176747495734597,0.006011457193427879,0.9937636993858494,0.11141405380362734,1.3429003840343388,0.699815008178764,0.0,0.0,0.015364251163916291,0.00813549991581335,0.0,0.0,0.0,,,,,,,,,,,,,,,,,,,,,,,,,,,,,,,345.7232457668199,0.0,0.008136237359434584,0.0,0.030262249656305886,0.08761793420475752,1.2440959632703752,0,0,0,0,0,0,0,1,0,0,0,0,0,0,0,0,0,0,0,0,0,1,0,0,1,0,0,0,0,0
synthetic_combo_CORS-InfoDisc-XSS_4,synthetic_combo,"[""XSS"", ""CORS"", ""InfoDisc""]",0,3,237.93759623161895,0.0,0.026674431905620865,562.374682605248,4.568147624922938,0.14728645402985052,0.0,0.0,0.0,0.11467655041099906,0.03357638654145591,0.027184057160380713,0.021557068152425727,0.004832867486951387,0.0,0.0391986886596203,0.11890239410987885,0.007356246796155378,0.0,0.0,0.0,0.0,0.0,0.018913961362630977,0.1734252717881929,0.0,0.0,0.021208226979048214,0.0,0.0,0.0,0.0,0.0,0.0,0.0,0.0,0.0,0.0,0.0,0.0,0.0,0.001957705423647196,0.018269339230140465,0.0,8.140472016553533,3.000256619472198,0.010825932805192486,1.1397752060427735,0.04976476448913253,2.22093295532484,0.07405737741582841,0.0,0.0,0.006005866313856958,0.0,0.0,0.0,0.0,,,,,,,,,,,,,,,,,,,,,,,,,,,,,,,306.5274259185806,0.0,0.006393585020515289,0.0,0.037351506150581526,0.13050240327028353,2.03282401278815,0,0,0,0,0,0,0,1,0,0,0,0,0,0,0,0,0,0,0,0,0,1,0,0,1,0,0,0,0,0
synthetic_combo_CORS-InfoDisc-XSS_5,synthetic_combo,"[""XSS"", ""CORS"", ""InfoDisc""]",0,3,246.67365145481642,0.0,0.020095343654909656,297.72239907468645,4.56665803019744,0.04696061847973773,0.0,0.0,0.0,0.0,0.031331122631280295,0.005388490263765063,0.02810180797965323,0.24434756449953804,0.0,0.04061798182385883,0.06899330985459383,0.020033564770832703,0.0,0.0,0.0,0.0,0.0,0.0587528457804284,0.16300648370658993,0.0,0.0,0.01857993397059754,0.0,0.0,0.0,0.0,0.0,0.0,0.0,0.0,0.0,0.0,0.0,0.0,0.0,0.006031360311111123,0.0,0.0,8.162175706794775,3.033425414381929,0.0,0.8986234533553629,0.0011643927330482612,2.0881210919757014,0.8385377882066334,0.0,0.0,0.035036678745162635,0.008895675334940626,0.0,0.0,0.0,,,,,,,,,,,,,,,,,,,,,,,,,,,,,,,331.0059051020477,0.0,0.010635269558177363,0.0,0.023013192652935208,0.11110449260950882,1.1362612297370407,0,0,0,0,0,0,0,1,0,0,0,0,0,0,0,0,0,0,0,0,0,1,0,0,1,0,0,0,0,0
synthetic_combo_CORS-InfoDisc-XSS_6,synthetic_combo,"[""XSS"", ""CORS"", ""InfoDisc""]",0,3,236.90209850297092,0.0,0.03726417737229465,492.0130098822316,4.561520997196122,0.10413373794633546,0.0,0.0,0.0,0.1691390998381904,0.006253439853318419,0.020471312971048605,0.03880429125125298,0.12479533830974239,0.0,0.0,0.016716372968412108,0.019469165873578973,0.0,0.0,0.0,0.0,0.0,0.03683473902212347,0.20451299702204406,0.0,0.0,0.01706422036402864,0.0,0.0,0.0,0.0,0.0,0.0,0.0,0.0,0.0,0.0,0.0,0.0,0.0,0.006812222422345085,0.0,0.0,8.09136840950447,3.011375769304253,0.05191117519683146,1.0051373146438003,0.07848612624452517,0.8462788235133748,0.9008135576125295,0.0,0.0,0.01129857790640447,0.03780192294100532,0.0,0.0,0.0,,,,,,,,,,,,,,,,,,,,,,,,,,,,,,,320.1298739588663,0.0,0.00710642826980089,0.0,0.030397886420056964,0.15152354543063729,2.5034034667865304,0,0,0,0,0,0,0,1,0,0,0,0,0,0,0,0,0,0,0,0,0,1,0,0,1,0,0,0,0,0
synthetic_combo_CORS-InfoDisc-XSS_7,synthetic_combo,"[""XSS"", ""CORS"", ""InfoDisc""]",0,3,227.6111531693926,0.0,0.014478445826494761,511.9405380969513,4.52509217127515,0.09284063281581656,0.0,0.0,0.0,0.3020932094576592,0.046280995082048915,0.030172765030644838,0.005453607822963315,0.0,0.0,0.015104887414750252,0.02803449966209729,0.0180639124578181,0.0,0.0,0.0,0.0,0.0,0.02375987859131559,0.17040241709770396,0.0,0.0,0.008754524820628499,0.0,0.0,0.0,0.0,0.0,0.0,0.0,0.0,0.0,0.0,0.0,0.0,0.0,0.0051619405400283695,0.0,0.0,8.155515615763857,3.029539102521828,0.061955141016688614,0.9747688900243346,0.04435857603299086,1.914065134941471,0.6092938943373739,0.0,0.0,0.006319705846782923,0.0110042073446786,0.0,0.0,0.0,,,,,,,,,,,,,,,,,,,,,,,,,,,,,,,294.0740650347539,0.0,0.010297781467428758,0.0,0.028411484351885574,0.127697802358178,1.5515307387601391,0,0,0,0,0,0,0,1,0,0,0,0,0,0,0,0,0,0,0,0,0,1,0,0,1,0,0,0,0,0
