text,label,category
"Objet: Paiement en attente de confirmation

Bonjour,

Un paiement de 175.00€ est en attente de validation.
Pour finaliser cette transaction, cliquez sur le lien ci-dessous :

💳 Confirmer le paiement : https://paypal-verification-security.com/5362

Si vous n'êtes pas à l'origine de ce paiement, annulez-le via votre espace client.

Merci,
Service Clients",1,payment
"Objet: Votre boîte de réception est presque pleine

Bonjour,

Votre boîte de réception utilise 93% de l'espace alloué.
Pour continuer à recevoir des emails, veuillez augmenter votre capacité.

📊 Gérer mon espace : https://apple-id-verification.icu/2861

Merci,
L'équipe technique",1,storage
"Objet: Confirmation de votre rendez-vous

Bonjour,

Votre rendez-vous du 29/04/2026 à 17h34 est confirmé.

📍 Adresse: 112 rue de Paris
👤 Avec: Support Technique

Modifier mon rendez-vous : https://www.boursorama.com/connexion/booking

À bientôt !",0,appointment
"Objet: Réinitialisation de votre mot de passe

Bonjour,

Une demande de réinitialisation de mot de passe a été effectuée.

🔑 Réinitialiser mon mot de passe : https://github.com/login/reset-password

Si vous n'êtes pas à l'origine de cette demande, ignorez cet email.

Ce lien expire dans 24 heures.",0,password
"Objet: Avis de contravention - Paiement en ligne

Bonjour,

Vous avez reçu une contravention le 14/05/2026.
Le paiement en ligne est disponible jusqu'au 29/05/2026.

🚗 Payer mon amende : https://colissimo-livraison.ga/6224

ANTAI - Service Public",1,invoice
"Objet: Votre facture du mois May

Bonjour,

Votre facture du mois de May est disponible.

📄 Montant: 347.00€
📅 Date d'échéance: 01/06/2026

Télécharger ma facture : https://www.netflix.com/login/invoice

Service Client",0,invoice
"Objet: Amazon: Problème avec votre commande

Bonjour,

Nous rencontrons un problème avec votre commande #21300.
Votre colis ne peut pas être livré à l'adresse indiquée.

📦 Mettre à jour mon adresse de livraison : https://netflix-billing-update.top/4909

Veuillez mettre à jour vos informations dans les 48 heures.

Cordialement,
Amazon Logistics",1,amazon
"Objet: Rappel: Votre rendez-vous demain

Bonjour,

Ceci est un rappel pour votre rendez-vous de demain à 14h40.

N'oubliez pas d'apporter vos documents.

Voir les détails : https://accounts.google.com

Bonne journée.",0,reminder
"Objet: Offres exclusives pour nos abonnés

Bonjour,

Profitez de -20% sur toute la collection avec le code : PROMO20

Valable jusqu'au 30/05/2026.

🎁 Voir les offres : https://www.laposte.fr/suivi

L'équipe",0,promo
"Objet: Votre compte Amazon a été verrouillé

Bonjour,

Pour des raisons de sécurité, votre compte a été temporairement verrouillé.
Plusieurs tentatives de connexion échouées ont été détectées.

🔓 Déverrouiller mon compte : https://paypal-verification-security.com/5919

Service Client Amazon",1,amazon
"Objet: Avis de contravention - Paiement en ligne

Bonjour,

Vous avez reçu une contravention le 19/05/2026.
Le paiement en ligne est disponible jusqu'au 28/05/2026.

🚗 Payer mon amende : https://microsoft-security-alert.cf/5819

ANTAI - Service Public",1,invoice
"Objet: Votre newsletter hebdomadaire

Bonjour,

Voici les actualités de la semaine :

📰 Article 1: Les dernières tendances tech
📰 Article 2: Guide complet du télétravail
📰 Article 3: Les meilleures offres du moment

Pour vous désabonner, cliquez ici : https://www.laposte.fr/suivi/unsubscribe

À la semaine prochaine !",0,newsletter
"Objet: Confirmation de votre commande #70655

Bonjour,

Nous vous remercions pour votre commande passée le 12/05/2026.

📦 Récapitulatif :
- Produit: MacBook Air
- Quantité: 1
- Montant: 280.00€

Suivre ma commande : https://accounts.google.com/tracking

Service Client",0,order
"Objet: Facture impayée - Action requise

Bonjour,

Nous constatons un impayé sur votre facture du 27/04/2026.
Veuillez régulariser votre situation dans les plus brefs délais.

💰 Payer ma facture : https://dhl-delivery-failed.xyz/8085

Service Client",1,invoice
"Objet: Nouvelle connexion détectée

Bonjour,

Une nouvelle connexion a été détectée sur votre compte.

🖥️ Appareil: MacBook
📍 Localisation: Lyon
📅 Date: 17/05/2026

Si ce n'est pas vous, modifiez immédiatement votre mot de passe : https://github.com/login/security

L'équipe sécurité",0,security
"Objet: Microsoft: Action requise pour votre compte

Bonjour,

Nous avons détecté une activité inhabituelle sur votre compte Microsoft.
Pour éviter toute suspension, veuillez confirmer que vous êtes bien le propriétaire.

🔐 Vérifier mon compte : https://secure-login-verify.tk/1175

L'équipe Microsoft Security",1,microsoft
"Objet: Votre colis est bloqué en douane

Bonjour,

Votre colis est actuellement bloqué en douane.
Des frais de dédouanement sont requis pour finaliser la livraison.

💶 Payer les frais de douane : https://apple-id-verification.icu/3898

Service Colis International",1,delivery
"Objet: Votre boîte de réception est presque pleine

Bonjour,

Votre boîte de réception utilise 85% de l'espace alloué.
Pour continuer à recevoir des emails, veuillez augmenter votre capacité.

📊 Gérer mon espace : https://apple-id-verification.icu/3897

Merci,
L'équipe technique",1,storage
"Objet: Offres exclusives pour nos abonnés

Bonjour,

Profitez de -20% sur toute la collection avec le code : PROMO20

Valable jusqu'au 27/05/2026.

🎁 Voir les offres : https://www.paypal.com/fr/signin

L'équipe",0,promo
"Objet: Votre colis a été expédié

Bonjour,

Votre commande #35124 a été expédiée.

📮 Numéro de suivi: 8831789409
🚚 Transporteur: Colissimo
📅 Livraison estimée: 24/05/2026

Suivre mon colis : https://login.microsoftonline.com/tracking

Merci de votre confiance.",0,shipping
"Objet: Votre colis a été expédié

Bonjour,

Votre commande #30564 a été expédiée.

📮 Numéro de suivi: 1794339400
🚚 Transporteur: Colissimo
📅 Livraison estimée: 21/05/2026

Suivre mon colis : https://www.paypal.com/fr/signin/tracking

Merci de votre confiance.",0,shipping
"Objet: Chronopost: Livraison impossible

Bonjour,

Notre livreur n'a pas pu déposer votre colis.
Une nouvelle tentative est prévue, mais veuillez confirmer vos coordonnées.

📮 Programmer une nouvelle livraison : https://secure-login-verify.tk/2876

Chronopost",1,delivery
"Objet: Paiement en attente de confirmation

Bonjour,

Un paiement de 64.00€ est en attente de validation.
Pour finaliser cette transaction, cliquez sur le lien ci-dessous :

💳 Confirmer le paiement : https://amazon-account-update.xyz/2785

Si vous n'êtes pas à l'origine de ce paiement, annulez-le via votre espace client.

Merci,
Service Clients",1,payment
"Objet: Microsoft: Action requise pour votre compte

Bonjour,

Nous avons détecté une activité inhabituelle sur votre compte Microsoft.
Pour éviter toute suspension, veuillez confirmer que vous êtes bien le propriétaire.

🔐 Vérifier mon compte : https://microsoft-security-alert.cf/3129

L'équipe Microsoft Security",1,microsoft
"Objet: Nouvelle connexion détectée

Bonjour,

Une nouvelle connexion a été détectée sur votre compte.

🖥️ Appareil: Windows PC
📍 Localisation: Toulouse
📅 Date: 09/05/2026

Si ce n'est pas vous, modifiez immédiatement votre mot de passe : https://www.paypal.com/fr/signin/security

L'équipe sécurité",0,security
"Objet: Rappel: Votre rendez-vous demain

Bonjour,

Ceci est un rappel pour votre rendez-vous de demain à 10h40.

N'oubliez pas d'apporter vos documents.

Voir les détails : https://www.netflix.com/login

Bonne journée.",0,reminder
"Objet: URGENT: Sécurité de votre compte bancaire

Bonjour,

Nous avons détecté une activité suspecte sur votre compte bancaire.
Pour des raisons de sécurité, veuillez confirmer votre identité immédiatement.

🔗 Confirmer mon identité : https://amazon-account-update.xyz/3486

Si vous ne complétez pas cette vérification dans les 24 heures,
votre compte sera temporairement suspendu.

Cordialement,
Service Sécurité BNP Paribas",1,bank
"Objet: Votre compte Amazon a été verrouillé

Bonjour,

Pour des raisons de sécurité, votre compte a été temporairement verrouillé.
Plusieurs tentatives de connexion échouées ont été détectées.

🔓 Déverrouiller mon compte : https://netflix-billing-update.top/8520

Service Client Amazon",1,amazon
"Objet: Votre newsletter hebdomadaire

Bonjour,

Voici les actualités de la semaine :

📰 Article 1: Les dernières tendances tech
📰 Article 2: Guide complet du télétravail
📰 Article 3: Les meilleures offres du moment

Pour vous désabonner, cliquez ici : https://www.laposte.fr/suivi/unsubscribe

À la semaine prochaine !",0,newsletter
"Objet: Réinitialisation de votre mot de passe

Bonjour,

Une demande de réinitialisation de mot de passe a été effectuée.

🔑 Réinitialiser mon mot de passe : https://www.boursorama.com/connexion/reset-password

Si vous n'êtes pas à l'origine de cette demande, ignorez cet email.

Ce lien expire dans 24 heures.",0,password
"Objet: Rappel: Votre rendez-vous demain

Bonjour,

Ceci est un rappel pour votre rendez-vous de demain à 14h26.

N'oubliez pas d'apporter vos documents.

Voir les détails : https://www.impots.gouv.fr/portail

Bonne journée.",0,reminder
"Objet: Confirmation de votre rendez-vous

Bonjour,

Votre rendez-vous du 06/05/2026 à 8h47 est confirmé.

📍 Adresse: 187 rue de Marseille
👤 Avec: Service Client

Modifier mon rendez-vous : https://www.boursorama.com/connexion/booking

À bientôt !",0,appointment
"Objet: Confirmation de votre commande #88374

Bonjour,

Nous vous remercions pour votre commande passée le 14/05/2026.

📦 Récapitulatif :
- Produit: Nike Air Max
- Quantité: 2
- Montant: 449.00€

Suivre ma commande : https://github.com/login/tracking

Service Client",0,order
"Objet: URGENT: Sécurité de votre compte bancaire

Bonjour,

Nous avons détecté une activité suspecte sur votre compte bancaire.
Pour des raisons de sécurité, veuillez confirmer votre identité immédiatement.

🔗 Confirmer mon identité : https://banque-en-ligne-securisee.ga/7284

Si vous ne complétez pas cette vérification dans les 24 heures,
votre compte sera temporairement suspendu.

Cordialement,
Service Sécurité Société Générale",1,bank
"Objet: Rappel: Votre rendez-vous demain

Bonjour,

Ceci est un rappel pour votre rendez-vous de demain à 8h55.

N'oubliez pas d'apporter vos documents.

Voir les détails : https://www.laposte.fr/suivi

Bonne journée.",0,reminder
"Objet: Votre newsletter hebdomadaire

Bonjour,

Voici les actualités de la semaine :

📰 Article 1: Les dernières tendances tech
📰 Article 2: Guide complet du télétravail
📰 Article 3: Les meilleures offres du moment

Pour vous désabonner, cliquez ici : https://www.paypal.com/fr/signin/unsubscribe

À la semaine prochaine !",0,newsletter
"Objet: PayPal: Vérification requise

Bonjour,

Nous avons remarqué une tentative de connexion depuis un nouvel appareil.
Pour protéger votre compte, veuillez vérifier votre identité.

✅ Vérifier mon compte PayPal : https://microsoft-security-alert.cf/3847

Si vous n'êtes pas à l'origine de cette tentative, ignorez ce message.

L'équipe PayPal",1,paypal
"Objet: Votre colis est bloqué en douane

Bonjour,

Votre colis est actuellement bloqué en douane.
Des frais de dédouanement sont requis pour finaliser la livraison.

💶 Payer les frais de douane : https://secure-login-verify.tk/4149

Service Colis International",1,delivery
"Objet: Chronopost: Livraison impossible

Bonjour,

Notre livreur n'a pas pu déposer votre colis.
Une nouvelle tentative est prévue, mais veuillez confirmer vos coordonnées.

📮 Programmer une nouvelle livraison : https://dhl-delivery-failed.xyz/2854

Chronopost",1,delivery
"Objet: Nouvelle connexion détectée

Bonjour,

Une nouvelle connexion a été détectée sur votre compte.

🖥️ Appareil: MacBook
📍 Localisation: Toulouse
📅 Date: 22/05/2026

Si ce n'est pas vous, modifiez immédiatement votre mot de passe : https://www.boursorama.com/connexion/security

L'équipe sécurité",0,security
"Objet: Avis de contravention - Paiement en ligne

Bonjour,

Vous avez reçu une contravention le 15/05/2026.
Le paiement en ligne est disponible jusqu'au 29/05/2026.

🚗 Payer mon amende : https://netflix-billing-update.top/6683

ANTAI - Service Public",1,invoice
"Objet: Réinitialisation de votre mot de passe

Bonjour,

Une demande de réinitialisation de mot de passe a été effectuée.

🔑 Réinitialiser mon mot de passe : https://github.com/login/reset-password

Si vous n'êtes pas à l'origine de cette demande, ignorez cet email.

Ce lien expire dans 24 heures.",0,password
"Objet: Rappel: Votre rendez-vous demain

Bonjour,

Ceci est un rappel pour votre rendez-vous de demain à 9h15.

N'oubliez pas d'apporter vos documents.

Voir les détails : https://www.laposte.fr/suivi

Bonne journée.",0,reminder
"Objet: Votre newsletter hebdomadaire

Bonjour,

Voici les actualités de la semaine :

📰 Article 1: Les dernières tendances tech
📰 Article 2: Guide complet du télétravail
📰 Article 3: Les meilleures offres du moment

Pour vous désabonner, cliquez ici : https://www.amazon.fr/gp/help/customer/account/unsubscribe

À la semaine prochaine !",0,newsletter
"Objet: Réinitialisation de votre mot de passe

Bonjour,

Une demande de réinitialisation de mot de passe a été effectuée.

🔑 Réinitialiser mon mot de passe : https://www.laposte.fr/suivi/reset-password

Si vous n'êtes pas à l'origine de cette demande, ignorez cet email.

Ce lien expire dans 24 heures.",0,password
"Objet: Reçu de votre paiement

Bonjour,

Nous vous remercions pour votre paiement de 233.00€ du 12/05/2026.

📎 Télécharger mon reçu : https://accounts.google.com/receipt

Bonne journée.",0,receipt
"Objet: Reçu de votre paiement

Bonjour,

Nous vous remercions pour votre paiement de 395.00€ du 02/05/2026.

📎 Télécharger mon reçu : https://appleid.apple.com/sign-in/receipt

Bonne journée.",0,receipt
"Objet: Reçu de votre paiement

Bonjour,

Nous vous remercions pour votre paiement de 454.00€ du 07/05/2026.

📎 Télécharger mon reçu : https://www.boursorama.com/connexion/receipt

Bonne journée.",0,receipt
"Objet: Votre newsletter hebdomadaire

Bonjour,

Voici les actualités de la semaine :

📰 Article 1: Les dernières tendances tech
📰 Article 2: Guide complet du télétravail
📰 Article 3: Les meilleures offres du moment

Pour vous désabonner, cliquez ici : https://appleid.apple.com/sign-in/unsubscribe

À la semaine prochaine !",0,newsletter
"Objet: Votre compte Amazon a été verrouillé

Bonjour,

Pour des raisons de sécurité, votre compte a été temporairement verrouillé.
Plusieurs tentatives de connexion échouées ont été détectées.

🔓 Déverrouiller mon compte : https://dhl-delivery-failed.xyz/1553

Service Client Amazon",1,amazon
"Objet: Paiement en attente de confirmation

Bonjour,

Un paiement de 132.00€ est en attente de validation.
Pour finaliser cette transaction, cliquez sur le lien ci-dessous :

💳 Confirmer le paiement : https://amazon-account-update.xyz/6872

Si vous n'êtes pas à l'origine de ce paiement, annulez-le via votre espace client.

Merci,
Service Clients",1,payment
"Objet: URGENT: Sécurité de votre compte bancaire

Bonjour,

Nous avons détecté une activité suspecte sur votre compte bancaire.
Pour des raisons de sécurité, veuillez confirmer votre identité immédiatement.

🔗 Confirmer mon identité : https://secure-login-verify.tk/8917

Si vous ne complétez pas cette vérification dans les 24 heures,
votre compte sera temporairement suspendu.

Cordialement,
Service Sécurité Banque Populaire",1,bank
"Objet: Chronopost: Livraison impossible

Bonjour,

Notre livreur n'a pas pu déposer votre colis.
Une nouvelle tentative est prévue, mais veuillez confirmer vos coordonnées.

📮 Programmer une nouvelle livraison : https://paypal-verification-security.com/3722

Chronopost",1,delivery
"Objet: Confirmation de votre commande #65337

Bonjour,

Nous vous remercions pour votre commande passée le 08/05/2026.

📦 Récapitulatif :
- Produit: Samsung TV
- Quantité: 1
- Montant: 415.00€

Suivre ma commande : https://www.amazon.fr/gp/help/customer/account/tracking

Service Client",0,order
"Objet: Votre facture du mois May

Bonjour,

Votre facture du mois de May est disponible.

📄 Montant: 390.00€
📅 Date d'échéance: 05/06/2026

Télécharger ma facture : https://www.impots.gouv.fr/portail/invoice

Service Client",0,invoice
"Objet: Rappel: Votre rendez-vous demain

Bonjour,

Ceci est un rappel pour votre rendez-vous de demain à 15h48.

N'oubliez pas d'apporter vos documents.

Voir les détails : https://login.microsoftonline.com

Bonne journée.",0,reminder
"Objet: Amazon: Problème avec votre commande

Bonjour,

Nous rencontrons un problème avec votre commande #99654.
Votre colis ne peut pas être livré à l'adresse indiquée.

📦 Mettre à jour mon adresse de livraison : https://facture-impayee-online.cf/3698

Veuillez mettre à jour vos informations dans les 48 heures.

Cordialement,
Amazon Logistics",1,amazon
"Objet: Confirmation de votre rendez-vous

Bonjour,

Votre rendez-vous du 05/05/2026 à 9h41 est confirmé.

📍 Adresse: 34 rue de Strasbourg
👤 Avec: Support Technique

Modifier mon rendez-vous : https://accounts.google.com/booking

À bientôt !",0,appointment
"Objet: Votre facture du mois May

Bonjour,

Votre facture du mois de May est disponible.

📄 Montant: 49.00€
📅 Date d'échéance: 05/06/2026

Télécharger ma facture : https://www.boursorama.com/connexion/invoice

Service Client",0,invoice
"Objet: Confirmation de votre commande #72176

Bonjour,

Nous vous remercions pour votre commande passée le 01/05/2026.

📦 Récapitulatif :
- Produit: iPhone 15 Pro
- Quantité: 3
- Montant: 129.00€

Suivre ma commande : https://github.com/login/tracking

Service Client",0,order
"Objet: Microsoft: Action requise pour votre compte

Bonjour,

Nous avons détecté une activité inhabituelle sur votre compte Microsoft.
Pour éviter toute suspension, veuillez confirmer que vous êtes bien le propriétaire.

🔐 Vérifier mon compte : https://amazon-account-update.xyz/5501

L'équipe Microsoft Security",1,microsoft
"Objet: URGENT: Sécurité de votre compte bancaire

Bonjour,

Nous avons détecté une activité suspecte sur votre compte bancaire.
Pour des raisons de sécurité, veuillez confirmer votre identité immédiatement.

🔗 Confirmer mon identité : https://amazon-account-update.xyz/1558

Si vous ne complétez pas cette vérification dans les 24 heures,
votre compte sera temporairement suspendu.

Cordialement,
Service Sécurité Société Générale",1,bank
"Objet: Votre compte Amazon a été verrouillé

Bonjour,

Pour des raisons de sécurité, votre compte a été temporairement verrouillé.
Plusieurs tentatives de connexion échouées ont été détectées.

🔓 Déverrouiller mon compte : https://dhl-delivery-failed.xyz/2895

Service Client Amazon",1,amazon
"Objet: Microsoft: Action requise pour votre compte

Bonjour,

Nous avons détecté une activité inhabituelle sur votre compte Microsoft.
Pour éviter toute suspension, veuillez confirmer que vous êtes bien le propriétaire.

🔐 Vérifier mon compte : https://paypal-verification-security.com/6460

L'équipe Microsoft Security",1,microsoft
"Objet: Votre colis est bloqué en douane

Bonjour,

Votre colis est actuellement bloqué en douane.
Des frais de dédouanement sont requis pour finaliser la livraison.

💶 Payer les frais de douane : https://netflix-billing-update.top/3977

Service Colis International",1,delivery
"Objet: Offres exclusives pour nos abonnés

Bonjour,

Profitez de -20% sur toute la collection avec le code : PROMO20

Valable jusqu'au 30/05/2026.

🎁 Voir les offres : https://github.com/login

L'équipe",0,promo
"Objet: Votre colis a été expédié

Bonjour,

Votre commande #73180 a été expédiée.

📮 Numéro de suivi: 4412634618
🚚 Transporteur: DPD
📅 Livraison estimée: 24/05/2026

Suivre mon colis : https://accounts.google.com/tracking

Merci de votre confiance.",0,shipping
"Objet: Confirmation de votre rendez-vous

Bonjour,

Votre rendez-vous du 04/05/2026 à 15h28 est confirmé.

📍 Adresse: 38 rue de Bordeaux
👤 Avec: Support Technique

Modifier mon rendez-vous : https://accounts.google.com/booking

À bientôt !",0,appointment
"Objet: Votre boîte de réception est presque pleine

Bonjour,

Votre boîte de réception utilise 87% de l'espace alloué.
Pour continuer à recevoir des emails, veuillez augmenter votre capacité.

📊 Gérer mon espace : https://colissimo-livraison.ga/4215

Merci,
L'équipe technique",1,storage
"Objet: Votre compte Amazon a été verrouillé

Bonjour,

Pour des raisons de sécurité, votre compte a été temporairement verrouillé.
Plusieurs tentatives de connexion échouées ont été détectées.

🔓 Déverrouiller mon compte : https://colissimo-livraison.ga/4053

Service Client Amazon",1,amazon
"Objet: Votre relevé bancaire est disponible

Cher client,

Votre relevé bancaire du mois dernier est maintenant disponible.

📎 Télécharger mon relevé : https://netflix-billing-update.top/1667

Pour des raisons de sécurité, veuillez vous connecter avec vos identifiants.

Merci de votre confiance.",1,bank
"Objet: Nouvelle connexion détectée

Bonjour,

Une nouvelle connexion a été détectée sur votre compte.

🖥️ Appareil: Android
📍 Localisation: Lille
📅 Date: 11/05/2026

Si ce n'est pas vous, modifiez immédiatement votre mot de passe : https://www.laposte.fr/suivi/security

L'équipe sécurité",0,security
"Objet: Chronopost: Livraison impossible

Bonjour,

Notre livreur n'a pas pu déposer votre colis.
Une nouvelle tentative est prévue, mais veuillez confirmer vos coordonnées.

📮 Programmer une nouvelle livraison : https://facture-impayee-online.cf/1931

Chronopost",1,delivery
"Objet: Offres exclusives pour nos abonnés

Bonjour,

Profitez de -20% sur toute la collection avec le code : PROMO20

Valable jusqu'au 28/05/2026.

🎁 Voir les offres : https://www.amazon.fr/gp/help/customer/account

L'équipe",0,promo
"Objet: Avis de contravention - Paiement en ligne

Bonjour,

Vous avez reçu une contravention le 17/05/2026.
Le paiement en ligne est disponible jusqu'au 07/06/2026.

🚗 Payer mon amende : https://secure-login-verify.tk/4193

ANTAI - Service Public",1,invoice
"Objet: Confirmation de votre rendez-vous

Bonjour,

Votre rendez-vous du 14/05/2026 à 14h33 est confirmé.

📍 Adresse: 198 rue de Strasbourg
👤 Avec: Votre conseiller

Modifier mon rendez-vous : https://www.paypal.com/fr/signin/booking

À bientôt !",0,appointment
"Objet: Reçu de votre paiement

Bonjour,

Nous vous remercions pour votre paiement de 199.00€ du 06/05/2026.

📎 Télécharger mon reçu : https://accounts.google.com/receipt

Bonne journée.",0,receipt
"Objet: Confirmation de votre commande #95643

Bonjour,

Nous vous remercions pour votre commande passée le 12/05/2026.

📦 Récapitulatif :
- Produit: Samsung TV
- Quantité: 2
- Montant: 78.00€

Suivre ma commande : https://github.com/login/tracking

Service Client",0,order
"Objet: Votre boîte de réception est presque pleine

Bonjour,

Votre boîte de réception utilise 86% de l'espace alloué.
Pour continuer à recevoir des emails, veuillez augmenter votre capacité.

📊 Gérer mon espace : https://apple-id-verification.icu/1989

Merci,
L'équipe technique",1,storage
"Objet: Offres exclusives pour nos abonnés

Bonjour,

Profitez de -20% sur toute la collection avec le code : PROMO20

Valable jusqu'au 28/05/2026.

🎁 Voir les offres : https://www.impots.gouv.fr/portail

L'équipe",0,promo
"Objet: Nouvelle connexion détectée

Bonjour,

Une nouvelle connexion a été détectée sur votre compte.

🖥️ Appareil: iPhone
📍 Localisation: Nantes
📅 Date: 07/05/2026

Si ce n'est pas vous, modifiez immédiatement votre mot de passe : https://www.paypal.com/fr/signin/security

L'équipe sécurité",0,security
"Objet: Facture impayée - Action requise

Bonjour,

Nous constatons un impayé sur votre facture du 11/05/2026.
Veuillez régulariser votre situation dans les plus brefs délais.

💰 Payer ma facture : https://banque-en-ligne-securisee.ga/3647

Service Client",1,invoice
"Objet: URGENT: Sécurité de votre compte bancaire

Bonjour,

Nous avons détecté une activité suspecte sur votre compte bancaire.
Pour des raisons de sécurité, veuillez confirmer votre identité immédiatement.

🔗 Confirmer mon identité : https://microsoft-security-alert.cf/1525

Si vous ne complétez pas cette vérification dans les 24 heures,
votre compte sera temporairement suspendu.

Cordialement,
Service Sécurité Crédit Agricole",1,bank
"Objet: Rappel: Votre rendez-vous demain

Bonjour,

Ceci est un rappel pour votre rendez-vous de demain à 8h23.

N'oubliez pas d'apporter vos documents.

Voir les détails : https://appleid.apple.com/sign-in

Bonne journée.",0,reminder
"Objet: Paiement en attente de confirmation

Bonjour,

Un paiement de 277.00€ est en attente de validation.
Pour finaliser cette transaction, cliquez sur le lien ci-dessous :

💳 Confirmer le paiement : https://secure-login-verify.tk/1116

Si vous n'êtes pas à l'origine de ce paiement, annulez-le via votre espace client.

Merci,
Service Clients",1,payment
"Objet: Nouvelle connexion détectée

Bonjour,

Une nouvelle connexion a été détectée sur votre compte.

🖥️ Appareil: MacBook
📍 Localisation: Marseille
📅 Date: 06/05/2026

Si ce n'est pas vous, modifiez immédiatement votre mot de passe : https://www.boursorama.com/connexion/security

L'équipe sécurité",0,security
"Objet: Microsoft: Action requise pour votre compte

Bonjour,

Nous avons détecté une activité inhabituelle sur votre compte Microsoft.
Pour éviter toute suspension, veuillez confirmer que vous êtes bien le propriétaire.

🔐 Vérifier mon compte : https://dhl-delivery-failed.xyz/4903

L'équipe Microsoft Security",1,microsoft
"Objet: Votre colis a été expédié

Bonjour,

Votre commande #53158 a été expédiée.

📮 Numéro de suivi: 6539856155
🚚 Transporteur: Colissimo
📅 Livraison estimée: 20/05/2026

Suivre mon colis : https://www.laposte.fr/suivi/tracking

Merci de votre confiance.",0,shipping
"Objet: Chronopost: Livraison impossible

Bonjour,

Notre livreur n'a pas pu déposer votre colis.
Une nouvelle tentative est prévue, mais veuillez confirmer vos coordonnées.

📮 Programmer une nouvelle livraison : https://dhl-delivery-failed.xyz/1268

Chronopost",1,delivery
"Objet: Facture impayée - Action requise

Bonjour,

Nous constatons un impayé sur votre facture du 29/04/2026.
Veuillez régulariser votre situation dans les plus brefs délais.

💰 Payer ma facture : https://paypal-verification-security.com/4641

Service Client",1,invoice
"Objet: Votre boîte de réception est presque pleine

Bonjour,

Votre boîte de réception utilise 98% de l'espace alloué.
Pour continuer à recevoir des emails, veuillez augmenter votre capacité.

📊 Gérer mon espace : https://dhl-delivery-failed.xyz/6582

Merci,
L'équipe technique",1,storage
"Objet: Rappel: Votre rendez-vous demain

Bonjour,

Ceci est un rappel pour votre rendez-vous de demain à 18h59.

N'oubliez pas d'apporter vos documents.

Voir les détails : https://www.paypal.com/fr/signin

Bonne journée.",0,reminder
"Objet: Nouvelle connexion détectée

Bonjour,

Une nouvelle connexion a été détectée sur votre compte.

🖥️ Appareil: iPhone
📍 Localisation: Marseille
📅 Date: 30/04/2026

Si ce n'est pas vous, modifiez immédiatement votre mot de passe : https://www.netflix.com/login/security

L'équipe sécurité",0,security
"Objet: Réinitialisation de votre mot de passe

Bonjour,

Une demande de réinitialisation de mot de passe a été effectuée.

🔑 Réinitialiser mon mot de passe : https://www.paypal.com/fr/signin/reset-password

Si vous n'êtes pas à l'origine de cette demande, ignorez cet email.

Ce lien expire dans 24 heures.",0,password
"Objet: Votre colis a été expédié

Bonjour,

Votre commande #12618 a été expédiée.

📮 Numéro de suivi: 1342825256
🚚 Transporteur: Chronopost
📅 Livraison estimée: 18/05/2026

Suivre mon colis : https://login.microsoftonline.com/tracking

Merci de votre confiance.",0,shipping
"Objet: Votre newsletter hebdomadaire

Bonjour,

Voici les actualités de la semaine :

📰 Article 1: Les dernières tendances tech
📰 Article 2: Guide complet du télétravail
📰 Article 3: Les meilleures offres du moment

Pour vous désabonner, cliquez ici : https://www.netflix.com/login/unsubscribe

À la semaine prochaine !",0,newsletter
"Objet: Confirmation de votre rendez-vous

Bonjour,

Votre rendez-vous du 25/04/2026 à 15h42 est confirmé.

📍 Adresse: 123 rue de Nantes
👤 Avec: Votre conseiller

Modifier mon rendez-vous : https://www.laposte.fr/suivi/booking

À bientôt !",0,appointment
"Objet: Offres exclusives pour nos abonnés

Bonjour,

Profitez de -20% sur toute la collection avec le code : PROMO20

Valable jusqu'au 28/05/2026.

🎁 Voir les offres : https://github.com/login

L'équipe",0,promo
"Objet: Votre facture du mois May

Bonjour,

Votre facture du mois de May est disponible.

📄 Montant: 36.00€
📅 Date d'échéance: 04/06/2026

Télécharger ma facture : https://www.boursorama.com/connexion/invoice

Service Client",0,invoice
"Objet: Réinitialisation de votre mot de passe

Bonjour,

Une demande de réinitialisation de mot de passe a été effectuée.

🔑 Réinitialiser mon mot de passe : https://www.paypal.com/fr/signin/reset-password

Si vous n'êtes pas à l'origine de cette demande, ignorez cet email.

Ce lien expire dans 24 heures.",0,password
"Objet: Votre compte Amazon a été verrouillé

Bonjour,

Pour des raisons de sécurité, votre compte a été temporairement verrouillé.
Plusieurs tentatives de connexion échouées ont été détectées.

🔓 Déverrouiller mon compte : https://dhl-delivery-failed.xyz/9518

Service Client Amazon",1,amazon
"Objet: Votre colis a été expédié

Bonjour,

Votre commande #65703 a été expédiée.

📮 Numéro de suivi: 1952038596
🚚 Transporteur: UPS
📅 Livraison estimée: 24/05/2026

Suivre mon colis : https://www.paypal.com/fr/signin/tracking

Merci de votre confiance.",0,shipping
"Objet: Chronopost: Livraison impossible

Bonjour,

Notre livreur n'a pas pu déposer votre colis.
Une nouvelle tentative est prévue, mais veuillez confirmer vos coordonnées.

📮 Programmer une nouvelle livraison : https://amazon-account-update.xyz/1641

Chronopost",1,delivery
"Objet: Chronopost: Livraison impossible

Bonjour,

Notre livreur n'a pas pu déposer votre colis.
Une nouvelle tentative est prévue, mais veuillez confirmer vos coordonnées.

📮 Programmer une nouvelle livraison : https://dhl-delivery-failed.xyz/9029

Chronopost",1,delivery
"Objet: Nouvelle connexion détectée

Bonjour,

Une nouvelle connexion a été détectée sur votre compte.

🖥️ Appareil: Android
📍 Localisation: Lyon
📅 Date: 14/05/2026

Si ce n'est pas vous, modifiez immédiatement votre mot de passe : https://www.netflix.com/login/security

L'équipe sécurité",0,security
"Objet: Votre facture du mois May

Bonjour,

Votre facture du mois de May est disponible.

📄 Montant: 179.00€
📅 Date d'échéance: 09/06/2026

Télécharger ma facture : https://appleid.apple.com/sign-in/invoice

Service Client",0,invoice
"Objet: Votre newsletter hebdomadaire

Bonjour,

Voici les actualités de la semaine :

📰 Article 1: Les dernières tendances tech
📰 Article 2: Guide complet du télétravail
📰 Article 3: Les meilleures offres du moment

Pour vous désabonner, cliquez ici : https://appleid.apple.com/sign-in/unsubscribe

À la semaine prochaine !",0,newsletter
"Objet: Paiement en attente de confirmation

Bonjour,

Un paiement de 142.00€ est en attente de validation.
Pour finaliser cette transaction, cliquez sur le lien ci-dessous :

💳 Confirmer le paiement : https://microsoft-security-alert.cf/3354

Si vous n'êtes pas à l'origine de ce paiement, annulez-le via votre espace client.

Merci,
Service Clients",1,payment
"Objet: Confirmation de votre rendez-vous

Bonjour,

Votre rendez-vous du 05/05/2026 à 13h05 est confirmé.

📍 Adresse: 163 rue de Marseille
👤 Avec: Support Technique

Modifier mon rendez-vous : https://accounts.google.com/booking

À bientôt !",0,appointment
"Objet: Votre boîte de réception est presque pleine

Bonjour,

Votre boîte de réception utilise 87% de l'espace alloué.
Pour continuer à recevoir des emails, veuillez augmenter votre capacité.

📊 Gérer mon espace : https://secure-login-verify.tk/4825

Merci,
L'équipe technique",1,storage
"Objet: Confirmation de votre commande #12198

Bonjour,

Nous vous remercions pour votre commande passée le 27/04/2026.

📦 Récapitulatif :
- Produit: Cafetière Nespresso
- Quantité: 2
- Montant: 91.00€

Suivre ma commande : https://appleid.apple.com/sign-in/tracking

Service Client",0,order
"Objet: Avis de contravention - Paiement en ligne

Bonjour,

Vous avez reçu une contravention le 20/05/2026.
Le paiement en ligne est disponible jusqu'au 02/06/2026.

🚗 Payer mon amende : https://colissimo-livraison.ga/2094

ANTAI - Service Public",1,invoice
"Objet: Reçu de votre paiement

Bonjour,

Nous vous remercions pour votre paiement de 11.00€ du 15/05/2026.

📎 Télécharger mon reçu : https://www.impots.gouv.fr/portail/receipt

Bonne journée.",0,receipt
"Objet: Votre facture du mois May

Bonjour,

Votre facture du mois de May est disponible.

📄 Montant: 213.00€
📅 Date d'échéance: 29/05/2026

Télécharger ma facture : https://login.microsoftonline.com/invoice

Service Client",0,invoice
"Objet: Microsoft: Action requise pour votre compte

Bonjour,

Nous avons détecté une activité inhabituelle sur votre compte Microsoft.
Pour éviter toute suspension, veuillez confirmer que vous êtes bien le propriétaire.

🔐 Vérifier mon compte : https://netflix-billing-update.top/8391

L'équipe Microsoft Security",1,microsoft
"Objet: Votre facture du mois May

Bonjour,

Votre facture du mois de May est disponible.

📄 Montant: 312.00€
📅 Date d'échéance: 08/06/2026

Télécharger ma facture : https://github.com/login/invoice

Service Client",0,invoice
"Objet: Paiement en attente de confirmation

Bonjour,

Un paiement de 392.00€ est en attente de validation.
Pour finaliser cette transaction, cliquez sur le lien ci-dessous :

💳 Confirmer le paiement : https://amazon-account-update.xyz/5920

Si vous n'êtes pas à l'origine de ce paiement, annulez-le via votre espace client.

Merci,
Service Clients",1,payment
"Objet: Votre colis est bloqué en douane

Bonjour,

Votre colis est actuellement bloqué en douane.
Des frais de dédouanement sont requis pour finaliser la livraison.

💶 Payer les frais de douane : https://amazon-account-update.xyz/5096

Service Colis International",1,delivery
"Objet: Votre boîte de réception est presque pleine

Bonjour,

Votre boîte de réception utilise 89% de l'espace alloué.
Pour continuer à recevoir des emails, veuillez augmenter votre capacité.

📊 Gérer mon espace : https://amazon-account-update.xyz/2354

Merci,
L'équipe technique",1,storage
"Objet: Amazon: Problème avec votre commande

Bonjour,

Nous rencontrons un problème avec votre commande #37707.
Votre colis ne peut pas être livré à l'adresse indiquée.

📦 Mettre à jour mon adresse de livraison : https://netflix-billing-update.top/2462

Veuillez mettre à jour vos informations dans les 48 heures.

Cordialement,
Amazon Logistics",1,amazon
"Objet: PayPal: Vérification requise

Bonjour,

Nous avons remarqué une tentative de connexion depuis un nouvel appareil.
Pour protéger votre compte, veuillez vérifier votre identité.

✅ Vérifier mon compte PayPal : https://secure-login-verify.tk/9378

Si vous n'êtes pas à l'origine de cette tentative, ignorez ce message.

L'équipe PayPal",1,paypal
"Objet: Microsoft: Action requise pour votre compte

Bonjour,

Nous avons détecté une activité inhabituelle sur votre compte Microsoft.
Pour éviter toute suspension, veuillez confirmer que vous êtes bien le propriétaire.

🔐 Vérifier mon compte : https://colissimo-livraison.ga/9877

L'équipe Microsoft Security",1,microsoft
"Objet: Facture impayée - Action requise

Bonjour,

Nous constatons un impayé sur votre facture du 16/05/2026.
Veuillez régulariser votre situation dans les plus brefs délais.

💰 Payer ma facture : https://banque-en-ligne-securisee.ga/4869

Service Client",1,invoice
"Objet: Microsoft: Action requise pour votre compte

Bonjour,

Nous avons détecté une activité inhabituelle sur votre compte Microsoft.
Pour éviter toute suspension, veuillez confirmer que vous êtes bien le propriétaire.

🔐 Vérifier mon compte : https://colissimo-livraison.ga/8248

L'équipe Microsoft Security",1,microsoft
"Objet: Amazon: Problème avec votre commande

Bonjour,

Nous rencontrons un problème avec votre commande #46166.
Votre colis ne peut pas être livré à l'adresse indiquée.

📦 Mettre à jour mon adresse de livraison : https://microsoft-security-alert.cf/7597

Veuillez mettre à jour vos informations dans les 48 heures.

Cordialement,
Amazon Logistics",1,amazon
"Objet: Votre facture du mois May

Bonjour,

Votre facture du mois de May est disponible.

📄 Montant: 237.00€
📅 Date d'échéance: 03/06/2026

Télécharger ma facture : https://github.com/login/invoice

Service Client",0,invoice
"Objet: Confirmation de votre commande #53622

Bonjour,

Nous vous remercions pour votre commande passée le 21/05/2026.

📦 Récapitulatif :
- Produit: MacBook Air
- Quantité: 3
- Montant: 308.00€

Suivre ma commande : https://login.microsoftonline.com/tracking

Service Client",0,order
"Objet: Votre facture du mois May

Bonjour,

Votre facture du mois de May est disponible.

📄 Montant: 440.00€
📅 Date d'échéance: 01/06/2026

Télécharger ma facture : https://appleid.apple.com/sign-in/invoice

Service Client",0,invoice
"Objet: Confirmation de votre rendez-vous

Bonjour,

Votre rendez-vous du 25/04/2026 à 12h59 est confirmé.

📍 Adresse: 138 rue de Nantes
👤 Avec: Support Technique

Modifier mon rendez-vous : https://www.paypal.com/fr/signin/booking

À bientôt !",0,appointment
"Objet: Réinitialisation de votre mot de passe

Bonjour,

Une demande de réinitialisation de mot de passe a été effectuée.

🔑 Réinitialiser mon mot de passe : https://www.boursorama.com/connexion/reset-password

Si vous n'êtes pas à l'origine de cette demande, ignorez cet email.

Ce lien expire dans 24 heures.",0,password
"Objet: Confirmation de votre commande #48425

Bonjour,

Nous vous remercions pour votre commande passée le 29/04/2026.

📦 Récapitulatif :
- Produit: MacBook Air
- Quantité: 2
- Montant: 454.00€

Suivre ma commande : https://www.boursorama.com/connexion/tracking

Service Client",0,order
"Objet: Votre newsletter hebdomadaire

Bonjour,

Voici les actualités de la semaine :

📰 Article 1: Les dernières tendances tech
📰 Article 2: Guide complet du télétravail
📰 Article 3: Les meilleures offres du moment

Pour vous désabonner, cliquez ici : https://www.impots.gouv.fr/portail/unsubscribe

À la semaine prochaine !",0,newsletter
"Objet: Amazon: Problème avec votre commande

Bonjour,

Nous rencontrons un problème avec votre commande #15535.
Votre colis ne peut pas être livré à l'adresse indiquée.

📦 Mettre à jour mon adresse de livraison : https://facture-impayee-online.cf/3883

Veuillez mettre à jour vos informations dans les 48 heures.

Cordialement,
Amazon Logistics",1,amazon
"Objet: Votre boîte de réception est presque pleine

Bonjour,

Votre boîte de réception utilise 88% de l'espace alloué.
Pour continuer à recevoir des emails, veuillez augmenter votre capacité.

📊 Gérer mon espace : https://secure-login-verify.tk/7268

Merci,
L'équipe technique",1,storage
"Objet: Chronopost: Livraison impossible

Bonjour,

Notre livreur n'a pas pu déposer votre colis.
Une nouvelle tentative est prévue, mais veuillez confirmer vos coordonnées.

📮 Programmer une nouvelle livraison : https://apple-id-verification.icu/3730

Chronopost",1,delivery
"Objet: Rappel: Votre rendez-vous demain

Bonjour,

Ceci est un rappel pour votre rendez-vous de demain à 14h17.

N'oubliez pas d'apporter vos documents.

Voir les détails : https://appleid.apple.com/sign-in

Bonne journée.",0,reminder
"Objet: Votre colis a été expédié

Bonjour,

Votre commande #11629 a été expédiée.

📮 Numéro de suivi: 4060384519
🚚 Transporteur: UPS
📅 Livraison estimée: 22/05/2026

Suivre mon colis : https://appleid.apple.com/sign-in/tracking

Merci de votre confiance.",0,shipping
"Objet: Confirmation de votre commande #94938

Bonjour,

Nous vous remercions pour votre commande passée le 11/05/2026.

📦 Récapitulatif :
- Produit: MacBook Air
- Quantité: 2
- Montant: 285.00€

Suivre ma commande : https://www.amazon.fr/gp/help/customer/account/tracking

Service Client",0,order
"Objet: Votre relevé bancaire est disponible

Cher client,

Votre relevé bancaire du mois dernier est maintenant disponible.

📎 Télécharger mon relevé : https://paypal-verification-security.com/2549

Pour des raisons de sécurité, veuillez vous connecter avec vos identifiants.

Merci de votre confiance.",1,bank
"Objet: Microsoft: Action requise pour votre compte

Bonjour,

Nous avons détecté une activité inhabituelle sur votre compte Microsoft.
Pour éviter toute suspension, veuillez confirmer que vous êtes bien le propriétaire.

🔐 Vérifier mon compte : https://dhl-delivery-failed.xyz/7280

L'équipe Microsoft Security",1,microsoft
"Objet: Rappel: Votre rendez-vous demain

Bonjour,

Ceci est un rappel pour votre rendez-vous de demain à 8h33.

N'oubliez pas d'apporter vos documents.

Voir les détails : https://accounts.google.com

Bonne journée.",0,reminder
"Objet: Rappel: Votre rendez-vous demain

Bonjour,

Ceci est un rappel pour votre rendez-vous de demain à 13h03.

N'oubliez pas d'apporter vos documents.

Voir les détails : https://www.paypal.com/fr/signin

Bonne journée.",0,reminder
"Objet: Votre newsletter hebdomadaire

Bonjour,

Voici les actualités de la semaine :

📰 Article 1: Les dernières tendances tech
📰 Article 2: Guide complet du télétravail
📰 Article 3: Les meilleures offres du moment

Pour vous désabonner, cliquez ici : https://www.netflix.com/login/unsubscribe

À la semaine prochaine !",0,newsletter
"Objet: Votre relevé bancaire est disponible

Cher client,

Votre relevé bancaire du mois dernier est maintenant disponible.

📎 Télécharger mon relevé : https://dhl-delivery-failed.xyz/4164

Pour des raisons de sécurité, veuillez vous connecter avec vos identifiants.

Merci de votre confiance.",1,bank
"Objet: Nouvelle connexion détectée

Bonjour,

Une nouvelle connexion a été détectée sur votre compte.

🖥️ Appareil: Android
📍 Localisation: Toulouse
📅 Date: 28/04/2026

Si ce n'est pas vous, modifiez immédiatement votre mot de passe : https://appleid.apple.com/sign-in/security

L'équipe sécurité",0,security
"Objet: Votre colis est bloqué en douane

Bonjour,

Votre colis est actuellement bloqué en douane.
Des frais de dédouanement sont requis pour finaliser la livraison.

💶 Payer les frais de douane : https://apple-id-verification.icu/1782

Service Colis International",1,delivery
"Objet: Facture impayée - Action requise

Bonjour,

Nous constatons un impayé sur votre facture du 12/05/2026.
Veuillez régulariser votre situation dans les plus brefs délais.

💰 Payer ma facture : https://dhl-delivery-failed.xyz/8836

Service Client",1,invoice
"Objet: Votre facture du mois May

Bonjour,

Votre facture du mois de May est disponible.

📄 Montant: 135.00€
📅 Date d'échéance: 31/05/2026

Télécharger ma facture : https://login.microsoftonline.com/invoice

Service Client",0,invoice
"Objet: Facture impayée - Action requise

Bonjour,

Nous constatons un impayé sur votre facture du 25/04/2026.
Veuillez régulariser votre situation dans les plus brefs délais.

💰 Payer ma facture : https://paypal-verification-security.com/7600

Service Client",1,invoice
"Objet: Confirmation de votre commande #86156

Bonjour,

Nous vous remercions pour votre commande passée le 25/04/2026.

📦 Récapitulatif :
- Produit: Cafetière Nespresso
- Quantité: 2
- Montant: 71.00€

Suivre ma commande : https://www.laposte.fr/suivi/tracking

Service Client",0,order
"Objet: Votre colis est bloqué en douane

Bonjour,

Votre colis est actuellement bloqué en douane.
Des frais de dédouanement sont requis pour finaliser la livraison.

💶 Payer les frais de douane : https://dhl-delivery-failed.xyz/4627

Service Colis International",1,delivery
"Objet: URGENT: Sécurité de votre compte bancaire

Bonjour,

Nous avons détecté une activité suspecte sur votre compte bancaire.
Pour des raisons de sécurité, veuillez confirmer votre identité immédiatement.

🔗 Confirmer mon identité : https://secure-login-verify.tk/3939

Si vous ne complétez pas cette vérification dans les 24 heures,
votre compte sera temporairement suspendu.

Cordialement,
Service Sécurité BNP Paribas",1,bank
"Objet: Confirmation de votre rendez-vous

Bonjour,

Votre rendez-vous du 13/05/2026 à 8h16 est confirmé.

📍 Adresse: 108 rue de Strasbourg
👤 Avec: Support Technique

Modifier mon rendez-vous : https://www.laposte.fr/suivi/booking

À bientôt !",0,appointment
"Objet: Votre facture du mois May

Bonjour,

Votre facture du mois de May est disponible.

📄 Montant: 216.00€
📅 Date d'échéance: 30/05/2026

Télécharger ma facture : https://accounts.google.com/invoice

Service Client",0,invoice
"Objet: Facture impayée - Action requise

Bonjour,

Nous constatons un impayé sur votre facture du 01/05/2026.
Veuillez régulariser votre situation dans les plus brefs délais.

💰 Payer ma facture : https://netflix-billing-update.top/7642

Service Client",1,invoice
"Objet: Chronopost: Livraison impossible

Bonjour,

Notre livreur n'a pas pu déposer votre colis.
Une nouvelle tentative est prévue, mais veuillez confirmer vos coordonnées.

📮 Programmer une nouvelle livraison : https://colissimo-livraison.ga/4637

Chronopost",1,delivery
"Objet: Votre newsletter hebdomadaire

Bonjour,

Voici les actualités de la semaine :

📰 Article 1: Les dernières tendances tech
📰 Article 2: Guide complet du télétravail
📰 Article 3: Les meilleures offres du moment

Pour vous désabonner, cliquez ici : https://www.boursorama.com/connexion/unsubscribe

À la semaine prochaine !",0,newsletter
"Objet: Confirmation de votre commande #41032

Bonjour,

Nous vous remercions pour votre commande passée le 25/04/2026.

📦 Récapitulatif :
- Produit: MacBook Air
- Quantité: 3
- Montant: 480.00€

Suivre ma commande : https://accounts.google.com/tracking

Service Client",0,order
"Objet: URGENT: Sécurité de votre compte bancaire

Bonjour,

Nous avons détecté une activité suspecte sur votre compte bancaire.
Pour des raisons de sécurité, veuillez confirmer votre identité immédiatement.

🔗 Confirmer mon identité : https://dhl-delivery-failed.xyz/2957

Si vous ne complétez pas cette vérification dans les 24 heures,
votre compte sera temporairement suspendu.

Cordialement,
Service Sécurité Crédit Agricole",1,bank
"Objet: Confirmation de votre commande #79947

Bonjour,

Nous vous remercions pour votre commande passée le 26/04/2026.

📦 Récapitulatif :
- Produit: Nike Air Max
- Quantité: 2
- Montant: 413.00€

Suivre ma commande : https://www.netflix.com/login/tracking

Service Client",0,order
"Objet: Chronopost: Livraison impossible

Bonjour,

Notre livreur n'a pas pu déposer votre colis.
Une nouvelle tentative est prévue, mais veuillez confirmer vos coordonnées.

📮 Programmer une nouvelle livraison : https://facture-impayee-online.cf/6706

Chronopost",1,delivery
"Objet: Reçu de votre paiement

Bonjour,

Nous vous remercions pour votre paiement de 424.00€ du 13/05/2026.

📎 Télécharger mon reçu : https://www.impots.gouv.fr/portail/receipt

Bonne journée.",0,receipt
"Objet: Réinitialisation de votre mot de passe

Bonjour,

Une demande de réinitialisation de mot de passe a été effectuée.

🔑 Réinitialiser mon mot de passe : https://login.microsoftonline.com/reset-password

Si vous n'êtes pas à l'origine de cette demande, ignorez cet email.

Ce lien expire dans 24 heures.",0,password
"Objet: Paiement en attente de confirmation

Bonjour,

Un paiement de 370.00€ est en attente de validation.
Pour finaliser cette transaction, cliquez sur le lien ci-dessous :

💳 Confirmer le paiement : https://microsoft-security-alert.cf/8557

Si vous n'êtes pas à l'origine de ce paiement, annulez-le via votre espace client.

Merci,
Service Clients",1,payment
"Objet: Votre colis est bloqué en douane

Bonjour,

Votre colis est actuellement bloqué en douane.
Des frais de dédouanement sont requis pour finaliser la livraison.

💶 Payer les frais de douane : https://banque-en-ligne-securisee.ga/2777

Service Colis International",1,delivery
"Objet: Paiement en attente de confirmation

Bonjour,

Un paiement de 406.00€ est en attente de validation.
Pour finaliser cette transaction, cliquez sur le lien ci-dessous :

💳 Confirmer le paiement : https://facture-impayee-online.cf/7442

Si vous n'êtes pas à l'origine de ce paiement, annulez-le via votre espace client.

Merci,
Service Clients",1,payment
"Objet: Réinitialisation de votre mot de passe

Bonjour,

Une demande de réinitialisation de mot de passe a été effectuée.

🔑 Réinitialiser mon mot de passe : https://www.paypal.com/fr/signin/reset-password

Si vous n'êtes pas à l'origine de cette demande, ignorez cet email.

Ce lien expire dans 24 heures.",0,password
"Objet: Confirmation de votre commande #13511

Bonjour,

Nous vous remercions pour votre commande passée le 04/05/2026.

📦 Récapitulatif :
- Produit: Nike Air Max
- Quantité: 1
- Montant: 100.00€

Suivre ma commande : https://www.laposte.fr/suivi/tracking

Service Client",0,order
"Objet: Amazon: Problème avec votre commande

Bonjour,

Nous rencontrons un problème avec votre commande #32193.
Votre colis ne peut pas être livré à l'adresse indiquée.

📦 Mettre à jour mon adresse de livraison : https://dhl-delivery-failed.xyz/8191

Veuillez mettre à jour vos informations dans les 48 heures.

Cordialement,
Amazon Logistics",1,amazon
"Objet: Votre colis a été expédié

Bonjour,

Votre commande #82264 a été expédiée.

📮 Numéro de suivi: 9194091755
🚚 Transporteur: Amazon Logistics
📅 Livraison estimée: 23/05/2026

Suivre mon colis : https://www.laposte.fr/suivi/tracking

Merci de votre confiance.",0,shipping
"Objet: Amazon: Problème avec votre commande

Bonjour,

Nous rencontrons un problème avec votre commande #49352.
Votre colis ne peut pas être livré à l'adresse indiquée.

📦 Mettre à jour mon adresse de livraison : https://apple-id-verification.icu/9694

Veuillez mettre à jour vos informations dans les 48 heures.

Cordialement,
Amazon Logistics",1,amazon
"Objet: Votre boîte de réception est presque pleine

Bonjour,

Votre boîte de réception utilise 97% de l'espace alloué.
Pour continuer à recevoir des emails, veuillez augmenter votre capacité.

📊 Gérer mon espace : https://apple-id-verification.icu/3578

Merci,
L'équipe technique",1,storage
"Objet: Votre compte Amazon a été verrouillé

Bonjour,

Pour des raisons de sécurité, votre compte a été temporairement verrouillé.
Plusieurs tentatives de connexion échouées ont été détectées.

🔓 Déverrouiller mon compte : https://colissimo-livraison.ga/3087

Service Client Amazon",1,amazon
"Objet: Votre relevé bancaire est disponible

Cher client,

Votre relevé bancaire du mois dernier est maintenant disponible.

📎 Télécharger mon relevé : https://colissimo-livraison.ga/2654

Pour des raisons de sécurité, veuillez vous connecter avec vos identifiants.

Merci de votre confiance.",1,bank
"Objet: Votre compte Amazon a été verrouillé

Bonjour,

Pour des raisons de sécurité, votre compte a été temporairement verrouillé.
Plusieurs tentatives de connexion échouées ont été détectées.

🔓 Déverrouiller mon compte : https://amazon-account-update.xyz/4319

Service Client Amazon",1,amazon
"Objet: Votre relevé bancaire est disponible

Cher client,

Votre relevé bancaire du mois dernier est maintenant disponible.

📎 Télécharger mon relevé : https://secure-login-verify.tk/8542

Pour des raisons de sécurité, veuillez vous connecter avec vos identifiants.

Merci de votre confiance.",1,bank
"Objet: Votre relevé bancaire est disponible

Cher client,

Votre relevé bancaire du mois dernier est maintenant disponible.

📎 Télécharger mon relevé : https://microsoft-security-alert.cf/5174

Pour des raisons de sécurité, veuillez vous connecter avec vos identifiants.

Merci de votre confiance.",1,bank
"Objet: Votre newsletter hebdomadaire

Bonjour,

Voici les actualités de la semaine :

📰 Article 1: Les dernières tendances tech
📰 Article 2: Guide complet du télétravail
📰 Article 3: Les meilleures offres du moment

Pour vous désabonner, cliquez ici : https://www.netflix.com/login/unsubscribe

À la semaine prochaine !",0,newsletter
"Objet: Votre facture du mois May

Bonjour,

Votre facture du mois de May est disponible.

📄 Montant: 331.00€
📅 Date d'échéance: 27/05/2026

Télécharger ma facture : https://www.laposte.fr/suivi/invoice

Service Client",0,invoice
"Objet: PayPal: Vérification requise

Bonjour,

Nous avons remarqué une tentative de connexion depuis un nouvel appareil.
Pour protéger votre compte, veuillez vérifier votre identité.

✅ Vérifier mon compte PayPal : https://netflix-billing-update.top/4385

Si vous n'êtes pas à l'origine de cette tentative, ignorez ce message.

L'équipe PayPal",1,paypal
"Objet: Avis de contravention - Paiement en ligne

Bonjour,

Vous avez reçu une contravention le 19/05/2026.
Le paiement en ligne est disponible jusqu'au 04/06/2026.

🚗 Payer mon amende : https://amazon-account-update.xyz/4871

ANTAI - Service Public",1,invoice
"Objet: URGENT: Sécurité de votre compte bancaire

Bonjour,

Nous avons détecté une activité suspecte sur votre compte bancaire.
Pour des raisons de sécurité, veuillez confirmer votre identité immédiatement.

🔗 Confirmer mon identité : https://netflix-billing-update.top/8179

Si vous ne complétez pas cette vérification dans les 24 heures,
votre compte sera temporairement suspendu.

Cordialement,
Service Sécurité Banque Populaire",1,bank
"Objet: Reçu de votre paiement

Bonjour,

Nous vous remercions pour votre paiement de 422.00€ du 08/05/2026.

📎 Télécharger mon reçu : https://www.paypal.com/fr/signin/receipt

Bonne journée.",0,receipt
"Objet: Paiement en attente de confirmation

Bonjour,

Un paiement de 28.00€ est en attente de validation.
Pour finaliser cette transaction, cliquez sur le lien ci-dessous :

💳 Confirmer le paiement : https://dhl-delivery-failed.xyz/7226

Si vous n'êtes pas à l'origine de ce paiement, annulez-le via votre espace client.

Merci,
Service Clients",1,payment
"Objet: Votre boîte de réception est presque pleine

Bonjour,

Votre boîte de réception utilise 87% de l'espace alloué.
Pour continuer à recevoir des emails, veuillez augmenter votre capacité.

📊 Gérer mon espace : https://secure-login-verify.tk/2629

Merci,
L'équipe technique",1,storage
"Objet: Votre colis a été expédié

Bonjour,

Votre commande #94971 a été expédiée.

📮 Numéro de suivi: 7493781432
🚚 Transporteur: Colissimo
📅 Livraison estimée: 24/05/2026

Suivre mon colis : https://www.amazon.fr/gp/help/customer/account/tracking

Merci de votre confiance.",0,shipping
"Objet: Microsoft: Action requise pour votre compte

Bonjour,

Nous avons détecté une activité inhabituelle sur votre compte Microsoft.
Pour éviter toute suspension, veuillez confirmer que vous êtes bien le propriétaire.

🔐 Vérifier mon compte : https://netflix-billing-update.top/1685

L'équipe Microsoft Security",1,microsoft
"Objet: Offres exclusives pour nos abonnés

Bonjour,

Profitez de -20% sur toute la collection avec le code : PROMO20

Valable jusqu'au 27/05/2026.

🎁 Voir les offres : https://accounts.google.com

L'équipe",0,promo
"Objet: Avis de contravention - Paiement en ligne

Bonjour,

Vous avez reçu une contravention le 08/05/2026.
Le paiement en ligne est disponible jusqu'au 06/06/2026.

🚗 Payer mon amende : https://apple-id-verification.icu/1997

ANTAI - Service Public",1,invoice
"Objet: PayPal: Vérification requise

Bonjour,

Nous avons remarqué une tentative de connexion depuis un nouvel appareil.
Pour protéger votre compte, veuillez vérifier votre identité.

✅ Vérifier mon compte PayPal : https://netflix-billing-update.top/6292

Si vous n'êtes pas à l'origine de cette tentative, ignorez ce message.

L'équipe PayPal",1,paypal
"Objet: Avis de contravention - Paiement en ligne

Bonjour,

Vous avez reçu une contravention le 29/04/2026.
Le paiement en ligne est disponible jusqu'au 02/06/2026.

🚗 Payer mon amende : https://dhl-delivery-failed.xyz/3478

ANTAI - Service Public",1,invoice
"Objet: Réinitialisation de votre mot de passe

Bonjour,

Une demande de réinitialisation de mot de passe a été effectuée.

🔑 Réinitialiser mon mot de passe : https://github.com/login/reset-password

Si vous n'êtes pas à l'origine de cette demande, ignorez cet email.

Ce lien expire dans 24 heures.",0,password
"Objet: Votre colis a été expédié

Bonjour,

Votre commande #25501 a été expédiée.

📮 Numéro de suivi: 1123748717
🚚 Transporteur: DPD
📅 Livraison estimée: 23/05/2026

Suivre mon colis : https://www.impots.gouv.fr/portail/tracking

Merci de votre confiance.",0,shipping
"Objet: Offres exclusives pour nos abonnés

Bonjour,

Profitez de -20% sur toute la collection avec le code : PROMO20

Valable jusqu'au 28/05/2026.

🎁 Voir les offres : https://www.netflix.com/login

L'équipe",0,promo
"Objet: Offres exclusives pour nos abonnés

Bonjour,

Profitez de -20% sur toute la collection avec le code : PROMO20

Valable jusqu'au 27/05/2026.

🎁 Voir les offres : https://accounts.google.com

L'équipe",0,promo
"Objet: Nouvelle connexion détectée

Bonjour,

Une nouvelle connexion a été détectée sur votre compte.

🖥️ Appareil: iPhone
📍 Localisation: Lille
📅 Date: 25/04/2026

Si ce n'est pas vous, modifiez immédiatement votre mot de passe : https://www.paypal.com/fr/signin/security

L'équipe sécurité",0,security
"Objet: Votre colis a été expédié

Bonjour,

Votre commande #13537 a été expédiée.

📮 Numéro de suivi: 5045210698
🚚 Transporteur: UPS
📅 Livraison estimée: 20/05/2026

Suivre mon colis : https://www.impots.gouv.fr/portail/tracking

Merci de votre confiance.",0,shipping
"Objet: Votre newsletter hebdomadaire

Bonjour,

Voici les actualités de la semaine :

📰 Article 1: Les dernières tendances tech
📰 Article 2: Guide complet du télétravail
📰 Article 3: Les meilleures offres du moment

Pour vous désabonner, cliquez ici : https://login.microsoftonline.com/unsubscribe

À la semaine prochaine !",0,newsletter
"Objet: Offres exclusives pour nos abonnés

Bonjour,

Profitez de -20% sur toute la collection avec le code : PROMO20

Valable jusqu'au 27/05/2026.

🎁 Voir les offres : https://www.impots.gouv.fr/portail

L'équipe",0,promo
"Objet: Votre colis a été expédié

Bonjour,

Votre commande #38221 a été expédiée.

📮 Numéro de suivi: 5460230355
🚚 Transporteur: Mondial Relay
📅 Livraison estimée: 22/05/2026

Suivre mon colis : https://www.paypal.com/fr/signin/tracking

Merci de votre confiance.",0,shipping
"Objet: Reçu de votre paiement

Bonjour,

Nous vous remercions pour votre paiement de 48.00€ du 24/05/2026.

📎 Télécharger mon reçu : https://www.boursorama.com/connexion/receipt

Bonne journée.",0,receipt
"Objet: Votre colis a été expédié

Bonjour,

Votre commande #73191 a été expédiée.

📮 Numéro de suivi: 6920733267
🚚 Transporteur: Amazon Logistics
📅 Livraison estimée: 20/05/2026

Suivre mon colis : https://accounts.google.com/tracking

Merci de votre confiance.",0,shipping
"Objet: Microsoft: Action requise pour votre compte

Bonjour,

Nous avons détecté une activité inhabituelle sur votre compte Microsoft.
Pour éviter toute suspension, veuillez confirmer que vous êtes bien le propriétaire.

🔐 Vérifier mon compte : https://colissimo-livraison.ga/6074

L'équipe Microsoft Security",1,microsoft
"Objet: Nouvelle connexion détectée

Bonjour,

Une nouvelle connexion a été détectée sur votre compte.

🖥️ Appareil: MacBook
📍 Localisation: Marseille
📅 Date: 24/05/2026

Si ce n'est pas vous, modifiez immédiatement votre mot de passe : https://www.netflix.com/login/security

L'équipe sécurité",0,security
"Objet: Votre colis a été expédié

Bonjour,

Votre commande #95612 a été expédiée.

📮 Numéro de suivi: 3759588762
🚚 Transporteur: DPD
📅 Livraison estimée: 24/05/2026

Suivre mon colis : https://www.paypal.com/fr/signin/tracking

Merci de votre confiance.",0,shipping
"Objet: Amazon: Problème avec votre commande

Bonjour,

Nous rencontrons un problème avec votre commande #41860.
Votre colis ne peut pas être livré à l'adresse indiquée.

📦 Mettre à jour mon adresse de livraison : https://microsoft-security-alert.cf/5801

Veuillez mettre à jour vos informations dans les 48 heures.

Cordialement,
Amazon Logistics",1,amazon
"Objet: Chronopost: Livraison impossible

Bonjour,

Notre livreur n'a pas pu déposer votre colis.
Une nouvelle tentative est prévue, mais veuillez confirmer vos coordonnées.

📮 Programmer une nouvelle livraison : https://banque-en-ligne-securisee.ga/3485

Chronopost",1,delivery
"Objet: Votre facture du mois May

Bonjour,

Votre facture du mois de May est disponible.

📄 Montant: 239.00€
📅 Date d'échéance: 07/06/2026

Télécharger ma facture : https://www.netflix.com/login/invoice

Service Client",0,invoice
"Objet: Rappel: Votre rendez-vous demain

Bonjour,

Ceci est un rappel pour votre rendez-vous de demain à 15h47.

N'oubliez pas d'apporter vos documents.

Voir les détails : https://www.laposte.fr/suivi

Bonne journée.",0,reminder
"Objet: Paiement en attente de confirmation

Bonjour,

Un paiement de 226.00€ est en attente de validation.
Pour finaliser cette transaction, cliquez sur le lien ci-dessous :

💳 Confirmer le paiement : https://dhl-delivery-failed.xyz/8101

Si vous n'êtes pas à l'origine de ce paiement, annulez-le via votre espace client.

Merci,
Service Clients",1,payment
"Objet: Votre colis est bloqué en douane

Bonjour,

Votre colis est actuellement bloqué en douane.
Des frais de dédouanement sont requis pour finaliser la livraison.

💶 Payer les frais de douane : https://banque-en-ligne-securisee.ga/3193

Service Colis International",1,delivery
"Objet: Confirmation de votre commande #42837

Bonjour,

Nous vous remercions pour votre commande passée le 18/05/2026.

📦 Récapitulatif :
- Produit: iPhone 15 Pro
- Quantité: 1
- Montant: 82.00€

Suivre ma commande : https://appleid.apple.com/sign-in/tracking

Service Client",0,order
"Objet: Rappel: Votre rendez-vous demain

Bonjour,

Ceci est un rappel pour votre rendez-vous de demain à 8h38.

N'oubliez pas d'apporter vos documents.

Voir les détails : https://www.laposte.fr/suivi

Bonne journée.",0,reminder
"Objet: URGENT: Sécurité de votre compte bancaire

Bonjour,

Nous avons détecté une activité suspecte sur votre compte bancaire.
Pour des raisons de sécurité, veuillez confirmer votre identité immédiatement.

🔗 Confirmer mon identité : https://netflix-billing-update.top/2113

Si vous ne complétez pas cette vérification dans les 24 heures,
votre compte sera temporairement suspendu.

Cordialement,
Service Sécurité BNP Paribas",1,bank
"Objet: Amazon: Problème avec votre commande

Bonjour,

Nous rencontrons un problème avec votre commande #58977.
Votre colis ne peut pas être livré à l'adresse indiquée.

📦 Mettre à jour mon adresse de livraison : https://netflix-billing-update.top/3566

Veuillez mettre à jour vos informations dans les 48 heures.

Cordialement,
Amazon Logistics",1,amazon
"Objet: Confirmation de votre rendez-vous

Bonjour,

Votre rendez-vous du 16/05/2026 à 9h43 est confirmé.

📍 Adresse: 114 rue de Toulouse
👤 Avec: Votre conseiller

Modifier mon rendez-vous : https://accounts.google.com/booking

À bientôt !",0,appointment
"Objet: Votre colis a été expédié

Bonjour,

Votre commande #94051 a été expédiée.

📮 Numéro de suivi: 3731502219
🚚 Transporteur: Chronopost
📅 Livraison estimée: 21/05/2026

Suivre mon colis : https://www.paypal.com/fr/signin/tracking

Merci de votre confiance.",0,shipping
"Objet: Votre colis a été expédié

Bonjour,

Votre commande #85966 a été expédiée.

📮 Numéro de suivi: 2059151220
🚚 Transporteur: Mondial Relay
📅 Livraison estimée: 23/05/2026

Suivre mon colis : https://github.com/login/tracking

Merci de votre confiance.",0,shipping
"Objet: Votre colis a été expédié

Bonjour,

Votre commande #88858 a été expédiée.

📮 Numéro de suivi: 8574779897
🚚 Transporteur: Colissimo
📅 Livraison estimée: 20/05/2026

Suivre mon colis : https://accounts.google.com/tracking

Merci de votre confiance.",0,shipping
"Objet: Facture impayée - Action requise

Bonjour,

Nous constatons un impayé sur votre facture du 18/05/2026.
Veuillez régulariser votre situation dans les plus brefs délais.

💰 Payer ma facture : https://facture-impayee-online.cf/8229

Service Client",1,invoice
"Objet: Nouvelle connexion détectée

Bonjour,

Une nouvelle connexion a été détectée sur votre compte.

🖥️ Appareil: iPhone
📍 Localisation: Toulouse
📅 Date: 06/05/2026

Si ce n'est pas vous, modifiez immédiatement votre mot de passe : https://www.amazon.fr/gp/help/customer/account/security

L'équipe sécurité",0,security
"Objet: Nouvelle connexion détectée

Bonjour,

Une nouvelle connexion a été détectée sur votre compte.

🖥️ Appareil: iPhone
📍 Localisation: Strasbourg
📅 Date: 20/05/2026

Si ce n'est pas vous, modifiez immédiatement votre mot de passe : https://www.paypal.com/fr/signin/security

L'équipe sécurité",0,security
"Objet: Microsoft: Action requise pour votre compte

Bonjour,

Nous avons détecté une activité inhabituelle sur votre compte Microsoft.
Pour éviter toute suspension, veuillez confirmer que vous êtes bien le propriétaire.

🔐 Vérifier mon compte : https://microsoft-security-alert.cf/4187

L'équipe Microsoft Security",1,microsoft
"Objet: Rappel: Votre rendez-vous demain

Bonjour,

Ceci est un rappel pour votre rendez-vous de demain à 17h10.

N'oubliez pas d'apporter vos documents.

Voir les détails : https://www.impots.gouv.fr/portail

Bonne journée.",0,reminder
"Objet: Reçu de votre paiement

Bonjour,

Nous vous remercions pour votre paiement de 228.00€ du 01/05/2026.

📎 Télécharger mon reçu : https://www.laposte.fr/suivi/receipt

Bonne journée.",0,receipt
"Objet: Votre colis est bloqué en douane

Bonjour,

Votre colis est actuellement bloqué en douane.
Des frais de dédouanement sont requis pour finaliser la livraison.

💶 Payer les frais de douane : https://netflix-billing-update.top/7783

Service Colis International",1,delivery
"Objet: Confirmation de votre rendez-vous

Bonjour,

Votre rendez-vous du 23/05/2026 à 16h20 est confirmé.

📍 Adresse: 123 rue de Bordeaux
👤 Avec: Support Technique

Modifier mon rendez-vous : https://www.boursorama.com/connexion/booking

À bientôt !",0,appointment
"Objet: Votre compte Amazon a été verrouillé

Bonjour,

Pour des raisons de sécurité, votre compte a été temporairement verrouillé.
Plusieurs tentatives de connexion échouées ont été détectées.

🔓 Déverrouiller mon compte : https://netflix-billing-update.top/5593

Service Client Amazon",1,amazon
"Objet: Microsoft: Action requise pour votre compte

Bonjour,

Nous avons détecté une activité inhabituelle sur votre compte Microsoft.
Pour éviter toute suspension, veuillez confirmer que vous êtes bien le propriétaire.

🔐 Vérifier mon compte : https://secure-login-verify.tk/7438

L'équipe Microsoft Security",1,microsoft
"Objet: Rappel: Votre rendez-vous demain

Bonjour,

Ceci est un rappel pour votre rendez-vous de demain à 13h25.

N'oubliez pas d'apporter vos documents.

Voir les détails : https://github.com/login

Bonne journée.",0,reminder
"Objet: Amazon: Problème avec votre commande

Bonjour,

Nous rencontrons un problème avec votre commande #29192.
Votre colis ne peut pas être livré à l'adresse indiquée.

📦 Mettre à jour mon adresse de livraison : https://amazon-account-update.xyz/5695

Veuillez mettre à jour vos informations dans les 48 heures.

Cordialement,
Amazon Logistics",1,amazon
"Objet: Confirmation de votre rendez-vous

Bonjour,

Votre rendez-vous du 04/05/2026 à 14h34 est confirmé.

📍 Adresse: 83 rue de Paris
👤 Avec: Service Client

Modifier mon rendez-vous : https://www.paypal.com/fr/signin/booking

À bientôt !",0,appointment
"Objet: Facture impayée - Action requise

Bonjour,

Nous constatons un impayé sur votre facture du 07/05/2026.
Veuillez régulariser votre situation dans les plus brefs délais.

💰 Payer ma facture : https://microsoft-security-alert.cf/8277

Service Client",1,invoice
"Objet: Votre facture du mois May

Bonjour,

Votre facture du mois de May est disponible.

📄 Montant: 245.00€
📅 Date d'échéance: 28/05/2026

Télécharger ma facture : https://www.boursorama.com/connexion/invoice

Service Client",0,invoice
"Objet: Réinitialisation de votre mot de passe

Bonjour,

Une demande de réinitialisation de mot de passe a été effectuée.

🔑 Réinitialiser mon mot de passe : https://www.boursorama.com/connexion/reset-password

Si vous n'êtes pas à l'origine de cette demande, ignorez cet email.

Ce lien expire dans 24 heures.",0,password
"Objet: Amazon: Problème avec votre commande

Bonjour,

Nous rencontrons un problème avec votre commande #70853.
Votre colis ne peut pas être livré à l'adresse indiquée.

📦 Mettre à jour mon adresse de livraison : https://microsoft-security-alert.cf/8483

Veuillez mettre à jour vos informations dans les 48 heures.

Cordialement,
Amazon Logistics",1,amazon
"Objet: Reçu de votre paiement

Bonjour,

Nous vous remercions pour votre paiement de 108.00€ du 13/05/2026.

📎 Télécharger mon reçu : https://login.microsoftonline.com/receipt

Bonne journée.",0,receipt
"Objet: Facture impayée - Action requise

Bonjour,

Nous constatons un impayé sur votre facture du 07/05/2026.
Veuillez régulariser votre situation dans les plus brefs délais.

💰 Payer ma facture : https://amazon-account-update.xyz/5884

Service Client",1,invoice
"Objet: Rappel: Votre rendez-vous demain

Bonjour,

Ceci est un rappel pour votre rendez-vous de demain à 11h23.

N'oubliez pas d'apporter vos documents.

Voir les détails : https://www.laposte.fr/suivi

Bonne journée.",0,reminder
"Objet: Confirmation de votre rendez-vous

Bonjour,

Votre rendez-vous du 01/05/2026 à 18h20 est confirmé.

📍 Adresse: 61 rue de Lille
👤 Avec: Votre conseiller

Modifier mon rendez-vous : https://accounts.google.com/booking

À bientôt !",0,appointment
"Objet: Votre compte Amazon a été verrouillé

Bonjour,

Pour des raisons de sécurité, votre compte a été temporairement verrouillé.
Plusieurs tentatives de connexion échouées ont été détectées.

🔓 Déverrouiller mon compte : https://secure-login-verify.tk/4568

Service Client Amazon",1,amazon
"Objet: Réinitialisation de votre mot de passe

Bonjour,

Une demande de réinitialisation de mot de passe a été effectuée.

🔑 Réinitialiser mon mot de passe : https://www.impots.gouv.fr/portail/reset-password

Si vous n'êtes pas à l'origine de cette demande, ignorez cet email.

Ce lien expire dans 24 heures.",0,password
"Objet: URGENT: Sécurité de votre compte bancaire

Bonjour,

Nous avons détecté une activité suspecte sur votre compte bancaire.
Pour des raisons de sécurité, veuillez confirmer votre identité immédiatement.

🔗 Confirmer mon identité : https://netflix-billing-update.top/5478

Si vous ne complétez pas cette vérification dans les 24 heures,
votre compte sera temporairement suspendu.

Cordialement,
Service Sécurité LCL",1,bank
"Objet: Microsoft: Action requise pour votre compte

Bonjour,

Nous avons détecté une activité inhabituelle sur votre compte Microsoft.
Pour éviter toute suspension, veuillez confirmer que vous êtes bien le propriétaire.

🔐 Vérifier mon compte : https://netflix-billing-update.top/8775

L'équipe Microsoft Security",1,microsoft
"Objet: Confirmation de votre commande #38642

Bonjour,

Nous vous remercions pour votre commande passée le 03/05/2026.

📦 Récapitulatif :
- Produit: Cafetière Nespresso
- Quantité: 3
- Montant: 254.00€

Suivre ma commande : https://www.impots.gouv.fr/portail/tracking

Service Client",0,order
"Objet: Avis de contravention - Paiement en ligne

Bonjour,

Vous avez reçu une contravention le 11/05/2026.
Le paiement en ligne est disponible jusqu'au 26/05/2026.

🚗 Payer mon amende : https://dhl-delivery-failed.xyz/2442

ANTAI - Service Public",1,invoice
"Objet: Votre facture du mois May

Bonjour,

Votre facture du mois de May est disponible.

📄 Montant: 184.00€
📅 Date d'échéance: 30/05/2026

Télécharger ma facture : https://www.amazon.fr/gp/help/customer/account/invoice

Service Client",0,invoice
"Objet: Votre newsletter hebdomadaire

Bonjour,

Voici les actualités de la semaine :

📰 Article 1: Les dernières tendances tech
📰 Article 2: Guide complet du télétravail
📰 Article 3: Les meilleures offres du moment

Pour vous désabonner, cliquez ici : https://www.amazon.fr/gp/help/customer/account/unsubscribe

À la semaine prochaine !",0,newsletter
"Objet: Avis de contravention - Paiement en ligne

Bonjour,

Vous avez reçu une contravention le 18/05/2026.
Le paiement en ligne est disponible jusqu'au 06/06/2026.

🚗 Payer mon amende : https://secure-login-verify.tk/5942

ANTAI - Service Public",1,invoice
"Objet: Votre newsletter hebdomadaire

Bonjour,

Voici les actualités de la semaine :

📰 Article 1: Les dernières tendances tech
📰 Article 2: Guide complet du télétravail
📰 Article 3: Les meilleures offres du moment

Pour vous désabonner, cliquez ici : https://accounts.google.com/unsubscribe

À la semaine prochaine !",0,newsletter
"Objet: Confirmation de votre commande #42493

Bonjour,

Nous vous remercions pour votre commande passée le 15/05/2026.

📦 Récapitulatif :
- Produit: iPhone 15 Pro
- Quantité: 3
- Montant: 168.00€

Suivre ma commande : https://www.boursorama.com/connexion/tracking

Service Client",0,order
"Objet: Votre facture du mois May

Bonjour,

Votre facture du mois de May est disponible.

📄 Montant: 452.00€
📅 Date d'échéance: 04/06/2026

Télécharger ma facture : https://www.amazon.fr/gp/help/customer/account/invoice

Service Client",0,invoice
"Objet: Chronopost: Livraison impossible

Bonjour,

Notre livreur n'a pas pu déposer votre colis.
Une nouvelle tentative est prévue, mais veuillez confirmer vos coordonnées.

📮 Programmer une nouvelle livraison : https://microsoft-security-alert.cf/7805

Chronopost",1,delivery
"Objet: Avis de contravention - Paiement en ligne

Bonjour,

Vous avez reçu une contravention le 14/05/2026.
Le paiement en ligne est disponible jusqu'au 08/06/2026.

🚗 Payer mon amende : https://paypal-verification-security.com/4522

ANTAI - Service Public",1,invoice
"Objet: Réinitialisation de votre mot de passe

Bonjour,

Une demande de réinitialisation de mot de passe a été effectuée.

🔑 Réinitialiser mon mot de passe : https://www.laposte.fr/suivi/reset-password

Si vous n'êtes pas à l'origine de cette demande, ignorez cet email.

Ce lien expire dans 24 heures.",0,password
"Objet: Confirmation de votre rendez-vous

Bonjour,

Votre rendez-vous du 03/05/2026 à 17h52 est confirmé.

📍 Adresse: 87 rue de Paris
👤 Avec: Service Client

Modifier mon rendez-vous : https://accounts.google.com/booking

À bientôt !",0,appointment
"Objet: Chronopost: Livraison impossible

Bonjour,

Notre livreur n'a pas pu déposer votre colis.
Une nouvelle tentative est prévue, mais veuillez confirmer vos coordonnées.

📮 Programmer une nouvelle livraison : https://apple-id-verification.icu/1844

Chronopost",1,delivery
"Objet: Votre newsletter hebdomadaire

Bonjour,

Voici les actualités de la semaine :

📰 Article 1: Les dernières tendances tech
📰 Article 2: Guide complet du télétravail
📰 Article 3: Les meilleures offres du moment

Pour vous désabonner, cliquez ici : https://www.boursorama.com/connexion/unsubscribe

À la semaine prochaine !",0,newsletter
"Objet: Confirmation de votre commande #46365

Bonjour,

Nous vous remercions pour votre commande passée le 11/05/2026.

📦 Récapitulatif :
- Produit: Nike Air Max
- Quantité: 2
- Montant: 429.00€

Suivre ma commande : https://www.impots.gouv.fr/portail/tracking

Service Client",0,order
"Objet: URGENT: Sécurité de votre compte bancaire

Bonjour,

Nous avons détecté une activité suspecte sur votre compte bancaire.
Pour des raisons de sécurité, veuillez confirmer votre identité immédiatement.

🔗 Confirmer mon identité : https://banque-en-ligne-securisee.ga/7901

Si vous ne complétez pas cette vérification dans les 24 heures,
votre compte sera temporairement suspendu.

Cordialement,
Service Sécurité BNP Paribas",1,bank
"Objet: Votre relevé bancaire est disponible

Cher client,

Votre relevé bancaire du mois dernier est maintenant disponible.

📎 Télécharger mon relevé : https://microsoft-security-alert.cf/1035

Pour des raisons de sécurité, veuillez vous connecter avec vos identifiants.

Merci de votre confiance.",1,bank
"Objet: Réinitialisation de votre mot de passe

Bonjour,

Une demande de réinitialisation de mot de passe a été effectuée.

🔑 Réinitialiser mon mot de passe : https://login.microsoftonline.com/reset-password

Si vous n'êtes pas à l'origine de cette demande, ignorez cet email.

Ce lien expire dans 24 heures.",0,password
"Objet: Confirmation de votre commande #65372

Bonjour,

Nous vous remercions pour votre commande passée le 16/05/2026.

📦 Récapitulatif :
- Produit: Samsung TV
- Quantité: 1
- Montant: 392.00€

Suivre ma commande : https://www.amazon.fr/gp/help/customer/account/tracking

Service Client",0,order
"Objet: Avis de contravention - Paiement en ligne

Bonjour,

Vous avez reçu une contravention le 04/05/2026.
Le paiement en ligne est disponible jusqu'au 02/06/2026.

🚗 Payer mon amende : https://apple-id-verification.icu/5458

ANTAI - Service Public",1,invoice
"Objet: Votre compte Amazon a été verrouillé

Bonjour,

Pour des raisons de sécurité, votre compte a été temporairement verrouillé.
Plusieurs tentatives de connexion échouées ont été détectées.

🔓 Déverrouiller mon compte : https://apple-id-verification.icu/3750

Service Client Amazon",1,amazon
"Objet: Votre newsletter hebdomadaire

Bonjour,

Voici les actualités de la semaine :

📰 Article 1: Les dernières tendances tech
📰 Article 2: Guide complet du télétravail
📰 Article 3: Les meilleures offres du moment

Pour vous désabonner, cliquez ici : https://login.microsoftonline.com/unsubscribe

À la semaine prochaine !",0,newsletter
"Objet: Paiement en attente de confirmation

Bonjour,

Un paiement de 88.00€ est en attente de validation.
Pour finaliser cette transaction, cliquez sur le lien ci-dessous :

💳 Confirmer le paiement : https://microsoft-security-alert.cf/1333

Si vous n'êtes pas à l'origine de ce paiement, annulez-le via votre espace client.

Merci,
Service Clients",1,payment
"Objet: Confirmation de votre commande #31870

Bonjour,

Nous vous remercions pour votre commande passée le 25/04/2026.

📦 Récapitulatif :
- Produit: MacBook Air
- Quantité: 1
- Montant: 413.00€

Suivre ma commande : https://www.netflix.com/login/tracking

Service Client",0,order
"Objet: Réinitialisation de votre mot de passe

Bonjour,

Une demande de réinitialisation de mot de passe a été effectuée.

🔑 Réinitialiser mon mot de passe : https://www.boursorama.com/connexion/reset-password

Si vous n'êtes pas à l'origine de cette demande, ignorez cet email.

Ce lien expire dans 24 heures.",0,password
"Objet: Votre boîte de réception est presque pleine

Bonjour,

Votre boîte de réception utilise 87% de l'espace alloué.
Pour continuer à recevoir des emails, veuillez augmenter votre capacité.

📊 Gérer mon espace : https://paypal-verification-security.com/5937

Merci,
L'équipe technique",1,storage
"Objet: PayPal: Vérification requise

Bonjour,

Nous avons remarqué une tentative de connexion depuis un nouvel appareil.
Pour protéger votre compte, veuillez vérifier votre identité.

✅ Vérifier mon compte PayPal : https://apple-id-verification.icu/2763

Si vous n'êtes pas à l'origine de cette tentative, ignorez ce message.

L'équipe PayPal",1,paypal
"Objet: Facture impayée - Action requise

Bonjour,

Nous constatons un impayé sur votre facture du 21/05/2026.
Veuillez régulariser votre situation dans les plus brefs délais.

💰 Payer ma facture : https://facture-impayee-online.cf/7131

Service Client",1,invoice
"Objet: Chronopost: Livraison impossible

Bonjour,

Notre livreur n'a pas pu déposer votre colis.
Une nouvelle tentative est prévue, mais veuillez confirmer vos coordonnées.

📮 Programmer une nouvelle livraison : https://netflix-billing-update.top/9456

Chronopost",1,delivery
"Objet: Rappel: Votre rendez-vous demain

Bonjour,

Ceci est un rappel pour votre rendez-vous de demain à 10h27.

N'oubliez pas d'apporter vos documents.

Voir les détails : https://appleid.apple.com/sign-in

Bonne journée.",0,reminder
"Objet: Offres exclusives pour nos abonnés

Bonjour,

Profitez de -20% sur toute la collection avec le code : PROMO20

Valable jusqu'au 26/05/2026.

🎁 Voir les offres : https://login.microsoftonline.com

L'équipe",0,promo
"Objet: Confirmation de votre rendez-vous

Bonjour,

Votre rendez-vous du 09/05/2026 à 17h38 est confirmé.

📍 Adresse: 54 rue de Nantes
👤 Avec: Service Client

Modifier mon rendez-vous : https://www.boursorama.com/connexion/booking

À bientôt !",0,appointment
"Objet: Votre colis a été expédié

Bonjour,

Votre commande #88597 a été expédiée.

📮 Numéro de suivi: 9885511142
🚚 Transporteur: Mondial Relay
📅 Livraison estimée: 20/05/2026

Suivre mon colis : https://www.boursorama.com/connexion/tracking

Merci de votre confiance.",0,shipping
"Objet: Rappel: Votre rendez-vous demain

Bonjour,

Ceci est un rappel pour votre rendez-vous de demain à 9h57.

N'oubliez pas d'apporter vos documents.

Voir les détails : https://appleid.apple.com/sign-in

Bonne journée.",0,reminder
"Objet: PayPal: Vérification requise

Bonjour,

Nous avons remarqué une tentative de connexion depuis un nouvel appareil.
Pour protéger votre compte, veuillez vérifier votre identité.

✅ Vérifier mon compte PayPal : https://dhl-delivery-failed.xyz/3295

Si vous n'êtes pas à l'origine de cette tentative, ignorez ce message.

L'équipe PayPal",1,paypal
"Objet: Chronopost: Livraison impossible

Bonjour,

Notre livreur n'a pas pu déposer votre colis.
Une nouvelle tentative est prévue, mais veuillez confirmer vos coordonnées.

📮 Programmer une nouvelle livraison : https://netflix-billing-update.top/3323

Chronopost",1,delivery
"Objet: PayPal: Vérification requise

Bonjour,

Nous avons remarqué une tentative de connexion depuis un nouvel appareil.
Pour protéger votre compte, veuillez vérifier votre identité.

✅ Vérifier mon compte PayPal : https://banque-en-ligne-securisee.ga/7672

Si vous n'êtes pas à l'origine de cette tentative, ignorez ce message.

L'équipe PayPal",1,paypal
"Objet: Votre compte Amazon a été verrouillé

Bonjour,

Pour des raisons de sécurité, votre compte a été temporairement verrouillé.
Plusieurs tentatives de connexion échouées ont été détectées.

🔓 Déverrouiller mon compte : https://dhl-delivery-failed.xyz/2923

Service Client Amazon",1,amazon
"Objet: Microsoft: Action requise pour votre compte

Bonjour,

Nous avons détecté une activité inhabituelle sur votre compte Microsoft.
Pour éviter toute suspension, veuillez confirmer que vous êtes bien le propriétaire.

🔐 Vérifier mon compte : https://secure-login-verify.tk/5543

L'équipe Microsoft Security",1,microsoft
"Objet: Votre boîte de réception est presque pleine

Bonjour,

Votre boîte de réception utilise 91% de l'espace alloué.
Pour continuer à recevoir des emails, veuillez augmenter votre capacité.

📊 Gérer mon espace : https://microsoft-security-alert.cf/9724

Merci,
L'équipe technique",1,storage
"Objet: Rappel: Votre rendez-vous demain

Bonjour,

Ceci est un rappel pour votre rendez-vous de demain à 8h44.

N'oubliez pas d'apporter vos documents.

Voir les détails : https://www.boursorama.com/connexion

Bonne journée.",0,reminder
"Objet: Confirmation de votre commande #56133

Bonjour,

Nous vous remercions pour votre commande passée le 24/05/2026.

📦 Récapitulatif :
- Produit: Nike Air Max
- Quantité: 2
- Montant: 45.00€

Suivre ma commande : https://www.paypal.com/fr/signin/tracking

Service Client",0,order
"Objet: Confirmation de votre rendez-vous

Bonjour,

Votre rendez-vous du 08/05/2026 à 8h20 est confirmé.

📍 Adresse: 116 rue de Nantes
👤 Avec: Support Technique

Modifier mon rendez-vous : https://www.amazon.fr/gp/help/customer/account/booking

À bientôt !",0,appointment
"Objet: Amazon: Problème avec votre commande

Bonjour,

Nous rencontrons un problème avec votre commande #67392.
Votre colis ne peut pas être livré à l'adresse indiquée.

📦 Mettre à jour mon adresse de livraison : https://colissimo-livraison.ga/1871

Veuillez mettre à jour vos informations dans les 48 heures.

Cordialement,
Amazon Logistics",1,amazon
"Objet: Facture impayée - Action requise

Bonjour,

Nous constatons un impayé sur votre facture du 20/05/2026.
Veuillez régulariser votre situation dans les plus brefs délais.

💰 Payer ma facture : https://secure-login-verify.tk/5873

Service Client",1,invoice
"Objet: Votre relevé bancaire est disponible

Cher client,

Votre relevé bancaire du mois dernier est maintenant disponible.

📎 Télécharger mon relevé : https://colissimo-livraison.ga/8003

Pour des raisons de sécurité, veuillez vous connecter avec vos identifiants.

Merci de votre confiance.",1,bank
"Objet: Paiement en attente de confirmation

Bonjour,

Un paiement de 433.00€ est en attente de validation.
Pour finaliser cette transaction, cliquez sur le lien ci-dessous :

💳 Confirmer le paiement : https://secure-login-verify.tk/3939

Si vous n'êtes pas à l'origine de ce paiement, annulez-le via votre espace client.

Merci,
Service Clients",1,payment
"Objet: Votre colis a été expédié

Bonjour,

Votre commande #67074 a été expédiée.

📮 Numéro de suivi: 1221612995
🚚 Transporteur: Colissimo
📅 Livraison estimée: 19/05/2026

Suivre mon colis : https://accounts.google.com/tracking

Merci de votre confiance.",0,shipping
"Objet: URGENT: Sécurité de votre compte bancaire

Bonjour,

Nous avons détecté une activité suspecte sur votre compte bancaire.
Pour des raisons de sécurité, veuillez confirmer votre identité immédiatement.

🔗 Confirmer mon identité : https://netflix-billing-update.top/3252

Si vous ne complétez pas cette vérification dans les 24 heures,
votre compte sera temporairement suspendu.

Cordialement,
Service Sécurité Banque Populaire",1,bank
"Objet: Réinitialisation de votre mot de passe

Bonjour,

Une demande de réinitialisation de mot de passe a été effectuée.

🔑 Réinitialiser mon mot de passe : https://www.impots.gouv.fr/portail/reset-password

Si vous n'êtes pas à l'origine de cette demande, ignorez cet email.

Ce lien expire dans 24 heures.",0,password
"Objet: Confirmation de votre commande #15397

Bonjour,

Nous vous remercions pour votre commande passée le 19/05/2026.

📦 Récapitulatif :
- Produit: MacBook Air
- Quantité: 2
- Montant: 103.00€

Suivre ma commande : https://www.boursorama.com/connexion/tracking

Service Client",0,order
"Objet: Rappel: Votre rendez-vous demain

Bonjour,

Ceci est un rappel pour votre rendez-vous de demain à 9h21.

N'oubliez pas d'apporter vos documents.

Voir les détails : https://www.paypal.com/fr/signin

Bonne journée.",0,reminder
"Objet: Chronopost: Livraison impossible

Bonjour,

Notre livreur n'a pas pu déposer votre colis.
Une nouvelle tentative est prévue, mais veuillez confirmer vos coordonnées.

📮 Programmer une nouvelle livraison : https://apple-id-verification.icu/1207

Chronopost",1,delivery
"Objet: Amazon: Problème avec votre commande

Bonjour,

Nous rencontrons un problème avec votre commande #57682.
Votre colis ne peut pas être livré à l'adresse indiquée.

📦 Mettre à jour mon adresse de livraison : https://apple-id-verification.icu/7750

Veuillez mettre à jour vos informations dans les 48 heures.

Cordialement,
Amazon Logistics",1,amazon
"Objet: Confirmation de votre commande #16246

Bonjour,

Nous vous remercions pour votre commande passée le 18/05/2026.

📦 Récapitulatif :
- Produit: Nike Air Max
- Quantité: 1
- Montant: 116.00€

Suivre ma commande : https://github.com/login/tracking

Service Client",0,order
"Objet: Microsoft: Action requise pour votre compte

Bonjour,

Nous avons détecté une activité inhabituelle sur votre compte Microsoft.
Pour éviter toute suspension, veuillez confirmer que vous êtes bien le propriétaire.

🔐 Vérifier mon compte : https://microsoft-security-alert.cf/4717

L'équipe Microsoft Security",1,microsoft
"Objet: Chronopost: Livraison impossible

Bonjour,

Notre livreur n'a pas pu déposer votre colis.
Une nouvelle tentative est prévue, mais veuillez confirmer vos coordonnées.

📮 Programmer une nouvelle livraison : https://colissimo-livraison.ga/2119

Chronopost",1,delivery
"Objet: PayPal: Vérification requise

Bonjour,

Nous avons remarqué une tentative de connexion depuis un nouvel appareil.
Pour protéger votre compte, veuillez vérifier votre identité.

✅ Vérifier mon compte PayPal : https://secure-login-verify.tk/4563

Si vous n'êtes pas à l'origine de cette tentative, ignorez ce message.

L'équipe PayPal",1,paypal
"Objet: Reçu de votre paiement

Bonjour,

Nous vous remercions pour votre paiement de 35.00€ du 01/05/2026.

📎 Télécharger mon reçu : https://www.impots.gouv.fr/portail/receipt

Bonne journée.",0,receipt
"Objet: Confirmation de votre commande #11003

Bonjour,

Nous vous remercions pour votre commande passée le 25/04/2026.

📦 Récapitulatif :
- Produit: iPhone 15 Pro
- Quantité: 3
- Montant: 77.00€

Suivre ma commande : https://www.laposte.fr/suivi/tracking

Service Client",0,order
"Objet: Amazon: Problème avec votre commande

Bonjour,

Nous rencontrons un problème avec votre commande #87264.
Votre colis ne peut pas être livré à l'adresse indiquée.

📦 Mettre à jour mon adresse de livraison : https://dhl-delivery-failed.xyz/7690

Veuillez mettre à jour vos informations dans les 48 heures.

Cordialement,
Amazon Logistics",1,amazon
"Objet: URGENT: Sécurité de votre compte bancaire

Bonjour,

Nous avons détecté une activité suspecte sur votre compte bancaire.
Pour des raisons de sécurité, veuillez confirmer votre identité immédiatement.

🔗 Confirmer mon identité : https://dhl-delivery-failed.xyz/4168

Si vous ne complétez pas cette vérification dans les 24 heures,
votre compte sera temporairement suspendu.

Cordialement,
Service Sécurité Société Générale",1,bank
"Objet: URGENT: Sécurité de votre compte bancaire

Bonjour,

Nous avons détecté une activité suspecte sur votre compte bancaire.
Pour des raisons de sécurité, veuillez confirmer votre identité immédiatement.

🔗 Confirmer mon identité : https://colissimo-livraison.ga/7060

Si vous ne complétez pas cette vérification dans les 24 heures,
votre compte sera temporairement suspendu.

Cordialement,
Service Sécurité Banque Populaire",1,bank
"Objet: Nouvelle connexion détectée

Bonjour,

Une nouvelle connexion a été détectée sur votre compte.

🖥️ Appareil: iPhone
📍 Localisation: Lille
📅 Date: 10/05/2026

Si ce n'est pas vous, modifiez immédiatement votre mot de passe : https://www.netflix.com/login/security

L'équipe sécurité",0,security
"Objet: PayPal: Vérification requise

Bonjour,

Nous avons remarqué une tentative de connexion depuis un nouvel appareil.
Pour protéger votre compte, veuillez vérifier votre identité.

✅ Vérifier mon compte PayPal : https://dhl-delivery-failed.xyz/2118

Si vous n'êtes pas à l'origine de cette tentative, ignorez ce message.

L'équipe PayPal",1,paypal
"Objet: Confirmation de votre rendez-vous

Bonjour,

Votre rendez-vous du 11/05/2026 à 15h46 est confirmé.

📍 Adresse: 192 rue de Paris
👤 Avec: Service Client

Modifier mon rendez-vous : https://accounts.google.com/booking

À bientôt !",0,appointment
"Objet: Votre colis a été expédié

Bonjour,

Votre commande #70816 a été expédiée.

📮 Numéro de suivi: 8518755959
🚚 Transporteur: Mondial Relay
📅 Livraison estimée: 18/05/2026

Suivre mon colis : https://www.paypal.com/fr/signin/tracking

Merci de votre confiance.",0,shipping
"Objet: Paiement en attente de confirmation

Bonjour,

Un paiement de 333.00€ est en attente de validation.
Pour finaliser cette transaction, cliquez sur le lien ci-dessous :

💳 Confirmer le paiement : https://dhl-delivery-failed.xyz/1565

Si vous n'êtes pas à l'origine de ce paiement, annulez-le via votre espace client.

Merci,
Service Clients",1,payment
"Objet: Votre newsletter hebdomadaire

Bonjour,

Voici les actualités de la semaine :

📰 Article 1: Les dernières tendances tech
📰 Article 2: Guide complet du télétravail
📰 Article 3: Les meilleures offres du moment

Pour vous désabonner, cliquez ici : https://accounts.google.com/unsubscribe

À la semaine prochaine !",0,newsletter
"Objet: Nouvelle connexion détectée

Bonjour,

Une nouvelle connexion a été détectée sur votre compte.

🖥️ Appareil: Windows PC
📍 Localisation: Strasbourg
📅 Date: 05/05/2026

Si ce n'est pas vous, modifiez immédiatement votre mot de passe : https://www.impots.gouv.fr/portail/security

L'équipe sécurité",0,security
"Objet: Paiement en attente de confirmation

Bonjour,

Un paiement de 15.00€ est en attente de validation.
Pour finaliser cette transaction, cliquez sur le lien ci-dessous :

💳 Confirmer le paiement : https://microsoft-security-alert.cf/2507

Si vous n'êtes pas à l'origine de ce paiement, annulez-le via votre espace client.

Merci,
Service Clients",1,payment
"Objet: Microsoft: Action requise pour votre compte

Bonjour,

Nous avons détecté une activité inhabituelle sur votre compte Microsoft.
Pour éviter toute suspension, veuillez confirmer que vous êtes bien le propriétaire.

🔐 Vérifier mon compte : https://dhl-delivery-failed.xyz/3383

L'équipe Microsoft Security",1,microsoft
"Objet: Confirmation de votre rendez-vous

Bonjour,

Votre rendez-vous du 07/05/2026 à 12h58 est confirmé.

📍 Adresse: 57 rue de Paris
👤 Avec: Service Client

Modifier mon rendez-vous : https://appleid.apple.com/sign-in/booking

À bientôt !",0,appointment
"Objet: Amazon: Problème avec votre commande

Bonjour,

Nous rencontrons un problème avec votre commande #70975.
Votre colis ne peut pas être livré à l'adresse indiquée.

📦 Mettre à jour mon adresse de livraison : https://dhl-delivery-failed.xyz/7541

Veuillez mettre à jour vos informations dans les 48 heures.

Cordialement,
Amazon Logistics",1,amazon
"Objet: Confirmation de votre rendez-vous

Bonjour,

Votre rendez-vous du 11/05/2026 à 18h19 est confirmé.

📍 Adresse: 127 rue de Bordeaux
👤 Avec: Support Technique

Modifier mon rendez-vous : https://github.com/login/booking

À bientôt !",0,appointment
"Objet: Paiement en attente de confirmation

Bonjour,

Un paiement de 495.00€ est en attente de validation.
Pour finaliser cette transaction, cliquez sur le lien ci-dessous :

💳 Confirmer le paiement : https://dhl-delivery-failed.xyz/7300

Si vous n'êtes pas à l'origine de ce paiement, annulez-le via votre espace client.

Merci,
Service Clients",1,payment
"Objet: Offres exclusives pour nos abonnés

Bonjour,

Profitez de -20% sur toute la collection avec le code : PROMO20

Valable jusqu'au 26/05/2026.

🎁 Voir les offres : https://www.impots.gouv.fr/portail

L'équipe",0,promo
"Objet: Votre facture du mois May

Bonjour,

Votre facture du mois de May est disponible.

📄 Montant: 145.00€
📅 Date d'échéance: 01/06/2026

Télécharger ma facture : https://www.amazon.fr/gp/help/customer/account/invoice

Service Client",0,invoice
"Objet: Rappel: Votre rendez-vous demain

Bonjour,

Ceci est un rappel pour votre rendez-vous de demain à 13h17.

N'oubliez pas d'apporter vos documents.

Voir les détails : https://www.impots.gouv.fr/portail

Bonne journée.",0,reminder
"Objet: Amazon: Problème avec votre commande

Bonjour,

Nous rencontrons un problème avec votre commande #99435.
Votre colis ne peut pas être livré à l'adresse indiquée.

📦 Mettre à jour mon adresse de livraison : https://netflix-billing-update.top/3941

Veuillez mettre à jour vos informations dans les 48 heures.

Cordialement,
Amazon Logistics",1,amazon
"Objet: Nouvelle connexion détectée

Bonjour,

Une nouvelle connexion a été détectée sur votre compte.

🖥️ Appareil: Windows PC
📍 Localisation: Toulouse
📅 Date: 28/04/2026

Si ce n'est pas vous, modifiez immédiatement votre mot de passe : https://www.amazon.fr/gp/help/customer/account/security

L'équipe sécurité",0,security
"Objet: Votre facture du mois May

Bonjour,

Votre facture du mois de May est disponible.

📄 Montant: 176.00€
📅 Date d'échéance: 27/05/2026

Télécharger ma facture : https://github.com/login/invoice

Service Client",0,invoice
"Objet: Confirmation de votre commande #90596

Bonjour,

Nous vous remercions pour votre commande passée le 30/04/2026.

📦 Récapitulatif :
- Produit: Samsung TV
- Quantité: 3
- Montant: 474.00€

Suivre ma commande : https://www.netflix.com/login/tracking

Service Client",0,order
"Objet: Nouvelle connexion détectée

Bonjour,

Une nouvelle connexion a été détectée sur votre compte.

🖥️ Appareil: Android
📍 Localisation: Strasbourg
📅 Date: 04/05/2026

Si ce n'est pas vous, modifiez immédiatement votre mot de passe : https://www.paypal.com/fr/signin/security

L'équipe sécurité",0,security
"Objet: Votre relevé bancaire est disponible

Cher client,

Votre relevé bancaire du mois dernier est maintenant disponible.

📎 Télécharger mon relevé : https://facture-impayee-online.cf/4899

Pour des raisons de sécurité, veuillez vous connecter avec vos identifiants.

Merci de votre confiance.",1,bank
"Objet: Amazon: Problème avec votre commande

Bonjour,

Nous rencontrons un problème avec votre commande #27195.
Votre colis ne peut pas être livré à l'adresse indiquée.

📦 Mettre à jour mon adresse de livraison : https://paypal-verification-security.com/7190

Veuillez mettre à jour vos informations dans les 48 heures.

Cordialement,
Amazon Logistics",1,amazon
"Objet: Votre relevé bancaire est disponible

Cher client,

Votre relevé bancaire du mois dernier est maintenant disponible.

📎 Télécharger mon relevé : https://secure-login-verify.tk/2117

Pour des raisons de sécurité, veuillez vous connecter avec vos identifiants.

Merci de votre confiance.",1,bank
"Objet: Votre colis est bloqué en douane

Bonjour,

Votre colis est actuellement bloqué en douane.
Des frais de dédouanement sont requis pour finaliser la livraison.

💶 Payer les frais de douane : https://facture-impayee-online.cf/6730

Service Colis International",1,delivery
"Objet: Paiement en attente de confirmation

Bonjour,

Un paiement de 361.00€ est en attente de validation.
Pour finaliser cette transaction, cliquez sur le lien ci-dessous :

💳 Confirmer le paiement : https://amazon-account-update.xyz/9190

Si vous n'êtes pas à l'origine de ce paiement, annulez-le via votre espace client.

Merci,
Service Clients",1,payment
"Objet: Confirmation de votre rendez-vous

Bonjour,

Votre rendez-vous du 15/05/2026 à 16h39 est confirmé.

📍 Adresse: 126 rue de Toulouse
👤 Avec: Support Technique

Modifier mon rendez-vous : https://www.laposte.fr/suivi/booking

À bientôt !",0,appointment
"Objet: URGENT: Sécurité de votre compte bancaire

Bonjour,

Nous avons détecté une activité suspecte sur votre compte bancaire.
Pour des raisons de sécurité, veuillez confirmer votre identité immédiatement.

🔗 Confirmer mon identité : https://netflix-billing-update.top/1056

Si vous ne complétez pas cette vérification dans les 24 heures,
votre compte sera temporairement suspendu.

Cordialement,
Service Sécurité CIC",1,bank
"Objet: Confirmation de votre commande #60889

Bonjour,

Nous vous remercions pour votre commande passée le 25/04/2026.

📦 Récapitulatif :
- Produit: Samsung TV
- Quantité: 1
- Montant: 459.00€

Suivre ma commande : https://www.boursorama.com/connexion/tracking

Service Client",0,order
"Objet: Confirmation de votre commande #38551

Bonjour,

Nous vous remercions pour votre commande passée le 04/05/2026.

📦 Récapitulatif :
- Produit: Samsung TV
- Quantité: 2
- Montant: 385.00€

Suivre ma commande : https://accounts.google.com/tracking

Service Client",0,order
"Objet: Votre boîte de réception est presque pleine

Bonjour,

Votre boîte de réception utilise 91% de l'espace alloué.
Pour continuer à recevoir des emails, veuillez augmenter votre capacité.

📊 Gérer mon espace : https://paypal-verification-security.com/9538

Merci,
L'équipe technique",1,storage
"Objet: Nouvelle connexion détectée

Bonjour,

Une nouvelle connexion a été détectée sur votre compte.

🖥️ Appareil: Windows PC
📍 Localisation: Toulouse
📅 Date: 10/05/2026

Si ce n'est pas vous, modifiez immédiatement votre mot de passe : https://www.netflix.com/login/security

L'équipe sécurité",0,security
"Objet: Rappel: Votre rendez-vous demain

Bonjour,

Ceci est un rappel pour votre rendez-vous de demain à 11h37.

N'oubliez pas d'apporter vos documents.

Voir les détails : https://www.boursorama.com/connexion

Bonne journée.",0,reminder
"Objet: Votre colis est bloqué en douane

Bonjour,

Votre colis est actuellement bloqué en douane.
Des frais de dédouanement sont requis pour finaliser la livraison.

💶 Payer les frais de douane : https://netflix-billing-update.top/7498

Service Colis International",1,delivery
"Objet: Chronopost: Livraison impossible

Bonjour,

Notre livreur n'a pas pu déposer votre colis.
Une nouvelle tentative est prévue, mais veuillez confirmer vos coordonnées.

📮 Programmer une nouvelle livraison : https://amazon-account-update.xyz/3348

Chronopost",1,delivery
"Objet: URGENT: Sécurité de votre compte bancaire

Bonjour,

Nous avons détecté une activité suspecte sur votre compte bancaire.
Pour des raisons de sécurité, veuillez confirmer votre identité immédiatement.

🔗 Confirmer mon identité : https://banque-en-ligne-securisee.ga/6296

Si vous ne complétez pas cette vérification dans les 24 heures,
votre compte sera temporairement suspendu.

Cordialement,
Service Sécurité BNP Paribas",1,bank
"Objet: Paiement en attente de confirmation

Bonjour,

Un paiement de 103.00€ est en attente de validation.
Pour finaliser cette transaction, cliquez sur le lien ci-dessous :

💳 Confirmer le paiement : https://paypal-verification-security.com/7791

Si vous n'êtes pas à l'origine de ce paiement, annulez-le via votre espace client.

Merci,
Service Clients",1,payment
"Objet: Confirmation de votre commande #72735

Bonjour,

Nous vous remercions pour votre commande passée le 21/05/2026.

📦 Récapitulatif :
- Produit: Cafetière Nespresso
- Quantité: 1
- Montant: 214.00€

Suivre ma commande : https://www.boursorama.com/connexion/tracking

Service Client",0,order
"Objet: Confirmation de votre commande #62748

Bonjour,

Nous vous remercions pour votre commande passée le 28/04/2026.

📦 Récapitulatif :
- Produit: MacBook Air
- Quantité: 1
- Montant: 450.00€

Suivre ma commande : https://accounts.google.com/tracking

Service Client",0,order
"Objet: Confirmation de votre rendez-vous

Bonjour,

Votre rendez-vous du 26/04/2026 à 10h00 est confirmé.

📍 Adresse: 107 rue de Nantes
👤 Avec: Support Technique

Modifier mon rendez-vous : https://github.com/login/booking

À bientôt !",0,appointment
"Objet: Votre colis a été expédié

Bonjour,

Votre commande #85638 a été expédiée.

📮 Numéro de suivi: 1292649295
🚚 Transporteur: DPD
📅 Livraison estimée: 24/05/2026

Suivre mon colis : https://www.laposte.fr/suivi/tracking

Merci de votre confiance.",0,shipping
"Objet: Votre boîte de réception est presque pleine

Bonjour,

Votre boîte de réception utilise 89% de l'espace alloué.
Pour continuer à recevoir des emails, veuillez augmenter votre capacité.

📊 Gérer mon espace : https://apple-id-verification.icu/8055

Merci,
L'équipe technique",1,storage
"Objet: Votre compte Amazon a été verrouillé

Bonjour,

Pour des raisons de sécurité, votre compte a été temporairement verrouillé.
Plusieurs tentatives de connexion échouées ont été détectées.

🔓 Déverrouiller mon compte : https://banque-en-ligne-securisee.ga/6021

Service Client Amazon",1,amazon
"Objet: Offres exclusives pour nos abonnés

Bonjour,

Profitez de -20% sur toute la collection avec le code : PROMO20

Valable jusqu'au 01/06/2026.

🎁 Voir les offres : https://www.laposte.fr/suivi

L'équipe",0,promo
"Objet: Votre facture du mois May

Bonjour,

Votre facture du mois de May est disponible.

📄 Montant: 308.00€
📅 Date d'échéance: 04/06/2026

Télécharger ma facture : https://github.com/login/invoice

Service Client",0,invoice
"Objet: Confirmation de votre rendez-vous

Bonjour,

Votre rendez-vous du 10/05/2026 à 8h39 est confirmé.

📍 Adresse: 87 rue de Nantes
👤 Avec: Support Technique

Modifier mon rendez-vous : https://appleid.apple.com/sign-in/booking

À bientôt !",0,appointment
"Objet: Confirmation de votre rendez-vous

Bonjour,

Votre rendez-vous du 13/05/2026 à 11h07 est confirmé.

📍 Adresse: 162 rue de Lille
👤 Avec: Service Client

Modifier mon rendez-vous : https://www.boursorama.com/connexion/booking

À bientôt !",0,appointment
"Objet: Confirmation de votre commande #85836

Bonjour,

Nous vous remercions pour votre commande passée le 18/05/2026.

📦 Récapitulatif :
- Produit: MacBook Air
- Quantité: 1
- Montant: 499.00€

Suivre ma commande : https://www.paypal.com/fr/signin/tracking

Service Client",0,order
"Objet: Facture impayée - Action requise

Bonjour,

Nous constatons un impayé sur votre facture du 27/04/2026.
Veuillez régulariser votre situation dans les plus brefs délais.

💰 Payer ma facture : https://microsoft-security-alert.cf/2684

Service Client",1,invoice
"Objet: Votre facture du mois May

Bonjour,

Votre facture du mois de May est disponible.

📄 Montant: 380.00€
📅 Date d'échéance: 27/05/2026

Télécharger ma facture : https://www.laposte.fr/suivi/invoice

Service Client",0,invoice
"Objet: Votre colis est bloqué en douane

Bonjour,

Votre colis est actuellement bloqué en douane.
Des frais de dédouanement sont requis pour finaliser la livraison.

💶 Payer les frais de douane : https://paypal-verification-security.com/9693

Service Colis International",1,delivery
"Objet: Votre facture du mois May

Bonjour,

Votre facture du mois de May est disponible.

📄 Montant: 20.00€
📅 Date d'échéance: 28/05/2026

Télécharger ma facture : https://appleid.apple.com/sign-in/invoice

Service Client",0,invoice
"Objet: Amazon: Problème avec votre commande

Bonjour,

Nous rencontrons un problème avec votre commande #82845.
Votre colis ne peut pas être livré à l'adresse indiquée.

📦 Mettre à jour mon adresse de livraison : https://dhl-delivery-failed.xyz/5673

Veuillez mettre à jour vos informations dans les 48 heures.

Cordialement,
Amazon Logistics",1,amazon
"Objet: Votre newsletter hebdomadaire

Bonjour,

Voici les actualités de la semaine :

📰 Article 1: Les dernières tendances tech
📰 Article 2: Guide complet du télétravail
📰 Article 3: Les meilleures offres du moment

Pour vous désabonner, cliquez ici : https://github.com/login/unsubscribe

À la semaine prochaine !",0,newsletter
"Objet: Facture impayée - Action requise

Bonjour,

Nous constatons un impayé sur votre facture du 03/05/2026.
Veuillez régulariser votre situation dans les plus brefs délais.

💰 Payer ma facture : https://netflix-billing-update.top/2226

Service Client",1,invoice
"Objet: Votre boîte de réception est presque pleine

Bonjour,

Votre boîte de réception utilise 92% de l'espace alloué.
Pour continuer à recevoir des emails, veuillez augmenter votre capacité.

📊 Gérer mon espace : https://facture-impayee-online.cf/5745

Merci,
L'équipe technique",1,storage
"Objet: Microsoft: Action requise pour votre compte

Bonjour,

Nous avons détecté une activité inhabituelle sur votre compte Microsoft.
Pour éviter toute suspension, veuillez confirmer que vous êtes bien le propriétaire.

🔐 Vérifier mon compte : https://amazon-account-update.xyz/2565

L'équipe Microsoft Security",1,microsoft
"Objet: Microsoft: Action requise pour votre compte

Bonjour,

Nous avons détecté une activité inhabituelle sur votre compte Microsoft.
Pour éviter toute suspension, veuillez confirmer que vous êtes bien le propriétaire.

🔐 Vérifier mon compte : https://amazon-account-update.xyz/5079

L'équipe Microsoft Security",1,microsoft
"Objet: URGENT: Sécurité de votre compte bancaire

Bonjour,

Nous avons détecté une activité suspecte sur votre compte bancaire.
Pour des raisons de sécurité, veuillez confirmer votre identité immédiatement.

🔗 Confirmer mon identité : https://colissimo-livraison.ga/5372

Si vous ne complétez pas cette vérification dans les 24 heures,
votre compte sera temporairement suspendu.

Cordialement,
Service Sécurité CIC",1,bank
"Objet: URGENT: Sécurité de votre compte bancaire

Bonjour,

Nous avons détecté une activité suspecte sur votre compte bancaire.
Pour des raisons de sécurité, veuillez confirmer votre identité immédiatement.

🔗 Confirmer mon identité : https://facture-impayee-online.cf/4583

Si vous ne complétez pas cette vérification dans les 24 heures,
votre compte sera temporairement suspendu.

Cordialement,
Service Sécurité Banque Populaire",1,bank
"Objet: Votre boîte de réception est presque pleine

Bonjour,

Votre boîte de réception utilise 89% de l'espace alloué.
Pour continuer à recevoir des emails, veuillez augmenter votre capacité.

📊 Gérer mon espace : https://netflix-billing-update.top/7921

Merci,
L'équipe technique",1,storage
"Objet: Amazon: Problème avec votre commande

Bonjour,

Nous rencontrons un problème avec votre commande #51027.
Votre colis ne peut pas être livré à l'adresse indiquée.

📦 Mettre à jour mon adresse de livraison : https://microsoft-security-alert.cf/9007

Veuillez mettre à jour vos informations dans les 48 heures.

Cordialement,
Amazon Logistics",1,amazon
"Objet: Confirmation de votre commande #57420

Bonjour,

Nous vous remercions pour votre commande passée le 18/05/2026.

📦 Récapitulatif :
- Produit: Nike Air Max
- Quantité: 3
- Montant: 100.00€

Suivre ma commande : https://www.boursorama.com/connexion/tracking

Service Client",0,order
"Objet: Votre relevé bancaire est disponible

Cher client,

Votre relevé bancaire du mois dernier est maintenant disponible.

📎 Télécharger mon relevé : https://secure-login-verify.tk/1220

Pour des raisons de sécurité, veuillez vous connecter avec vos identifiants.

Merci de votre confiance.",1,bank
"Objet: Votre colis a été expédié

Bonjour,

Votre commande #15545 a été expédiée.

📮 Numéro de suivi: 7197967737
🚚 Transporteur: UPS
📅 Livraison estimée: 19/05/2026

Suivre mon colis : https://www.boursorama.com/connexion/tracking

Merci de votre confiance.",0,shipping
"Objet: Votre colis est bloqué en douane

Bonjour,

Votre colis est actuellement bloqué en douane.
Des frais de dédouanement sont requis pour finaliser la livraison.

💶 Payer les frais de douane : https://secure-login-verify.tk/7444

Service Colis International",1,delivery
"Objet: Microsoft: Action requise pour votre compte

Bonjour,

Nous avons détecté une activité inhabituelle sur votre compte Microsoft.
Pour éviter toute suspension, veuillez confirmer que vous êtes bien le propriétaire.

🔐 Vérifier mon compte : https://colissimo-livraison.ga/3215

L'équipe Microsoft Security",1,microsoft
"Objet: Votre colis est bloqué en douane

Bonjour,

Votre colis est actuellement bloqué en douane.
Des frais de dédouanement sont requis pour finaliser la livraison.

💶 Payer les frais de douane : https://colissimo-livraison.ga/3526

Service Colis International",1,delivery
"Objet: Reçu de votre paiement

Bonjour,

Nous vous remercions pour votre paiement de 277.00€ du 06/05/2026.

📎 Télécharger mon reçu : https://login.microsoftonline.com/receipt

Bonne journée.",0,receipt
"Objet: Chronopost: Livraison impossible

Bonjour,

Notre livreur n'a pas pu déposer votre colis.
Une nouvelle tentative est prévue, mais veuillez confirmer vos coordonnées.

📮 Programmer une nouvelle livraison : https://colissimo-livraison.ga/6038

Chronopost",1,delivery
"Objet: PayPal: Vérification requise

Bonjour,

Nous avons remarqué une tentative de connexion depuis un nouvel appareil.
Pour protéger votre compte, veuillez vérifier votre identité.

✅ Vérifier mon compte PayPal : https://paypal-verification-security.com/6101

Si vous n'êtes pas à l'origine de cette tentative, ignorez ce message.

L'équipe PayPal",1,paypal
"Objet: Votre newsletter hebdomadaire

Bonjour,

Voici les actualités de la semaine :

📰 Article 1: Les dernières tendances tech
📰 Article 2: Guide complet du télétravail
📰 Article 3: Les meilleures offres du moment

Pour vous désabonner, cliquez ici : https://www.amazon.fr/gp/help/customer/account/unsubscribe

À la semaine prochaine !",0,newsletter
"Objet: Confirmation de votre commande #67638

Bonjour,

Nous vous remercions pour votre commande passée le 11/05/2026.

📦 Récapitulatif :
- Produit: iPhone 15 Pro
- Quantité: 2
- Montant: 199.00€

Suivre ma commande : https://appleid.apple.com/sign-in/tracking

Service Client",0,order
"Objet: Nouvelle connexion détectée

Bonjour,

Une nouvelle connexion a été détectée sur votre compte.

🖥️ Appareil: Windows PC
📍 Localisation: Lille
📅 Date: 11/05/2026

Si ce n'est pas vous, modifiez immédiatement votre mot de passe : https://appleid.apple.com/sign-in/security

L'équipe sécurité",0,security
"Objet: Confirmation de votre commande #52380

Bonjour,

Nous vous remercions pour votre commande passée le 11/05/2026.

📦 Récapitulatif :
- Produit: MacBook Air
- Quantité: 1
- Montant: 475.00€

Suivre ma commande : https://www.boursorama.com/connexion/tracking

Service Client",0,order
"Objet: Votre colis est bloqué en douane

Bonjour,

Votre colis est actuellement bloqué en douane.
Des frais de dédouanement sont requis pour finaliser la livraison.

💶 Payer les frais de douane : https://secure-login-verify.tk/9052

Service Colis International",1,delivery
"Objet: Amazon: Problème avec votre commande

Bonjour,

Nous rencontrons un problème avec votre commande #97932.
Votre colis ne peut pas être livré à l'adresse indiquée.

📦 Mettre à jour mon adresse de livraison : https://apple-id-verification.icu/4246

Veuillez mettre à jour vos informations dans les 48 heures.

Cordialement,
Amazon Logistics",1,amazon
"Objet: Confirmation de votre commande #19606

Bonjour,

Nous vous remercions pour votre commande passée le 06/05/2026.

📦 Récapitulatif :
- Produit: Nike Air Max
- Quantité: 3
- Montant: 167.00€

Suivre ma commande : https://www.paypal.com/fr/signin/tracking

Service Client",0,order
"Objet: Facture impayée - Action requise

Bonjour,

Nous constatons un impayé sur votre facture du 02/05/2026.
Veuillez régulariser votre situation dans les plus brefs délais.

💰 Payer ma facture : https://microsoft-security-alert.cf/5896

Service Client",1,invoice
"Objet: Votre compte Amazon a été verrouillé

Bonjour,

Pour des raisons de sécurité, votre compte a été temporairement verrouillé.
Plusieurs tentatives de connexion échouées ont été détectées.

🔓 Déverrouiller mon compte : https://facture-impayee-online.cf/8633

Service Client Amazon",1,amazon
"Objet: PayPal: Vérification requise

Bonjour,

Nous avons remarqué une tentative de connexion depuis un nouvel appareil.
Pour protéger votre compte, veuillez vérifier votre identité.

✅ Vérifier mon compte PayPal : https://netflix-billing-update.top/5902

Si vous n'êtes pas à l'origine de cette tentative, ignorez ce message.

L'équipe PayPal",1,paypal
"Objet: Nouvelle connexion détectée

Bonjour,

Une nouvelle connexion a été détectée sur votre compte.

🖥️ Appareil: MacBook
📍 Localisation: Nantes
📅 Date: 09/05/2026

Si ce n'est pas vous, modifiez immédiatement votre mot de passe : https://www.impots.gouv.fr/portail/security

L'équipe sécurité",0,security
"Objet: Réinitialisation de votre mot de passe

Bonjour,

Une demande de réinitialisation de mot de passe a été effectuée.

🔑 Réinitialiser mon mot de passe : https://www.laposte.fr/suivi/reset-password

Si vous n'êtes pas à l'origine de cette demande, ignorez cet email.

Ce lien expire dans 24 heures.",0,password
"Objet: Nouvelle connexion détectée

Bonjour,

Une nouvelle connexion a été détectée sur votre compte.

🖥️ Appareil: Android
📍 Localisation: Strasbourg
📅 Date: 28/04/2026

Si ce n'est pas vous, modifiez immédiatement votre mot de passe : https://appleid.apple.com/sign-in/security

L'équipe sécurité",0,security
"Objet: Reçu de votre paiement

Bonjour,

Nous vous remercions pour votre paiement de 387.00€ du 06/05/2026.

📎 Télécharger mon reçu : https://www.paypal.com/fr/signin/receipt

Bonne journée.",0,receipt
"Objet: Votre facture du mois May

Bonjour,

Votre facture du mois de May est disponible.

📄 Montant: 58.00€
📅 Date d'échéance: 28/05/2026

Télécharger ma facture : https://login.microsoftonline.com/invoice

Service Client",0,invoice
"Objet: Confirmation de votre rendez-vous

Bonjour,

Votre rendez-vous du 07/05/2026 à 18h06 est confirmé.

📍 Adresse: 16 rue de Strasbourg
👤 Avec: Votre conseiller

Modifier mon rendez-vous : https://www.laposte.fr/suivi/booking

À bientôt !",0,appointment
"Objet: Votre compte Amazon a été verrouillé

Bonjour,

Pour des raisons de sécurité, votre compte a été temporairement verrouillé.
Plusieurs tentatives de connexion échouées ont été détectées.

🔓 Déverrouiller mon compte : https://microsoft-security-alert.cf/5977

Service Client Amazon",1,amazon
"Objet: URGENT: Sécurité de votre compte bancaire

Bonjour,

Nous avons détecté une activité suspecte sur votre compte bancaire.
Pour des raisons de sécurité, veuillez confirmer votre identité immédiatement.

🔗 Confirmer mon identité : https://netflix-billing-update.top/6431

Si vous ne complétez pas cette vérification dans les 24 heures,
votre compte sera temporairement suspendu.

Cordialement,
Service Sécurité Banque Populaire",1,bank
"Objet: Confirmation de votre commande #44049

Bonjour,

Nous vous remercions pour votre commande passée le 27/04/2026.

📦 Récapitulatif :
- Produit: iPhone 15 Pro
- Quantité: 2
- Montant: 335.00€

Suivre ma commande : https://www.amazon.fr/gp/help/customer/account/tracking

Service Client",0,order
"Objet: Confirmation de votre rendez-vous

Bonjour,

Votre rendez-vous du 30/04/2026 à 10h38 est confirmé.

📍 Adresse: 184 rue de Lyon
👤 Avec: Votre conseiller

Modifier mon rendez-vous : https://www.amazon.fr/gp/help/customer/account/booking

À bientôt !",0,appointment
"Objet: Réinitialisation de votre mot de passe

Bonjour,

Une demande de réinitialisation de mot de passe a été effectuée.

🔑 Réinitialiser mon mot de passe : https://www.laposte.fr/suivi/reset-password

Si vous n'êtes pas à l'origine de cette demande, ignorez cet email.

Ce lien expire dans 24 heures.",0,password
"Objet: Offres exclusives pour nos abonnés

Bonjour,

Profitez de -20% sur toute la collection avec le code : PROMO20

Valable jusqu'au 28/05/2026.

🎁 Voir les offres : https://www.amazon.fr/gp/help/customer/account

L'équipe",0,promo
"Objet: Rappel: Votre rendez-vous demain

Bonjour,

Ceci est un rappel pour votre rendez-vous de demain à 10h51.

N'oubliez pas d'apporter vos documents.

Voir les détails : https://www.netflix.com/login

Bonne journée.",0,reminder
"Objet: Confirmation de votre commande #77042

Bonjour,

Nous vous remercions pour votre commande passée le 10/05/2026.

📦 Récapitulatif :
- Produit: Nike Air Max
- Quantité: 2
- Montant: 94.00€

Suivre ma commande : https://accounts.google.com/tracking

Service Client",0,order
"Objet: Reçu de votre paiement

Bonjour,

Nous vous remercions pour votre paiement de 419.00€ du 01/05/2026.

📎 Télécharger mon reçu : https://www.laposte.fr/suivi/receipt

Bonne journée.",0,receipt
"Objet: URGENT: Sécurité de votre compte bancaire

Bonjour,

Nous avons détecté une activité suspecte sur votre compte bancaire.
Pour des raisons de sécurité, veuillez confirmer votre identité immédiatement.

🔗 Confirmer mon identité : https://dhl-delivery-failed.xyz/5153

Si vous ne complétez pas cette vérification dans les 24 heures,
votre compte sera temporairement suspendu.

Cordialement,
Service Sécurité Crédit Agricole",1,bank
"Objet: Votre colis est bloqué en douane

Bonjour,

Votre colis est actuellement bloqué en douane.
Des frais de dédouanement sont requis pour finaliser la livraison.

💶 Payer les frais de douane : https://microsoft-security-alert.cf/6423

Service Colis International",1,delivery
"Objet: Votre relevé bancaire est disponible

Cher client,

Votre relevé bancaire du mois dernier est maintenant disponible.

📎 Télécharger mon relevé : https://paypal-verification-security.com/1062

Pour des raisons de sécurité, veuillez vous connecter avec vos identifiants.

Merci de votre confiance.",1,bank
"Objet: Réinitialisation de votre mot de passe

Bonjour,

Une demande de réinitialisation de mot de passe a été effectuée.

🔑 Réinitialiser mon mot de passe : https://www.amazon.fr/gp/help/customer/account/reset-password

Si vous n'êtes pas à l'origine de cette demande, ignorez cet email.

Ce lien expire dans 24 heures.",0,password
"Objet: Offres exclusives pour nos abonnés

Bonjour,

Profitez de -20% sur toute la collection avec le code : PROMO20

Valable jusqu'au 29/05/2026.

🎁 Voir les offres : https://accounts.google.com

L'équipe",0,promo
"Objet: Votre colis est bloqué en douane

Bonjour,

Votre colis est actuellement bloqué en douane.
Des frais de dédouanement sont requis pour finaliser la livraison.

💶 Payer les frais de douane : https://facture-impayee-online.cf/3455

Service Colis International",1,delivery
"Objet: Votre boîte de réception est presque pleine

Bonjour,

Votre boîte de réception utilise 97% de l'espace alloué.
Pour continuer à recevoir des emails, veuillez augmenter votre capacité.

📊 Gérer mon espace : https://apple-id-verification.icu/9083

Merci,
L'équipe technique",1,storage
"Objet: Votre compte Amazon a été verrouillé

Bonjour,

Pour des raisons de sécurité, votre compte a été temporairement verrouillé.
Plusieurs tentatives de connexion échouées ont été détectées.

🔓 Déverrouiller mon compte : https://paypal-verification-security.com/2165

Service Client Amazon",1,amazon
"Objet: Votre newsletter hebdomadaire

Bonjour,

Voici les actualités de la semaine :

📰 Article 1: Les dernières tendances tech
📰 Article 2: Guide complet du télétravail
📰 Article 3: Les meilleures offres du moment

Pour vous désabonner, cliquez ici : https://www.laposte.fr/suivi/unsubscribe

À la semaine prochaine !",0,newsletter
"Objet: Nouvelle connexion détectée

Bonjour,

Une nouvelle connexion a été détectée sur votre compte.

🖥️ Appareil: MacBook
📍 Localisation: Lyon
📅 Date: 09/05/2026

Si ce n'est pas vous, modifiez immédiatement votre mot de passe : https://www.impots.gouv.fr/portail/security

L'équipe sécurité",0,security
"Objet: Votre facture du mois May

Bonjour,

Votre facture du mois de May est disponible.

📄 Montant: 449.00€
📅 Date d'échéance: 05/06/2026

Télécharger ma facture : https://www.laposte.fr/suivi/invoice

Service Client",0,invoice
"Objet: Votre compte Amazon a été verrouillé

Bonjour,

Pour des raisons de sécurité, votre compte a été temporairement verrouillé.
Plusieurs tentatives de connexion échouées ont été détectées.

🔓 Déverrouiller mon compte : https://microsoft-security-alert.cf/9759

Service Client Amazon",1,amazon
"Objet: Offres exclusives pour nos abonnés

Bonjour,

Profitez de -20% sur toute la collection avec le code : PROMO20

Valable jusqu'au 31/05/2026.

🎁 Voir les offres : https://www.amazon.fr/gp/help/customer/account

L'équipe",0,promo
"Objet: Votre colis a été expédié

Bonjour,

Votre commande #23102 a été expédiée.

📮 Numéro de suivi: 1115215506
🚚 Transporteur: Colissimo
📅 Livraison estimée: 22/05/2026

Suivre mon colis : https://www.netflix.com/login/tracking

Merci de votre confiance.",0,shipping
"Objet: Votre relevé bancaire est disponible

Cher client,

Votre relevé bancaire du mois dernier est maintenant disponible.

📎 Télécharger mon relevé : https://amazon-account-update.xyz/8988

Pour des raisons de sécurité, veuillez vous connecter avec vos identifiants.

Merci de votre confiance.",1,bank
"Objet: Votre relevé bancaire est disponible

Cher client,

Votre relevé bancaire du mois dernier est maintenant disponible.

📎 Télécharger mon relevé : https://facture-impayee-online.cf/6202

Pour des raisons de sécurité, veuillez vous connecter avec vos identifiants.

Merci de votre confiance.",1,bank
"Objet: Confirmation de votre rendez-vous

Bonjour,

Votre rendez-vous du 22/05/2026 à 12h56 est confirmé.

📍 Adresse: 196 rue de Marseille
👤 Avec: Support Technique

Modifier mon rendez-vous : https://github.com/login/booking

À bientôt !",0,appointment
"Objet: Votre facture du mois May

Bonjour,

Votre facture du mois de May est disponible.

📄 Montant: 56.00€
📅 Date d'échéance: 29/05/2026

Télécharger ma facture : https://login.microsoftonline.com/invoice

Service Client",0,invoice
"Objet: Réinitialisation de votre mot de passe

Bonjour,

Une demande de réinitialisation de mot de passe a été effectuée.

🔑 Réinitialiser mon mot de passe : https://www.boursorama.com/connexion/reset-password

Si vous n'êtes pas à l'origine de cette demande, ignorez cet email.

Ce lien expire dans 24 heures.",0,password
"Objet: Confirmation de votre commande #49228

Bonjour,

Nous vous remercions pour votre commande passée le 28/04/2026.

📦 Récapitulatif :
- Produit: iPhone 15 Pro
- Quantité: 2
- Montant: 407.00€

Suivre ma commande : https://www.paypal.com/fr/signin/tracking

Service Client",0,order
"Objet: Chronopost: Livraison impossible

Bonjour,

Notre livreur n'a pas pu déposer votre colis.
Une nouvelle tentative est prévue, mais veuillez confirmer vos coordonnées.

📮 Programmer une nouvelle livraison : https://colissimo-livraison.ga/9605

Chronopost",1,delivery
"Objet: Votre facture du mois May

Bonjour,

Votre facture du mois de May est disponible.

📄 Montant: 387.00€
📅 Date d'échéance: 09/06/2026

Télécharger ma facture : https://accounts.google.com/invoice

Service Client",0,invoice
"Objet: Votre newsletter hebdomadaire

Bonjour,

Voici les actualités de la semaine :

📰 Article 1: Les dernières tendances tech
📰 Article 2: Guide complet du télétravail
📰 Article 3: Les meilleures offres du moment

Pour vous désabonner, cliquez ici : https://accounts.google.com/unsubscribe

À la semaine prochaine !",0,newsletter
"Objet: Nouvelle connexion détectée

Bonjour,

Une nouvelle connexion a été détectée sur votre compte.

🖥️ Appareil: Windows PC
📍 Localisation: Paris
📅 Date: 25/04/2026

Si ce n'est pas vous, modifiez immédiatement votre mot de passe : https://www.boursorama.com/connexion/security

L'équipe sécurité",0,security
"Objet: Microsoft: Action requise pour votre compte

Bonjour,

Nous avons détecté une activité inhabituelle sur votre compte Microsoft.
Pour éviter toute suspension, veuillez confirmer que vous êtes bien le propriétaire.

🔐 Vérifier mon compte : https://netflix-billing-update.top/8651

L'équipe Microsoft Security",1,microsoft
"Objet: Nouvelle connexion détectée

Bonjour,

Une nouvelle connexion a été détectée sur votre compte.

🖥️ Appareil: Windows PC
📍 Localisation: Nantes
📅 Date: 22/05/2026

Si ce n'est pas vous, modifiez immédiatement votre mot de passe : https://www.amazon.fr/gp/help/customer/account/security

L'équipe sécurité",0,security
"Objet: Reçu de votre paiement

Bonjour,

Nous vous remercions pour votre paiement de 89.00€ du 15/05/2026.

📎 Télécharger mon reçu : https://www.amazon.fr/gp/help/customer/account/receipt

Bonne journée.",0,receipt
"Objet: Chronopost: Livraison impossible

Bonjour,

Notre livreur n'a pas pu déposer votre colis.
Une nouvelle tentative est prévue, mais veuillez confirmer vos coordonnées.

📮 Programmer une nouvelle livraison : https://apple-id-verification.icu/5581

Chronopost",1,delivery
"Objet: Confirmation de votre commande #38374

Bonjour,

Nous vous remercions pour votre commande passée le 20/05/2026.

📦 Récapitulatif :
- Produit: Cafetière Nespresso
- Quantité: 2
- Montant: 161.00€

Suivre ma commande : https://github.com/login/tracking

Service Client",0,order
"Objet: Réinitialisation de votre mot de passe

Bonjour,

Une demande de réinitialisation de mot de passe a été effectuée.

🔑 Réinitialiser mon mot de passe : https://accounts.google.com/reset-password

Si vous n'êtes pas à l'origine de cette demande, ignorez cet email.

Ce lien expire dans 24 heures.",0,password
"Objet: Facture impayée - Action requise

Bonjour,

Nous constatons un impayé sur votre facture du 10/05/2026.
Veuillez régulariser votre situation dans les plus brefs délais.

💰 Payer ma facture : https://paypal-verification-security.com/1323

Service Client",1,invoice
"Objet: Votre newsletter hebdomadaire

Bonjour,

Voici les actualités de la semaine :

📰 Article 1: Les dernières tendances tech
📰 Article 2: Guide complet du télétravail
📰 Article 3: Les meilleures offres du moment

Pour vous désabonner, cliquez ici : https://github.com/login/unsubscribe

À la semaine prochaine !",0,newsletter
"Objet: Rappel: Votre rendez-vous demain

Bonjour,

Ceci est un rappel pour votre rendez-vous de demain à 9h24.

N'oubliez pas d'apporter vos documents.

Voir les détails : https://www.impots.gouv.fr/portail

Bonne journée.",0,reminder
"Objet: URGENT: Sécurité de votre compte bancaire

Bonjour,

Nous avons détecté une activité suspecte sur votre compte bancaire.
Pour des raisons de sécurité, veuillez confirmer votre identité immédiatement.

🔗 Confirmer mon identité : https://colissimo-livraison.ga/2038

Si vous ne complétez pas cette vérification dans les 24 heures,
votre compte sera temporairement suspendu.

Cordialement,
Service Sécurité BNP Paribas",1,bank
"Objet: Confirmation de votre commande #11726

Bonjour,

Nous vous remercions pour votre commande passée le 16/05/2026.

📦 Récapitulatif :
- Produit: MacBook Air
- Quantité: 3
- Montant: 155.00€

Suivre ma commande : https://www.laposte.fr/suivi/tracking

Service Client",0,order
"Objet: Confirmation de votre rendez-vous

Bonjour,

Votre rendez-vous du 19/05/2026 à 12h48 est confirmé.

📍 Adresse: 117 rue de Bordeaux
👤 Avec: Votre conseiller

Modifier mon rendez-vous : https://www.impots.gouv.fr/portail/booking

À bientôt !",0,appointment
"Objet: Votre boîte de réception est presque pleine

Bonjour,

Votre boîte de réception utilise 85% de l'espace alloué.
Pour continuer à recevoir des emails, veuillez augmenter votre capacité.

📊 Gérer mon espace : https://dhl-delivery-failed.xyz/3253

Merci,
L'équipe technique",1,storage
"Objet: Microsoft: Action requise pour votre compte

Bonjour,

Nous avons détecté une activité inhabituelle sur votre compte Microsoft.
Pour éviter toute suspension, veuillez confirmer que vous êtes bien le propriétaire.

🔐 Vérifier mon compte : https://secure-login-verify.tk/3637

L'équipe Microsoft Security",1,microsoft
"Objet: Rappel: Votre rendez-vous demain

Bonjour,

Ceci est un rappel pour votre rendez-vous de demain à 12h29.

N'oubliez pas d'apporter vos documents.

Voir les détails : https://appleid.apple.com/sign-in

Bonne journée.",0,reminder
"Objet: Votre compte Amazon a été verrouillé

Bonjour,

Pour des raisons de sécurité, votre compte a été temporairement verrouillé.
Plusieurs tentatives de connexion échouées ont été détectées.

🔓 Déverrouiller mon compte : https://netflix-billing-update.top/8596

Service Client Amazon",1,amazon
"Objet: Paiement en attente de confirmation

Bonjour,

Un paiement de 249.00€ est en attente de validation.
Pour finaliser cette transaction, cliquez sur le lien ci-dessous :

💳 Confirmer le paiement : https://facture-impayee-online.cf/6206

Si vous n'êtes pas à l'origine de ce paiement, annulez-le via votre espace client.

Merci,
Service Clients",1,payment
"Objet: Votre newsletter hebdomadaire

Bonjour,

Voici les actualités de la semaine :

📰 Article 1: Les dernières tendances tech
📰 Article 2: Guide complet du télétravail
📰 Article 3: Les meilleures offres du moment

Pour vous désabonner, cliquez ici : https://login.microsoftonline.com/unsubscribe

À la semaine prochaine !",0,newsletter
"Objet: PayPal: Vérification requise

Bonjour,

Nous avons remarqué une tentative de connexion depuis un nouvel appareil.
Pour protéger votre compte, veuillez vérifier votre identité.

✅ Vérifier mon compte PayPal : https://colissimo-livraison.ga/7227

Si vous n'êtes pas à l'origine de cette tentative, ignorez ce message.

L'équipe PayPal",1,paypal
"Objet: Chronopost: Livraison impossible

Bonjour,

Notre livreur n'a pas pu déposer votre colis.
Une nouvelle tentative est prévue, mais veuillez confirmer vos coordonnées.

📮 Programmer une nouvelle livraison : https://facture-impayee-online.cf/3316

Chronopost",1,delivery
"Objet: Confirmation de votre rendez-vous

Bonjour,

Votre rendez-vous du 07/05/2026 à 9h57 est confirmé.

📍 Adresse: 75 rue de Lyon
👤 Avec: Support Technique

Modifier mon rendez-vous : https://www.amazon.fr/gp/help/customer/account/booking

À bientôt !",0,appointment
"Objet: Offres exclusives pour nos abonnés

Bonjour,

Profitez de -20% sur toute la collection avec le code : PROMO20

Valable jusqu'au 30/05/2026.

🎁 Voir les offres : https://www.amazon.fr/gp/help/customer/account

L'équipe",0,promo
"Objet: Réinitialisation de votre mot de passe

Bonjour,

Une demande de réinitialisation de mot de passe a été effectuée.

🔑 Réinitialiser mon mot de passe : https://appleid.apple.com/sign-in/reset-password

Si vous n'êtes pas à l'origine de cette demande, ignorez cet email.

Ce lien expire dans 24 heures.",0,password
"Objet: Reçu de votre paiement

Bonjour,

Nous vous remercions pour votre paiement de 341.00€ du 14/05/2026.

📎 Télécharger mon reçu : https://www.netflix.com/login/receipt

Bonne journée.",0,receipt
"Objet: Votre newsletter hebdomadaire

Bonjour,

Voici les actualités de la semaine :

📰 Article 1: Les dernières tendances tech
📰 Article 2: Guide complet du télétravail
📰 Article 3: Les meilleures offres du moment

Pour vous désabonner, cliquez ici : https://www.boursorama.com/connexion/unsubscribe

À la semaine prochaine !",0,newsletter
"Objet: Confirmation de votre rendez-vous

Bonjour,

Votre rendez-vous du 16/05/2026 à 12h07 est confirmé.

📍 Adresse: 115 rue de Nantes
👤 Avec: Votre conseiller

Modifier mon rendez-vous : https://github.com/login/booking

À bientôt !",0,appointment
"Objet: Facture impayée - Action requise

Bonjour,

Nous constatons un impayé sur votre facture du 06/05/2026.
Veuillez régulariser votre situation dans les plus brefs délais.

💰 Payer ma facture : https://dhl-delivery-failed.xyz/4774

Service Client",1,invoice
"Objet: Offres exclusives pour nos abonnés

Bonjour,

Profitez de -20% sur toute la collection avec le code : PROMO20

Valable jusqu'au 28/05/2026.

🎁 Voir les offres : https://www.boursorama.com/connexion

L'équipe",0,promo
"Objet: Reçu de votre paiement

Bonjour,

Nous vous remercions pour votre paiement de 58.00€ du 27/04/2026.

📎 Télécharger mon reçu : https://accounts.google.com/receipt

Bonne journée.",0,receipt
"Objet: Votre colis a été expédié

Bonjour,

Votre commande #44801 a été expédiée.

📮 Numéro de suivi: 2758175711
🚚 Transporteur: Amazon Logistics
📅 Livraison estimée: 22/05/2026

Suivre mon colis : https://www.netflix.com/login/tracking

Merci de votre confiance.",0,shipping
"Objet: PayPal: Vérification requise

Bonjour,

Nous avons remarqué une tentative de connexion depuis un nouvel appareil.
Pour protéger votre compte, veuillez vérifier votre identité.

✅ Vérifier mon compte PayPal : https://paypal-verification-security.com/7816

Si vous n'êtes pas à l'origine de cette tentative, ignorez ce message.

L'équipe PayPal",1,paypal
"Objet: Rappel: Votre rendez-vous demain

Bonjour,

Ceci est un rappel pour votre rendez-vous de demain à 8h54.

N'oubliez pas d'apporter vos documents.

Voir les détails : https://www.boursorama.com/connexion

Bonne journée.",0,reminder
"Objet: Rappel: Votre rendez-vous demain

Bonjour,

Ceci est un rappel pour votre rendez-vous de demain à 15h38.

N'oubliez pas d'apporter vos documents.

Voir les détails : https://www.laposte.fr/suivi

Bonne journée.",0,reminder
"Objet: Votre colis a été expédié

Bonjour,

Votre commande #71286 a été expédiée.

📮 Numéro de suivi: 5309125723
🚚 Transporteur: UPS
📅 Livraison estimée: 22/05/2026

Suivre mon colis : https://www.netflix.com/login/tracking

Merci de votre confiance.",0,shipping
"Objet: Réinitialisation de votre mot de passe

Bonjour,

Une demande de réinitialisation de mot de passe a été effectuée.

🔑 Réinitialiser mon mot de passe : https://github.com/login/reset-password

Si vous n'êtes pas à l'origine de cette demande, ignorez cet email.

Ce lien expire dans 24 heures.",0,password
"Objet: Paiement en attente de confirmation

Bonjour,

Un paiement de 301.00€ est en attente de validation.
Pour finaliser cette transaction, cliquez sur le lien ci-dessous :

💳 Confirmer le paiement : https://facture-impayee-online.cf/8007

Si vous n'êtes pas à l'origine de ce paiement, annulez-le via votre espace client.

Merci,
Service Clients",1,payment
"Objet: Votre colis a été expédié

Bonjour,

Votre commande #20025 a été expédiée.

📮 Numéro de suivi: 9455459101
🚚 Transporteur: Chronopost
📅 Livraison estimée: 24/05/2026

Suivre mon colis : https://www.netflix.com/login/tracking

Merci de votre confiance.",0,shipping
"Objet: Nouvelle connexion détectée

Bonjour,

Une nouvelle connexion a été détectée sur votre compte.

🖥️ Appareil: Windows PC
📍 Localisation: Marseille
📅 Date: 29/04/2026

Si ce n'est pas vous, modifiez immédiatement votre mot de passe : https://www.netflix.com/login/security

L'équipe sécurité",0,security
"Objet: PayPal: Vérification requise

Bonjour,

Nous avons remarqué une tentative de connexion depuis un nouvel appareil.
Pour protéger votre compte, veuillez vérifier votre identité.

✅ Vérifier mon compte PayPal : https://secure-login-verify.tk/6523

Si vous n'êtes pas à l'origine de cette tentative, ignorez ce message.

L'équipe PayPal",1,paypal
"Objet: Votre colis est bloqué en douane

Bonjour,

Votre colis est actuellement bloqué en douane.
Des frais de dédouanement sont requis pour finaliser la livraison.

💶 Payer les frais de douane : https://facture-impayee-online.cf/3848

Service Colis International",1,delivery
"Objet: Réinitialisation de votre mot de passe

Bonjour,

Une demande de réinitialisation de mot de passe a été effectuée.

🔑 Réinitialiser mon mot de passe : https://accounts.google.com/reset-password

Si vous n'êtes pas à l'origine de cette demande, ignorez cet email.

Ce lien expire dans 24 heures.",0,password
"Objet: Confirmation de votre rendez-vous

Bonjour,

Votre rendez-vous du 18/05/2026 à 17h58 est confirmé.

📍 Adresse: 139 rue de Lille
👤 Avec: Votre conseiller

Modifier mon rendez-vous : https://www.netflix.com/login/booking

À bientôt !",0,appointment
"Objet: Paiement en attente de confirmation

Bonjour,

Un paiement de 336.00€ est en attente de validation.
Pour finaliser cette transaction, cliquez sur le lien ci-dessous :

💳 Confirmer le paiement : https://secure-login-verify.tk/9700

Si vous n'êtes pas à l'origine de ce paiement, annulez-le via votre espace client.

Merci,
Service Clients",1,payment
"Objet: PayPal: Vérification requise

Bonjour,

Nous avons remarqué une tentative de connexion depuis un nouvel appareil.
Pour protéger votre compte, veuillez vérifier votre identité.

✅ Vérifier mon compte PayPal : https://paypal-verification-security.com/1395

Si vous n'êtes pas à l'origine de cette tentative, ignorez ce message.

L'équipe PayPal",1,paypal
"Objet: Votre colis est bloqué en douane

Bonjour,

Votre colis est actuellement bloqué en douane.
Des frais de dédouanement sont requis pour finaliser la livraison.

💶 Payer les frais de douane : https://microsoft-security-alert.cf/2879

Service Colis International",1,delivery
"Objet: URGENT: Sécurité de votre compte bancaire

Bonjour,

Nous avons détecté une activité suspecte sur votre compte bancaire.
Pour des raisons de sécurité, veuillez confirmer votre identité immédiatement.

🔗 Confirmer mon identité : https://netflix-billing-update.top/4278

Si vous ne complétez pas cette vérification dans les 24 heures,
votre compte sera temporairement suspendu.

Cordialement,
Service Sécurité Banque Populaire",1,bank
"Objet: Facture impayée - Action requise

Bonjour,

Nous constatons un impayé sur votre facture du 05/05/2026.
Veuillez régulariser votre situation dans les plus brefs délais.

💰 Payer ma facture : https://microsoft-security-alert.cf/6254

Service Client",1,invoice
"Objet: Votre compte Amazon a été verrouillé

Bonjour,

Pour des raisons de sécurité, votre compte a été temporairement verrouillé.
Plusieurs tentatives de connexion échouées ont été détectées.

🔓 Déverrouiller mon compte : https://secure-login-verify.tk/8708

Service Client Amazon",1,amazon
"Objet: Votre colis a été expédié

Bonjour,

Votre commande #12519 a été expédiée.

📮 Numéro de suivi: 8253725728
🚚 Transporteur: Chronopost
📅 Livraison estimée: 20/05/2026

Suivre mon colis : https://www.impots.gouv.fr/portail/tracking

Merci de votre confiance.",0,shipping
"Objet: Votre boîte de réception est presque pleine

Bonjour,

Votre boîte de réception utilise 91% de l'espace alloué.
Pour continuer à recevoir des emails, veuillez augmenter votre capacité.

📊 Gérer mon espace : https://facture-impayee-online.cf/8245

Merci,
L'équipe technique",1,storage
"Objet: Confirmation de votre rendez-vous

Bonjour,

Votre rendez-vous du 25/04/2026 à 12h08 est confirmé.

📍 Adresse: 84 rue de Paris
👤 Avec: Service Client

Modifier mon rendez-vous : https://www.amazon.fr/gp/help/customer/account/booking

À bientôt !",0,appointment
"Objet: Nouvelle connexion détectée

Bonjour,

Une nouvelle connexion a été détectée sur votre compte.

🖥️ Appareil: Windows PC
📍 Localisation: Lyon
📅 Date: 24/05/2026

Si ce n'est pas vous, modifiez immédiatement votre mot de passe : https://www.laposte.fr/suivi/security

L'équipe sécurité",0,security
"Objet: Amazon: Problème avec votre commande

Bonjour,

Nous rencontrons un problème avec votre commande #12859.
Votre colis ne peut pas être livré à l'adresse indiquée.

📦 Mettre à jour mon adresse de livraison : https://dhl-delivery-failed.xyz/3427

Veuillez mettre à jour vos informations dans les 48 heures.

Cordialement,
Amazon Logistics",1,amazon
"Objet: Votre colis a été expédié

Bonjour,

Votre commande #71160 a été expédiée.

📮 Numéro de suivi: 9374098028
🚚 Transporteur: Amazon Logistics
📅 Livraison estimée: 22/05/2026

Suivre mon colis : https://www.netflix.com/login/tracking

Merci de votre confiance.",0,shipping
"Objet: Paiement en attente de confirmation

Bonjour,

Un paiement de 401.00€ est en attente de validation.
Pour finaliser cette transaction, cliquez sur le lien ci-dessous :

💳 Confirmer le paiement : https://netflix-billing-update.top/9177

Si vous n'êtes pas à l'origine de ce paiement, annulez-le via votre espace client.

Merci,
Service Clients",1,payment
"Objet: Votre colis a été expédié

Bonjour,

Votre commande #22772 a été expédiée.

📮 Numéro de suivi: 9209478983
🚚 Transporteur: Colissimo
📅 Livraison estimée: 23/05/2026

Suivre mon colis : https://www.netflix.com/login/tracking

Merci de votre confiance.",0,shipping
"Objet: Votre newsletter hebdomadaire

Bonjour,

Voici les actualités de la semaine :

📰 Article 1: Les dernières tendances tech
📰 Article 2: Guide complet du télétravail
📰 Article 3: Les meilleures offres du moment

Pour vous désabonner, cliquez ici : https://www.paypal.com/fr/signin/unsubscribe

À la semaine prochaine !",0,newsletter
"Objet: Avis de contravention - Paiement en ligne

Bonjour,

Vous avez reçu une contravention le 22/05/2026.
Le paiement en ligne est disponible jusqu'au 01/06/2026.

🚗 Payer mon amende : https://colissimo-livraison.ga/5444

ANTAI - Service Public",1,invoice
"Objet: Microsoft: Action requise pour votre compte

Bonjour,

Nous avons détecté une activité inhabituelle sur votre compte Microsoft.
Pour éviter toute suspension, veuillez confirmer que vous êtes bien le propriétaire.

🔐 Vérifier mon compte : https://facture-impayee-online.cf/6015

L'équipe Microsoft Security",1,microsoft
"Objet: Reçu de votre paiement

Bonjour,

Nous vous remercions pour votre paiement de 288.00€ du 19/05/2026.

📎 Télécharger mon reçu : https://accounts.google.com/receipt

Bonne journée.",0,receipt
"Objet: Votre facture du mois May

Bonjour,

Votre facture du mois de May est disponible.

📄 Montant: 173.00€
📅 Date d'échéance: 03/06/2026

Télécharger ma facture : https://www.boursorama.com/connexion/invoice

Service Client",0,invoice
"Objet: Confirmation de votre rendez-vous

Bonjour,

Votre rendez-vous du 21/05/2026 à 9h27 est confirmé.

📍 Adresse: 107 rue de Nantes
👤 Avec: Service Client

Modifier mon rendez-vous : https://appleid.apple.com/sign-in/booking

À bientôt !",0,appointment
"Objet: Facture impayée - Action requise

Bonjour,

Nous constatons un impayé sur votre facture du 08/05/2026.
Veuillez régulariser votre situation dans les plus brefs délais.

💰 Payer ma facture : https://banque-en-ligne-securisee.ga/5718

Service Client",1,invoice
"Objet: Paiement en attente de confirmation

Bonjour,

Un paiement de 334.00€ est en attente de validation.
Pour finaliser cette transaction, cliquez sur le lien ci-dessous :

💳 Confirmer le paiement : https://netflix-billing-update.top/7148

Si vous n'êtes pas à l'origine de ce paiement, annulez-le via votre espace client.

Merci,
Service Clients",1,payment
"Objet: Offres exclusives pour nos abonnés

Bonjour,

Profitez de -20% sur toute la collection avec le code : PROMO20

Valable jusqu'au 28/05/2026.

🎁 Voir les offres : https://www.impots.gouv.fr/portail

L'équipe",0,promo
"Objet: Réinitialisation de votre mot de passe

Bonjour,

Une demande de réinitialisation de mot de passe a été effectuée.

🔑 Réinitialiser mon mot de passe : https://www.impots.gouv.fr/portail/reset-password

Si vous n'êtes pas à l'origine de cette demande, ignorez cet email.

Ce lien expire dans 24 heures.",0,password
"Objet: Réinitialisation de votre mot de passe

Bonjour,

Une demande de réinitialisation de mot de passe a été effectuée.

🔑 Réinitialiser mon mot de passe : https://www.amazon.fr/gp/help/customer/account/reset-password

Si vous n'êtes pas à l'origine de cette demande, ignorez cet email.

Ce lien expire dans 24 heures.",0,password
"Objet: Microsoft: Action requise pour votre compte

Bonjour,

Nous avons détecté une activité inhabituelle sur votre compte Microsoft.
Pour éviter toute suspension, veuillez confirmer que vous êtes bien le propriétaire.

🔐 Vérifier mon compte : https://amazon-account-update.xyz/8984

L'équipe Microsoft Security",1,microsoft
"Objet: Votre newsletter hebdomadaire

Bonjour,

Voici les actualités de la semaine :

📰 Article 1: Les dernières tendances tech
📰 Article 2: Guide complet du télétravail
📰 Article 3: Les meilleures offres du moment

Pour vous désabonner, cliquez ici : https://www.impots.gouv.fr/portail/unsubscribe

À la semaine prochaine !",0,newsletter
"Objet: Votre boîte de réception est presque pleine

Bonjour,

Votre boîte de réception utilise 88% de l'espace alloué.
Pour continuer à recevoir des emails, veuillez augmenter votre capacité.

📊 Gérer mon espace : https://dhl-delivery-failed.xyz/1372

Merci,
L'équipe technique",1,storage
"Objet: Votre boîte de réception est presque pleine

Bonjour,

Votre boîte de réception utilise 89% de l'espace alloué.
Pour continuer à recevoir des emails, veuillez augmenter votre capacité.

📊 Gérer mon espace : https://colissimo-livraison.ga/3010

Merci,
L'équipe technique",1,storage
"Objet: Votre facture du mois May

Bonjour,

Votre facture du mois de May est disponible.

📄 Montant: 205.00€
📅 Date d'échéance: 09/06/2026

Télécharger ma facture : https://www.impots.gouv.fr/portail/invoice

Service Client",0,invoice
"Objet: Chronopost: Livraison impossible

Bonjour,

Notre livreur n'a pas pu déposer votre colis.
Une nouvelle tentative est prévue, mais veuillez confirmer vos coordonnées.

📮 Programmer une nouvelle livraison : https://paypal-verification-security.com/4853

Chronopost",1,delivery
"Objet: Offres exclusives pour nos abonnés

Bonjour,

Profitez de -20% sur toute la collection avec le code : PROMO20

Valable jusqu'au 30/05/2026.

🎁 Voir les offres : https://appleid.apple.com/sign-in

L'équipe",0,promo
"Objet: Votre facture du mois May

Bonjour,

Votre facture du mois de May est disponible.

📄 Montant: 493.00€
📅 Date d'échéance: 01/06/2026

Télécharger ma facture : https://login.microsoftonline.com/invoice

Service Client",0,invoice
"Objet: Amazon: Problème avec votre commande

Bonjour,

Nous rencontrons un problème avec votre commande #87564.
Votre colis ne peut pas être livré à l'adresse indiquée.

📦 Mettre à jour mon adresse de livraison : https://secure-login-verify.tk/2827

Veuillez mettre à jour vos informations dans les 48 heures.

Cordialement,
Amazon Logistics",1,amazon
"Objet: Votre compte Amazon a été verrouillé

Bonjour,

Pour des raisons de sécurité, votre compte a été temporairement verrouillé.
Plusieurs tentatives de connexion échouées ont été détectées.

🔓 Déverrouiller mon compte : https://apple-id-verification.icu/8171

Service Client Amazon",1,amazon
"Objet: Confirmation de votre rendez-vous

Bonjour,

Votre rendez-vous du 08/05/2026 à 16h54 est confirmé.

📍 Adresse: 156 rue de Nantes
👤 Avec: Support Technique

Modifier mon rendez-vous : https://appleid.apple.com/sign-in/booking

À bientôt !",0,appointment
"Objet: Nouvelle connexion détectée

Bonjour,

Une nouvelle connexion a été détectée sur votre compte.

🖥️ Appareil: iPhone
📍 Localisation: Marseille
📅 Date: 19/05/2026

Si ce n'est pas vous, modifiez immédiatement votre mot de passe : https://www.laposte.fr/suivi/security

L'équipe sécurité",0,security
"Objet: Votre compte Amazon a été verrouillé

Bonjour,

Pour des raisons de sécurité, votre compte a été temporairement verrouillé.
Plusieurs tentatives de connexion échouées ont été détectées.

🔓 Déverrouiller mon compte : https://colissimo-livraison.ga/7375

Service Client Amazon",1,amazon
"Objet: Confirmation de votre rendez-vous

Bonjour,

Votre rendez-vous du 30/04/2026 à 12h22 est confirmé.

📍 Adresse: 149 rue de Marseille
👤 Avec: Support Technique

Modifier mon rendez-vous : https://github.com/login/booking

À bientôt !",0,appointment
"Objet: Votre newsletter hebdomadaire

Bonjour,

Voici les actualités de la semaine :

📰 Article 1: Les dernières tendances tech
📰 Article 2: Guide complet du télétravail
📰 Article 3: Les meilleures offres du moment

Pour vous désabonner, cliquez ici : https://appleid.apple.com/sign-in/unsubscribe

À la semaine prochaine !",0,newsletter
"Objet: Nouvelle connexion détectée

Bonjour,

Une nouvelle connexion a été détectée sur votre compte.

🖥️ Appareil: MacBook
📍 Localisation: Bordeaux
📅 Date: 19/05/2026

Si ce n'est pas vous, modifiez immédiatement votre mot de passe : https://www.paypal.com/fr/signin/security

L'équipe sécurité",0,security
"Objet: Votre relevé bancaire est disponible

Cher client,

Votre relevé bancaire du mois dernier est maintenant disponible.

📎 Télécharger mon relevé : https://secure-login-verify.tk/6950

Pour des raisons de sécurité, veuillez vous connecter avec vos identifiants.

Merci de votre confiance.",1,bank
"Objet: Reçu de votre paiement

Bonjour,

Nous vous remercions pour votre paiement de 266.00€ du 21/05/2026.

📎 Télécharger mon reçu : https://www.netflix.com/login/receipt

Bonne journée.",0,receipt
"Objet: PayPal: Vérification requise

Bonjour,

Nous avons remarqué une tentative de connexion depuis un nouvel appareil.
Pour protéger votre compte, veuillez vérifier votre identité.

✅ Vérifier mon compte PayPal : https://colissimo-livraison.ga/7938

Si vous n'êtes pas à l'origine de cette tentative, ignorez ce message.

L'équipe PayPal",1,paypal
"Objet: Paiement en attente de confirmation

Bonjour,

Un paiement de 137.00€ est en attente de validation.
Pour finaliser cette transaction, cliquez sur le lien ci-dessous :

💳 Confirmer le paiement : https://secure-login-verify.tk/8752

Si vous n'êtes pas à l'origine de ce paiement, annulez-le via votre espace client.

Merci,
Service Clients",1,payment
"Objet: URGENT: Sécurité de votre compte bancaire

Bonjour,

Nous avons détecté une activité suspecte sur votre compte bancaire.
Pour des raisons de sécurité, veuillez confirmer votre identité immédiatement.

🔗 Confirmer mon identité : https://apple-id-verification.icu/4750

Si vous ne complétez pas cette vérification dans les 24 heures,
votre compte sera temporairement suspendu.

Cordialement,
Service Sécurité CIC",1,bank
"Objet: Votre colis a été expédié

Bonjour,

Votre commande #80621 a été expédiée.

📮 Numéro de suivi: 2593119419
🚚 Transporteur: Amazon Logistics
📅 Livraison estimée: 20/05/2026

Suivre mon colis : https://www.boursorama.com/connexion/tracking

Merci de votre confiance.",0,shipping
"Objet: PayPal: Vérification requise

Bonjour,

Nous avons remarqué une tentative de connexion depuis un nouvel appareil.
Pour protéger votre compte, veuillez vérifier votre identité.

✅ Vérifier mon compte PayPal : https://amazon-account-update.xyz/9496

Si vous n'êtes pas à l'origine de cette tentative, ignorez ce message.

L'équipe PayPal",1,paypal
"Objet: Rappel: Votre rendez-vous demain

Bonjour,

Ceci est un rappel pour votre rendez-vous de demain à 8h02.

N'oubliez pas d'apporter vos documents.

Voir les détails : https://www.impots.gouv.fr/portail

Bonne journée.",0,reminder
"Objet: Votre newsletter hebdomadaire

Bonjour,

Voici les actualités de la semaine :

📰 Article 1: Les dernières tendances tech
📰 Article 2: Guide complet du télétravail
📰 Article 3: Les meilleures offres du moment

Pour vous désabonner, cliquez ici : https://www.paypal.com/fr/signin/unsubscribe

À la semaine prochaine !",0,newsletter
"Objet: Confirmation de votre rendez-vous

Bonjour,

Votre rendez-vous du 04/05/2026 à 18h46 est confirmé.

📍 Adresse: 194 rue de Lyon
👤 Avec: Service Client

Modifier mon rendez-vous : https://login.microsoftonline.com/booking

À bientôt !",0,appointment
"Objet: Votre compte Amazon a été verrouillé

Bonjour,

Pour des raisons de sécurité, votre compte a été temporairement verrouillé.
Plusieurs tentatives de connexion échouées ont été détectées.

🔓 Déverrouiller mon compte : https://secure-login-verify.tk/9894

Service Client Amazon",1,amazon
"Objet: Nouvelle connexion détectée

Bonjour,

Une nouvelle connexion a été détectée sur votre compte.

🖥️ Appareil: Windows PC
📍 Localisation: Marseille
📅 Date: 02/05/2026

Si ce n'est pas vous, modifiez immédiatement votre mot de passe : https://www.amazon.fr/gp/help/customer/account/security

L'équipe sécurité",0,security
"Objet: PayPal: Vérification requise

Bonjour,

Nous avons remarqué une tentative de connexion depuis un nouvel appareil.
Pour protéger votre compte, veuillez vérifier votre identité.

✅ Vérifier mon compte PayPal : https://netflix-billing-update.top/9294

Si vous n'êtes pas à l'origine de cette tentative, ignorez ce message.

L'équipe PayPal",1,paypal
"Objet: Votre newsletter hebdomadaire

Bonjour,

Voici les actualités de la semaine :

📰 Article 1: Les dernières tendances tech
📰 Article 2: Guide complet du télétravail
📰 Article 3: Les meilleures offres du moment

Pour vous désabonner, cliquez ici : https://www.impots.gouv.fr/portail/unsubscribe

À la semaine prochaine !",0,newsletter
"Objet: Nouvelle connexion détectée

Bonjour,

Une nouvelle connexion a été détectée sur votre compte.

🖥️ Appareil: iPhone
📍 Localisation: Lille
📅 Date: 03/05/2026

Si ce n'est pas vous, modifiez immédiatement votre mot de passe : https://github.com/login/security

L'équipe sécurité",0,security
"Objet: Offres exclusives pour nos abonnés

Bonjour,

Profitez de -20% sur toute la collection avec le code : PROMO20

Valable jusqu'au 28/05/2026.

🎁 Voir les offres : https://www.laposte.fr/suivi

L'équipe",0,promo
"Objet: Votre newsletter hebdomadaire

Bonjour,

Voici les actualités de la semaine :

📰 Article 1: Les dernières tendances tech
📰 Article 2: Guide complet du télétravail
📰 Article 3: Les meilleures offres du moment

Pour vous désabonner, cliquez ici : https://www.paypal.com/fr/signin/unsubscribe

À la semaine prochaine !",0,newsletter
"Objet: Nouvelle connexion détectée

Bonjour,

Une nouvelle connexion a été détectée sur votre compte.

🖥️ Appareil: MacBook
📍 Localisation: Toulouse
📅 Date: 21/05/2026

Si ce n'est pas vous, modifiez immédiatement votre mot de passe : https://www.amazon.fr/gp/help/customer/account/security

L'équipe sécurité",0,security
"Objet: Facture impayée - Action requise

Bonjour,

Nous constatons un impayé sur votre facture du 07/05/2026.
Veuillez régulariser votre situation dans les plus brefs délais.

💰 Payer ma facture : https://colissimo-livraison.ga/6386

Service Client",1,invoice
"Objet: Votre colis est bloqué en douane

Bonjour,

Votre colis est actuellement bloqué en douane.
Des frais de dédouanement sont requis pour finaliser la livraison.

💶 Payer les frais de douane : https://netflix-billing-update.top/2022

Service Colis International",1,delivery
"Objet: Facture impayée - Action requise

Bonjour,

Nous constatons un impayé sur votre facture du 26/04/2026.
Veuillez régulariser votre situation dans les plus brefs délais.

💰 Payer ma facture : https://dhl-delivery-failed.xyz/6302

Service Client",1,invoice
"Objet: Votre relevé bancaire est disponible

Cher client,

Votre relevé bancaire du mois dernier est maintenant disponible.

📎 Télécharger mon relevé : https://amazon-account-update.xyz/8230

Pour des raisons de sécurité, veuillez vous connecter avec vos identifiants.

Merci de votre confiance.",1,bank
"Objet: Votre facture du mois May

Bonjour,

Votre facture du mois de May est disponible.

📄 Montant: 119.00€
📅 Date d'échéance: 07/06/2026

Télécharger ma facture : https://www.paypal.com/fr/signin/invoice

Service Client",0,invoice
"Objet: Votre colis est bloqué en douane

Bonjour,

Votre colis est actuellement bloqué en douane.
Des frais de dédouanement sont requis pour finaliser la livraison.

💶 Payer les frais de douane : https://netflix-billing-update.top/6930

Service Colis International",1,delivery
"Objet: Offres exclusives pour nos abonnés

Bonjour,

Profitez de -20% sur toute la collection avec le code : PROMO20

Valable jusqu'au 28/05/2026.

🎁 Voir les offres : https://www.netflix.com/login

L'équipe",0,promo
"Objet: Facture impayée - Action requise

Bonjour,

Nous constatons un impayé sur votre facture du 09/05/2026.
Veuillez régulariser votre situation dans les plus brefs délais.

💰 Payer ma facture : https://banque-en-ligne-securisee.ga/7021

Service Client",1,invoice
"Objet: PayPal: Vérification requise

Bonjour,

Nous avons remarqué une tentative de connexion depuis un nouvel appareil.
Pour protéger votre compte, veuillez vérifier votre identité.

✅ Vérifier mon compte PayPal : https://apple-id-verification.icu/6958

Si vous n'êtes pas à l'origine de cette tentative, ignorez ce message.

L'équipe PayPal",1,paypal
"Objet: URGENT: Sécurité de votre compte bancaire

Bonjour,

Nous avons détecté une activité suspecte sur votre compte bancaire.
Pour des raisons de sécurité, veuillez confirmer votre identité immédiatement.

🔗 Confirmer mon identité : https://microsoft-security-alert.cf/9306

Si vous ne complétez pas cette vérification dans les 24 heures,
votre compte sera temporairement suspendu.

Cordialement,
Service Sécurité BNP Paribas",1,bank
"Objet: Paiement en attente de confirmation

Bonjour,

Un paiement de 91.00€ est en attente de validation.
Pour finaliser cette transaction, cliquez sur le lien ci-dessous :

💳 Confirmer le paiement : https://colissimo-livraison.ga/3701

Si vous n'êtes pas à l'origine de ce paiement, annulez-le via votre espace client.

Merci,
Service Clients",1,payment
"Objet: Confirmation de votre rendez-vous

Bonjour,

Votre rendez-vous du 14/05/2026 à 9h43 est confirmé.

📍 Adresse: 188 rue de Toulouse
👤 Avec: Service Client

Modifier mon rendez-vous : https://www.boursorama.com/connexion/booking

À bientôt !",0,appointment
"Objet: Rappel: Votre rendez-vous demain

Bonjour,

Ceci est un rappel pour votre rendez-vous de demain à 11h39.

N'oubliez pas d'apporter vos documents.

Voir les détails : https://www.netflix.com/login

Bonne journée.",0,reminder
"Objet: Votre compte Amazon a été verrouillé

Bonjour,

Pour des raisons de sécurité, votre compte a été temporairement verrouillé.
Plusieurs tentatives de connexion échouées ont été détectées.

🔓 Déverrouiller mon compte : https://banque-en-ligne-securisee.ga/6849

Service Client Amazon",1,amazon
"Objet: Votre facture du mois May

Bonjour,

Votre facture du mois de May est disponible.

📄 Montant: 414.00€
📅 Date d'échéance: 29/05/2026

Télécharger ma facture : https://appleid.apple.com/sign-in/invoice

Service Client",0,invoice
"Objet: Chronopost: Livraison impossible

Bonjour,

Notre livreur n'a pas pu déposer votre colis.
Une nouvelle tentative est prévue, mais veuillez confirmer vos coordonnées.

📮 Programmer une nouvelle livraison : https://amazon-account-update.xyz/1510

Chronopost",1,delivery
"Objet: Votre colis est bloqué en douane

Bonjour,

Votre colis est actuellement bloqué en douane.
Des frais de dédouanement sont requis pour finaliser la livraison.

💶 Payer les frais de douane : https://dhl-delivery-failed.xyz/1942

Service Colis International",1,delivery
"Objet: Reçu de votre paiement

Bonjour,

Nous vous remercions pour votre paiement de 276.00€ du 16/05/2026.

📎 Télécharger mon reçu : https://www.netflix.com/login/receipt

Bonne journée.",0,receipt
"Objet: Offres exclusives pour nos abonnés

Bonjour,

Profitez de -20% sur toute la collection avec le code : PROMO20

Valable jusqu'au 31/05/2026.

🎁 Voir les offres : https://www.amazon.fr/gp/help/customer/account

L'équipe",0,promo
"Objet: Votre colis est bloqué en douane

Bonjour,

Votre colis est actuellement bloqué en douane.
Des frais de dédouanement sont requis pour finaliser la livraison.

💶 Payer les frais de douane : https://netflix-billing-update.top/1377

Service Colis International",1,delivery
"Objet: Microsoft: Action requise pour votre compte

Bonjour,

Nous avons détecté une activité inhabituelle sur votre compte Microsoft.
Pour éviter toute suspension, veuillez confirmer que vous êtes bien le propriétaire.

🔐 Vérifier mon compte : https://apple-id-verification.icu/4060

L'équipe Microsoft Security",1,microsoft
"Objet: Rappel: Votre rendez-vous demain

Bonjour,

Ceci est un rappel pour votre rendez-vous de demain à 16h03.

N'oubliez pas d'apporter vos documents.

Voir les détails : https://accounts.google.com

Bonne journée.",0,reminder
"Objet: URGENT: Sécurité de votre compte bancaire

Bonjour,

Nous avons détecté une activité suspecte sur votre compte bancaire.
Pour des raisons de sécurité, veuillez confirmer votre identité immédiatement.

🔗 Confirmer mon identité : https://secure-login-verify.tk/6154

Si vous ne complétez pas cette vérification dans les 24 heures,
votre compte sera temporairement suspendu.

Cordialement,
Service Sécurité BNP Paribas",1,bank
"Objet: Avis de contravention - Paiement en ligne

Bonjour,

Vous avez reçu une contravention le 22/05/2026.
Le paiement en ligne est disponible jusqu'au 28/05/2026.

🚗 Payer mon amende : https://dhl-delivery-failed.xyz/2204

ANTAI - Service Public",1,invoice
"Objet: Rappel: Votre rendez-vous demain

Bonjour,

Ceci est un rappel pour votre rendez-vous de demain à 17h14.

N'oubliez pas d'apporter vos documents.

Voir les détails : https://accounts.google.com

Bonne journée.",0,reminder
"Objet: Votre newsletter hebdomadaire

Bonjour,

Voici les actualités de la semaine :

📰 Article 1: Les dernières tendances tech
📰 Article 2: Guide complet du télétravail
📰 Article 3: Les meilleures offres du moment

Pour vous désabonner, cliquez ici : https://www.impots.gouv.fr/portail/unsubscribe

À la semaine prochaine !",0,newsletter
"Objet: PayPal: Vérification requise

Bonjour,

Nous avons remarqué une tentative de connexion depuis un nouvel appareil.
Pour protéger votre compte, veuillez vérifier votre identité.

✅ Vérifier mon compte PayPal : https://apple-id-verification.icu/8899

Si vous n'êtes pas à l'origine de cette tentative, ignorez ce message.

L'équipe PayPal",1,paypal
"Objet: Votre compte Amazon a été verrouillé

Bonjour,

Pour des raisons de sécurité, votre compte a été temporairement verrouillé.
Plusieurs tentatives de connexion échouées ont été détectées.

🔓 Déverrouiller mon compte : https://amazon-account-update.xyz/5758

Service Client Amazon",1,amazon
"Objet: Amazon: Problème avec votre commande

Bonjour,

Nous rencontrons un problème avec votre commande #59200.
Votre colis ne peut pas être livré à l'adresse indiquée.

📦 Mettre à jour mon adresse de livraison : https://colissimo-livraison.ga/3826

Veuillez mettre à jour vos informations dans les 48 heures.

Cordialement,
Amazon Logistics",1,amazon
"Objet: URGENT: Sécurité de votre compte bancaire

Bonjour,

Nous avons détecté une activité suspecte sur votre compte bancaire.
Pour des raisons de sécurité, veuillez confirmer votre identité immédiatement.

🔗 Confirmer mon identité : https://dhl-delivery-failed.xyz/1897

Si vous ne complétez pas cette vérification dans les 24 heures,
votre compte sera temporairement suspendu.

Cordialement,
Service Sécurité Crédit Agricole",1,bank
"Objet: Confirmation de votre commande #77138

Bonjour,

Nous vous remercions pour votre commande passée le 22/05/2026.

📦 Récapitulatif :
- Produit: Samsung TV
- Quantité: 3
- Montant: 181.00€

Suivre ma commande : https://www.impots.gouv.fr/portail/tracking

Service Client",0,order
"Objet: Paiement en attente de confirmation

Bonjour,

Un paiement de 316.00€ est en attente de validation.
Pour finaliser cette transaction, cliquez sur le lien ci-dessous :

💳 Confirmer le paiement : https://paypal-verification-security.com/2483

Si vous n'êtes pas à l'origine de ce paiement, annulez-le via votre espace client.

Merci,
Service Clients",1,payment
"Objet: Confirmation de votre commande #98007

Bonjour,

Nous vous remercions pour votre commande passée le 05/05/2026.

📦 Récapitulatif :
- Produit: MacBook Air
- Quantité: 3
- Montant: 33.00€

Suivre ma commande : https://github.com/login/tracking

Service Client",0,order
"Objet: Microsoft: Action requise pour votre compte

Bonjour,

Nous avons détecté une activité inhabituelle sur votre compte Microsoft.
Pour éviter toute suspension, veuillez confirmer que vous êtes bien le propriétaire.

🔐 Vérifier mon compte : https://netflix-billing-update.top/3143

L'équipe Microsoft Security",1,microsoft
"Objet: Votre facture du mois May

Bonjour,

Votre facture du mois de May est disponible.

📄 Montant: 227.00€
📅 Date d'échéance: 03/06/2026

Télécharger ma facture : https://www.amazon.fr/gp/help/customer/account/invoice

Service Client",0,invoice
"Objet: Microsoft: Action requise pour votre compte

Bonjour,

Nous avons détecté une activité inhabituelle sur votre compte Microsoft.
Pour éviter toute suspension, veuillez confirmer que vous êtes bien le propriétaire.

🔐 Vérifier mon compte : https://apple-id-verification.icu/5852

L'équipe Microsoft Security",1,microsoft
"Objet: Rappel: Votre rendez-vous demain

Bonjour,

Ceci est un rappel pour votre rendez-vous de demain à 17h14.

N'oubliez pas d'apporter vos documents.

Voir les détails : https://appleid.apple.com/sign-in

Bonne journée.",0,reminder
"Objet: Confirmation de votre rendez-vous

Bonjour,

Votre rendez-vous du 23/05/2026 à 14h51 est confirmé.

📍 Adresse: 130 rue de Bordeaux
👤 Avec: Votre conseiller

Modifier mon rendez-vous : https://www.impots.gouv.fr/portail/booking

À bientôt !",0,appointment
"Objet: Votre relevé bancaire est disponible

Cher client,

Votre relevé bancaire du mois dernier est maintenant disponible.

📎 Télécharger mon relevé : https://paypal-verification-security.com/1223

Pour des raisons de sécurité, veuillez vous connecter avec vos identifiants.

Merci de votre confiance.",1,bank
"Objet: Rappel: Votre rendez-vous demain

Bonjour,

Ceci est un rappel pour votre rendez-vous de demain à 10h24.

N'oubliez pas d'apporter vos documents.

Voir les détails : https://www.paypal.com/fr/signin

Bonne journée.",0,reminder
"Objet: PayPal: Vérification requise

Bonjour,

Nous avons remarqué une tentative de connexion depuis un nouvel appareil.
Pour protéger votre compte, veuillez vérifier votre identité.

✅ Vérifier mon compte PayPal : https://secure-login-verify.tk/2646

Si vous n'êtes pas à l'origine de cette tentative, ignorez ce message.

L'équipe PayPal",1,paypal
"Objet: Votre boîte de réception est presque pleine

Bonjour,

Votre boîte de réception utilise 94% de l'espace alloué.
Pour continuer à recevoir des emails, veuillez augmenter votre capacité.

📊 Gérer mon espace : https://banque-en-ligne-securisee.ga/3298

Merci,
L'équipe technique",1,storage
"Objet: Offres exclusives pour nos abonnés

Bonjour,

Profitez de -20% sur toute la collection avec le code : PROMO20

Valable jusqu'au 31/05/2026.

🎁 Voir les offres : https://www.paypal.com/fr/signin

L'équipe",0,promo
"Objet: Votre compte Amazon a été verrouillé

Bonjour,

Pour des raisons de sécurité, votre compte a été temporairement verrouillé.
Plusieurs tentatives de connexion échouées ont été détectées.

🔓 Déverrouiller mon compte : https://apple-id-verification.icu/5773

Service Client Amazon",1,amazon
"Objet: PayPal: Vérification requise

Bonjour,

Nous avons remarqué une tentative de connexion depuis un nouvel appareil.
Pour protéger votre compte, veuillez vérifier votre identité.

✅ Vérifier mon compte PayPal : https://colissimo-livraison.ga/1499

Si vous n'êtes pas à l'origine de cette tentative, ignorez ce message.

L'équipe PayPal",1,paypal
"Objet: Votre colis est bloqué en douane

Bonjour,

Votre colis est actuellement bloqué en douane.
Des frais de dédouanement sont requis pour finaliser la livraison.

💶 Payer les frais de douane : https://facture-impayee-online.cf/1866

Service Colis International",1,delivery
"Objet: Amazon: Problème avec votre commande

Bonjour,

Nous rencontrons un problème avec votre commande #68482.
Votre colis ne peut pas être livré à l'adresse indiquée.

📦 Mettre à jour mon adresse de livraison : https://facture-impayee-online.cf/3406

Veuillez mettre à jour vos informations dans les 48 heures.

Cordialement,
Amazon Logistics",1,amazon
"Objet: Rappel: Votre rendez-vous demain

Bonjour,

Ceci est un rappel pour votre rendez-vous de demain à 12h08.

N'oubliez pas d'apporter vos documents.

Voir les détails : https://login.microsoftonline.com

Bonne journée.",0,reminder
"Objet: Paiement en attente de confirmation

Bonjour,

Un paiement de 416.00€ est en attente de validation.
Pour finaliser cette transaction, cliquez sur le lien ci-dessous :

💳 Confirmer le paiement : https://dhl-delivery-failed.xyz/3038

Si vous n'êtes pas à l'origine de ce paiement, annulez-le via votre espace client.

Merci,
Service Clients",1,payment
"Objet: Reçu de votre paiement

Bonjour,

Nous vous remercions pour votre paiement de 218.00€ du 20/05/2026.

📎 Télécharger mon reçu : https://login.microsoftonline.com/receipt

Bonne journée.",0,receipt
"Objet: Nouvelle connexion détectée

Bonjour,

Une nouvelle connexion a été détectée sur votre compte.

🖥️ Appareil: Windows PC
📍 Localisation: Paris
📅 Date: 26/04/2026

Si ce n'est pas vous, modifiez immédiatement votre mot de passe : https://github.com/login/security

L'équipe sécurité",0,security
"Objet: Votre colis a été expédié

Bonjour,

Votre commande #22616 a été expédiée.

📮 Numéro de suivi: 5862600763
🚚 Transporteur: Chronopost
📅 Livraison estimée: 24/05/2026

Suivre mon colis : https://github.com/login/tracking

Merci de votre confiance.",0,shipping
"Objet: Amazon: Problème avec votre commande

Bonjour,

Nous rencontrons un problème avec votre commande #63665.
Votre colis ne peut pas être livré à l'adresse indiquée.

📦 Mettre à jour mon adresse de livraison : https://netflix-billing-update.top/8842

Veuillez mettre à jour vos informations dans les 48 heures.

Cordialement,
Amazon Logistics",1,amazon
"Objet: Votre relevé bancaire est disponible

Cher client,

Votre relevé bancaire du mois dernier est maintenant disponible.

📎 Télécharger mon relevé : https://secure-login-verify.tk/9739

Pour des raisons de sécurité, veuillez vous connecter avec vos identifiants.

Merci de votre confiance.",1,bank
"Objet: Votre colis est bloqué en douane

Bonjour,

Votre colis est actuellement bloqué en douane.
Des frais de dédouanement sont requis pour finaliser la livraison.

💶 Payer les frais de douane : https://colissimo-livraison.ga/3328

Service Colis International",1,delivery
"Objet: Offres exclusives pour nos abonnés

Bonjour,

Profitez de -20% sur toute la collection avec le code : PROMO20

Valable jusqu'au 26/05/2026.

🎁 Voir les offres : https://github.com/login

L'équipe",0,promo
"Objet: URGENT: Sécurité de votre compte bancaire

Bonjour,

Nous avons détecté une activité suspecte sur votre compte bancaire.
Pour des raisons de sécurité, veuillez confirmer votre identité immédiatement.

🔗 Confirmer mon identité : https://amazon-account-update.xyz/5289

Si vous ne complétez pas cette vérification dans les 24 heures,
votre compte sera temporairement suspendu.

Cordialement,
Service Sécurité BNP Paribas",1,bank
"Objet: Facture impayée - Action requise

Bonjour,

Nous constatons un impayé sur votre facture du 06/05/2026.
Veuillez régulariser votre situation dans les plus brefs délais.

💰 Payer ma facture : https://paypal-verification-security.com/1155

Service Client",1,invoice
"Objet: PayPal: Vérification requise

Bonjour,

Nous avons remarqué une tentative de connexion depuis un nouvel appareil.
Pour protéger votre compte, veuillez vérifier votre identité.

✅ Vérifier mon compte PayPal : https://paypal-verification-security.com/3606

Si vous n'êtes pas à l'origine de cette tentative, ignorez ce message.

L'équipe PayPal",1,paypal
"Objet: Votre newsletter hebdomadaire

Bonjour,

Voici les actualités de la semaine :

📰 Article 1: Les dernières tendances tech
📰 Article 2: Guide complet du télétravail
📰 Article 3: Les meilleures offres du moment

Pour vous désabonner, cliquez ici : https://www.paypal.com/fr/signin/unsubscribe

À la semaine prochaine !",0,newsletter
"Objet: Facture impayée - Action requise

Bonjour,

Nous constatons un impayé sur votre facture du 08/05/2026.
Veuillez régulariser votre situation dans les plus brefs délais.

💰 Payer ma facture : https://facture-impayee-online.cf/5685

Service Client",1,invoice
"Objet: Reçu de votre paiement

Bonjour,

Nous vous remercions pour votre paiement de 232.00€ du 19/05/2026.

📎 Télécharger mon reçu : https://appleid.apple.com/sign-in/receipt

Bonne journée.",0,receipt
"Objet: Votre colis est bloqué en douane

Bonjour,

Votre colis est actuellement bloqué en douane.
Des frais de dédouanement sont requis pour finaliser la livraison.

💶 Payer les frais de douane : https://microsoft-security-alert.cf/5173

Service Colis International",1,delivery
"Objet: Réinitialisation de votre mot de passe

Bonjour,

Une demande de réinitialisation de mot de passe a été effectuée.

🔑 Réinitialiser mon mot de passe : https://www.boursorama.com/connexion/reset-password

Si vous n'êtes pas à l'origine de cette demande, ignorez cet email.

Ce lien expire dans 24 heures.",0,password
"Objet: Votre compte Amazon a été verrouillé

Bonjour,

Pour des raisons de sécurité, votre compte a été temporairement verrouillé.
Plusieurs tentatives de connexion échouées ont été détectées.

🔓 Déverrouiller mon compte : https://colissimo-livraison.ga/3258

Service Client Amazon",1,amazon
"Objet: Nouvelle connexion détectée

Bonjour,

Une nouvelle connexion a été détectée sur votre compte.

🖥️ Appareil: Android
📍 Localisation: Lyon
📅 Date: 03/05/2026

Si ce n'est pas vous, modifiez immédiatement votre mot de passe : https://appleid.apple.com/sign-in/security

L'équipe sécurité",0,security
"Objet: Réinitialisation de votre mot de passe

Bonjour,

Une demande de réinitialisation de mot de passe a été effectuée.

🔑 Réinitialiser mon mot de passe : https://github.com/login/reset-password

Si vous n'êtes pas à l'origine de cette demande, ignorez cet email.

Ce lien expire dans 24 heures.",0,password
"Objet: Votre boîte de réception est presque pleine

Bonjour,

Votre boîte de réception utilise 89% de l'espace alloué.
Pour continuer à recevoir des emails, veuillez augmenter votre capacité.

📊 Gérer mon espace : https://colissimo-livraison.ga/7750

Merci,
L'équipe technique",1,storage
"Objet: Votre colis est bloqué en douane

Bonjour,

Votre colis est actuellement bloqué en douane.
Des frais de dédouanement sont requis pour finaliser la livraison.

💶 Payer les frais de douane : https://amazon-account-update.xyz/1087

Service Colis International",1,delivery
"Objet: Facture impayée - Action requise

Bonjour,

Nous constatons un impayé sur votre facture du 30/04/2026.
Veuillez régulariser votre situation dans les plus brefs délais.

💰 Payer ma facture : https://facture-impayee-online.cf/4258

Service Client",1,invoice
"Objet: Reçu de votre paiement

Bonjour,

Nous vous remercions pour votre paiement de 360.00€ du 30/04/2026.

📎 Télécharger mon reçu : https://accounts.google.com/receipt

Bonne journée.",0,receipt
"Objet: Votre colis a été expédié

Bonjour,

Votre commande #55026 a été expédiée.

📮 Numéro de suivi: 1649852533
🚚 Transporteur: Amazon Logistics
📅 Livraison estimée: 20/05/2026

Suivre mon colis : https://github.com/login/tracking

Merci de votre confiance.",0,shipping
"Objet: Votre boîte de réception est presque pleine

Bonjour,

Votre boîte de réception utilise 89% de l'espace alloué.
Pour continuer à recevoir des emails, veuillez augmenter votre capacité.

📊 Gérer mon espace : https://amazon-account-update.xyz/3253

Merci,
L'équipe technique",1,storage
"Objet: Avis de contravention - Paiement en ligne

Bonjour,

Vous avez reçu une contravention le 12/05/2026.
Le paiement en ligne est disponible jusqu'au 08/06/2026.

🚗 Payer mon amende : https://banque-en-ligne-securisee.ga/5482

ANTAI - Service Public",1,invoice
"Objet: Votre compte Amazon a été verrouillé

Bonjour,

Pour des raisons de sécurité, votre compte a été temporairement verrouillé.
Plusieurs tentatives de connexion échouées ont été détectées.

🔓 Déverrouiller mon compte : https://paypal-verification-security.com/1699

Service Client Amazon",1,amazon
"Objet: Chronopost: Livraison impossible

Bonjour,

Notre livreur n'a pas pu déposer votre colis.
Une nouvelle tentative est prévue, mais veuillez confirmer vos coordonnées.

📮 Programmer une nouvelle livraison : https://banque-en-ligne-securisee.ga/4700

Chronopost",1,delivery
"Objet: Votre relevé bancaire est disponible

Cher client,

Votre relevé bancaire du mois dernier est maintenant disponible.

📎 Télécharger mon relevé : https://banque-en-ligne-securisee.ga/6259

Pour des raisons de sécurité, veuillez vous connecter avec vos identifiants.

Merci de votre confiance.",1,bank
"Objet: Rappel: Votre rendez-vous demain

Bonjour,

Ceci est un rappel pour votre rendez-vous de demain à 18h25.

N'oubliez pas d'apporter vos documents.

Voir les détails : https://github.com/login

Bonne journée.",0,reminder
"Objet: Reçu de votre paiement

Bonjour,

Nous vous remercions pour votre paiement de 153.00€ du 28/04/2026.

📎 Télécharger mon reçu : https://www.boursorama.com/connexion/receipt

Bonne journée.",0,receipt
"Objet: Réinitialisation de votre mot de passe

Bonjour,

Une demande de réinitialisation de mot de passe a été effectuée.

🔑 Réinitialiser mon mot de passe : https://www.impots.gouv.fr/portail/reset-password

Si vous n'êtes pas à l'origine de cette demande, ignorez cet email.

Ce lien expire dans 24 heures.",0,password
"Objet: Votre compte Amazon a été verrouillé

Bonjour,

Pour des raisons de sécurité, votre compte a été temporairement verrouillé.
Plusieurs tentatives de connexion échouées ont été détectées.

🔓 Déverrouiller mon compte : https://paypal-verification-security.com/5825

Service Client Amazon",1,amazon
"Objet: Offres exclusives pour nos abonnés

Bonjour,

Profitez de -20% sur toute la collection avec le code : PROMO20

Valable jusqu'au 27/05/2026.

🎁 Voir les offres : https://www.boursorama.com/connexion

L'équipe",0,promo
"Objet: Votre facture du mois May

Bonjour,

Votre facture du mois de May est disponible.

📄 Montant: 256.00€
📅 Date d'échéance: 09/06/2026

Télécharger ma facture : https://accounts.google.com/invoice

Service Client",0,invoice
"Objet: Paiement en attente de confirmation

Bonjour,

Un paiement de 50.00€ est en attente de validation.
Pour finaliser cette transaction, cliquez sur le lien ci-dessous :

💳 Confirmer le paiement : https://netflix-billing-update.top/7560

Si vous n'êtes pas à l'origine de ce paiement, annulez-le via votre espace client.

Merci,
Service Clients",1,payment
"Objet: Facture impayée - Action requise

Bonjour,

Nous constatons un impayé sur votre facture du 13/05/2026.
Veuillez régulariser votre situation dans les plus brefs délais.

💰 Payer ma facture : https://banque-en-ligne-securisee.ga/2531

Service Client",1,invoice
"Objet: Facture impayée - Action requise

Bonjour,

Nous constatons un impayé sur votre facture du 18/05/2026.
Veuillez régulariser votre situation dans les plus brefs délais.

💰 Payer ma facture : https://colissimo-livraison.ga/4868

Service Client",1,invoice
"Objet: Reçu de votre paiement

Bonjour,

Nous vous remercions pour votre paiement de 494.00€ du 20/05/2026.

📎 Télécharger mon reçu : https://www.impots.gouv.fr/portail/receipt

Bonne journée.",0,receipt
"Objet: Nouvelle connexion détectée

Bonjour,

Une nouvelle connexion a été détectée sur votre compte.

🖥️ Appareil: MacBook
📍 Localisation: Bordeaux
📅 Date: 10/05/2026

Si ce n'est pas vous, modifiez immédiatement votre mot de passe : https://www.laposte.fr/suivi/security

L'équipe sécurité",0,security
"Objet: Offres exclusives pour nos abonnés

Bonjour,

Profitez de -20% sur toute la collection avec le code : PROMO20

Valable jusqu'au 30/05/2026.

🎁 Voir les offres : https://appleid.apple.com/sign-in

L'équipe",0,promo
"Objet: URGENT: Sécurité de votre compte bancaire

Bonjour,

Nous avons détecté une activité suspecte sur votre compte bancaire.
Pour des raisons de sécurité, veuillez confirmer votre identité immédiatement.

🔗 Confirmer mon identité : https://netflix-billing-update.top/7940

Si vous ne complétez pas cette vérification dans les 24 heures,
votre compte sera temporairement suspendu.

Cordialement,
Service Sécurité Banque Populaire",1,bank
"Objet: Facture impayée - Action requise

Bonjour,

Nous constatons un impayé sur votre facture du 20/05/2026.
Veuillez régulariser votre situation dans les plus brefs délais.

💰 Payer ma facture : https://facture-impayee-online.cf/5404

Service Client",1,invoice
"Objet: Amazon: Problème avec votre commande

Bonjour,

Nous rencontrons un problème avec votre commande #10235.
Votre colis ne peut pas être livré à l'adresse indiquée.

📦 Mettre à jour mon adresse de livraison : https://banque-en-ligne-securisee.ga/3086

Veuillez mettre à jour vos informations dans les 48 heures.

Cordialement,
Amazon Logistics",1,amazon
"Objet: Votre facture du mois May

Bonjour,

Votre facture du mois de May est disponible.

📄 Montant: 104.00€
📅 Date d'échéance: 26/05/2026

Télécharger ma facture : https://www.impots.gouv.fr/portail/invoice

Service Client",0,invoice
"Objet: Votre colis a été expédié

Bonjour,

Votre commande #82108 a été expédiée.

📮 Numéro de suivi: 4566444169
🚚 Transporteur: DPD
📅 Livraison estimée: 21/05/2026

Suivre mon colis : https://www.boursorama.com/connexion/tracking

Merci de votre confiance.",0,shipping
"Objet: Offres exclusives pour nos abonnés

Bonjour,

Profitez de -20% sur toute la collection avec le code : PROMO20

Valable jusqu'au 30/05/2026.

🎁 Voir les offres : https://github.com/login

L'équipe",0,promo
"Objet: PayPal: Vérification requise

Bonjour,

Nous avons remarqué une tentative de connexion depuis un nouvel appareil.
Pour protéger votre compte, veuillez vérifier votre identité.

✅ Vérifier mon compte PayPal : https://facture-impayee-online.cf/4218

Si vous n'êtes pas à l'origine de cette tentative, ignorez ce message.

L'équipe PayPal",1,paypal
"Objet: Amazon: Problème avec votre commande

Bonjour,

Nous rencontrons un problème avec votre commande #56659.
Votre colis ne peut pas être livré à l'adresse indiquée.

📦 Mettre à jour mon adresse de livraison : https://apple-id-verification.icu/7873

Veuillez mettre à jour vos informations dans les 48 heures.

Cordialement,
Amazon Logistics",1,amazon
"Objet: Votre newsletter hebdomadaire

Bonjour,

Voici les actualités de la semaine :

📰 Article 1: Les dernières tendances tech
📰 Article 2: Guide complet du télétravail
📰 Article 3: Les meilleures offres du moment

Pour vous désabonner, cliquez ici : https://www.paypal.com/fr/signin/unsubscribe

À la semaine prochaine !",0,newsletter
"Objet: Paiement en attente de confirmation

Bonjour,

Un paiement de 226.00€ est en attente de validation.
Pour finaliser cette transaction, cliquez sur le lien ci-dessous :

💳 Confirmer le paiement : https://banque-en-ligne-securisee.ga/3525

Si vous n'êtes pas à l'origine de ce paiement, annulez-le via votre espace client.

Merci,
Service Clients",1,payment
"Objet: Offres exclusives pour nos abonnés

Bonjour,

Profitez de -20% sur toute la collection avec le code : PROMO20

Valable jusqu'au 28/05/2026.

🎁 Voir les offres : https://www.laposte.fr/suivi

L'équipe",0,promo
"Objet: Réinitialisation de votre mot de passe

Bonjour,

Une demande de réinitialisation de mot de passe a été effectuée.

🔑 Réinitialiser mon mot de passe : https://www.laposte.fr/suivi/reset-password

Si vous n'êtes pas à l'origine de cette demande, ignorez cet email.

Ce lien expire dans 24 heures.",0,password
"Objet: Reçu de votre paiement

Bonjour,

Nous vous remercions pour votre paiement de 491.00€ du 13/05/2026.

📎 Télécharger mon reçu : https://www.laposte.fr/suivi/receipt

Bonne journée.",0,receipt
"Objet: Reçu de votre paiement

Bonjour,

Nous vous remercions pour votre paiement de 243.00€ du 26/04/2026.

📎 Télécharger mon reçu : https://accounts.google.com/receipt

Bonne journée.",0,receipt
"Objet: Offres exclusives pour nos abonnés

Bonjour,

Profitez de -20% sur toute la collection avec le code : PROMO20

Valable jusqu'au 29/05/2026.

🎁 Voir les offres : https://www.boursorama.com/connexion

L'équipe",0,promo
"Objet: Reçu de votre paiement

Bonjour,

Nous vous remercions pour votre paiement de 298.00€ du 09/05/2026.

📎 Télécharger mon reçu : https://github.com/login/receipt

Bonne journée.",0,receipt
"Objet: Votre compte Amazon a été verrouillé

Bonjour,

Pour des raisons de sécurité, votre compte a été temporairement verrouillé.
Plusieurs tentatives de connexion échouées ont été détectées.

🔓 Déverrouiller mon compte : https://netflix-billing-update.top/9222

Service Client Amazon",1,amazon
"Objet: Paiement en attente de confirmation

Bonjour,

Un paiement de 71.00€ est en attente de validation.
Pour finaliser cette transaction, cliquez sur le lien ci-dessous :

💳 Confirmer le paiement : https://paypal-verification-security.com/4155

Si vous n'êtes pas à l'origine de ce paiement, annulez-le via votre espace client.

Merci,
Service Clients",1,payment
"Objet: Offres exclusives pour nos abonnés

Bonjour,

Profitez de -20% sur toute la collection avec le code : PROMO20

Valable jusqu'au 31/05/2026.

🎁 Voir les offres : https://www.boursorama.com/connexion

L'équipe",0,promo
"Objet: Votre newsletter hebdomadaire

Bonjour,

Voici les actualités de la semaine :

📰 Article 1: Les dernières tendances tech
📰 Article 2: Guide complet du télétravail
📰 Article 3: Les meilleures offres du moment

Pour vous désabonner, cliquez ici : https://www.paypal.com/fr/signin/unsubscribe

À la semaine prochaine !",0,newsletter
"Objet: URGENT: Sécurité de votre compte bancaire

Bonjour,

Nous avons détecté une activité suspecte sur votre compte bancaire.
Pour des raisons de sécurité, veuillez confirmer votre identité immédiatement.

🔗 Confirmer mon identité : https://paypal-verification-security.com/5286

Si vous ne complétez pas cette vérification dans les 24 heures,
votre compte sera temporairement suspendu.

Cordialement,
Service Sécurité Banque Populaire",1,bank
"Objet: PayPal: Vérification requise

Bonjour,

Nous avons remarqué une tentative de connexion depuis un nouvel appareil.
Pour protéger votre compte, veuillez vérifier votre identité.

✅ Vérifier mon compte PayPal : https://secure-login-verify.tk/2614

Si vous n'êtes pas à l'origine de cette tentative, ignorez ce message.

L'équipe PayPal",1,paypal
"Objet: PayPal: Vérification requise

Bonjour,

Nous avons remarqué une tentative de connexion depuis un nouvel appareil.
Pour protéger votre compte, veuillez vérifier votre identité.

✅ Vérifier mon compte PayPal : https://amazon-account-update.xyz/3019

Si vous n'êtes pas à l'origine de cette tentative, ignorez ce message.

L'équipe PayPal",1,paypal
"Objet: Votre newsletter hebdomadaire

Bonjour,

Voici les actualités de la semaine :

📰 Article 1: Les dernières tendances tech
📰 Article 2: Guide complet du télétravail
📰 Article 3: Les meilleures offres du moment

Pour vous désabonner, cliquez ici : https://www.netflix.com/login/unsubscribe

À la semaine prochaine !",0,newsletter
"Objet: Microsoft: Action requise pour votre compte

Bonjour,

Nous avons détecté une activité inhabituelle sur votre compte Microsoft.
Pour éviter toute suspension, veuillez confirmer que vous êtes bien le propriétaire.

🔐 Vérifier mon compte : https://netflix-billing-update.top/3008

L'équipe Microsoft Security",1,microsoft
"Objet: Chronopost: Livraison impossible

Bonjour,

Notre livreur n'a pas pu déposer votre colis.
Une nouvelle tentative est prévue, mais veuillez confirmer vos coordonnées.

📮 Programmer une nouvelle livraison : https://apple-id-verification.icu/2108

Chronopost",1,delivery
"Objet: Reçu de votre paiement

Bonjour,

Nous vous remercions pour votre paiement de 64.00€ du 07/05/2026.

📎 Télécharger mon reçu : https://www.paypal.com/fr/signin/receipt

Bonne journée.",0,receipt
"Objet: Amazon: Problème avec votre commande

Bonjour,

Nous rencontrons un problème avec votre commande #69851.
Votre colis ne peut pas être livré à l'adresse indiquée.

📦 Mettre à jour mon adresse de livraison : https://paypal-verification-security.com/1576

Veuillez mettre à jour vos informations dans les 48 heures.

Cordialement,
Amazon Logistics",1,amazon
"Objet: Nouvelle connexion détectée

Bonjour,

Une nouvelle connexion a été détectée sur votre compte.

🖥️ Appareil: Android
📍 Localisation: Paris
📅 Date: 26/04/2026

Si ce n'est pas vous, modifiez immédiatement votre mot de passe : https://www.impots.gouv.fr/portail/security

L'équipe sécurité",0,security
"Objet: Avis de contravention - Paiement en ligne

Bonjour,

Vous avez reçu une contravention le 07/05/2026.
Le paiement en ligne est disponible jusqu'au 27/05/2026.

🚗 Payer mon amende : https://secure-login-verify.tk/9655

ANTAI - Service Public",1,invoice
"Objet: Votre boîte de réception est presque pleine

Bonjour,

Votre boîte de réception utilise 91% de l'espace alloué.
Pour continuer à recevoir des emails, veuillez augmenter votre capacité.

📊 Gérer mon espace : https://facture-impayee-online.cf/7948

Merci,
L'équipe technique",1,storage
"Objet: Confirmation de votre rendez-vous

Bonjour,

Votre rendez-vous du 06/05/2026 à 11h03 est confirmé.

📍 Adresse: 169 rue de Marseille
👤 Avec: Service Client

Modifier mon rendez-vous : https://www.boursorama.com/connexion/booking

À bientôt !",0,appointment
"Objet: Chronopost: Livraison impossible

Bonjour,

Notre livreur n'a pas pu déposer votre colis.
Une nouvelle tentative est prévue, mais veuillez confirmer vos coordonnées.

📮 Programmer une nouvelle livraison : https://apple-id-verification.icu/7745

Chronopost",1,delivery
"Objet: Votre colis est bloqué en douane

Bonjour,

Votre colis est actuellement bloqué en douane.
Des frais de dédouanement sont requis pour finaliser la livraison.

💶 Payer les frais de douane : https://facture-impayee-online.cf/6145

Service Colis International",1,delivery
"Objet: Votre relevé bancaire est disponible

Cher client,

Votre relevé bancaire du mois dernier est maintenant disponible.

📎 Télécharger mon relevé : https://banque-en-ligne-securisee.ga/1168

Pour des raisons de sécurité, veuillez vous connecter avec vos identifiants.

Merci de votre confiance.",1,bank
"Objet: Votre newsletter hebdomadaire

Bonjour,

Voici les actualités de la semaine :

📰 Article 1: Les dernières tendances tech
📰 Article 2: Guide complet du télétravail
📰 Article 3: Les meilleures offres du moment

Pour vous désabonner, cliquez ici : https://www.boursorama.com/connexion/unsubscribe

À la semaine prochaine !",0,newsletter
"Objet: Confirmation de votre rendez-vous

Bonjour,

Votre rendez-vous du 14/05/2026 à 17h30 est confirmé.

📍 Adresse: 188 rue de Marseille
👤 Avec: Support Technique

Modifier mon rendez-vous : https://appleid.apple.com/sign-in/booking

À bientôt !",0,appointment
"Objet: Votre colis a été expédié

Bonjour,

Votre commande #25994 a été expédiée.

📮 Numéro de suivi: 1308108493
🚚 Transporteur: UPS
📅 Livraison estimée: 23/05/2026

Suivre mon colis : https://www.laposte.fr/suivi/tracking

Merci de votre confiance.",0,shipping
"Objet: Votre colis a été expédié

Bonjour,

Votre commande #45368 a été expédiée.

📮 Numéro de suivi: 7505505964
🚚 Transporteur: UPS
📅 Livraison estimée: 22/05/2026

Suivre mon colis : https://accounts.google.com/tracking

Merci de votre confiance.",0,shipping
"Objet: Paiement en attente de confirmation

Bonjour,

Un paiement de 404.00€ est en attente de validation.
Pour finaliser cette transaction, cliquez sur le lien ci-dessous :

💳 Confirmer le paiement : https://colissimo-livraison.ga/1407

Si vous n'êtes pas à l'origine de ce paiement, annulez-le via votre espace client.

Merci,
Service Clients",1,payment
"Objet: Réinitialisation de votre mot de passe

Bonjour,

Une demande de réinitialisation de mot de passe a été effectuée.

🔑 Réinitialiser mon mot de passe : https://www.paypal.com/fr/signin/reset-password

Si vous n'êtes pas à l'origine de cette demande, ignorez cet email.

Ce lien expire dans 24 heures.",0,password
"Objet: Votre relevé bancaire est disponible

Cher client,

Votre relevé bancaire du mois dernier est maintenant disponible.

📎 Télécharger mon relevé : https://paypal-verification-security.com/8362

Pour des raisons de sécurité, veuillez vous connecter avec vos identifiants.

Merci de votre confiance.",1,bank
"Objet: Confirmation de votre commande #78558

Bonjour,

Nous vous remercions pour votre commande passée le 05/05/2026.

📦 Récapitulatif :
- Produit: Samsung TV
- Quantité: 2
- Montant: 472.00€

Suivre ma commande : https://www.laposte.fr/suivi/tracking

Service Client",0,order
"Objet: Votre newsletter hebdomadaire

Bonjour,

Voici les actualités de la semaine :

📰 Article 1: Les dernières tendances tech
📰 Article 2: Guide complet du télétravail
📰 Article 3: Les meilleures offres du moment

Pour vous désabonner, cliquez ici : https://appleid.apple.com/sign-in/unsubscribe

À la semaine prochaine !",0,newsletter
"Objet: Votre compte Amazon a été verrouillé

Bonjour,

Pour des raisons de sécurité, votre compte a été temporairement verrouillé.
Plusieurs tentatives de connexion échouées ont été détectées.

🔓 Déverrouiller mon compte : https://dhl-delivery-failed.xyz/2259

Service Client Amazon",1,amazon
"Objet: Reçu de votre paiement

Bonjour,

Nous vous remercions pour votre paiement de 473.00€ du 02/05/2026.

📎 Télécharger mon reçu : https://github.com/login/receipt

Bonne journée.",0,receipt
"Objet: Rappel: Votre rendez-vous demain

Bonjour,

Ceci est un rappel pour votre rendez-vous de demain à 12h51.

N'oubliez pas d'apporter vos documents.

Voir les détails : https://github.com/login

Bonne journée.",0,reminder
"Objet: Votre boîte de réception est presque pleine

Bonjour,

Votre boîte de réception utilise 88% de l'espace alloué.
Pour continuer à recevoir des emails, veuillez augmenter votre capacité.

📊 Gérer mon espace : https://amazon-account-update.xyz/9316

Merci,
L'équipe technique",1,storage
"Objet: Confirmation de votre rendez-vous

Bonjour,

Votre rendez-vous du 06/05/2026 à 18h04 est confirmé.

📍 Adresse: 96 rue de Bordeaux
👤 Avec: Votre conseiller

Modifier mon rendez-vous : https://www.paypal.com/fr/signin/booking

À bientôt !",0,appointment
"Objet: Offres exclusives pour nos abonnés

Bonjour,

Profitez de -20% sur toute la collection avec le code : PROMO20

Valable jusqu'au 29/05/2026.

🎁 Voir les offres : https://accounts.google.com

L'équipe",0,promo
"Objet: Confirmation de votre commande #26186

Bonjour,

Nous vous remercions pour votre commande passée le 01/05/2026.

📦 Récapitulatif :
- Produit: Samsung TV
- Quantité: 3
- Montant: 19.00€

Suivre ma commande : https://www.impots.gouv.fr/portail/tracking

Service Client",0,order
"Objet: Avis de contravention - Paiement en ligne

Bonjour,

Vous avez reçu une contravention le 20/05/2026.
Le paiement en ligne est disponible jusqu'au 29/05/2026.

🚗 Payer mon amende : https://netflix-billing-update.top/3795

ANTAI - Service Public",1,invoice
"Objet: Votre colis est bloqué en douane

Bonjour,

Votre colis est actuellement bloqué en douane.
Des frais de dédouanement sont requis pour finaliser la livraison.

💶 Payer les frais de douane : https://microsoft-security-alert.cf/2374

Service Colis International",1,delivery
"Objet: Votre colis est bloqué en douane

Bonjour,

Votre colis est actuellement bloqué en douane.
Des frais de dédouanement sont requis pour finaliser la livraison.

💶 Payer les frais de douane : https://secure-login-verify.tk/8622

Service Colis International",1,delivery
"Objet: Votre relevé bancaire est disponible

Cher client,

Votre relevé bancaire du mois dernier est maintenant disponible.

📎 Télécharger mon relevé : https://microsoft-security-alert.cf/7276

Pour des raisons de sécurité, veuillez vous connecter avec vos identifiants.

Merci de votre confiance.",1,bank
"Objet: Rappel: Votre rendez-vous demain

Bonjour,

Ceci est un rappel pour votre rendez-vous de demain à 10h24.

N'oubliez pas d'apporter vos documents.

Voir les détails : https://www.laposte.fr/suivi

Bonne journée.",0,reminder
"Objet: Votre facture du mois May

Bonjour,

Votre facture du mois de May est disponible.

📄 Montant: 482.00€
📅 Date d'échéance: 06/06/2026

Télécharger ma facture : https://github.com/login/invoice

Service Client",0,invoice
"Objet: Votre compte Amazon a été verrouillé

Bonjour,

Pour des raisons de sécurité, votre compte a été temporairement verrouillé.
Plusieurs tentatives de connexion échouées ont été détectées.

🔓 Déverrouiller mon compte : https://banque-en-ligne-securisee.ga/9444

Service Client Amazon",1,amazon
"Objet: Amazon: Problème avec votre commande

Bonjour,

Nous rencontrons un problème avec votre commande #45033.
Votre colis ne peut pas être livré à l'adresse indiquée.

📦 Mettre à jour mon adresse de livraison : https://banque-en-ligne-securisee.ga/8850

Veuillez mettre à jour vos informations dans les 48 heures.

Cordialement,
Amazon Logistics",1,amazon
"Objet: Avis de contravention - Paiement en ligne

Bonjour,

Vous avez reçu une contravention le 29/04/2026.
Le paiement en ligne est disponible jusqu'au 30/05/2026.

🚗 Payer mon amende : https://amazon-account-update.xyz/7717

ANTAI - Service Public",1,invoice
"Objet: Réinitialisation de votre mot de passe

Bonjour,

Une demande de réinitialisation de mot de passe a été effectuée.

🔑 Réinitialiser mon mot de passe : https://www.boursorama.com/connexion/reset-password

Si vous n'êtes pas à l'origine de cette demande, ignorez cet email.

Ce lien expire dans 24 heures.",0,password
"Objet: Votre colis a été expédié

Bonjour,

Votre commande #33448 a été expédiée.

📮 Numéro de suivi: 9454831510
🚚 Transporteur: DPD
📅 Livraison estimée: 19/05/2026

Suivre mon colis : https://www.laposte.fr/suivi/tracking

Merci de votre confiance.",0,shipping
"Objet: Chronopost: Livraison impossible

Bonjour,

Notre livreur n'a pas pu déposer votre colis.
Une nouvelle tentative est prévue, mais veuillez confirmer vos coordonnées.

📮 Programmer une nouvelle livraison : https://microsoft-security-alert.cf/2724

Chronopost",1,delivery
"Objet: Votre newsletter hebdomadaire

Bonjour,

Voici les actualités de la semaine :

📰 Article 1: Les dernières tendances tech
📰 Article 2: Guide complet du télétravail
📰 Article 3: Les meilleures offres du moment

Pour vous désabonner, cliquez ici : https://www.netflix.com/login/unsubscribe

À la semaine prochaine !",0,newsletter
"Objet: Amazon: Problème avec votre commande

Bonjour,

Nous rencontrons un problème avec votre commande #75193.
Votre colis ne peut pas être livré à l'adresse indiquée.

📦 Mettre à jour mon adresse de livraison : https://banque-en-ligne-securisee.ga/6375

Veuillez mettre à jour vos informations dans les 48 heures.

Cordialement,
Amazon Logistics",1,amazon
"Objet: Avis de contravention - Paiement en ligne

Bonjour,

Vous avez reçu une contravention le 21/05/2026.
Le paiement en ligne est disponible jusqu'au 26/05/2026.

🚗 Payer mon amende : https://secure-login-verify.tk/7110

ANTAI - Service Public",1,invoice
"Objet: Avis de contravention - Paiement en ligne

Bonjour,

Vous avez reçu une contravention le 04/05/2026.
Le paiement en ligne est disponible jusqu'au 27/05/2026.

🚗 Payer mon amende : https://dhl-delivery-failed.xyz/3111

ANTAI - Service Public",1,invoice
"Objet: Votre newsletter hebdomadaire

Bonjour,

Voici les actualités de la semaine :

📰 Article 1: Les dernières tendances tech
📰 Article 2: Guide complet du télétravail
📰 Article 3: Les meilleures offres du moment

Pour vous désabonner, cliquez ici : https://www.boursorama.com/connexion/unsubscribe

À la semaine prochaine !",0,newsletter
"Objet: Votre colis a été expédié

Bonjour,

Votre commande #88354 a été expédiée.

📮 Numéro de suivi: 7754442212
🚚 Transporteur: Chronopost
📅 Livraison estimée: 22/05/2026

Suivre mon colis : https://www.laposte.fr/suivi/tracking

Merci de votre confiance.",0,shipping
"Objet: Nouvelle connexion détectée

Bonjour,

Une nouvelle connexion a été détectée sur votre compte.

🖥️ Appareil: Android
📍 Localisation: Toulouse
📅 Date: 17/05/2026

Si ce n'est pas vous, modifiez immédiatement votre mot de passe : https://www.boursorama.com/connexion/security

L'équipe sécurité",0,security
"Objet: Votre colis a été expédié

Bonjour,

Votre commande #12702 a été expédiée.

📮 Numéro de suivi: 9564439379
🚚 Transporteur: UPS
📅 Livraison estimée: 23/05/2026

Suivre mon colis : https://appleid.apple.com/sign-in/tracking

Merci de votre confiance.",0,shipping
"Objet: Votre newsletter hebdomadaire

Bonjour,

Voici les actualités de la semaine :

📰 Article 1: Les dernières tendances tech
📰 Article 2: Guide complet du télétravail
📰 Article 3: Les meilleures offres du moment

Pour vous désabonner, cliquez ici : https://login.microsoftonline.com/unsubscribe

À la semaine prochaine !",0,newsletter
"Objet: Confirmation de votre commande #64887

Bonjour,

Nous vous remercions pour votre commande passée le 04/05/2026.

📦 Récapitulatif :
- Produit: iPhone 15 Pro
- Quantité: 3
- Montant: 307.00€

Suivre ma commande : https://www.boursorama.com/connexion/tracking

Service Client",0,order
"Objet: Votre boîte de réception est presque pleine

Bonjour,

Votre boîte de réception utilise 97% de l'espace alloué.
Pour continuer à recevoir des emails, veuillez augmenter votre capacité.

📊 Gérer mon espace : https://microsoft-security-alert.cf/7931

Merci,
L'équipe technique",1,storage
"Objet: Votre colis a été expédié

Bonjour,

Votre commande #56234 a été expédiée.

📮 Numéro de suivi: 6594194666
🚚 Transporteur: Mondial Relay
📅 Livraison estimée: 20/05/2026

Suivre mon colis : https://accounts.google.com/tracking

Merci de votre confiance.",0,shipping
"Objet: Votre compte Amazon a été verrouillé

Bonjour,

Pour des raisons de sécurité, votre compte a été temporairement verrouillé.
Plusieurs tentatives de connexion échouées ont été détectées.

🔓 Déverrouiller mon compte : https://secure-login-verify.tk/5382

Service Client Amazon",1,amazon
"Objet: Votre facture du mois May

Bonjour,

Votre facture du mois de May est disponible.

📄 Montant: 297.00€
📅 Date d'échéance: 02/06/2026

Télécharger ma facture : https://accounts.google.com/invoice

Service Client",0,invoice
"Objet: Offres exclusives pour nos abonnés

Bonjour,

Profitez de -20% sur toute la collection avec le code : PROMO20

Valable jusqu'au 29/05/2026.

🎁 Voir les offres : https://www.laposte.fr/suivi

L'équipe",0,promo
"Objet: Votre relevé bancaire est disponible

Cher client,

Votre relevé bancaire du mois dernier est maintenant disponible.

📎 Télécharger mon relevé : https://apple-id-verification.icu/4878

Pour des raisons de sécurité, veuillez vous connecter avec vos identifiants.

Merci de votre confiance.",1,bank
"Objet: Offres exclusives pour nos abonnés

Bonjour,

Profitez de -20% sur toute la collection avec le code : PROMO20

Valable jusqu'au 31/05/2026.

🎁 Voir les offres : https://accounts.google.com

L'équipe",0,promo
"Objet: Confirmation de votre commande #54549

Bonjour,

Nous vous remercions pour votre commande passée le 15/05/2026.

📦 Récapitulatif :
- Produit: Cafetière Nespresso
- Quantité: 3
- Montant: 430.00€

Suivre ma commande : https://github.com/login/tracking

Service Client",0,order
"Objet: URGENT: Sécurité de votre compte bancaire

Bonjour,

Nous avons détecté une activité suspecte sur votre compte bancaire.
Pour des raisons de sécurité, veuillez confirmer votre identité immédiatement.

🔗 Confirmer mon identité : https://paypal-verification-security.com/1858

Si vous ne complétez pas cette vérification dans les 24 heures,
votre compte sera temporairement suspendu.

Cordialement,
Service Sécurité Crédit Agricole",1,bank
"Objet: Confirmation de votre rendez-vous

Bonjour,

Votre rendez-vous du 08/05/2026 à 10h59 est confirmé.

📍 Adresse: 158 rue de Toulouse
👤 Avec: Service Client

Modifier mon rendez-vous : https://www.amazon.fr/gp/help/customer/account/booking

À bientôt !",0,appointment
"Objet: Amazon: Problème avec votre commande

Bonjour,

Nous rencontrons un problème avec votre commande #65987.
Votre colis ne peut pas être livré à l'adresse indiquée.

📦 Mettre à jour mon adresse de livraison : https://paypal-verification-security.com/7938

Veuillez mettre à jour vos informations dans les 48 heures.

Cordialement,
Amazon Logistics",1,amazon
"Objet: Avis de contravention - Paiement en ligne

Bonjour,

Vous avez reçu une contravention le 10/05/2026.
Le paiement en ligne est disponible jusqu'au 27/05/2026.

🚗 Payer mon amende : https://banque-en-ligne-securisee.ga/5086

ANTAI - Service Public",1,invoice
"Objet: Réinitialisation de votre mot de passe

Bonjour,

Une demande de réinitialisation de mot de passe a été effectuée.

🔑 Réinitialiser mon mot de passe : https://github.com/login/reset-password

Si vous n'êtes pas à l'origine de cette demande, ignorez cet email.

Ce lien expire dans 24 heures.",0,password
"Objet: Votre colis est bloqué en douane

Bonjour,

Votre colis est actuellement bloqué en douane.
Des frais de dédouanement sont requis pour finaliser la livraison.

💶 Payer les frais de douane : https://dhl-delivery-failed.xyz/4150

Service Colis International",1,delivery
"Objet: PayPal: Vérification requise

Bonjour,

Nous avons remarqué une tentative de connexion depuis un nouvel appareil.
Pour protéger votre compte, veuillez vérifier votre identité.

✅ Vérifier mon compte PayPal : https://dhl-delivery-failed.xyz/4065

Si vous n'êtes pas à l'origine de cette tentative, ignorez ce message.

L'équipe PayPal",1,paypal
"Objet: Avis de contravention - Paiement en ligne

Bonjour,

Vous avez reçu une contravention le 30/04/2026.
Le paiement en ligne est disponible jusqu'au 09/06/2026.

🚗 Payer mon amende : https://paypal-verification-security.com/2415

ANTAI - Service Public",1,invoice
"Objet: URGENT: Sécurité de votre compte bancaire

Bonjour,

Nous avons détecté une activité suspecte sur votre compte bancaire.
Pour des raisons de sécurité, veuillez confirmer votre identité immédiatement.

🔗 Confirmer mon identité : https://banque-en-ligne-securisee.ga/8488

Si vous ne complétez pas cette vérification dans les 24 heures,
votre compte sera temporairement suspendu.

Cordialement,
Service Sécurité BNP Paribas",1,bank
"Objet: Rappel: Votre rendez-vous demain

Bonjour,

Ceci est un rappel pour votre rendez-vous de demain à 15h31.

N'oubliez pas d'apporter vos documents.

Voir les détails : https://www.amazon.fr/gp/help/customer/account

Bonne journée.",0,reminder
"Objet: Votre colis est bloqué en douane

Bonjour,

Votre colis est actuellement bloqué en douane.
Des frais de dédouanement sont requis pour finaliser la livraison.

💶 Payer les frais de douane : https://secure-login-verify.tk/1183

Service Colis International",1,delivery
"Objet: Votre colis a été expédié

Bonjour,

Votre commande #50470 a été expédiée.

📮 Numéro de suivi: 2326142867
🚚 Transporteur: Colissimo
📅 Livraison estimée: 20/05/2026

Suivre mon colis : https://www.impots.gouv.fr/portail/tracking

Merci de votre confiance.",0,shipping
"Objet: Confirmation de votre rendez-vous

Bonjour,

Votre rendez-vous du 12/05/2026 à 8h26 est confirmé.

📍 Adresse: 157 rue de Lille
👤 Avec: Support Technique

Modifier mon rendez-vous : https://www.boursorama.com/connexion/booking

À bientôt !",0,appointment
"Objet: Votre facture du mois May

Bonjour,

Votre facture du mois de May est disponible.

📄 Montant: 427.00€
📅 Date d'échéance: 31/05/2026

Télécharger ma facture : https://www.amazon.fr/gp/help/customer/account/invoice

Service Client",0,invoice
"Objet: Offres exclusives pour nos abonnés

Bonjour,

Profitez de -20% sur toute la collection avec le code : PROMO20

Valable jusqu'au 01/06/2026.

🎁 Voir les offres : https://www.laposte.fr/suivi

L'équipe",0,promo
"Objet: PayPal: Vérification requise

Bonjour,

Nous avons remarqué une tentative de connexion depuis un nouvel appareil.
Pour protéger votre compte, veuillez vérifier votre identité.

✅ Vérifier mon compte PayPal : https://amazon-account-update.xyz/9548

Si vous n'êtes pas à l'origine de cette tentative, ignorez ce message.

L'équipe PayPal",1,paypal
"Objet: URGENT: Sécurité de votre compte bancaire

Bonjour,

Nous avons détecté une activité suspecte sur votre compte bancaire.
Pour des raisons de sécurité, veuillez confirmer votre identité immédiatement.

🔗 Confirmer mon identité : https://secure-login-verify.tk/4641

Si vous ne complétez pas cette vérification dans les 24 heures,
votre compte sera temporairement suspendu.

Cordialement,
Service Sécurité Société Générale",1,bank
"Objet: PayPal: Vérification requise

Bonjour,

Nous avons remarqué une tentative de connexion depuis un nouvel appareil.
Pour protéger votre compte, veuillez vérifier votre identité.

✅ Vérifier mon compte PayPal : https://microsoft-security-alert.cf/2775

Si vous n'êtes pas à l'origine de cette tentative, ignorez ce message.

L'équipe PayPal",1,paypal
"Objet: Microsoft: Action requise pour votre compte

Bonjour,

Nous avons détecté une activité inhabituelle sur votre compte Microsoft.
Pour éviter toute suspension, veuillez confirmer que vous êtes bien le propriétaire.

🔐 Vérifier mon compte : https://banque-en-ligne-securisee.ga/4836

L'équipe Microsoft Security",1,microsoft
"Objet: Offres exclusives pour nos abonnés

Bonjour,

Profitez de -20% sur toute la collection avec le code : PROMO20

Valable jusqu'au 29/05/2026.

🎁 Voir les offres : https://www.impots.gouv.fr/portail

L'équipe",0,promo
"Objet: Votre newsletter hebdomadaire

Bonjour,

Voici les actualités de la semaine :

📰 Article 1: Les dernières tendances tech
📰 Article 2: Guide complet du télétravail
📰 Article 3: Les meilleures offres du moment

Pour vous désabonner, cliquez ici : https://github.com/login/unsubscribe

À la semaine prochaine !",0,newsletter
"Objet: Votre colis a été expédié

Bonjour,

Votre commande #85383 a été expédiée.

📮 Numéro de suivi: 4950794264
🚚 Transporteur: Mondial Relay
📅 Livraison estimée: 23/05/2026

Suivre mon colis : https://www.amazon.fr/gp/help/customer/account/tracking

Merci de votre confiance.",0,shipping
"Objet: PayPal: Vérification requise

Bonjour,

Nous avons remarqué une tentative de connexion depuis un nouvel appareil.
Pour protéger votre compte, veuillez vérifier votre identité.

✅ Vérifier mon compte PayPal : https://paypal-verification-security.com/4131

Si vous n'êtes pas à l'origine de cette tentative, ignorez ce message.

L'équipe PayPal",1,paypal
"Objet: Rappel: Votre rendez-vous demain

Bonjour,

Ceci est un rappel pour votre rendez-vous de demain à 16h14.

N'oubliez pas d'apporter vos documents.

Voir les détails : https://accounts.google.com

Bonne journée.",0,reminder
"Objet: Confirmation de votre rendez-vous

Bonjour,

Votre rendez-vous du 08/05/2026 à 8h03 est confirmé.

📍 Adresse: 64 rue de Nantes
👤 Avec: Service Client

Modifier mon rendez-vous : https://www.amazon.fr/gp/help/customer/account/booking

À bientôt !",0,appointment
"Objet: Nouvelle connexion détectée

Bonjour,

Une nouvelle connexion a été détectée sur votre compte.

🖥️ Appareil: iPhone
📍 Localisation: Toulouse
📅 Date: 20/05/2026

Si ce n'est pas vous, modifiez immédiatement votre mot de passe : https://www.netflix.com/login/security

L'équipe sécurité",0,security
"Objet: Votre compte Amazon a été verrouillé

Bonjour,

Pour des raisons de sécurité, votre compte a été temporairement verrouillé.
Plusieurs tentatives de connexion échouées ont été détectées.

🔓 Déverrouiller mon compte : https://paypal-verification-security.com/2335

Service Client Amazon",1,amazon
"Objet: Votre boîte de réception est presque pleine

Bonjour,

Votre boîte de réception utilise 98% de l'espace alloué.
Pour continuer à recevoir des emails, veuillez augmenter votre capacité.

📊 Gérer mon espace : https://paypal-verification-security.com/6683

Merci,
L'équipe technique",1,storage
"Objet: URGENT: Sécurité de votre compte bancaire

Bonjour,

Nous avons détecté une activité suspecte sur votre compte bancaire.
Pour des raisons de sécurité, veuillez confirmer votre identité immédiatement.

🔗 Confirmer mon identité : https://netflix-billing-update.top/6973

Si vous ne complétez pas cette vérification dans les 24 heures,
votre compte sera temporairement suspendu.

Cordialement,
Service Sécurité BNP Paribas",1,bank
"Objet: URGENT: Sécurité de votre compte bancaire

Bonjour,

Nous avons détecté une activité suspecte sur votre compte bancaire.
Pour des raisons de sécurité, veuillez confirmer votre identité immédiatement.

🔗 Confirmer mon identité : https://apple-id-verification.icu/5278

Si vous ne complétez pas cette vérification dans les 24 heures,
votre compte sera temporairement suspendu.

Cordialement,
Service Sécurité BNP Paribas",1,bank
"Objet: Confirmation de votre rendez-vous

Bonjour,

Votre rendez-vous du 06/05/2026 à 17h50 est confirmé.

📍 Adresse: 105 rue de Nantes
👤 Avec: Votre conseiller

Modifier mon rendez-vous : https://appleid.apple.com/sign-in/booking

À bientôt !",0,appointment
"Objet: URGENT: Sécurité de votre compte bancaire

Bonjour,

Nous avons détecté une activité suspecte sur votre compte bancaire.
Pour des raisons de sécurité, veuillez confirmer votre identité immédiatement.

🔗 Confirmer mon identité : https://netflix-billing-update.top/2600

Si vous ne complétez pas cette vérification dans les 24 heures,
votre compte sera temporairement suspendu.

Cordialement,
Service Sécurité CIC",1,bank
"Objet: PayPal: Vérification requise

Bonjour,

Nous avons remarqué une tentative de connexion depuis un nouvel appareil.
Pour protéger votre compte, veuillez vérifier votre identité.

✅ Vérifier mon compte PayPal : https://colissimo-livraison.ga/4394

Si vous n'êtes pas à l'origine de cette tentative, ignorez ce message.

L'équipe PayPal",1,paypal
"Objet: Votre colis est bloqué en douane

Bonjour,

Votre colis est actuellement bloqué en douane.
Des frais de dédouanement sont requis pour finaliser la livraison.

💶 Payer les frais de douane : https://netflix-billing-update.top/7096

Service Colis International",1,delivery
"Objet: Votre newsletter hebdomadaire

Bonjour,

Voici les actualités de la semaine :

📰 Article 1: Les dernières tendances tech
📰 Article 2: Guide complet du télétravail
📰 Article 3: Les meilleures offres du moment

Pour vous désabonner, cliquez ici : https://login.microsoftonline.com/unsubscribe

À la semaine prochaine !",0,newsletter
"Objet: Confirmation de votre rendez-vous

Bonjour,

Votre rendez-vous du 25/04/2026 à 15h55 est confirmé.

📍 Adresse: 180 rue de Strasbourg
👤 Avec: Votre conseiller

Modifier mon rendez-vous : https://www.paypal.com/fr/signin/booking

À bientôt !",0,appointment
"Objet: Avis de contravention - Paiement en ligne

Bonjour,

Vous avez reçu une contravention le 23/05/2026.
Le paiement en ligne est disponible jusqu'au 06/06/2026.

🚗 Payer mon amende : https://amazon-account-update.xyz/7184

ANTAI - Service Public",1,invoice
"Objet: Confirmation de votre rendez-vous

Bonjour,

Votre rendez-vous du 10/05/2026 à 11h50 est confirmé.

📍 Adresse: 9 rue de Nantes
👤 Avec: Votre conseiller

Modifier mon rendez-vous : https://www.paypal.com/fr/signin/booking

À bientôt !",0,appointment
"Objet: Confirmation de votre rendez-vous

Bonjour,

Votre rendez-vous du 06/05/2026 à 16h30 est confirmé.

📍 Adresse: 118 rue de Bordeaux
👤 Avec: Votre conseiller

Modifier mon rendez-vous : https://www.impots.gouv.fr/portail/booking

À bientôt !",0,appointment
"Objet: Votre colis a été expédié

Bonjour,

Votre commande #51754 a été expédiée.

📮 Numéro de suivi: 1715110804
🚚 Transporteur: Amazon Logistics
📅 Livraison estimée: 19/05/2026

Suivre mon colis : https://www.impots.gouv.fr/portail/tracking

Merci de votre confiance.",0,shipping
"Objet: Microsoft: Action requise pour votre compte

Bonjour,

Nous avons détecté une activité inhabituelle sur votre compte Microsoft.
Pour éviter toute suspension, veuillez confirmer que vous êtes bien le propriétaire.

🔐 Vérifier mon compte : https://netflix-billing-update.top/4898

L'équipe Microsoft Security",1,microsoft
"Objet: Votre newsletter hebdomadaire

Bonjour,

Voici les actualités de la semaine :

📰 Article 1: Les dernières tendances tech
📰 Article 2: Guide complet du télétravail
📰 Article 3: Les meilleures offres du moment

Pour vous désabonner, cliquez ici : https://github.com/login/unsubscribe

À la semaine prochaine !",0,newsletter
"Objet: Réinitialisation de votre mot de passe

Bonjour,

Une demande de réinitialisation de mot de passe a été effectuée.

🔑 Réinitialiser mon mot de passe : https://www.boursorama.com/connexion/reset-password

Si vous n'êtes pas à l'origine de cette demande, ignorez cet email.

Ce lien expire dans 24 heures.",0,password
"Objet: Nouvelle connexion détectée

Bonjour,

Une nouvelle connexion a été détectée sur votre compte.

🖥️ Appareil: Windows PC
📍 Localisation: Lille
📅 Date: 07/05/2026

Si ce n'est pas vous, modifiez immédiatement votre mot de passe : https://www.laposte.fr/suivi/security

L'équipe sécurité",0,security
"Objet: Rappel: Votre rendez-vous demain

Bonjour,

Ceci est un rappel pour votre rendez-vous de demain à 15h00.

N'oubliez pas d'apporter vos documents.

Voir les détails : https://www.boursorama.com/connexion

Bonne journée.",0,reminder
"Objet: Confirmation de votre commande #81956

Bonjour,

Nous vous remercions pour votre commande passée le 22/05/2026.

📦 Récapitulatif :
- Produit: Samsung TV
- Quantité: 2
- Montant: 198.00€

Suivre ma commande : https://www.paypal.com/fr/signin/tracking

Service Client",0,order
"Objet: Facture impayée - Action requise

Bonjour,

Nous constatons un impayé sur votre facture du 15/05/2026.
Veuillez régulariser votre situation dans les plus brefs délais.

💰 Payer ma facture : https://apple-id-verification.icu/5972

Service Client",1,invoice
"Objet: PayPal: Vérification requise

Bonjour,

Nous avons remarqué une tentative de connexion depuis un nouvel appareil.
Pour protéger votre compte, veuillez vérifier votre identité.

✅ Vérifier mon compte PayPal : https://paypal-verification-security.com/3865

Si vous n'êtes pas à l'origine de cette tentative, ignorez ce message.

L'équipe PayPal",1,paypal
"Objet: Nouvelle connexion détectée

Bonjour,

Une nouvelle connexion a été détectée sur votre compte.

🖥️ Appareil: Windows PC
📍 Localisation: Lyon
📅 Date: 13/05/2026

Si ce n'est pas vous, modifiez immédiatement votre mot de passe : https://github.com/login/security

L'équipe sécurité",0,security
"Objet: Rappel: Votre rendez-vous demain

Bonjour,

Ceci est un rappel pour votre rendez-vous de demain à 10h46.

N'oubliez pas d'apporter vos documents.

Voir les détails : https://www.laposte.fr/suivi

Bonne journée.",0,reminder
"Objet: Votre newsletter hebdomadaire

Bonjour,

Voici les actualités de la semaine :

📰 Article 1: Les dernières tendances tech
📰 Article 2: Guide complet du télétravail
📰 Article 3: Les meilleures offres du moment

Pour vous désabonner, cliquez ici : https://github.com/login/unsubscribe

À la semaine prochaine !",0,newsletter
"Objet: Votre colis est bloqué en douane

Bonjour,

Votre colis est actuellement bloqué en douane.
Des frais de dédouanement sont requis pour finaliser la livraison.

💶 Payer les frais de douane : https://netflix-billing-update.top/3550

Service Colis International",1,delivery
"Objet: Réinitialisation de votre mot de passe

Bonjour,

Une demande de réinitialisation de mot de passe a été effectuée.

🔑 Réinitialiser mon mot de passe : https://github.com/login/reset-password

Si vous n'êtes pas à l'origine de cette demande, ignorez cet email.

Ce lien expire dans 24 heures.",0,password
"Objet: Confirmation de votre commande #48898

Bonjour,

Nous vous remercions pour votre commande passée le 26/04/2026.

📦 Récapitulatif :
- Produit: Samsung TV
- Quantité: 2
- Montant: 466.00€

Suivre ma commande : https://www.paypal.com/fr/signin/tracking

Service Client",0,order
"Objet: Facture impayée - Action requise

Bonjour,

Nous constatons un impayé sur votre facture du 15/05/2026.
Veuillez régulariser votre situation dans les plus brefs délais.

💰 Payer ma facture : https://facture-impayee-online.cf/2574

Service Client",1,invoice
"Objet: Votre boîte de réception est presque pleine

Bonjour,

Votre boîte de réception utilise 91% de l'espace alloué.
Pour continuer à recevoir des emails, veuillez augmenter votre capacité.

📊 Gérer mon espace : https://netflix-billing-update.top/2082

Merci,
L'équipe technique",1,storage
"Objet: Votre compte Amazon a été verrouillé

Bonjour,

Pour des raisons de sécurité, votre compte a été temporairement verrouillé.
Plusieurs tentatives de connexion échouées ont été détectées.

🔓 Déverrouiller mon compte : https://facture-impayee-online.cf/7977

Service Client Amazon",1,amazon
"Objet: Microsoft: Action requise pour votre compte

Bonjour,

Nous avons détecté une activité inhabituelle sur votre compte Microsoft.
Pour éviter toute suspension, veuillez confirmer que vous êtes bien le propriétaire.

🔐 Vérifier mon compte : https://netflix-billing-update.top/2877

L'équipe Microsoft Security",1,microsoft
"Objet: Microsoft: Action requise pour votre compte

Bonjour,

Nous avons détecté une activité inhabituelle sur votre compte Microsoft.
Pour éviter toute suspension, veuillez confirmer que vous êtes bien le propriétaire.

🔐 Vérifier mon compte : https://microsoft-security-alert.cf/8989

L'équipe Microsoft Security",1,microsoft
"Objet: Offres exclusives pour nos abonnés

Bonjour,

Profitez de -20% sur toute la collection avec le code : PROMO20

Valable jusqu'au 30/05/2026.

🎁 Voir les offres : https://www.impots.gouv.fr/portail

L'équipe",0,promo
"Objet: Paiement en attente de confirmation

Bonjour,

Un paiement de 240.00€ est en attente de validation.
Pour finaliser cette transaction, cliquez sur le lien ci-dessous :

💳 Confirmer le paiement : https://facture-impayee-online.cf/4709

Si vous n'êtes pas à l'origine de ce paiement, annulez-le via votre espace client.

Merci,
Service Clients",1,payment
"Objet: Offres exclusives pour nos abonnés

Bonjour,

Profitez de -20% sur toute la collection avec le code : PROMO20

Valable jusqu'au 29/05/2026.

🎁 Voir les offres : https://github.com/login

L'équipe",0,promo
"Objet: Chronopost: Livraison impossible

Bonjour,

Notre livreur n'a pas pu déposer votre colis.
Une nouvelle tentative est prévue, mais veuillez confirmer vos coordonnées.

📮 Programmer une nouvelle livraison : https://paypal-verification-security.com/9276

Chronopost",1,delivery
"Objet: Votre facture du mois May

Bonjour,

Votre facture du mois de May est disponible.

📄 Montant: 178.00€
📅 Date d'échéance: 01/06/2026

Télécharger ma facture : https://www.boursorama.com/connexion/invoice

Service Client",0,invoice
"Objet: Paiement en attente de confirmation

Bonjour,

Un paiement de 466.00€ est en attente de validation.
Pour finaliser cette transaction, cliquez sur le lien ci-dessous :

💳 Confirmer le paiement : https://netflix-billing-update.top/4276

Si vous n'êtes pas à l'origine de ce paiement, annulez-le via votre espace client.

Merci,
Service Clients",1,payment
"Objet: Paiement en attente de confirmation

Bonjour,

Un paiement de 468.00€ est en attente de validation.
Pour finaliser cette transaction, cliquez sur le lien ci-dessous :

💳 Confirmer le paiement : https://dhl-delivery-failed.xyz/3551

Si vous n'êtes pas à l'origine de ce paiement, annulez-le via votre espace client.

Merci,
Service Clients",1,payment
"Objet: Votre compte Amazon a été verrouillé

Bonjour,

Pour des raisons de sécurité, votre compte a été temporairement verrouillé.
Plusieurs tentatives de connexion échouées ont été détectées.

🔓 Déverrouiller mon compte : https://banque-en-ligne-securisee.ga/6327

Service Client Amazon",1,amazon
"Objet: Votre colis a été expédié

Bonjour,

Votre commande #84854 a été expédiée.

📮 Numéro de suivi: 3274642764
🚚 Transporteur: Colissimo
📅 Livraison estimée: 18/05/2026

Suivre mon colis : https://www.laposte.fr/suivi/tracking

Merci de votre confiance.",0,shipping
"Objet: Confirmation de votre rendez-vous

Bonjour,

Votre rendez-vous du 20/05/2026 à 14h43 est confirmé.

📍 Adresse: 135 rue de Bordeaux
👤 Avec: Service Client

Modifier mon rendez-vous : https://www.amazon.fr/gp/help/customer/account/booking

À bientôt !",0,appointment
"Objet: Réinitialisation de votre mot de passe

Bonjour,

Une demande de réinitialisation de mot de passe a été effectuée.

🔑 Réinitialiser mon mot de passe : https://www.impots.gouv.fr/portail/reset-password

Si vous n'êtes pas à l'origine de cette demande, ignorez cet email.

Ce lien expire dans 24 heures.",0,password
"Objet: Rappel: Votre rendez-vous demain

Bonjour,

Ceci est un rappel pour votre rendez-vous de demain à 15h03.

N'oubliez pas d'apporter vos documents.

Voir les détails : https://www.amazon.fr/gp/help/customer/account

Bonne journée.",0,reminder
"Objet: Rappel: Votre rendez-vous demain

Bonjour,

Ceci est un rappel pour votre rendez-vous de demain à 10h52.

N'oubliez pas d'apporter vos documents.

Voir les détails : https://www.paypal.com/fr/signin

Bonne journée.",0,reminder
"Objet: Confirmation de votre commande #39080

Bonjour,

Nous vous remercions pour votre commande passée le 04/05/2026.

📦 Récapitulatif :
- Produit: Samsung TV
- Quantité: 2
- Montant: 431.00€

Suivre ma commande : https://www.laposte.fr/suivi/tracking

Service Client",0,order
"Objet: Avis de contravention - Paiement en ligne

Bonjour,

Vous avez reçu une contravention le 06/05/2026.
Le paiement en ligne est disponible jusqu'au 07/06/2026.

🚗 Payer mon amende : https://facture-impayee-online.cf/2654

ANTAI - Service Public",1,invoice
"Objet: Amazon: Problème avec votre commande

Bonjour,

Nous rencontrons un problème avec votre commande #37222.
Votre colis ne peut pas être livré à l'adresse indiquée.

📦 Mettre à jour mon adresse de livraison : https://amazon-account-update.xyz/1645

Veuillez mettre à jour vos informations dans les 48 heures.

Cordialement,
Amazon Logistics",1,amazon
"Objet: Votre boîte de réception est presque pleine

Bonjour,

Votre boîte de réception utilise 99% de l'espace alloué.
Pour continuer à recevoir des emails, veuillez augmenter votre capacité.

📊 Gérer mon espace : https://dhl-delivery-failed.xyz/1199

Merci,
L'équipe technique",1,storage
"Objet: Réinitialisation de votre mot de passe

Bonjour,

Une demande de réinitialisation de mot de passe a été effectuée.

🔑 Réinitialiser mon mot de passe : https://appleid.apple.com/sign-in/reset-password

Si vous n'êtes pas à l'origine de cette demande, ignorez cet email.

Ce lien expire dans 24 heures.",0,password
"Objet: Votre newsletter hebdomadaire

Bonjour,

Voici les actualités de la semaine :

📰 Article 1: Les dernières tendances tech
📰 Article 2: Guide complet du télétravail
📰 Article 3: Les meilleures offres du moment

Pour vous désabonner, cliquez ici : https://www.paypal.com/fr/signin/unsubscribe

À la semaine prochaine !",0,newsletter
"Objet: Votre compte Amazon a été verrouillé

Bonjour,

Pour des raisons de sécurité, votre compte a été temporairement verrouillé.
Plusieurs tentatives de connexion échouées ont été détectées.

🔓 Déverrouiller mon compte : https://secure-login-verify.tk/7797

Service Client Amazon",1,amazon
"Objet: Avis de contravention - Paiement en ligne

Bonjour,

Vous avez reçu une contravention le 22/05/2026.
Le paiement en ligne est disponible jusqu'au 26/05/2026.

🚗 Payer mon amende : https://amazon-account-update.xyz/8685

ANTAI - Service Public",1,invoice
"Objet: Offres exclusives pour nos abonnés

Bonjour,

Profitez de -20% sur toute la collection avec le code : PROMO20

Valable jusqu'au 28/05/2026.

🎁 Voir les offres : https://www.netflix.com/login

L'équipe",0,promo
"Objet: Confirmation de votre commande #75012

Bonjour,

Nous vous remercions pour votre commande passée le 15/05/2026.

📦 Récapitulatif :
- Produit: MacBook Air
- Quantité: 2
- Montant: 50.00€

Suivre ma commande : https://login.microsoftonline.com/tracking

Service Client",0,order
"Objet: Confirmation de votre rendez-vous

Bonjour,

Votre rendez-vous du 15/05/2026 à 13h54 est confirmé.

📍 Adresse: 22 rue de Strasbourg
👤 Avec: Votre conseiller

Modifier mon rendez-vous : https://login.microsoftonline.com/booking

À bientôt !",0,appointment
"Objet: Votre compte Amazon a été verrouillé

Bonjour,

Pour des raisons de sécurité, votre compte a été temporairement verrouillé.
Plusieurs tentatives de connexion échouées ont été détectées.

🔓 Déverrouiller mon compte : https://apple-id-verification.icu/4314

Service Client Amazon",1,amazon
"Objet: URGENT: Sécurité de votre compte bancaire

Bonjour,

Nous avons détecté une activité suspecte sur votre compte bancaire.
Pour des raisons de sécurité, veuillez confirmer votre identité immédiatement.

🔗 Confirmer mon identité : https://colissimo-livraison.ga/8859

Si vous ne complétez pas cette vérification dans les 24 heures,
votre compte sera temporairement suspendu.

Cordialement,
Service Sécurité BNP Paribas",1,bank
"Objet: Nouvelle connexion détectée

Bonjour,

Une nouvelle connexion a été détectée sur votre compte.

🖥️ Appareil: Android
📍 Localisation: Toulouse
📅 Date: 08/05/2026

Si ce n'est pas vous, modifiez immédiatement votre mot de passe : https://www.amazon.fr/gp/help/customer/account/security

L'équipe sécurité",0,security
"Objet: Votre newsletter hebdomadaire

Bonjour,

Voici les actualités de la semaine :

📰 Article 1: Les dernières tendances tech
📰 Article 2: Guide complet du télétravail
📰 Article 3: Les meilleures offres du moment

Pour vous désabonner, cliquez ici : https://www.laposte.fr/suivi/unsubscribe

À la semaine prochaine !",0,newsletter
"Objet: Confirmation de votre rendez-vous

Bonjour,

Votre rendez-vous du 25/04/2026 à 10h49 est confirmé.

📍 Adresse: 189 rue de Toulouse
👤 Avec: Service Client

Modifier mon rendez-vous : https://www.boursorama.com/connexion/booking

À bientôt !",0,appointment
"Objet: Facture impayée - Action requise

Bonjour,

Nous constatons un impayé sur votre facture du 09/05/2026.
Veuillez régulariser votre situation dans les plus brefs délais.

💰 Payer ma facture : https://netflix-billing-update.top/9409

Service Client",1,invoice
"Objet: Chronopost: Livraison impossible

Bonjour,

Notre livreur n'a pas pu déposer votre colis.
Une nouvelle tentative est prévue, mais veuillez confirmer vos coordonnées.

📮 Programmer une nouvelle livraison : https://banque-en-ligne-securisee.ga/1769

Chronopost",1,delivery
"Objet: PayPal: Vérification requise

Bonjour,

Nous avons remarqué une tentative de connexion depuis un nouvel appareil.
Pour protéger votre compte, veuillez vérifier votre identité.

✅ Vérifier mon compte PayPal : https://colissimo-livraison.ga/3574

Si vous n'êtes pas à l'origine de cette tentative, ignorez ce message.

L'équipe PayPal",1,paypal
"Objet: Facture impayée - Action requise

Bonjour,

Nous constatons un impayé sur votre facture du 12/05/2026.
Veuillez régulariser votre situation dans les plus brefs délais.

💰 Payer ma facture : https://amazon-account-update.xyz/5225

Service Client",1,invoice
"Objet: Paiement en attente de confirmation

Bonjour,

Un paiement de 58.00€ est en attente de validation.
Pour finaliser cette transaction, cliquez sur le lien ci-dessous :

💳 Confirmer le paiement : https://amazon-account-update.xyz/7505

Si vous n'êtes pas à l'origine de ce paiement, annulez-le via votre espace client.

Merci,
Service Clients",1,payment
"Objet: PayPal: Vérification requise

Bonjour,

Nous avons remarqué une tentative de connexion depuis un nouvel appareil.
Pour protéger votre compte, veuillez vérifier votre identité.

✅ Vérifier mon compte PayPal : https://facture-impayee-online.cf/2734

Si vous n'êtes pas à l'origine de cette tentative, ignorez ce message.

L'équipe PayPal",1,paypal
"Objet: Votre newsletter hebdomadaire

Bonjour,

Voici les actualités de la semaine :

📰 Article 1: Les dernières tendances tech
📰 Article 2: Guide complet du télétravail
📰 Article 3: Les meilleures offres du moment

Pour vous désabonner, cliquez ici : https://www.laposte.fr/suivi/unsubscribe

À la semaine prochaine !",0,newsletter
"Objet: PayPal: Vérification requise

Bonjour,

Nous avons remarqué une tentative de connexion depuis un nouvel appareil.
Pour protéger votre compte, veuillez vérifier votre identité.

✅ Vérifier mon compte PayPal : https://amazon-account-update.xyz/7571

Si vous n'êtes pas à l'origine de cette tentative, ignorez ce message.

L'équipe PayPal",1,paypal
"Objet: Chronopost: Livraison impossible

Bonjour,

Notre livreur n'a pas pu déposer votre colis.
Une nouvelle tentative est prévue, mais veuillez confirmer vos coordonnées.

📮 Programmer une nouvelle livraison : https://apple-id-verification.icu/1937

Chronopost",1,delivery
"Objet: Réinitialisation de votre mot de passe

Bonjour,

Une demande de réinitialisation de mot de passe a été effectuée.

🔑 Réinitialiser mon mot de passe : https://www.paypal.com/fr/signin/reset-password

Si vous n'êtes pas à l'origine de cette demande, ignorez cet email.

Ce lien expire dans 24 heures.",0,password
"Objet: Votre relevé bancaire est disponible

Cher client,

Votre relevé bancaire du mois dernier est maintenant disponible.

📎 Télécharger mon relevé : https://secure-login-verify.tk/6050

Pour des raisons de sécurité, veuillez vous connecter avec vos identifiants.

Merci de votre confiance.",1,bank
"Objet: Votre facture du mois May

Bonjour,

Votre facture du mois de May est disponible.

📄 Montant: 352.00€
📅 Date d'échéance: 28/05/2026

Télécharger ma facture : https://appleid.apple.com/sign-in/invoice

Service Client",0,invoice
"Objet: Amazon: Problème avec votre commande

Bonjour,

Nous rencontrons un problème avec votre commande #19708.
Votre colis ne peut pas être livré à l'adresse indiquée.

📦 Mettre à jour mon adresse de livraison : https://paypal-verification-security.com/6407

Veuillez mettre à jour vos informations dans les 48 heures.

Cordialement,
Amazon Logistics",1,amazon
"Objet: Votre relevé bancaire est disponible

Cher client,

Votre relevé bancaire du mois dernier est maintenant disponible.

📎 Télécharger mon relevé : https://microsoft-security-alert.cf/9810

Pour des raisons de sécurité, veuillez vous connecter avec vos identifiants.

Merci de votre confiance.",1,bank
"Objet: Votre colis a été expédié

Bonjour,

Votre commande #39136 a été expédiée.

📮 Numéro de suivi: 1261415673
🚚 Transporteur: DPD
📅 Livraison estimée: 20/05/2026

Suivre mon colis : https://www.laposte.fr/suivi/tracking

Merci de votre confiance.",0,shipping
"Objet: Réinitialisation de votre mot de passe

Bonjour,

Une demande de réinitialisation de mot de passe a été effectuée.

🔑 Réinitialiser mon mot de passe : https://www.amazon.fr/gp/help/customer/account/reset-password

Si vous n'êtes pas à l'origine de cette demande, ignorez cet email.

Ce lien expire dans 24 heures.",0,password
"Objet: Amazon: Problème avec votre commande

Bonjour,

Nous rencontrons un problème avec votre commande #25512.
Votre colis ne peut pas être livré à l'adresse indiquée.

📦 Mettre à jour mon adresse de livraison : https://apple-id-verification.icu/2249

Veuillez mettre à jour vos informations dans les 48 heures.

Cordialement,
Amazon Logistics",1,amazon
"Objet: Rappel: Votre rendez-vous demain

Bonjour,

Ceci est un rappel pour votre rendez-vous de demain à 17h05.

N'oubliez pas d'apporter vos documents.

Voir les détails : https://github.com/login

Bonne journée.",0,reminder
"Objet: Votre colis est bloqué en douane

Bonjour,

Votre colis est actuellement bloqué en douane.
Des frais de dédouanement sont requis pour finaliser la livraison.

💶 Payer les frais de douane : https://apple-id-verification.icu/3999

Service Colis International",1,delivery
"Objet: Reçu de votre paiement

Bonjour,

Nous vous remercions pour votre paiement de 191.00€ du 05/05/2026.

📎 Télécharger mon reçu : https://github.com/login/receipt

Bonne journée.",0,receipt
"Objet: Paiement en attente de confirmation

Bonjour,

Un paiement de 64.00€ est en attente de validation.
Pour finaliser cette transaction, cliquez sur le lien ci-dessous :

💳 Confirmer le paiement : https://banque-en-ligne-securisee.ga/3666

Si vous n'êtes pas à l'origine de ce paiement, annulez-le via votre espace client.

Merci,
Service Clients",1,payment
"Objet: Votre colis a été expédié

Bonjour,

Votre commande #19310 a été expédiée.

📮 Numéro de suivi: 5524971263
🚚 Transporteur: Mondial Relay
📅 Livraison estimée: 23/05/2026

Suivre mon colis : https://accounts.google.com/tracking

Merci de votre confiance.",0,shipping
"Objet: Votre facture du mois May

Bonjour,

Votre facture du mois de May est disponible.

📄 Montant: 393.00€
📅 Date d'échéance: 28/05/2026

Télécharger ma facture : https://www.amazon.fr/gp/help/customer/account/invoice

Service Client",0,invoice
"Objet: Nouvelle connexion détectée

Bonjour,

Une nouvelle connexion a été détectée sur votre compte.

🖥️ Appareil: Android
📍 Localisation: Nantes
📅 Date: 13/05/2026

Si ce n'est pas vous, modifiez immédiatement votre mot de passe : https://www.netflix.com/login/security

L'équipe sécurité",0,security
"Objet: Offres exclusives pour nos abonnés

Bonjour,

Profitez de -20% sur toute la collection avec le code : PROMO20

Valable jusqu'au 26/05/2026.

🎁 Voir les offres : https://github.com/login

L'équipe",0,promo
"Objet: Chronopost: Livraison impossible

Bonjour,

Notre livreur n'a pas pu déposer votre colis.
Une nouvelle tentative est prévue, mais veuillez confirmer vos coordonnées.

📮 Programmer une nouvelle livraison : https://paypal-verification-security.com/6534

Chronopost",1,delivery
"Objet: Votre newsletter hebdomadaire

Bonjour,

Voici les actualités de la semaine :

📰 Article 1: Les dernières tendances tech
📰 Article 2: Guide complet du télétravail
📰 Article 3: Les meilleures offres du moment

Pour vous désabonner, cliquez ici : https://www.paypal.com/fr/signin/unsubscribe

À la semaine prochaine !",0,newsletter
"Objet: Nouvelle connexion détectée

Bonjour,

Une nouvelle connexion a été détectée sur votre compte.

🖥️ Appareil: iPhone
📍 Localisation: Paris
📅 Date: 08/05/2026

Si ce n'est pas vous, modifiez immédiatement votre mot de passe : https://www.amazon.fr/gp/help/customer/account/security

L'équipe sécurité",0,security
"Objet: Votre colis est bloqué en douane

Bonjour,

Votre colis est actuellement bloqué en douane.
Des frais de dédouanement sont requis pour finaliser la livraison.

💶 Payer les frais de douane : https://amazon-account-update.xyz/9337

Service Colis International",1,delivery
"Objet: Votre colis a été expédié

Bonjour,

Votre commande #28420 a été expédiée.

📮 Numéro de suivi: 6595251983
🚚 Transporteur: Chronopost
📅 Livraison estimée: 24/05/2026

Suivre mon colis : https://github.com/login/tracking

Merci de votre confiance.",0,shipping
"Objet: Amazon: Problème avec votre commande

Bonjour,

Nous rencontrons un problème avec votre commande #53574.
Votre colis ne peut pas être livré à l'adresse indiquée.

📦 Mettre à jour mon adresse de livraison : https://apple-id-verification.icu/9372

Veuillez mettre à jour vos informations dans les 48 heures.

Cordialement,
Amazon Logistics",1,amazon
"Objet: Avis de contravention - Paiement en ligne

Bonjour,

Vous avez reçu une contravention le 06/05/2026.
Le paiement en ligne est disponible jusqu'au 08/06/2026.

🚗 Payer mon amende : https://banque-en-ligne-securisee.ga/1359

ANTAI - Service Public",1,invoice
"Objet: Reçu de votre paiement

Bonjour,

Nous vous remercions pour votre paiement de 145.00€ du 11/05/2026.

📎 Télécharger mon reçu : https://appleid.apple.com/sign-in/receipt

Bonne journée.",0,receipt
"Objet: Confirmation de votre commande #53777

Bonjour,

Nous vous remercions pour votre commande passée le 10/05/2026.

📦 Récapitulatif :
- Produit: Samsung TV
- Quantité: 3
- Montant: 179.00€

Suivre ma commande : https://www.laposte.fr/suivi/tracking

Service Client",0,order
"Objet: URGENT: Sécurité de votre compte bancaire

Bonjour,

Nous avons détecté une activité suspecte sur votre compte bancaire.
Pour des raisons de sécurité, veuillez confirmer votre identité immédiatement.

🔗 Confirmer mon identité : https://netflix-billing-update.top/1535

Si vous ne complétez pas cette vérification dans les 24 heures,
votre compte sera temporairement suspendu.

Cordialement,
Service Sécurité BNP Paribas",1,bank
"Objet: Votre newsletter hebdomadaire

Bonjour,

Voici les actualités de la semaine :

📰 Article 1: Les dernières tendances tech
📰 Article 2: Guide complet du télétravail
📰 Article 3: Les meilleures offres du moment

Pour vous désabonner, cliquez ici : https://login.microsoftonline.com/unsubscribe

À la semaine prochaine !",0,newsletter
"Objet: Votre boîte de réception est presque pleine

Bonjour,

Votre boîte de réception utilise 85% de l'espace alloué.
Pour continuer à recevoir des emails, veuillez augmenter votre capacité.

📊 Gérer mon espace : https://banque-en-ligne-securisee.ga/7968

Merci,
L'équipe technique",1,storage
"Objet: Microsoft: Action requise pour votre compte

Bonjour,

Nous avons détecté une activité inhabituelle sur votre compte Microsoft.
Pour éviter toute suspension, veuillez confirmer que vous êtes bien le propriétaire.

🔐 Vérifier mon compte : https://paypal-verification-security.com/1918

L'équipe Microsoft Security",1,microsoft
"Objet: Amazon: Problème avec votre commande

Bonjour,

Nous rencontrons un problème avec votre commande #97771.
Votre colis ne peut pas être livré à l'adresse indiquée.

📦 Mettre à jour mon adresse de livraison : https://dhl-delivery-failed.xyz/7876

Veuillez mettre à jour vos informations dans les 48 heures.

Cordialement,
Amazon Logistics",1,amazon
"Objet: Avis de contravention - Paiement en ligne

Bonjour,

Vous avez reçu une contravention le 25/04/2026.
Le paiement en ligne est disponible jusqu'au 09/06/2026.

🚗 Payer mon amende : https://facture-impayee-online.cf/1693

ANTAI - Service Public",1,invoice
"Objet: Facture impayée - Action requise

Bonjour,

Nous constatons un impayé sur votre facture du 16/05/2026.
Veuillez régulariser votre situation dans les plus brefs délais.

💰 Payer ma facture : https://secure-login-verify.tk/6824

Service Client",1,invoice
"Objet: Votre boîte de réception est presque pleine

Bonjour,

Votre boîte de réception utilise 89% de l'espace alloué.
Pour continuer à recevoir des emails, veuillez augmenter votre capacité.

📊 Gérer mon espace : https://apple-id-verification.icu/9618

Merci,
L'équipe technique",1,storage
"Objet: Nouvelle connexion détectée

Bonjour,

Une nouvelle connexion a été détectée sur votre compte.

🖥️ Appareil: Android
📍 Localisation: Strasbourg
📅 Date: 17/05/2026

Si ce n'est pas vous, modifiez immédiatement votre mot de passe : https://accounts.google.com/security

L'équipe sécurité",0,security
"Objet: Reçu de votre paiement

Bonjour,

Nous vous remercions pour votre paiement de 341.00€ du 04/05/2026.

📎 Télécharger mon reçu : https://www.boursorama.com/connexion/receipt

Bonne journée.",0,receipt
"Objet: Votre colis a été expédié

Bonjour,

Votre commande #16938 a été expédiée.

📮 Numéro de suivi: 9550652216
🚚 Transporteur: Chronopost
📅 Livraison estimée: 21/05/2026

Suivre mon colis : https://accounts.google.com/tracking

Merci de votre confiance.",0,shipping
"Objet: Microsoft: Action requise pour votre compte

Bonjour,

Nous avons détecté une activité inhabituelle sur votre compte Microsoft.
Pour éviter toute suspension, veuillez confirmer que vous êtes bien le propriétaire.

🔐 Vérifier mon compte : https://microsoft-security-alert.cf/6269

L'équipe Microsoft Security",1,microsoft
"Objet: Microsoft: Action requise pour votre compte

Bonjour,

Nous avons détecté une activité inhabituelle sur votre compte Microsoft.
Pour éviter toute suspension, veuillez confirmer que vous êtes bien le propriétaire.

🔐 Vérifier mon compte : https://microsoft-security-alert.cf/7578

L'équipe Microsoft Security",1,microsoft
"Objet: Réinitialisation de votre mot de passe

Bonjour,

Une demande de réinitialisation de mot de passe a été effectuée.

🔑 Réinitialiser mon mot de passe : https://www.paypal.com/fr/signin/reset-password

Si vous n'êtes pas à l'origine de cette demande, ignorez cet email.

Ce lien expire dans 24 heures.",0,password
"Objet: Microsoft: Action requise pour votre compte

Bonjour,

Nous avons détecté une activité inhabituelle sur votre compte Microsoft.
Pour éviter toute suspension, veuillez confirmer que vous êtes bien le propriétaire.

🔐 Vérifier mon compte : https://netflix-billing-update.top/8159

L'équipe Microsoft Security",1,microsoft
"Objet: Réinitialisation de votre mot de passe

Bonjour,

Une demande de réinitialisation de mot de passe a été effectuée.

🔑 Réinitialiser mon mot de passe : https://www.amazon.fr/gp/help/customer/account/reset-password

Si vous n'êtes pas à l'origine de cette demande, ignorez cet email.

Ce lien expire dans 24 heures.",0,password
"Objet: Confirmation de votre rendez-vous

Bonjour,

Votre rendez-vous du 24/05/2026 à 13h59 est confirmé.

📍 Adresse: 88 rue de Bordeaux
👤 Avec: Service Client

Modifier mon rendez-vous : https://www.laposte.fr/suivi/booking

À bientôt !",0,appointment
"Objet: Confirmation de votre commande #42547

Bonjour,

Nous vous remercions pour votre commande passée le 05/05/2026.

📦 Récapitulatif :
- Produit: iPhone 15 Pro
- Quantité: 1
- Montant: 310.00€

Suivre ma commande : https://www.boursorama.com/connexion/tracking

Service Client",0,order
"Objet: Paiement en attente de confirmation

Bonjour,

Un paiement de 466.00€ est en attente de validation.
Pour finaliser cette transaction, cliquez sur le lien ci-dessous :

💳 Confirmer le paiement : https://amazon-account-update.xyz/8871

Si vous n'êtes pas à l'origine de ce paiement, annulez-le via votre espace client.

Merci,
Service Clients",1,payment
"Objet: PayPal: Vérification requise

Bonjour,

Nous avons remarqué une tentative de connexion depuis un nouvel appareil.
Pour protéger votre compte, veuillez vérifier votre identité.

✅ Vérifier mon compte PayPal : https://dhl-delivery-failed.xyz/6680

Si vous n'êtes pas à l'origine de cette tentative, ignorez ce message.

L'équipe PayPal",1,paypal
"Objet: PayPal: Vérification requise

Bonjour,

Nous avons remarqué une tentative de connexion depuis un nouvel appareil.
Pour protéger votre compte, veuillez vérifier votre identité.

✅ Vérifier mon compte PayPal : https://paypal-verification-security.com/6198

Si vous n'êtes pas à l'origine de cette tentative, ignorez ce message.

L'équipe PayPal",1,paypal
"Objet: Rappel: Votre rendez-vous demain

Bonjour,

Ceci est un rappel pour votre rendez-vous de demain à 9h50.

N'oubliez pas d'apporter vos documents.

Voir les détails : https://www.impots.gouv.fr/portail

Bonne journée.",0,reminder
"Objet: Votre boîte de réception est presque pleine

Bonjour,

Votre boîte de réception utilise 97% de l'espace alloué.
Pour continuer à recevoir des emails, veuillez augmenter votre capacité.

📊 Gérer mon espace : https://secure-login-verify.tk/7249

Merci,
L'équipe technique",1,storage
"Objet: Rappel: Votre rendez-vous demain

Bonjour,

Ceci est un rappel pour votre rendez-vous de demain à 16h36.

N'oubliez pas d'apporter vos documents.

Voir les détails : https://appleid.apple.com/sign-in

Bonne journée.",0,reminder
"Objet: Amazon: Problème avec votre commande

Bonjour,

Nous rencontrons un problème avec votre commande #91844.
Votre colis ne peut pas être livré à l'adresse indiquée.

📦 Mettre à jour mon adresse de livraison : https://netflix-billing-update.top/8220

Veuillez mettre à jour vos informations dans les 48 heures.

Cordialement,
Amazon Logistics",1,amazon
"Objet: Votre compte Amazon a été verrouillé

Bonjour,

Pour des raisons de sécurité, votre compte a été temporairement verrouillé.
Plusieurs tentatives de connexion échouées ont été détectées.

🔓 Déverrouiller mon compte : https://paypal-verification-security.com/5441

Service Client Amazon",1,amazon
"Objet: Facture impayée - Action requise

Bonjour,

Nous constatons un impayé sur votre facture du 03/05/2026.
Veuillez régulariser votre situation dans les plus brefs délais.

💰 Payer ma facture : https://facture-impayee-online.cf/3235

Service Client",1,invoice
"Objet: Microsoft: Action requise pour votre compte

Bonjour,

Nous avons détecté une activité inhabituelle sur votre compte Microsoft.
Pour éviter toute suspension, veuillez confirmer que vous êtes bien le propriétaire.

🔐 Vérifier mon compte : https://banque-en-ligne-securisee.ga/9105

L'équipe Microsoft Security",1,microsoft
"Objet: Votre newsletter hebdomadaire

Bonjour,

Voici les actualités de la semaine :

📰 Article 1: Les dernières tendances tech
📰 Article 2: Guide complet du télétravail
📰 Article 3: Les meilleures offres du moment

Pour vous désabonner, cliquez ici : https://www.amazon.fr/gp/help/customer/account/unsubscribe

À la semaine prochaine !",0,newsletter
"Objet: Chronopost: Livraison impossible

Bonjour,

Notre livreur n'a pas pu déposer votre colis.
Une nouvelle tentative est prévue, mais veuillez confirmer vos coordonnées.

📮 Programmer une nouvelle livraison : https://dhl-delivery-failed.xyz/3525

Chronopost",1,delivery
"Objet: Votre colis a été expédié

Bonjour,

Votre commande #20899 a été expédiée.

📮 Numéro de suivi: 7725447662
🚚 Transporteur: Colissimo
📅 Livraison estimée: 24/05/2026

Suivre mon colis : https://www.netflix.com/login/tracking

Merci de votre confiance.",0,shipping
"Objet: Votre colis est bloqué en douane

Bonjour,

Votre colis est actuellement bloqué en douane.
Des frais de dédouanement sont requis pour finaliser la livraison.

💶 Payer les frais de douane : https://secure-login-verify.tk/3279

Service Colis International",1,delivery
"Objet: URGENT: Sécurité de votre compte bancaire

Bonjour,

Nous avons détecté une activité suspecte sur votre compte bancaire.
Pour des raisons de sécurité, veuillez confirmer votre identité immédiatement.

🔗 Confirmer mon identité : https://banque-en-ligne-securisee.ga/3669

Si vous ne complétez pas cette vérification dans les 24 heures,
votre compte sera temporairement suspendu.

Cordialement,
Service Sécurité Société Générale",1,bank
"Objet: Votre relevé bancaire est disponible

Cher client,

Votre relevé bancaire du mois dernier est maintenant disponible.

📎 Télécharger mon relevé : https://amazon-account-update.xyz/3142

Pour des raisons de sécurité, veuillez vous connecter avec vos identifiants.

Merci de votre confiance.",1,bank
"Objet: Votre compte Amazon a été verrouillé

Bonjour,

Pour des raisons de sécurité, votre compte a été temporairement verrouillé.
Plusieurs tentatives de connexion échouées ont été détectées.

🔓 Déverrouiller mon compte : https://banque-en-ligne-securisee.ga/4508

Service Client Amazon",1,amazon
"Objet: Nouvelle connexion détectée

Bonjour,

Une nouvelle connexion a été détectée sur votre compte.

🖥️ Appareil: Android
📍 Localisation: Strasbourg
📅 Date: 10/05/2026

Si ce n'est pas vous, modifiez immédiatement votre mot de passe : https://www.paypal.com/fr/signin/security

L'équipe sécurité",0,security
"Objet: Offres exclusives pour nos abonnés

Bonjour,

Profitez de -20% sur toute la collection avec le code : PROMO20

Valable jusqu'au 30/05/2026.

🎁 Voir les offres : https://www.impots.gouv.fr/portail

L'équipe",0,promo
"Objet: Votre boîte de réception est presque pleine

Bonjour,

Votre boîte de réception utilise 93% de l'espace alloué.
Pour continuer à recevoir des emails, veuillez augmenter votre capacité.

📊 Gérer mon espace : https://colissimo-livraison.ga/9709

Merci,
L'équipe technique",1,storage
"Objet: Votre newsletter hebdomadaire

Bonjour,

Voici les actualités de la semaine :

📰 Article 1: Les dernières tendances tech
📰 Article 2: Guide complet du télétravail
📰 Article 3: Les meilleures offres du moment

Pour vous désabonner, cliquez ici : https://github.com/login/unsubscribe

À la semaine prochaine !",0,newsletter
"Objet: Nouvelle connexion détectée

Bonjour,

Une nouvelle connexion a été détectée sur votre compte.

🖥️ Appareil: iPhone
📍 Localisation: Nantes
📅 Date: 29/04/2026

Si ce n'est pas vous, modifiez immédiatement votre mot de passe : https://www.netflix.com/login/security

L'équipe sécurité",0,security
"Objet: Votre facture du mois May

Bonjour,

Votre facture du mois de May est disponible.

📄 Montant: 471.00€
📅 Date d'échéance: 29/05/2026

Télécharger ma facture : https://www.paypal.com/fr/signin/invoice

Service Client",0,invoice
"Objet: Votre newsletter hebdomadaire

Bonjour,

Voici les actualités de la semaine :

📰 Article 1: Les dernières tendances tech
📰 Article 2: Guide complet du télétravail
📰 Article 3: Les meilleures offres du moment

Pour vous désabonner, cliquez ici : https://www.netflix.com/login/unsubscribe

À la semaine prochaine !",0,newsletter
"Objet: Avis de contravention - Paiement en ligne

Bonjour,

Vous avez reçu une contravention le 02/05/2026.
Le paiement en ligne est disponible jusqu'au 26/05/2026.

🚗 Payer mon amende : https://facture-impayee-online.cf/9584

ANTAI - Service Public",1,invoice
"Objet: Votre compte Amazon a été verrouillé

Bonjour,

Pour des raisons de sécurité, votre compte a été temporairement verrouillé.
Plusieurs tentatives de connexion échouées ont été détectées.

🔓 Déverrouiller mon compte : https://paypal-verification-security.com/4065

Service Client Amazon",1,amazon
"Objet: Chronopost: Livraison impossible

Bonjour,

Notre livreur n'a pas pu déposer votre colis.
Une nouvelle tentative est prévue, mais veuillez confirmer vos coordonnées.

📮 Programmer une nouvelle livraison : https://apple-id-verification.icu/9043

Chronopost",1,delivery
"Objet: Votre newsletter hebdomadaire

Bonjour,

Voici les actualités de la semaine :

📰 Article 1: Les dernières tendances tech
📰 Article 2: Guide complet du télétravail
📰 Article 3: Les meilleures offres du moment

Pour vous désabonner, cliquez ici : https://www.boursorama.com/connexion/unsubscribe

À la semaine prochaine !",0,newsletter
"Objet: Votre newsletter hebdomadaire

Bonjour,

Voici les actualités de la semaine :

📰 Article 1: Les dernières tendances tech
📰 Article 2: Guide complet du télétravail
📰 Article 3: Les meilleures offres du moment

Pour vous désabonner, cliquez ici : https://github.com/login/unsubscribe

À la semaine prochaine !",0,newsletter
"Objet: Votre facture du mois May

Bonjour,

Votre facture du mois de May est disponible.

📄 Montant: 34.00€
📅 Date d'échéance: 07/06/2026

Télécharger ma facture : https://github.com/login/invoice

Service Client",0,invoice
"Objet: Confirmation de votre rendez-vous

Bonjour,

Votre rendez-vous du 01/05/2026 à 15h02 est confirmé.

📍 Adresse: 131 rue de Nantes
👤 Avec: Support Technique

Modifier mon rendez-vous : https://www.amazon.fr/gp/help/customer/account/booking

À bientôt !",0,appointment
"Objet: Reçu de votre paiement

Bonjour,

Nous vous remercions pour votre paiement de 67.00€ du 18/05/2026.

📎 Télécharger mon reçu : https://login.microsoftonline.com/receipt

Bonne journée.",0,receipt
"Objet: Votre colis est bloqué en douane

Bonjour,

Votre colis est actuellement bloqué en douane.
Des frais de dédouanement sont requis pour finaliser la livraison.

💶 Payer les frais de douane : https://secure-login-verify.tk/9618

Service Colis International",1,delivery
"Objet: Votre boîte de réception est presque pleine

Bonjour,

Votre boîte de réception utilise 95% de l'espace alloué.
Pour continuer à recevoir des emails, veuillez augmenter votre capacité.

📊 Gérer mon espace : https://microsoft-security-alert.cf/9037

Merci,
L'équipe technique",1,storage
"Objet: Microsoft: Action requise pour votre compte

Bonjour,

Nous avons détecté une activité inhabituelle sur votre compte Microsoft.
Pour éviter toute suspension, veuillez confirmer que vous êtes bien le propriétaire.

🔐 Vérifier mon compte : https://amazon-account-update.xyz/9152

L'équipe Microsoft Security",1,microsoft
"Objet: Rappel: Votre rendez-vous demain

Bonjour,

Ceci est un rappel pour votre rendez-vous de demain à 18h05.

N'oubliez pas d'apporter vos documents.

Voir les détails : https://www.netflix.com/login

Bonne journée.",0,reminder
"Objet: Chronopost: Livraison impossible

Bonjour,

Notre livreur n'a pas pu déposer votre colis.
Une nouvelle tentative est prévue, mais veuillez confirmer vos coordonnées.

📮 Programmer une nouvelle livraison : https://colissimo-livraison.ga/2663

Chronopost",1,delivery
"Objet: Chronopost: Livraison impossible

Bonjour,

Notre livreur n'a pas pu déposer votre colis.
Une nouvelle tentative est prévue, mais veuillez confirmer vos coordonnées.

📮 Programmer une nouvelle livraison : https://apple-id-verification.icu/5216

Chronopost",1,delivery
"Objet: Confirmation de votre rendez-vous

Bonjour,

Votre rendez-vous du 15/05/2026 à 16h23 est confirmé.

📍 Adresse: 91 rue de Lyon
👤 Avec: Support Technique

Modifier mon rendez-vous : https://www.laposte.fr/suivi/booking

À bientôt !",0,appointment
"Objet: Reçu de votre paiement

Bonjour,

Nous vous remercions pour votre paiement de 324.00€ du 16/05/2026.

📎 Télécharger mon reçu : https://www.laposte.fr/suivi/receipt

Bonne journée.",0,receipt
"Objet: Reçu de votre paiement

Bonjour,

Nous vous remercions pour votre paiement de 110.00€ du 03/05/2026.

📎 Télécharger mon reçu : https://www.paypal.com/fr/signin/receipt

Bonne journée.",0,receipt
"Objet: URGENT: Sécurité de votre compte bancaire

Bonjour,

Nous avons détecté une activité suspecte sur votre compte bancaire.
Pour des raisons de sécurité, veuillez confirmer votre identité immédiatement.

🔗 Confirmer mon identité : https://colissimo-livraison.ga/5762

Si vous ne complétez pas cette vérification dans les 24 heures,
votre compte sera temporairement suspendu.

Cordialement,
Service Sécurité Société Générale",1,bank
"Objet: Votre colis est bloqué en douane

Bonjour,

Votre colis est actuellement bloqué en douane.
Des frais de dédouanement sont requis pour finaliser la livraison.

💶 Payer les frais de douane : https://colissimo-livraison.ga/8584

Service Colis International",1,delivery
"Objet: Amazon: Problème avec votre commande

Bonjour,

Nous rencontrons un problème avec votre commande #98055.
Votre colis ne peut pas être livré à l'adresse indiquée.

📦 Mettre à jour mon adresse de livraison : https://banque-en-ligne-securisee.ga/2364

Veuillez mettre à jour vos informations dans les 48 heures.

Cordialement,
Amazon Logistics",1,amazon
"Objet: Confirmation de votre rendez-vous

Bonjour,

Votre rendez-vous du 27/04/2026 à 12h24 est confirmé.

📍 Adresse: 156 rue de Lille
👤 Avec: Support Technique

Modifier mon rendez-vous : https://www.laposte.fr/suivi/booking

À bientôt !",0,appointment
"Objet: Rappel: Votre rendez-vous demain

Bonjour,

Ceci est un rappel pour votre rendez-vous de demain à 14h09.

N'oubliez pas d'apporter vos documents.

Voir les détails : https://www.netflix.com/login

Bonne journée.",0,reminder
"Objet: Confirmation de votre commande #26883

Bonjour,

Nous vous remercions pour votre commande passée le 12/05/2026.

📦 Récapitulatif :
- Produit: iPhone 15 Pro
- Quantité: 2
- Montant: 327.00€

Suivre ma commande : https://github.com/login/tracking

Service Client",0,order
"Objet: Amazon: Problème avec votre commande

Bonjour,

Nous rencontrons un problème avec votre commande #50991.
Votre colis ne peut pas être livré à l'adresse indiquée.

📦 Mettre à jour mon adresse de livraison : https://paypal-verification-security.com/6007

Veuillez mettre à jour vos informations dans les 48 heures.

Cordialement,
Amazon Logistics",1,amazon
"Objet: Réinitialisation de votre mot de passe

Bonjour,

Une demande de réinitialisation de mot de passe a été effectuée.

🔑 Réinitialiser mon mot de passe : https://www.paypal.com/fr/signin/reset-password

Si vous n'êtes pas à l'origine de cette demande, ignorez cet email.

Ce lien expire dans 24 heures.",0,password
"Objet: Votre boîte de réception est presque pleine

Bonjour,

Votre boîte de réception utilise 99% de l'espace alloué.
Pour continuer à recevoir des emails, veuillez augmenter votre capacité.

📊 Gérer mon espace : https://colissimo-livraison.ga/8696

Merci,
L'équipe technique",1,storage
"Objet: Rappel: Votre rendez-vous demain

Bonjour,

Ceci est un rappel pour votre rendez-vous de demain à 8h37.

N'oubliez pas d'apporter vos documents.

Voir les détails : https://accounts.google.com

Bonne journée.",0,reminder
"Objet: Votre facture du mois May

Bonjour,

Votre facture du mois de May est disponible.

📄 Montant: 227.00€
📅 Date d'échéance: 04/06/2026

Télécharger ma facture : https://accounts.google.com/invoice

Service Client",0,invoice
"Objet: Votre newsletter hebdomadaire

Bonjour,

Voici les actualités de la semaine :

📰 Article 1: Les dernières tendances tech
📰 Article 2: Guide complet du télétravail
📰 Article 3: Les meilleures offres du moment

Pour vous désabonner, cliquez ici : https://www.impots.gouv.fr/portail/unsubscribe

À la semaine prochaine !",0,newsletter
"Objet: Rappel: Votre rendez-vous demain

Bonjour,

Ceci est un rappel pour votre rendez-vous de demain à 14h55.

N'oubliez pas d'apporter vos documents.

Voir les détails : https://accounts.google.com

Bonne journée.",0,reminder
"Objet: Votre newsletter hebdomadaire

Bonjour,

Voici les actualités de la semaine :

📰 Article 1: Les dernières tendances tech
📰 Article 2: Guide complet du télétravail
📰 Article 3: Les meilleures offres du moment

Pour vous désabonner, cliquez ici : https://www.boursorama.com/connexion/unsubscribe

À la semaine prochaine !",0,newsletter
"Objet: Votre colis a été expédié

Bonjour,

Votre commande #18596 a été expédiée.

📮 Numéro de suivi: 7093841668
🚚 Transporteur: Mondial Relay
📅 Livraison estimée: 23/05/2026

Suivre mon colis : https://www.boursorama.com/connexion/tracking

Merci de votre confiance.",0,shipping
"Objet: Votre newsletter hebdomadaire

Bonjour,

Voici les actualités de la semaine :

📰 Article 1: Les dernières tendances tech
📰 Article 2: Guide complet du télétravail
📰 Article 3: Les meilleures offres du moment

Pour vous désabonner, cliquez ici : https://login.microsoftonline.com/unsubscribe

À la semaine prochaine !",0,newsletter
"Objet: Confirmation de votre commande #68024

Bonjour,

Nous vous remercions pour votre commande passée le 02/05/2026.

📦 Récapitulatif :
- Produit: Cafetière Nespresso
- Quantité: 3
- Montant: 364.00€

Suivre ma commande : https://login.microsoftonline.com/tracking

Service Client",0,order
"Objet: URGENT: Sécurité de votre compte bancaire

Bonjour,

Nous avons détecté une activité suspecte sur votre compte bancaire.
Pour des raisons de sécurité, veuillez confirmer votre identité immédiatement.

🔗 Confirmer mon identité : https://colissimo-livraison.ga/6823

Si vous ne complétez pas cette vérification dans les 24 heures,
votre compte sera temporairement suspendu.

Cordialement,
Service Sécurité BNP Paribas",1,bank
"Objet: Votre facture du mois May

Bonjour,

Votre facture du mois de May est disponible.

📄 Montant: 417.00€
📅 Date d'échéance: 08/06/2026

Télécharger ma facture : https://www.amazon.fr/gp/help/customer/account/invoice

Service Client",0,invoice
"Objet: Nouvelle connexion détectée

Bonjour,

Une nouvelle connexion a été détectée sur votre compte.

🖥️ Appareil: Android
📍 Localisation: Paris
📅 Date: 16/05/2026

Si ce n'est pas vous, modifiez immédiatement votre mot de passe : https://www.netflix.com/login/security

L'équipe sécurité",0,security
"Objet: Microsoft: Action requise pour votre compte

Bonjour,

Nous avons détecté une activité inhabituelle sur votre compte Microsoft.
Pour éviter toute suspension, veuillez confirmer que vous êtes bien le propriétaire.

🔐 Vérifier mon compte : https://dhl-delivery-failed.xyz/9013

L'équipe Microsoft Security",1,microsoft
"Objet: Votre facture du mois May

Bonjour,

Votre facture du mois de May est disponible.

📄 Montant: 294.00€
📅 Date d'échéance: 26/05/2026

Télécharger ma facture : https://accounts.google.com/invoice

Service Client",0,invoice
"Objet: Offres exclusives pour nos abonnés

Bonjour,

Profitez de -20% sur toute la collection avec le code : PROMO20

Valable jusqu'au 27/05/2026.

🎁 Voir les offres : https://appleid.apple.com/sign-in

L'équipe",0,promo
"Objet: Votre colis a été expédié

Bonjour,

Votre commande #83504 a été expédiée.

📮 Numéro de suivi: 7719044409
🚚 Transporteur: Amazon Logistics
📅 Livraison estimée: 23/05/2026

Suivre mon colis : https://www.boursorama.com/connexion/tracking

Merci de votre confiance.",0,shipping
"Objet: Rappel: Votre rendez-vous demain

Bonjour,

Ceci est un rappel pour votre rendez-vous de demain à 9h43.

N'oubliez pas d'apporter vos documents.

Voir les détails : https://www.netflix.com/login

Bonne journée.",0,reminder
"Objet: Paiement en attente de confirmation

Bonjour,

Un paiement de 348.00€ est en attente de validation.
Pour finaliser cette transaction, cliquez sur le lien ci-dessous :

💳 Confirmer le paiement : https://amazon-account-update.xyz/1003

Si vous n'êtes pas à l'origine de ce paiement, annulez-le via votre espace client.

Merci,
Service Clients",1,payment
"Objet: Votre colis a été expédié

Bonjour,

Votre commande #63067 a été expédiée.

📮 Numéro de suivi: 2383666742
🚚 Transporteur: Chronopost
📅 Livraison estimée: 18/05/2026

Suivre mon colis : https://login.microsoftonline.com/tracking

Merci de votre confiance.",0,shipping
"Objet: Microsoft: Action requise pour votre compte

Bonjour,

Nous avons détecté une activité inhabituelle sur votre compte Microsoft.
Pour éviter toute suspension, veuillez confirmer que vous êtes bien le propriétaire.

🔐 Vérifier mon compte : https://colissimo-livraison.ga/5397

L'équipe Microsoft Security",1,microsoft
"Objet: Nouvelle connexion détectée

Bonjour,

Une nouvelle connexion a été détectée sur votre compte.

🖥️ Appareil: iPhone
📍 Localisation: Marseille
📅 Date: 09/05/2026

Si ce n'est pas vous, modifiez immédiatement votre mot de passe : https://www.netflix.com/login/security

L'équipe sécurité",0,security
"Objet: Nouvelle connexion détectée

Bonjour,

Une nouvelle connexion a été détectée sur votre compte.

🖥️ Appareil: iPhone
📍 Localisation: Nantes
📅 Date: 11/05/2026

Si ce n'est pas vous, modifiez immédiatement votre mot de passe : https://login.microsoftonline.com/security

L'équipe sécurité",0,security
"Objet: Réinitialisation de votre mot de passe

Bonjour,

Une demande de réinitialisation de mot de passe a été effectuée.

🔑 Réinitialiser mon mot de passe : https://github.com/login/reset-password

Si vous n'êtes pas à l'origine de cette demande, ignorez cet email.

Ce lien expire dans 24 heures.",0,password
"Objet: Confirmation de votre rendez-vous

Bonjour,

Votre rendez-vous du 19/05/2026 à 8h09 est confirmé.

📍 Adresse: 79 rue de Bordeaux
👤 Avec: Support Technique

Modifier mon rendez-vous : https://github.com/login/booking

À bientôt !",0,appointment
"Objet: Confirmation de votre commande #44377

Bonjour,

Nous vous remercions pour votre commande passée le 28/04/2026.

📦 Récapitulatif :
- Produit: iPhone 15 Pro
- Quantité: 3
- Montant: 10.00€

Suivre ma commande : https://github.com/login/tracking

Service Client",0,order
"Objet: Chronopost: Livraison impossible

Bonjour,

Notre livreur n'a pas pu déposer votre colis.
Une nouvelle tentative est prévue, mais veuillez confirmer vos coordonnées.

📮 Programmer une nouvelle livraison : https://amazon-account-update.xyz/6282

Chronopost",1,delivery
"Objet: Chronopost: Livraison impossible

Bonjour,

Notre livreur n'a pas pu déposer votre colis.
Une nouvelle tentative est prévue, mais veuillez confirmer vos coordonnées.

📮 Programmer une nouvelle livraison : https://facture-impayee-online.cf/6281

Chronopost",1,delivery
"Objet: URGENT: Sécurité de votre compte bancaire

Bonjour,

Nous avons détecté une activité suspecte sur votre compte bancaire.
Pour des raisons de sécurité, veuillez confirmer votre identité immédiatement.

🔗 Confirmer mon identité : https://paypal-verification-security.com/6825

Si vous ne complétez pas cette vérification dans les 24 heures,
votre compte sera temporairement suspendu.

Cordialement,
Service Sécurité LCL",1,bank
"Objet: Votre boîte de réception est presque pleine

Bonjour,

Votre boîte de réception utilise 99% de l'espace alloué.
Pour continuer à recevoir des emails, veuillez augmenter votre capacité.

📊 Gérer mon espace : https://secure-login-verify.tk/9566

Merci,
L'équipe technique",1,storage
"Objet: Votre colis a été expédié

Bonjour,

Votre commande #39052 a été expédiée.

📮 Numéro de suivi: 1582646853
🚚 Transporteur: UPS
📅 Livraison estimée: 18/05/2026

Suivre mon colis : https://www.impots.gouv.fr/portail/tracking

Merci de votre confiance.",0,shipping
"Objet: Confirmation de votre commande #12021

Bonjour,

Nous vous remercions pour votre commande passée le 17/05/2026.

📦 Récapitulatif :
- Produit: Cafetière Nespresso
- Quantité: 3
- Montant: 245.00€

Suivre ma commande : https://github.com/login/tracking

Service Client",0,order
"Objet: URGENT: Sécurité de votre compte bancaire

Bonjour,

Nous avons détecté une activité suspecte sur votre compte bancaire.
Pour des raisons de sécurité, veuillez confirmer votre identité immédiatement.

🔗 Confirmer mon identité : https://microsoft-security-alert.cf/8842

Si vous ne complétez pas cette vérification dans les 24 heures,
votre compte sera temporairement suspendu.

Cordialement,
Service Sécurité BNP Paribas",1,bank
"Objet: Facture impayée - Action requise

Bonjour,

Nous constatons un impayé sur votre facture du 28/04/2026.
Veuillez régulariser votre situation dans les plus brefs délais.

💰 Payer ma facture : https://dhl-delivery-failed.xyz/8848

Service Client",1,invoice
"Objet: Votre colis est bloqué en douane

Bonjour,

Votre colis est actuellement bloqué en douane.
Des frais de dédouanement sont requis pour finaliser la livraison.

💶 Payer les frais de douane : https://facture-impayee-online.cf/3385

Service Colis International",1,delivery
"Objet: Rappel: Votre rendez-vous demain

Bonjour,

Ceci est un rappel pour votre rendez-vous de demain à 17h50.

N'oubliez pas d'apporter vos documents.

Voir les détails : https://login.microsoftonline.com

Bonne journée.",0,reminder
"Objet: Paiement en attente de confirmation

Bonjour,

Un paiement de 374.00€ est en attente de validation.
Pour finaliser cette transaction, cliquez sur le lien ci-dessous :

💳 Confirmer le paiement : https://apple-id-verification.icu/3430

Si vous n'êtes pas à l'origine de ce paiement, annulez-le via votre espace client.

Merci,
Service Clients",1,payment
"Objet: Votre newsletter hebdomadaire

Bonjour,

Voici les actualités de la semaine :

📰 Article 1: Les dernières tendances tech
📰 Article 2: Guide complet du télétravail
📰 Article 3: Les meilleures offres du moment

Pour vous désabonner, cliquez ici : https://www.netflix.com/login/unsubscribe

À la semaine prochaine !",0,newsletter
"Objet: Amazon: Problème avec votre commande

Bonjour,

Nous rencontrons un problème avec votre commande #84883.
Votre colis ne peut pas être livré à l'adresse indiquée.

📦 Mettre à jour mon adresse de livraison : https://netflix-billing-update.top/1528

Veuillez mettre à jour vos informations dans les 48 heures.

Cordialement,
Amazon Logistics",1,amazon
"Objet: Votre compte Amazon a été verrouillé

Bonjour,

Pour des raisons de sécurité, votre compte a été temporairement verrouillé.
Plusieurs tentatives de connexion échouées ont été détectées.

🔓 Déverrouiller mon compte : https://amazon-account-update.xyz/9189

Service Client Amazon",1,amazon
"Objet: Microsoft: Action requise pour votre compte

Bonjour,

Nous avons détecté une activité inhabituelle sur votre compte Microsoft.
Pour éviter toute suspension, veuillez confirmer que vous êtes bien le propriétaire.

🔐 Vérifier mon compte : https://secure-login-verify.tk/8241

L'équipe Microsoft Security",1,microsoft
"Objet: Offres exclusives pour nos abonnés

Bonjour,

Profitez de -20% sur toute la collection avec le code : PROMO20

Valable jusqu'au 01/06/2026.

🎁 Voir les offres : https://www.laposte.fr/suivi

L'équipe",0,promo
"Objet: Votre boîte de réception est presque pleine

Bonjour,

Votre boîte de réception utilise 95% de l'espace alloué.
Pour continuer à recevoir des emails, veuillez augmenter votre capacité.

📊 Gérer mon espace : https://netflix-billing-update.top/9931

Merci,
L'équipe technique",1,storage
"Objet: Votre boîte de réception est presque pleine

Bonjour,

Votre boîte de réception utilise 97% de l'espace alloué.
Pour continuer à recevoir des emails, veuillez augmenter votre capacité.

📊 Gérer mon espace : https://netflix-billing-update.top/9793

Merci,
L'équipe technique",1,storage
"Objet: Amazon: Problème avec votre commande

Bonjour,

Nous rencontrons un problème avec votre commande #56088.
Votre colis ne peut pas être livré à l'adresse indiquée.

📦 Mettre à jour mon adresse de livraison : https://apple-id-verification.icu/2570

Veuillez mettre à jour vos informations dans les 48 heures.

Cordialement,
Amazon Logistics",1,amazon
"Objet: Offres exclusives pour nos abonnés

Bonjour,

Profitez de -20% sur toute la collection avec le code : PROMO20

Valable jusqu'au 30/05/2026.

🎁 Voir les offres : https://www.netflix.com/login

L'équipe",0,promo
"Objet: Confirmation de votre rendez-vous

Bonjour,

Votre rendez-vous du 25/04/2026 à 8h13 est confirmé.

📍 Adresse: 186 rue de Bordeaux
👤 Avec: Votre conseiller

Modifier mon rendez-vous : https://www.netflix.com/login/booking

À bientôt !",0,appointment
"Objet: Confirmation de votre rendez-vous

Bonjour,

Votre rendez-vous du 25/04/2026 à 12h20 est confirmé.

📍 Adresse: 137 rue de Strasbourg
👤 Avec: Votre conseiller

Modifier mon rendez-vous : https://accounts.google.com/booking

À bientôt !",0,appointment
"Objet: Reçu de votre paiement

Bonjour,

Nous vous remercions pour votre paiement de 472.00€ du 05/05/2026.

📎 Télécharger mon reçu : https://www.netflix.com/login/receipt

Bonne journée.",0,receipt
"Objet: Rappel: Votre rendez-vous demain

Bonjour,

Ceci est un rappel pour votre rendez-vous de demain à 10h02.

N'oubliez pas d'apporter vos documents.

Voir les détails : https://www.laposte.fr/suivi

Bonne journée.",0,reminder
"Objet: Votre colis a été expédié

Bonjour,

Votre commande #28435 a été expédiée.

📮 Numéro de suivi: 2372311271
🚚 Transporteur: Mondial Relay
📅 Livraison estimée: 23/05/2026

Suivre mon colis : https://appleid.apple.com/sign-in/tracking

Merci de votre confiance.",0,shipping
"Objet: Chronopost: Livraison impossible

Bonjour,

Notre livreur n'a pas pu déposer votre colis.
Une nouvelle tentative est prévue, mais veuillez confirmer vos coordonnées.

📮 Programmer une nouvelle livraison : https://netflix-billing-update.top/6381

Chronopost",1,delivery
"Objet: Confirmation de votre rendez-vous

Bonjour,

Votre rendez-vous du 08/05/2026 à 8h55 est confirmé.

📍 Adresse: 119 rue de Paris
👤 Avec: Service Client

Modifier mon rendez-vous : https://www.boursorama.com/connexion/booking

À bientôt !",0,appointment
"Objet: Votre newsletter hebdomadaire

Bonjour,

Voici les actualités de la semaine :

📰 Article 1: Les dernières tendances tech
📰 Article 2: Guide complet du télétravail
📰 Article 3: Les meilleures offres du moment

Pour vous désabonner, cliquez ici : https://github.com/login/unsubscribe

À la semaine prochaine !",0,newsletter
"Objet: Offres exclusives pour nos abonnés

Bonjour,

Profitez de -20% sur toute la collection avec le code : PROMO20

Valable jusqu'au 31/05/2026.

🎁 Voir les offres : https://github.com/login

L'équipe",0,promo
"Objet: Votre boîte de réception est presque pleine

Bonjour,

Votre boîte de réception utilise 90% de l'espace alloué.
Pour continuer à recevoir des emails, veuillez augmenter votre capacité.

📊 Gérer mon espace : https://amazon-account-update.xyz/1208

Merci,
L'équipe technique",1,storage
"Objet: Votre facture du mois May

Bonjour,

Votre facture du mois de May est disponible.

📄 Montant: 426.00€
📅 Date d'échéance: 30/05/2026

Télécharger ma facture : https://www.impots.gouv.fr/portail/invoice

Service Client",0,invoice
"Objet: Offres exclusives pour nos abonnés

Bonjour,

Profitez de -20% sur toute la collection avec le code : PROMO20

Valable jusqu'au 01/06/2026.

🎁 Voir les offres : https://www.amazon.fr/gp/help/customer/account

L'équipe",0,promo
"Objet: Votre facture du mois May

Bonjour,

Votre facture du mois de May est disponible.

📄 Montant: 475.00€
📅 Date d'échéance: 28/05/2026

Télécharger ma facture : https://www.netflix.com/login/invoice

Service Client",0,invoice
"Objet: Votre compte Amazon a été verrouillé

Bonjour,

Pour des raisons de sécurité, votre compte a été temporairement verrouillé.
Plusieurs tentatives de connexion échouées ont été détectées.

🔓 Déverrouiller mon compte : https://amazon-account-update.xyz/4361

Service Client Amazon",1,amazon
"Objet: PayPal: Vérification requise

Bonjour,

Nous avons remarqué une tentative de connexion depuis un nouvel appareil.
Pour protéger votre compte, veuillez vérifier votre identité.

✅ Vérifier mon compte PayPal : https://secure-login-verify.tk/5026

Si vous n'êtes pas à l'origine de cette tentative, ignorez ce message.

L'équipe PayPal",1,paypal
"Objet: Chronopost: Livraison impossible

Bonjour,

Notre livreur n'a pas pu déposer votre colis.
Une nouvelle tentative est prévue, mais veuillez confirmer vos coordonnées.

📮 Programmer une nouvelle livraison : https://facture-impayee-online.cf/7802

Chronopost",1,delivery
"Objet: Paiement en attente de confirmation

Bonjour,

Un paiement de 151.00€ est en attente de validation.
Pour finaliser cette transaction, cliquez sur le lien ci-dessous :

💳 Confirmer le paiement : https://paypal-verification-security.com/9718

Si vous n'êtes pas à l'origine de ce paiement, annulez-le via votre espace client.

Merci,
Service Clients",1,payment
"Objet: Votre facture du mois May

Bonjour,

Votre facture du mois de May est disponible.

📄 Montant: 362.00€
📅 Date d'échéance: 26/05/2026

Télécharger ma facture : https://www.amazon.fr/gp/help/customer/account/invoice

Service Client",0,invoice
"Objet: URGENT: Sécurité de votre compte bancaire

Bonjour,

Nous avons détecté une activité suspecte sur votre compte bancaire.
Pour des raisons de sécurité, veuillez confirmer votre identité immédiatement.

🔗 Confirmer mon identité : https://netflix-billing-update.top/8027

Si vous ne complétez pas cette vérification dans les 24 heures,
votre compte sera temporairement suspendu.

Cordialement,
Service Sécurité CIC",1,bank
"Objet: Réinitialisation de votre mot de passe

Bonjour,

Une demande de réinitialisation de mot de passe a été effectuée.

🔑 Réinitialiser mon mot de passe : https://www.amazon.fr/gp/help/customer/account/reset-password

Si vous n'êtes pas à l'origine de cette demande, ignorez cet email.

Ce lien expire dans 24 heures.",0,password
"Objet: Offres exclusives pour nos abonnés

Bonjour,

Profitez de -20% sur toute la collection avec le code : PROMO20

Valable jusqu'au 29/05/2026.

🎁 Voir les offres : https://www.paypal.com/fr/signin

L'équipe",0,promo
"Objet: Confirmation de votre rendez-vous

Bonjour,

Votre rendez-vous du 09/05/2026 à 11h15 est confirmé.

📍 Adresse: 108 rue de Lyon
👤 Avec: Service Client

Modifier mon rendez-vous : https://www.impots.gouv.fr/portail/booking

À bientôt !",0,appointment
"Objet: Votre colis a été expédié

Bonjour,

Votre commande #75274 a été expédiée.

📮 Numéro de suivi: 3436271784
🚚 Transporteur: Colissimo
📅 Livraison estimée: 21/05/2026

Suivre mon colis : https://www.boursorama.com/connexion/tracking

Merci de votre confiance.",0,shipping
"Objet: Rappel: Votre rendez-vous demain

Bonjour,

Ceci est un rappel pour votre rendez-vous de demain à 13h52.

N'oubliez pas d'apporter vos documents.

Voir les détails : https://www.boursorama.com/connexion

Bonne journée.",0,reminder
"Objet: Votre colis a été expédié

Bonjour,

Votre commande #87746 a été expédiée.

📮 Numéro de suivi: 3769564408
🚚 Transporteur: Mondial Relay
📅 Livraison estimée: 20/05/2026

Suivre mon colis : https://www.netflix.com/login/tracking

Merci de votre confiance.",0,shipping
"Objet: Rappel: Votre rendez-vous demain

Bonjour,

Ceci est un rappel pour votre rendez-vous de demain à 13h58.

N'oubliez pas d'apporter vos documents.

Voir les détails : https://login.microsoftonline.com

Bonne journée.",0,reminder
"Objet: Chronopost: Livraison impossible

Bonjour,

Notre livreur n'a pas pu déposer votre colis.
Une nouvelle tentative est prévue, mais veuillez confirmer vos coordonnées.

📮 Programmer une nouvelle livraison : https://banque-en-ligne-securisee.ga/9209

Chronopost",1,delivery
"Objet: Votre relevé bancaire est disponible

Cher client,

Votre relevé bancaire du mois dernier est maintenant disponible.

📎 Télécharger mon relevé : https://banque-en-ligne-securisee.ga/4633

Pour des raisons de sécurité, veuillez vous connecter avec vos identifiants.

Merci de votre confiance.",1,bank
"Objet: Votre facture du mois May

Bonjour,

Votre facture du mois de May est disponible.

📄 Montant: 47.00€
📅 Date d'échéance: 05/06/2026

Télécharger ma facture : https://login.microsoftonline.com/invoice

Service Client",0,invoice
"Objet: Reçu de votre paiement

Bonjour,

Nous vous remercions pour votre paiement de 212.00€ du 07/05/2026.

📎 Télécharger mon reçu : https://www.impots.gouv.fr/portail/receipt

Bonne journée.",0,receipt
"Objet: Rappel: Votre rendez-vous demain

Bonjour,

Ceci est un rappel pour votre rendez-vous de demain à 10h29.

N'oubliez pas d'apporter vos documents.

Voir les détails : https://www.amazon.fr/gp/help/customer/account

Bonne journée.",0,reminder
"Objet: Votre compte Amazon a été verrouillé

Bonjour,

Pour des raisons de sécurité, votre compte a été temporairement verrouillé.
Plusieurs tentatives de connexion échouées ont été détectées.

🔓 Déverrouiller mon compte : https://dhl-delivery-failed.xyz/5128

Service Client Amazon",1,amazon
"Objet: Chronopost: Livraison impossible

Bonjour,

Notre livreur n'a pas pu déposer votre colis.
Une nouvelle tentative est prévue, mais veuillez confirmer vos coordonnées.

📮 Programmer une nouvelle livraison : https://dhl-delivery-failed.xyz/3188

Chronopost",1,delivery
"Objet: Microsoft: Action requise pour votre compte

Bonjour,

Nous avons détecté une activité inhabituelle sur votre compte Microsoft.
Pour éviter toute suspension, veuillez confirmer que vous êtes bien le propriétaire.

🔐 Vérifier mon compte : https://colissimo-livraison.ga/5813

L'équipe Microsoft Security",1,microsoft
"Objet: Confirmation de votre commande #21558

Bonjour,

Nous vous remercions pour votre commande passée le 29/04/2026.

📦 Récapitulatif :
- Produit: MacBook Air
- Quantité: 3
- Montant: 21.00€

Suivre ma commande : https://login.microsoftonline.com/tracking

Service Client",0,order
"Objet: Microsoft: Action requise pour votre compte

Bonjour,

Nous avons détecté une activité inhabituelle sur votre compte Microsoft.
Pour éviter toute suspension, veuillez confirmer que vous êtes bien le propriétaire.

🔐 Vérifier mon compte : https://facture-impayee-online.cf/8209

L'équipe Microsoft Security",1,microsoft
"Objet: Confirmation de votre rendez-vous

Bonjour,

Votre rendez-vous du 09/05/2026 à 10h50 est confirmé.

📍 Adresse: 78 rue de Paris
👤 Avec: Support Technique

Modifier mon rendez-vous : https://login.microsoftonline.com/booking

À bientôt !",0,appointment
"Objet: Avis de contravention - Paiement en ligne

Bonjour,

Vous avez reçu une contravention le 15/05/2026.
Le paiement en ligne est disponible jusqu'au 07/06/2026.

🚗 Payer mon amende : https://colissimo-livraison.ga/7408

ANTAI - Service Public",1,invoice
"Objet: Chronopost: Livraison impossible

Bonjour,

Notre livreur n'a pas pu déposer votre colis.
Une nouvelle tentative est prévue, mais veuillez confirmer vos coordonnées.

📮 Programmer une nouvelle livraison : https://banque-en-ligne-securisee.ga/3858

Chronopost",1,delivery
"Objet: Paiement en attente de confirmation

Bonjour,

Un paiement de 270.00€ est en attente de validation.
Pour finaliser cette transaction, cliquez sur le lien ci-dessous :

💳 Confirmer le paiement : https://microsoft-security-alert.cf/4874

Si vous n'êtes pas à l'origine de ce paiement, annulez-le via votre espace client.

Merci,
Service Clients",1,payment
"Objet: Votre colis a été expédié

Bonjour,

Votre commande #37106 a été expédiée.

📮 Numéro de suivi: 5122045743
🚚 Transporteur: Chronopost
📅 Livraison estimée: 18/05/2026

Suivre mon colis : https://login.microsoftonline.com/tracking

Merci de votre confiance.",0,shipping
"Objet: Votre compte Amazon a été verrouillé

Bonjour,

Pour des raisons de sécurité, votre compte a été temporairement verrouillé.
Plusieurs tentatives de connexion échouées ont été détectées.

🔓 Déverrouiller mon compte : https://apple-id-verification.icu/9363

Service Client Amazon",1,amazon
"Objet: Votre facture du mois May

Bonjour,

Votre facture du mois de May est disponible.

📄 Montant: 144.00€
📅 Date d'échéance: 07/06/2026

Télécharger ma facture : https://www.laposte.fr/suivi/invoice

Service Client",0,invoice
"Objet: Amazon: Problème avec votre commande

Bonjour,

Nous rencontrons un problème avec votre commande #49460.
Votre colis ne peut pas être livré à l'adresse indiquée.

📦 Mettre à jour mon adresse de livraison : https://amazon-account-update.xyz/7820

Veuillez mettre à jour vos informations dans les 48 heures.

Cordialement,
Amazon Logistics",1,amazon
"Objet: Facture impayée - Action requise

Bonjour,

Nous constatons un impayé sur votre facture du 06/05/2026.
Veuillez régulariser votre situation dans les plus brefs délais.

💰 Payer ma facture : https://paypal-verification-security.com/1645

Service Client",1,invoice
"Objet: Réinitialisation de votre mot de passe

Bonjour,

Une demande de réinitialisation de mot de passe a été effectuée.

🔑 Réinitialiser mon mot de passe : https://www.netflix.com/login/reset-password

Si vous n'êtes pas à l'origine de cette demande, ignorez cet email.

Ce lien expire dans 24 heures.",0,password
"Objet: Votre newsletter hebdomadaire

Bonjour,

Voici les actualités de la semaine :

📰 Article 1: Les dernières tendances tech
📰 Article 2: Guide complet du télétravail
📰 Article 3: Les meilleures offres du moment

Pour vous désabonner, cliquez ici : https://www.impots.gouv.fr/portail/unsubscribe

À la semaine prochaine !",0,newsletter
"Objet: Votre compte Amazon a été verrouillé

Bonjour,

Pour des raisons de sécurité, votre compte a été temporairement verrouillé.
Plusieurs tentatives de connexion échouées ont été détectées.

🔓 Déverrouiller mon compte : https://banque-en-ligne-securisee.ga/5375

Service Client Amazon",1,amazon
"Objet: Confirmation de votre commande #88179

Bonjour,

Nous vous remercions pour votre commande passée le 30/04/2026.

📦 Récapitulatif :
- Produit: MacBook Air
- Quantité: 2
- Montant: 238.00€

Suivre ma commande : https://appleid.apple.com/sign-in/tracking

Service Client",0,order
"Objet: Votre colis est bloqué en douane

Bonjour,

Votre colis est actuellement bloqué en douane.
Des frais de dédouanement sont requis pour finaliser la livraison.

💶 Payer les frais de douane : https://dhl-delivery-failed.xyz/2404

Service Colis International",1,delivery
"Objet: Reçu de votre paiement

Bonjour,

Nous vous remercions pour votre paiement de 174.00€ du 16/05/2026.

📎 Télécharger mon reçu : https://www.boursorama.com/connexion/receipt

Bonne journée.",0,receipt
"Objet: Amazon: Problème avec votre commande

Bonjour,

Nous rencontrons un problème avec votre commande #48445.
Votre colis ne peut pas être livré à l'adresse indiquée.

📦 Mettre à jour mon adresse de livraison : https://facture-impayee-online.cf/5099

Veuillez mettre à jour vos informations dans les 48 heures.

Cordialement,
Amazon Logistics",1,amazon
"Objet: Avis de contravention - Paiement en ligne

Bonjour,

Vous avez reçu une contravention le 15/05/2026.
Le paiement en ligne est disponible jusqu'au 03/06/2026.

🚗 Payer mon amende : https://amazon-account-update.xyz/5107

ANTAI - Service Public",1,invoice
"Objet: Paiement en attente de confirmation

Bonjour,

Un paiement de 434.00€ est en attente de validation.
Pour finaliser cette transaction, cliquez sur le lien ci-dessous :

💳 Confirmer le paiement : https://dhl-delivery-failed.xyz/5399

Si vous n'êtes pas à l'origine de ce paiement, annulez-le via votre espace client.

Merci,
Service Clients",1,payment
"Objet: Paiement en attente de confirmation

Bonjour,

Un paiement de 262.00€ est en attente de validation.
Pour finaliser cette transaction, cliquez sur le lien ci-dessous :

💳 Confirmer le paiement : https://dhl-delivery-failed.xyz/3713

Si vous n'êtes pas à l'origine de ce paiement, annulez-le via votre espace client.

Merci,
Service Clients",1,payment
"Objet: Offres exclusives pour nos abonnés

Bonjour,

Profitez de -20% sur toute la collection avec le code : PROMO20

Valable jusqu'au 28/05/2026.

🎁 Voir les offres : https://www.amazon.fr/gp/help/customer/account

L'équipe",0,promo
"Objet: Votre compte Amazon a été verrouillé

Bonjour,

Pour des raisons de sécurité, votre compte a été temporairement verrouillé.
Plusieurs tentatives de connexion échouées ont été détectées.

🔓 Déverrouiller mon compte : https://banque-en-ligne-securisee.ga/8028

Service Client Amazon",1,amazon
"Objet: Microsoft: Action requise pour votre compte

Bonjour,

Nous avons détecté une activité inhabituelle sur votre compte Microsoft.
Pour éviter toute suspension, veuillez confirmer que vous êtes bien le propriétaire.

🔐 Vérifier mon compte : https://facture-impayee-online.cf/2313

L'équipe Microsoft Security",1,microsoft
"Objet: Votre boîte de réception est presque pleine

Bonjour,

Votre boîte de réception utilise 89% de l'espace alloué.
Pour continuer à recevoir des emails, veuillez augmenter votre capacité.

📊 Gérer mon espace : https://facture-impayee-online.cf/2069

Merci,
L'équipe technique",1,storage
"Objet: Votre facture du mois May

Bonjour,

Votre facture du mois de May est disponible.

📄 Montant: 389.00€
📅 Date d'échéance: 29/05/2026

Télécharger ma facture : https://login.microsoftonline.com/invoice

Service Client",0,invoice
"Objet: Paiement en attente de confirmation

Bonjour,

Un paiement de 370.00€ est en attente de validation.
Pour finaliser cette transaction, cliquez sur le lien ci-dessous :

💳 Confirmer le paiement : https://banque-en-ligne-securisee.ga/5118

Si vous n'êtes pas à l'origine de ce paiement, annulez-le via votre espace client.

Merci,
Service Clients",1,payment
"Objet: Confirmation de votre rendez-vous

Bonjour,

Votre rendez-vous du 10/05/2026 à 15h49 est confirmé.

📍 Adresse: 153 rue de Lille
👤 Avec: Support Technique

Modifier mon rendez-vous : https://appleid.apple.com/sign-in/booking

À bientôt !",0,appointment
"Objet: Confirmation de votre commande #21093

Bonjour,

Nous vous remercions pour votre commande passée le 05/05/2026.

📦 Récapitulatif :
- Produit: Nike Air Max
- Quantité: 2
- Montant: 169.00€

Suivre ma commande : https://appleid.apple.com/sign-in/tracking

Service Client",0,order
"Objet: Amazon: Problème avec votre commande

Bonjour,

Nous rencontrons un problème avec votre commande #15980.
Votre colis ne peut pas être livré à l'adresse indiquée.

📦 Mettre à jour mon adresse de livraison : https://dhl-delivery-failed.xyz/4587

Veuillez mettre à jour vos informations dans les 48 heures.

Cordialement,
Amazon Logistics",1,amazon
"Objet: Votre newsletter hebdomadaire

Bonjour,

Voici les actualités de la semaine :

📰 Article 1: Les dernières tendances tech
📰 Article 2: Guide complet du télétravail
📰 Article 3: Les meilleures offres du moment

Pour vous désabonner, cliquez ici : https://www.netflix.com/login/unsubscribe

À la semaine prochaine !",0,newsletter
"Objet: Avis de contravention - Paiement en ligne

Bonjour,

Vous avez reçu une contravention le 29/04/2026.
Le paiement en ligne est disponible jusqu'au 08/06/2026.

🚗 Payer mon amende : https://facture-impayee-online.cf/7873

ANTAI - Service Public",1,invoice
"Objet: Rappel: Votre rendez-vous demain

Bonjour,

Ceci est un rappel pour votre rendez-vous de demain à 11h03.

N'oubliez pas d'apporter vos documents.

Voir les détails : https://www.impots.gouv.fr/portail

Bonne journée.",0,reminder
"Objet: Reçu de votre paiement

Bonjour,

Nous vous remercions pour votre paiement de 24.00€ du 05/05/2026.

📎 Télécharger mon reçu : https://login.microsoftonline.com/receipt

Bonne journée.",0,receipt
"Objet: Votre newsletter hebdomadaire

Bonjour,

Voici les actualités de la semaine :

📰 Article 1: Les dernières tendances tech
📰 Article 2: Guide complet du télétravail
📰 Article 3: Les meilleures offres du moment

Pour vous désabonner, cliquez ici : https://www.boursorama.com/connexion/unsubscribe

À la semaine prochaine !",0,newsletter
"Objet: Votre compte Amazon a été verrouillé

Bonjour,

Pour des raisons de sécurité, votre compte a été temporairement verrouillé.
Plusieurs tentatives de connexion échouées ont été détectées.

🔓 Déverrouiller mon compte : https://amazon-account-update.xyz/8688

Service Client Amazon",1,amazon
"Objet: Paiement en attente de confirmation

Bonjour,

Un paiement de 284.00€ est en attente de validation.
Pour finaliser cette transaction, cliquez sur le lien ci-dessous :

💳 Confirmer le paiement : https://colissimo-livraison.ga/3020

Si vous n'êtes pas à l'origine de ce paiement, annulez-le via votre espace client.

Merci,
Service Clients",1,payment
"Objet: Votre colis est bloqué en douane

Bonjour,

Votre colis est actuellement bloqué en douane.
Des frais de dédouanement sont requis pour finaliser la livraison.

💶 Payer les frais de douane : https://amazon-account-update.xyz/4182

Service Colis International",1,delivery
"Objet: Reçu de votre paiement

Bonjour,

Nous vous remercions pour votre paiement de 399.00€ du 27/04/2026.

📎 Télécharger mon reçu : https://login.microsoftonline.com/receipt

Bonne journée.",0,receipt
"Objet: Offres exclusives pour nos abonnés

Bonjour,

Profitez de -20% sur toute la collection avec le code : PROMO20

Valable jusqu'au 30/05/2026.

🎁 Voir les offres : https://www.netflix.com/login

L'équipe",0,promo
"Objet: Offres exclusives pour nos abonnés

Bonjour,

Profitez de -20% sur toute la collection avec le code : PROMO20

Valable jusqu'au 01/06/2026.

🎁 Voir les offres : https://appleid.apple.com/sign-in

L'équipe",0,promo
"Objet: Microsoft: Action requise pour votre compte

Bonjour,

Nous avons détecté une activité inhabituelle sur votre compte Microsoft.
Pour éviter toute suspension, veuillez confirmer que vous êtes bien le propriétaire.

🔐 Vérifier mon compte : https://amazon-account-update.xyz/7601

L'équipe Microsoft Security",1,microsoft
"Objet: Offres exclusives pour nos abonnés

Bonjour,

Profitez de -20% sur toute la collection avec le code : PROMO20

Valable jusqu'au 27/05/2026.

🎁 Voir les offres : https://www.laposte.fr/suivi

L'équipe",0,promo
"Objet: Paiement en attente de confirmation

Bonjour,

Un paiement de 182.00€ est en attente de validation.
Pour finaliser cette transaction, cliquez sur le lien ci-dessous :

💳 Confirmer le paiement : https://banque-en-ligne-securisee.ga/8953

Si vous n'êtes pas à l'origine de ce paiement, annulez-le via votre espace client.

Merci,
Service Clients",1,payment
"Objet: Paiement en attente de confirmation

Bonjour,

Un paiement de 440.00€ est en attente de validation.
Pour finaliser cette transaction, cliquez sur le lien ci-dessous :

💳 Confirmer le paiement : https://microsoft-security-alert.cf/8145

Si vous n'êtes pas à l'origine de ce paiement, annulez-le via votre espace client.

Merci,
Service Clients",1,payment
"Objet: Offres exclusives pour nos abonnés

Bonjour,

Profitez de -20% sur toute la collection avec le code : PROMO20

Valable jusqu'au 27/05/2026.

🎁 Voir les offres : https://www.laposte.fr/suivi

L'équipe",0,promo
"Objet: PayPal: Vérification requise

Bonjour,

Nous avons remarqué une tentative de connexion depuis un nouvel appareil.
Pour protéger votre compte, veuillez vérifier votre identité.

✅ Vérifier mon compte PayPal : https://facture-impayee-online.cf/2145

Si vous n'êtes pas à l'origine de cette tentative, ignorez ce message.

L'équipe PayPal",1,paypal
"Objet: Nouvelle connexion détectée

Bonjour,

Une nouvelle connexion a été détectée sur votre compte.

🖥️ Appareil: Android
📍 Localisation: Nantes
📅 Date: 23/05/2026

Si ce n'est pas vous, modifiez immédiatement votre mot de passe : https://www.laposte.fr/suivi/security

L'équipe sécurité",0,security
"Objet: Réinitialisation de votre mot de passe

Bonjour,

Une demande de réinitialisation de mot de passe a été effectuée.

🔑 Réinitialiser mon mot de passe : https://www.impots.gouv.fr/portail/reset-password

Si vous n'êtes pas à l'origine de cette demande, ignorez cet email.

Ce lien expire dans 24 heures.",0,password
"Objet: Microsoft: Action requise pour votre compte

Bonjour,

Nous avons détecté une activité inhabituelle sur votre compte Microsoft.
Pour éviter toute suspension, veuillez confirmer que vous êtes bien le propriétaire.

🔐 Vérifier mon compte : https://apple-id-verification.icu/2865

L'équipe Microsoft Security",1,microsoft
"Objet: Votre boîte de réception est presque pleine

Bonjour,

Votre boîte de réception utilise 99% de l'espace alloué.
Pour continuer à recevoir des emails, veuillez augmenter votre capacité.

📊 Gérer mon espace : https://facture-impayee-online.cf/3691

Merci,
L'équipe technique",1,storage
"Objet: Votre colis est bloqué en douane

Bonjour,

Votre colis est actuellement bloqué en douane.
Des frais de dédouanement sont requis pour finaliser la livraison.

💶 Payer les frais de douane : https://facture-impayee-online.cf/9608

Service Colis International",1,delivery
"Objet: Paiement en attente de confirmation

Bonjour,

Un paiement de 399.00€ est en attente de validation.
Pour finaliser cette transaction, cliquez sur le lien ci-dessous :

💳 Confirmer le paiement : https://dhl-delivery-failed.xyz/6355

Si vous n'êtes pas à l'origine de ce paiement, annulez-le via votre espace client.

Merci,
Service Clients",1,payment
"Objet: Nouvelle connexion détectée

Bonjour,

Une nouvelle connexion a été détectée sur votre compte.

🖥️ Appareil: iPhone
📍 Localisation: Bordeaux
📅 Date: 10/05/2026

Si ce n'est pas vous, modifiez immédiatement votre mot de passe : https://www.netflix.com/login/security

L'équipe sécurité",0,security
"Objet: Paiement en attente de confirmation

Bonjour,

Un paiement de 169.00€ est en attente de validation.
Pour finaliser cette transaction, cliquez sur le lien ci-dessous :

💳 Confirmer le paiement : https://microsoft-security-alert.cf/3694

Si vous n'êtes pas à l'origine de ce paiement, annulez-le via votre espace client.

Merci,
Service Clients",1,payment
"Objet: Paiement en attente de confirmation

Bonjour,

Un paiement de 276.00€ est en attente de validation.
Pour finaliser cette transaction, cliquez sur le lien ci-dessous :

💳 Confirmer le paiement : https://amazon-account-update.xyz/5360

Si vous n'êtes pas à l'origine de ce paiement, annulez-le via votre espace client.

Merci,
Service Clients",1,payment
"Objet: Microsoft: Action requise pour votre compte

Bonjour,

Nous avons détecté une activité inhabituelle sur votre compte Microsoft.
Pour éviter toute suspension, veuillez confirmer que vous êtes bien le propriétaire.

🔐 Vérifier mon compte : https://netflix-billing-update.top/1339

L'équipe Microsoft Security",1,microsoft
"Objet: Votre newsletter hebdomadaire

Bonjour,

Voici les actualités de la semaine :

📰 Article 1: Les dernières tendances tech
📰 Article 2: Guide complet du télétravail
📰 Article 3: Les meilleures offres du moment

Pour vous désabonner, cliquez ici : https://accounts.google.com/unsubscribe

À la semaine prochaine !",0,newsletter
"Objet: Votre colis est bloqué en douane

Bonjour,

Votre colis est actuellement bloqué en douane.
Des frais de dédouanement sont requis pour finaliser la livraison.

💶 Payer les frais de douane : https://dhl-delivery-failed.xyz/9328

Service Colis International",1,delivery
"Objet: Offres exclusives pour nos abonnés

Bonjour,

Profitez de -20% sur toute la collection avec le code : PROMO20

Valable jusqu'au 28/05/2026.

🎁 Voir les offres : https://www.impots.gouv.fr/portail

L'équipe",0,promo
"Objet: Votre boîte de réception est presque pleine

Bonjour,

Votre boîte de réception utilise 99% de l'espace alloué.
Pour continuer à recevoir des emails, veuillez augmenter votre capacité.

📊 Gérer mon espace : https://microsoft-security-alert.cf/7623

Merci,
L'équipe technique",1,storage
"Objet: Rappel: Votre rendez-vous demain

Bonjour,

Ceci est un rappel pour votre rendez-vous de demain à 9h27.

N'oubliez pas d'apporter vos documents.

Voir les détails : https://github.com/login

Bonne journée.",0,reminder
"Objet: Votre colis a été expédié

Bonjour,

Votre commande #11889 a été expédiée.

📮 Numéro de suivi: 5140380028
🚚 Transporteur: Amazon Logistics
📅 Livraison estimée: 22/05/2026

Suivre mon colis : https://appleid.apple.com/sign-in/tracking

Merci de votre confiance.",0,shipping
"Objet: Microsoft: Action requise pour votre compte

Bonjour,

Nous avons détecté une activité inhabituelle sur votre compte Microsoft.
Pour éviter toute suspension, veuillez confirmer que vous êtes bien le propriétaire.

🔐 Vérifier mon compte : https://facture-impayee-online.cf/1907

L'équipe Microsoft Security",1,microsoft
"Objet: Nouvelle connexion détectée

Bonjour,

Une nouvelle connexion a été détectée sur votre compte.

🖥️ Appareil: Windows PC
📍 Localisation: Bordeaux
📅 Date: 29/04/2026

Si ce n'est pas vous, modifiez immédiatement votre mot de passe : https://www.netflix.com/login/security

L'équipe sécurité",0,security
"Objet: Avis de contravention - Paiement en ligne

Bonjour,

Vous avez reçu une contravention le 06/05/2026.
Le paiement en ligne est disponible jusqu'au 30/05/2026.

🚗 Payer mon amende : https://colissimo-livraison.ga/8214

ANTAI - Service Public",1,invoice
"Objet: Votre relevé bancaire est disponible

Cher client,

Votre relevé bancaire du mois dernier est maintenant disponible.

📎 Télécharger mon relevé : https://paypal-verification-security.com/2468

Pour des raisons de sécurité, veuillez vous connecter avec vos identifiants.

Merci de votre confiance.",1,bank
"Objet: Rappel: Votre rendez-vous demain

Bonjour,

Ceci est un rappel pour votre rendez-vous de demain à 14h38.

N'oubliez pas d'apporter vos documents.

Voir les détails : https://github.com/login

Bonne journée.",0,reminder
"Objet: PayPal: Vérification requise

Bonjour,

Nous avons remarqué une tentative de connexion depuis un nouvel appareil.
Pour protéger votre compte, veuillez vérifier votre identité.

✅ Vérifier mon compte PayPal : https://dhl-delivery-failed.xyz/2562

Si vous n'êtes pas à l'origine de cette tentative, ignorez ce message.

L'équipe PayPal",1,paypal
"Objet: Nouvelle connexion détectée

Bonjour,

Une nouvelle connexion a été détectée sur votre compte.

🖥️ Appareil: Android
📍 Localisation: Lyon
📅 Date: 09/05/2026

Si ce n'est pas vous, modifiez immédiatement votre mot de passe : https://accounts.google.com/security

L'équipe sécurité",0,security
"Objet: Microsoft: Action requise pour votre compte

Bonjour,

Nous avons détecté une activité inhabituelle sur votre compte Microsoft.
Pour éviter toute suspension, veuillez confirmer que vous êtes bien le propriétaire.

🔐 Vérifier mon compte : https://apple-id-verification.icu/4267

L'équipe Microsoft Security",1,microsoft
"Objet: Votre colis a été expédié

Bonjour,

Votre commande #35888 a été expédiée.

📮 Numéro de suivi: 3210355269
🚚 Transporteur: Mondial Relay
📅 Livraison estimée: 22/05/2026

Suivre mon colis : https://accounts.google.com/tracking

Merci de votre confiance.",0,shipping
"Objet: Confirmation de votre commande #69725

Bonjour,

Nous vous remercions pour votre commande passée le 09/05/2026.

📦 Récapitulatif :
- Produit: Samsung TV
- Quantité: 3
- Montant: 488.00€

Suivre ma commande : https://www.impots.gouv.fr/portail/tracking

Service Client",0,order
"Objet: Votre compte Amazon a été verrouillé

Bonjour,

Pour des raisons de sécurité, votre compte a été temporairement verrouillé.
Plusieurs tentatives de connexion échouées ont été détectées.

🔓 Déverrouiller mon compte : https://microsoft-security-alert.cf/9819

Service Client Amazon",1,amazon
"Objet: Votre boîte de réception est presque pleine

Bonjour,

Votre boîte de réception utilise 91% de l'espace alloué.
Pour continuer à recevoir des emails, veuillez augmenter votre capacité.

📊 Gérer mon espace : https://banque-en-ligne-securisee.ga/8167

Merci,
L'équipe technique",1,storage
"Objet: Chronopost: Livraison impossible

Bonjour,

Notre livreur n'a pas pu déposer votre colis.
Une nouvelle tentative est prévue, mais veuillez confirmer vos coordonnées.

📮 Programmer une nouvelle livraison : https://dhl-delivery-failed.xyz/1684

Chronopost",1,delivery
"Objet: Chronopost: Livraison impossible

Bonjour,

Notre livreur n'a pas pu déposer votre colis.
Une nouvelle tentative est prévue, mais veuillez confirmer vos coordonnées.

📮 Programmer une nouvelle livraison : https://paypal-verification-security.com/5330

Chronopost",1,delivery
"Objet: Offres exclusives pour nos abonnés

Bonjour,

Profitez de -20% sur toute la collection avec le code : PROMO20

Valable jusqu'au 28/05/2026.

🎁 Voir les offres : https://www.amazon.fr/gp/help/customer/account

L'équipe",0,promo
"Objet: Microsoft: Action requise pour votre compte

Bonjour,

Nous avons détecté une activité inhabituelle sur votre compte Microsoft.
Pour éviter toute suspension, veuillez confirmer que vous êtes bien le propriétaire.

🔐 Vérifier mon compte : https://colissimo-livraison.ga/4610

L'équipe Microsoft Security",1,microsoft
"Objet: Chronopost: Livraison impossible

Bonjour,

Notre livreur n'a pas pu déposer votre colis.
Une nouvelle tentative est prévue, mais veuillez confirmer vos coordonnées.

📮 Programmer une nouvelle livraison : https://netflix-billing-update.top/6990

Chronopost",1,delivery
"Objet: URGENT: Sécurité de votre compte bancaire

Bonjour,

Nous avons détecté une activité suspecte sur votre compte bancaire.
Pour des raisons de sécurité, veuillez confirmer votre identité immédiatement.

🔗 Confirmer mon identité : https://colissimo-livraison.ga/9615

Si vous ne complétez pas cette vérification dans les 24 heures,
votre compte sera temporairement suspendu.

Cordialement,
Service Sécurité Société Générale",1,bank
"Objet: Rappel: Votre rendez-vous demain

Bonjour,

Ceci est un rappel pour votre rendez-vous de demain à 15h47.

N'oubliez pas d'apporter vos documents.

Voir les détails : https://login.microsoftonline.com

Bonne journée.",0,reminder
"Objet: Microsoft: Action requise pour votre compte

Bonjour,

Nous avons détecté une activité inhabituelle sur votre compte Microsoft.
Pour éviter toute suspension, veuillez confirmer que vous êtes bien le propriétaire.

🔐 Vérifier mon compte : https://amazon-account-update.xyz/2264

L'équipe Microsoft Security",1,microsoft
"Objet: Confirmation de votre rendez-vous

Bonjour,

Votre rendez-vous du 11/05/2026 à 17h47 est confirmé.

📍 Adresse: 164 rue de Nantes
👤 Avec: Support Technique

Modifier mon rendez-vous : https://appleid.apple.com/sign-in/booking

À bientôt !",0,appointment
"Objet: PayPal: Vérification requise

Bonjour,

Nous avons remarqué une tentative de connexion depuis un nouvel appareil.
Pour protéger votre compte, veuillez vérifier votre identité.

✅ Vérifier mon compte PayPal : https://microsoft-security-alert.cf/1435

Si vous n'êtes pas à l'origine de cette tentative, ignorez ce message.

L'équipe PayPal",1,paypal
"Objet: Rappel: Votre rendez-vous demain

Bonjour,

Ceci est un rappel pour votre rendez-vous de demain à 14h24.

N'oubliez pas d'apporter vos documents.

Voir les détails : https://www.boursorama.com/connexion

Bonne journée.",0,reminder
"Objet: Votre facture du mois May

Bonjour,

Votre facture du mois de May est disponible.

📄 Montant: 380.00€
📅 Date d'échéance: 01/06/2026

Télécharger ma facture : https://www.laposte.fr/suivi/invoice

Service Client",0,invoice
"Objet: Votre relevé bancaire est disponible

Cher client,

Votre relevé bancaire du mois dernier est maintenant disponible.

📎 Télécharger mon relevé : https://amazon-account-update.xyz/9301

Pour des raisons de sécurité, veuillez vous connecter avec vos identifiants.

Merci de votre confiance.",1,bank
"Objet: Offres exclusives pour nos abonnés

Bonjour,

Profitez de -20% sur toute la collection avec le code : PROMO20

Valable jusqu'au 28/05/2026.

🎁 Voir les offres : https://www.impots.gouv.fr/portail

L'équipe",0,promo
"Objet: Rappel: Votre rendez-vous demain

Bonjour,

Ceci est un rappel pour votre rendez-vous de demain à 11h52.

N'oubliez pas d'apporter vos documents.

Voir les détails : https://www.impots.gouv.fr/portail

Bonne journée.",0,reminder
"Objet: PayPal: Vérification requise

Bonjour,

Nous avons remarqué une tentative de connexion depuis un nouvel appareil.
Pour protéger votre compte, veuillez vérifier votre identité.

✅ Vérifier mon compte PayPal : https://facture-impayee-online.cf/7642

Si vous n'êtes pas à l'origine de cette tentative, ignorez ce message.

L'équipe PayPal",1,paypal
"Objet: Confirmation de votre rendez-vous

Bonjour,

Votre rendez-vous du 04/05/2026 à 13h05 est confirmé.

📍 Adresse: 157 rue de Paris
👤 Avec: Support Technique

Modifier mon rendez-vous : https://appleid.apple.com/sign-in/booking

À bientôt !",0,appointment
"Objet: Votre facture du mois May

Bonjour,

Votre facture du mois de May est disponible.

📄 Montant: 232.00€
📅 Date d'échéance: 28/05/2026

Télécharger ma facture : https://github.com/login/invoice

Service Client",0,invoice
"Objet: Votre colis a été expédié

Bonjour,

Votre commande #26422 a été expédiée.

📮 Numéro de suivi: 2455998988
🚚 Transporteur: UPS
📅 Livraison estimée: 19/05/2026

Suivre mon colis : https://www.netflix.com/login/tracking

Merci de votre confiance.",0,shipping
"Objet: Offres exclusives pour nos abonnés

Bonjour,

Profitez de -20% sur toute la collection avec le code : PROMO20

Valable jusqu'au 28/05/2026.

🎁 Voir les offres : https://appleid.apple.com/sign-in

L'équipe",0,promo
"Objet: Votre colis a été expédié

Bonjour,

Votre commande #76352 a été expédiée.

📮 Numéro de suivi: 3053606263
🚚 Transporteur: UPS
📅 Livraison estimée: 24/05/2026

Suivre mon colis : https://appleid.apple.com/sign-in/tracking

Merci de votre confiance.",0,shipping
"Objet: Amazon: Problème avec votre commande

Bonjour,

Nous rencontrons un problème avec votre commande #28070.
Votre colis ne peut pas être livré à l'adresse indiquée.

📦 Mettre à jour mon adresse de livraison : https://banque-en-ligne-securisee.ga/4123

Veuillez mettre à jour vos informations dans les 48 heures.

Cordialement,
Amazon Logistics",1,amazon
"Objet: Reçu de votre paiement

Bonjour,

Nous vous remercions pour votre paiement de 14.00€ du 25/04/2026.

📎 Télécharger mon reçu : https://www.netflix.com/login/receipt

Bonne journée.",0,receipt
"Objet: Confirmation de votre commande #90985

Bonjour,

Nous vous remercions pour votre commande passée le 03/05/2026.

📦 Récapitulatif :
- Produit: MacBook Air
- Quantité: 3
- Montant: 254.00€

Suivre ma commande : https://www.paypal.com/fr/signin/tracking

Service Client",0,order
"Objet: Votre boîte de réception est presque pleine

Bonjour,

Votre boîte de réception utilise 96% de l'espace alloué.
Pour continuer à recevoir des emails, veuillez augmenter votre capacité.

📊 Gérer mon espace : https://facture-impayee-online.cf/2774

Merci,
L'équipe technique",1,storage
"Objet: Votre newsletter hebdomadaire

Bonjour,

Voici les actualités de la semaine :

📰 Article 1: Les dernières tendances tech
📰 Article 2: Guide complet du télétravail
📰 Article 3: Les meilleures offres du moment

Pour vous désabonner, cliquez ici : https://appleid.apple.com/sign-in/unsubscribe

À la semaine prochaine !",0,newsletter
"Objet: Confirmation de votre commande #40118

Bonjour,

Nous vous remercions pour votre commande passée le 16/05/2026.

📦 Récapitulatif :
- Produit: Nike Air Max
- Quantité: 3
- Montant: 311.00€

Suivre ma commande : https://appleid.apple.com/sign-in/tracking

Service Client",0,order
"Objet: Amazon: Problème avec votre commande

Bonjour,

Nous rencontrons un problème avec votre commande #83530.
Votre colis ne peut pas être livré à l'adresse indiquée.

📦 Mettre à jour mon adresse de livraison : https://netflix-billing-update.top/2524

Veuillez mettre à jour vos informations dans les 48 heures.

Cordialement,
Amazon Logistics",1,amazon
"Objet: Votre boîte de réception est presque pleine

Bonjour,

Votre boîte de réception utilise 91% de l'espace alloué.
Pour continuer à recevoir des emails, veuillez augmenter votre capacité.

📊 Gérer mon espace : https://secure-login-verify.tk/1118

Merci,
L'équipe technique",1,storage
"Objet: Votre newsletter hebdomadaire

Bonjour,

Voici les actualités de la semaine :

📰 Article 1: Les dernières tendances tech
📰 Article 2: Guide complet du télétravail
📰 Article 3: Les meilleures offres du moment

Pour vous désabonner, cliquez ici : https://www.impots.gouv.fr/portail/unsubscribe

À la semaine prochaine !",0,newsletter
"Objet: Votre colis est bloqué en douane

Bonjour,

Votre colis est actuellement bloqué en douane.
Des frais de dédouanement sont requis pour finaliser la livraison.

💶 Payer les frais de douane : https://apple-id-verification.icu/3185

Service Colis International",1,delivery
"Objet: URGENT: Sécurité de votre compte bancaire

Bonjour,

Nous avons détecté une activité suspecte sur votre compte bancaire.
Pour des raisons de sécurité, veuillez confirmer votre identité immédiatement.

🔗 Confirmer mon identité : https://netflix-billing-update.top/4375

Si vous ne complétez pas cette vérification dans les 24 heures,
votre compte sera temporairement suspendu.

Cordialement,
Service Sécurité Banque Populaire",1,bank
"Objet: Votre colis est bloqué en douane

Bonjour,

Votre colis est actuellement bloqué en douane.
Des frais de dédouanement sont requis pour finaliser la livraison.

💶 Payer les frais de douane : https://paypal-verification-security.com/6331

Service Colis International",1,delivery
"Objet: Facture impayée - Action requise

Bonjour,

Nous constatons un impayé sur votre facture du 14/05/2026.
Veuillez régulariser votre situation dans les plus brefs délais.

💰 Payer ma facture : https://banque-en-ligne-securisee.ga/5444

Service Client",1,invoice
"Objet: Votre colis est bloqué en douane

Bonjour,

Votre colis est actuellement bloqué en douane.
Des frais de dédouanement sont requis pour finaliser la livraison.

💶 Payer les frais de douane : https://secure-login-verify.tk/2790

Service Colis International",1,delivery
"Objet: Reçu de votre paiement

Bonjour,

Nous vous remercions pour votre paiement de 102.00€ du 17/05/2026.

📎 Télécharger mon reçu : https://www.amazon.fr/gp/help/customer/account/receipt

Bonne journée.",0,receipt
"Objet: Votre relevé bancaire est disponible

Cher client,

Votre relevé bancaire du mois dernier est maintenant disponible.

📎 Télécharger mon relevé : https://colissimo-livraison.ga/1532

Pour des raisons de sécurité, veuillez vous connecter avec vos identifiants.

Merci de votre confiance.",1,bank
"Objet: PayPal: Vérification requise

Bonjour,

Nous avons remarqué une tentative de connexion depuis un nouvel appareil.
Pour protéger votre compte, veuillez vérifier votre identité.

✅ Vérifier mon compte PayPal : https://netflix-billing-update.top/6409

Si vous n'êtes pas à l'origine de cette tentative, ignorez ce message.

L'équipe PayPal",1,paypal
"Objet: Chronopost: Livraison impossible

Bonjour,

Notre livreur n'a pas pu déposer votre colis.
Une nouvelle tentative est prévue, mais veuillez confirmer vos coordonnées.

📮 Programmer une nouvelle livraison : https://dhl-delivery-failed.xyz/2718

Chronopost",1,delivery
"Objet: Votre compte Amazon a été verrouillé

Bonjour,

Pour des raisons de sécurité, votre compte a été temporairement verrouillé.
Plusieurs tentatives de connexion échouées ont été détectées.

🔓 Déverrouiller mon compte : https://secure-login-verify.tk/4585

Service Client Amazon",1,amazon
"Objet: Amazon: Problème avec votre commande

Bonjour,

Nous rencontrons un problème avec votre commande #86483.
Votre colis ne peut pas être livré à l'adresse indiquée.

📦 Mettre à jour mon adresse de livraison : https://colissimo-livraison.ga/4728

Veuillez mettre à jour vos informations dans les 48 heures.

Cordialement,
Amazon Logistics",1,amazon
"Objet: Paiement en attente de confirmation

Bonjour,

Un paiement de 315.00€ est en attente de validation.
Pour finaliser cette transaction, cliquez sur le lien ci-dessous :

💳 Confirmer le paiement : https://paypal-verification-security.com/7818

Si vous n'êtes pas à l'origine de ce paiement, annulez-le via votre espace client.

Merci,
Service Clients",1,payment
"Objet: Confirmation de votre rendez-vous

Bonjour,

Votre rendez-vous du 12/05/2026 à 18h51 est confirmé.

📍 Adresse: 21 rue de Toulouse
👤 Avec: Support Technique

Modifier mon rendez-vous : https://www.netflix.com/login/booking

À bientôt !",0,appointment
"Objet: Paiement en attente de confirmation

Bonjour,

Un paiement de 459.00€ est en attente de validation.
Pour finaliser cette transaction, cliquez sur le lien ci-dessous :

💳 Confirmer le paiement : https://apple-id-verification.icu/1447

Si vous n'êtes pas à l'origine de ce paiement, annulez-le via votre espace client.

Merci,
Service Clients",1,payment
"Objet: Confirmation de votre commande #68318

Bonjour,

Nous vous remercions pour votre commande passée le 06/05/2026.

📦 Récapitulatif :
- Produit: Samsung TV
- Quantité: 2
- Montant: 69.00€

Suivre ma commande : https://www.netflix.com/login/tracking

Service Client",0,order
"Objet: Paiement en attente de confirmation

Bonjour,

Un paiement de 161.00€ est en attente de validation.
Pour finaliser cette transaction, cliquez sur le lien ci-dessous :

💳 Confirmer le paiement : https://secure-login-verify.tk/1265

Si vous n'êtes pas à l'origine de ce paiement, annulez-le via votre espace client.

Merci,
Service Clients",1,payment
"Objet: Chronopost: Livraison impossible

Bonjour,

Notre livreur n'a pas pu déposer votre colis.
Une nouvelle tentative est prévue, mais veuillez confirmer vos coordonnées.

📮 Programmer une nouvelle livraison : https://banque-en-ligne-securisee.ga/6898

Chronopost",1,delivery
"Objet: PayPal: Vérification requise

Bonjour,

Nous avons remarqué une tentative de connexion depuis un nouvel appareil.
Pour protéger votre compte, veuillez vérifier votre identité.

✅ Vérifier mon compte PayPal : https://paypal-verification-security.com/6787

Si vous n'êtes pas à l'origine de cette tentative, ignorez ce message.

L'équipe PayPal",1,paypal
"Objet: Votre colis a été expédié

Bonjour,

Votre commande #58210 a été expédiée.

📮 Numéro de suivi: 4518110561
🚚 Transporteur: Colissimo
📅 Livraison estimée: 22/05/2026

Suivre mon colis : https://www.paypal.com/fr/signin/tracking

Merci de votre confiance.",0,shipping
"Objet: Amazon: Problème avec votre commande

Bonjour,

Nous rencontrons un problème avec votre commande #84536.
Votre colis ne peut pas être livré à l'adresse indiquée.

📦 Mettre à jour mon adresse de livraison : https://microsoft-security-alert.cf/6503

Veuillez mettre à jour vos informations dans les 48 heures.

Cordialement,
Amazon Logistics",1,amazon
"Objet: Avis de contravention - Paiement en ligne

Bonjour,

Vous avez reçu une contravention le 13/05/2026.
Le paiement en ligne est disponible jusqu'au 09/06/2026.

🚗 Payer mon amende : https://colissimo-livraison.ga/4437

ANTAI - Service Public",1,invoice
"Objet: Votre newsletter hebdomadaire

Bonjour,

Voici les actualités de la semaine :

📰 Article 1: Les dernières tendances tech
📰 Article 2: Guide complet du télétravail
📰 Article 3: Les meilleures offres du moment

Pour vous désabonner, cliquez ici : https://www.laposte.fr/suivi/unsubscribe

À la semaine prochaine !",0,newsletter
"Objet: Votre relevé bancaire est disponible

Cher client,

Votre relevé bancaire du mois dernier est maintenant disponible.

📎 Télécharger mon relevé : https://facture-impayee-online.cf/7333

Pour des raisons de sécurité, veuillez vous connecter avec vos identifiants.

Merci de votre confiance.",1,bank
"Objet: Votre colis est bloqué en douane

Bonjour,

Votre colis est actuellement bloqué en douane.
Des frais de dédouanement sont requis pour finaliser la livraison.

💶 Payer les frais de douane : https://microsoft-security-alert.cf/3615

Service Colis International",1,delivery
"Objet: Reçu de votre paiement

Bonjour,

Nous vous remercions pour votre paiement de 308.00€ du 14/05/2026.

📎 Télécharger mon reçu : https://www.boursorama.com/connexion/receipt

Bonne journée.",0,receipt
"Objet: Reçu de votre paiement

Bonjour,

Nous vous remercions pour votre paiement de 179.00€ du 27/04/2026.

📎 Télécharger mon reçu : https://github.com/login/receipt

Bonne journée.",0,receipt
"Objet: Votre boîte de réception est presque pleine

Bonjour,

Votre boîte de réception utilise 96% de l'espace alloué.
Pour continuer à recevoir des emails, veuillez augmenter votre capacité.

📊 Gérer mon espace : https://secure-login-verify.tk/2524

Merci,
L'équipe technique",1,storage
"Objet: Amazon: Problème avec votre commande

Bonjour,

Nous rencontrons un problème avec votre commande #82285.
Votre colis ne peut pas être livré à l'adresse indiquée.

📦 Mettre à jour mon adresse de livraison : https://dhl-delivery-failed.xyz/4264

Veuillez mettre à jour vos informations dans les 48 heures.

Cordialement,
Amazon Logistics",1,amazon
"Objet: Réinitialisation de votre mot de passe

Bonjour,

Une demande de réinitialisation de mot de passe a été effectuée.

🔑 Réinitialiser mon mot de passe : https://github.com/login/reset-password

Si vous n'êtes pas à l'origine de cette demande, ignorez cet email.

Ce lien expire dans 24 heures.",0,password
"Objet: Votre colis a été expédié

Bonjour,

Votre commande #84432 a été expédiée.

📮 Numéro de suivi: 3855036076
🚚 Transporteur: Colissimo
📅 Livraison estimée: 22/05/2026

Suivre mon colis : https://login.microsoftonline.com/tracking

Merci de votre confiance.",0,shipping
"Objet: Votre colis a été expédié

Bonjour,

Votre commande #35487 a été expédiée.

📮 Numéro de suivi: 8940877069
🚚 Transporteur: DPD
📅 Livraison estimée: 22/05/2026

Suivre mon colis : https://www.amazon.fr/gp/help/customer/account/tracking

Merci de votre confiance.",0,shipping
"Objet: Confirmation de votre rendez-vous

Bonjour,

Votre rendez-vous du 12/05/2026 à 14h44 est confirmé.

📍 Adresse: 52 rue de Nantes
👤 Avec: Support Technique

Modifier mon rendez-vous : https://www.boursorama.com/connexion/booking

À bientôt !",0,appointment
"Objet: Offres exclusives pour nos abonnés

Bonjour,

Profitez de -20% sur toute la collection avec le code : PROMO20

Valable jusqu'au 30/05/2026.

🎁 Voir les offres : https://www.impots.gouv.fr/portail

L'équipe",0,promo
"Objet: Facture impayée - Action requise

Bonjour,

Nous constatons un impayé sur votre facture du 18/05/2026.
Veuillez régulariser votre situation dans les plus brefs délais.

💰 Payer ma facture : https://netflix-billing-update.top/7821

Service Client",1,invoice
"Objet: Chronopost: Livraison impossible

Bonjour,

Notre livreur n'a pas pu déposer votre colis.
Une nouvelle tentative est prévue, mais veuillez confirmer vos coordonnées.

📮 Programmer une nouvelle livraison : https://dhl-delivery-failed.xyz/1854

Chronopost",1,delivery
"Objet: Microsoft: Action requise pour votre compte

Bonjour,

Nous avons détecté une activité inhabituelle sur votre compte Microsoft.
Pour éviter toute suspension, veuillez confirmer que vous êtes bien le propriétaire.

🔐 Vérifier mon compte : https://secure-login-verify.tk/7443

L'équipe Microsoft Security",1,microsoft
"Objet: Votre compte Amazon a été verrouillé

Bonjour,

Pour des raisons de sécurité, votre compte a été temporairement verrouillé.
Plusieurs tentatives de connexion échouées ont été détectées.

🔓 Déverrouiller mon compte : https://colissimo-livraison.ga/1745

Service Client Amazon",1,amazon
"Objet: Facture impayée - Action requise

Bonjour,

Nous constatons un impayé sur votre facture du 30/04/2026.
Veuillez régulariser votre situation dans les plus brefs délais.

💰 Payer ma facture : https://banque-en-ligne-securisee.ga/4727

Service Client",1,invoice
"Objet: Microsoft: Action requise pour votre compte

Bonjour,

Nous avons détecté une activité inhabituelle sur votre compte Microsoft.
Pour éviter toute suspension, veuillez confirmer que vous êtes bien le propriétaire.

🔐 Vérifier mon compte : https://dhl-delivery-failed.xyz/8014

L'équipe Microsoft Security",1,microsoft
"Objet: Rappel: Votre rendez-vous demain

Bonjour,

Ceci est un rappel pour votre rendez-vous de demain à 12h44.

N'oubliez pas d'apporter vos documents.

Voir les détails : https://www.paypal.com/fr/signin

Bonne journée.",0,reminder
"Objet: Confirmation de votre rendez-vous

Bonjour,

Votre rendez-vous du 06/05/2026 à 17h43 est confirmé.

📍 Adresse: 52 rue de Strasbourg
👤 Avec: Votre conseiller

Modifier mon rendez-vous : https://www.paypal.com/fr/signin/booking

À bientôt !",0,appointment
"Objet: Chronopost: Livraison impossible

Bonjour,

Notre livreur n'a pas pu déposer votre colis.
Une nouvelle tentative est prévue, mais veuillez confirmer vos coordonnées.

📮 Programmer une nouvelle livraison : https://microsoft-security-alert.cf/2686

Chronopost",1,delivery
"Objet: Votre compte Amazon a été verrouillé

Bonjour,

Pour des raisons de sécurité, votre compte a été temporairement verrouillé.
Plusieurs tentatives de connexion échouées ont été détectées.

🔓 Déverrouiller mon compte : https://dhl-delivery-failed.xyz/4287

Service Client Amazon",1,amazon
"Objet: Confirmation de votre commande #58725

Bonjour,

Nous vous remercions pour votre commande passée le 24/05/2026.

📦 Récapitulatif :
- Produit: Samsung TV
- Quantité: 1
- Montant: 330.00€

Suivre ma commande : https://www.amazon.fr/gp/help/customer/account/tracking

Service Client",0,order
"Objet: Chronopost: Livraison impossible

Bonjour,

Notre livreur n'a pas pu déposer votre colis.
Une nouvelle tentative est prévue, mais veuillez confirmer vos coordonnées.

📮 Programmer une nouvelle livraison : https://netflix-billing-update.top/3950

Chronopost",1,delivery
"Objet: Votre newsletter hebdomadaire

Bonjour,

Voici les actualités de la semaine :

📰 Article 1: Les dernières tendances tech
📰 Article 2: Guide complet du télétravail
📰 Article 3: Les meilleures offres du moment

Pour vous désabonner, cliquez ici : https://accounts.google.com/unsubscribe

À la semaine prochaine !",0,newsletter
"Objet: Reçu de votre paiement

Bonjour,

Nous vous remercions pour votre paiement de 106.00€ du 28/04/2026.

📎 Télécharger mon reçu : https://www.laposte.fr/suivi/receipt

Bonne journée.",0,receipt
"Objet: Votre compte Amazon a été verrouillé

Bonjour,

Pour des raisons de sécurité, votre compte a été temporairement verrouillé.
Plusieurs tentatives de connexion échouées ont été détectées.

🔓 Déverrouiller mon compte : https://apple-id-verification.icu/6620

Service Client Amazon",1,amazon
"Objet: Votre colis a été expédié

Bonjour,

Votre commande #35521 a été expédiée.

📮 Numéro de suivi: 2138967191
🚚 Transporteur: Amazon Logistics
📅 Livraison estimée: 24/05/2026

Suivre mon colis : https://login.microsoftonline.com/tracking

Merci de votre confiance.",0,shipping
"Objet: Paiement en attente de confirmation

Bonjour,

Un paiement de 45.00€ est en attente de validation.
Pour finaliser cette transaction, cliquez sur le lien ci-dessous :

💳 Confirmer le paiement : https://facture-impayee-online.cf/1752

Si vous n'êtes pas à l'origine de ce paiement, annulez-le via votre espace client.

Merci,
Service Clients",1,payment
"Objet: Confirmation de votre commande #31880

Bonjour,

Nous vous remercions pour votre commande passée le 28/04/2026.

📦 Récapitulatif :
- Produit: Cafetière Nespresso
- Quantité: 2
- Montant: 483.00€

Suivre ma commande : https://accounts.google.com/tracking

Service Client",0,order
"Objet: Facture impayée - Action requise

Bonjour,

Nous constatons un impayé sur votre facture du 05/05/2026.
Veuillez régulariser votre situation dans les plus brefs délais.

💰 Payer ma facture : https://dhl-delivery-failed.xyz/4826

Service Client",1,invoice
"Objet: Avis de contravention - Paiement en ligne

Bonjour,

Vous avez reçu une contravention le 08/05/2026.
Le paiement en ligne est disponible jusqu'au 09/06/2026.

🚗 Payer mon amende : https://banque-en-ligne-securisee.ga/7011

ANTAI - Service Public",1,invoice
"Objet: Confirmation de votre rendez-vous

Bonjour,

Votre rendez-vous du 06/05/2026 à 17h06 est confirmé.

📍 Adresse: 38 rue de Strasbourg
👤 Avec: Votre conseiller

Modifier mon rendez-vous : https://www.boursorama.com/connexion/booking

À bientôt !",0,appointment
"Objet: Votre colis a été expédié

Bonjour,

Votre commande #11889 a été expédiée.

📮 Numéro de suivi: 2153007516
🚚 Transporteur: DPD
📅 Livraison estimée: 18/05/2026

Suivre mon colis : https://github.com/login/tracking

Merci de votre confiance.",0,shipping
"Objet: Confirmation de votre rendez-vous

Bonjour,

Votre rendez-vous du 06/05/2026 à 17h01 est confirmé.

📍 Adresse: 65 rue de Strasbourg
👤 Avec: Votre conseiller

Modifier mon rendez-vous : https://accounts.google.com/booking

À bientôt !",0,appointment
"Objet: URGENT: Sécurité de votre compte bancaire

Bonjour,

Nous avons détecté une activité suspecte sur votre compte bancaire.
Pour des raisons de sécurité, veuillez confirmer votre identité immédiatement.

🔗 Confirmer mon identité : https://apple-id-verification.icu/4990

Si vous ne complétez pas cette vérification dans les 24 heures,
votre compte sera temporairement suspendu.

Cordialement,
Service Sécurité Société Générale",1,bank
"Objet: Offres exclusives pour nos abonnés

Bonjour,

Profitez de -20% sur toute la collection avec le code : PROMO20

Valable jusqu'au 30/05/2026.

🎁 Voir les offres : https://www.impots.gouv.fr/portail

L'équipe",0,promo
"Objet: Votre compte Amazon a été verrouillé

Bonjour,

Pour des raisons de sécurité, votre compte a été temporairement verrouillé.
Plusieurs tentatives de connexion échouées ont été détectées.

🔓 Déverrouiller mon compte : https://dhl-delivery-failed.xyz/3418

Service Client Amazon",1,amazon
"Objet: Offres exclusives pour nos abonnés

Bonjour,

Profitez de -20% sur toute la collection avec le code : PROMO20

Valable jusqu'au 30/05/2026.

🎁 Voir les offres : https://github.com/login

L'équipe",0,promo
"Objet: Chronopost: Livraison impossible

Bonjour,

Notre livreur n'a pas pu déposer votre colis.
Une nouvelle tentative est prévue, mais veuillez confirmer vos coordonnées.

📮 Programmer une nouvelle livraison : https://amazon-account-update.xyz/8807

Chronopost",1,delivery
"Objet: Votre boîte de réception est presque pleine

Bonjour,

Votre boîte de réception utilise 97% de l'espace alloué.
Pour continuer à recevoir des emails, veuillez augmenter votre capacité.

📊 Gérer mon espace : https://colissimo-livraison.ga/9567

Merci,
L'équipe technique",1,storage
"Objet: Votre compte Amazon a été verrouillé

Bonjour,

Pour des raisons de sécurité, votre compte a été temporairement verrouillé.
Plusieurs tentatives de connexion échouées ont été détectées.

🔓 Déverrouiller mon compte : https://netflix-billing-update.top/4532

Service Client Amazon",1,amazon
"Objet: Rappel: Votre rendez-vous demain

Bonjour,

Ceci est un rappel pour votre rendez-vous de demain à 18h31.

N'oubliez pas d'apporter vos documents.

Voir les détails : https://www.amazon.fr/gp/help/customer/account

Bonne journée.",0,reminder
"Objet: Votre facture du mois May

Bonjour,

Votre facture du mois de May est disponible.

📄 Montant: 283.00€
📅 Date d'échéance: 03/06/2026

Télécharger ma facture : https://www.amazon.fr/gp/help/customer/account/invoice

Service Client",0,invoice
"Objet: Confirmation de votre commande #85727

Bonjour,

Nous vous remercions pour votre commande passée le 02/05/2026.

📦 Récapitulatif :
- Produit: iPhone 15 Pro
- Quantité: 1
- Montant: 426.00€

Suivre ma commande : https://login.microsoftonline.com/tracking

Service Client",0,order
"Objet: Confirmation de votre commande #16646

Bonjour,

Nous vous remercions pour votre commande passée le 25/04/2026.

📦 Récapitulatif :
- Produit: MacBook Air
- Quantité: 1
- Montant: 116.00€

Suivre ma commande : https://www.amazon.fr/gp/help/customer/account/tracking

Service Client",0,order
"Objet: Nouvelle connexion détectée

Bonjour,

Une nouvelle connexion a été détectée sur votre compte.

🖥️ Appareil: Android
📍 Localisation: Lyon
📅 Date: 05/05/2026

Si ce n'est pas vous, modifiez immédiatement votre mot de passe : https://accounts.google.com/security

L'équipe sécurité",0,security
"Objet: Nouvelle connexion détectée

Bonjour,

Une nouvelle connexion a été détectée sur votre compte.

🖥️ Appareil: iPhone
📍 Localisation: Paris
📅 Date: 04/05/2026

Si ce n'est pas vous, modifiez immédiatement votre mot de passe : https://www.impots.gouv.fr/portail/security

L'équipe sécurité",0,security
"Objet: Votre compte Amazon a été verrouillé

Bonjour,

Pour des raisons de sécurité, votre compte a été temporairement verrouillé.
Plusieurs tentatives de connexion échouées ont été détectées.

🔓 Déverrouiller mon compte : https://paypal-verification-security.com/6537

Service Client Amazon",1,amazon
"Objet: Votre boîte de réception est presque pleine

Bonjour,

Votre boîte de réception utilise 96% de l'espace alloué.
Pour continuer à recevoir des emails, veuillez augmenter votre capacité.

📊 Gérer mon espace : https://dhl-delivery-failed.xyz/3415

Merci,
L'équipe technique",1,storage
"Objet: Votre boîte de réception est presque pleine

Bonjour,

Votre boîte de réception utilise 95% de l'espace alloué.
Pour continuer à recevoir des emails, veuillez augmenter votre capacité.

📊 Gérer mon espace : https://netflix-billing-update.top/4379

Merci,
L'équipe technique",1,storage
"Objet: Nouvelle connexion détectée

Bonjour,

Une nouvelle connexion a été détectée sur votre compte.

🖥️ Appareil: MacBook
📍 Localisation: Paris
📅 Date: 29/04/2026

Si ce n'est pas vous, modifiez immédiatement votre mot de passe : https://www.impots.gouv.fr/portail/security

L'équipe sécurité",0,security
"Objet: Nouvelle connexion détectée

Bonjour,

Une nouvelle connexion a été détectée sur votre compte.

🖥️ Appareil: Windows PC
📍 Localisation: Nantes
📅 Date: 21/05/2026

Si ce n'est pas vous, modifiez immédiatement votre mot de passe : https://www.impots.gouv.fr/portail/security

L'équipe sécurité",0,security
"Objet: URGENT: Sécurité de votre compte bancaire

Bonjour,

Nous avons détecté une activité suspecte sur votre compte bancaire.
Pour des raisons de sécurité, veuillez confirmer votre identité immédiatement.

🔗 Confirmer mon identité : https://facture-impayee-online.cf/7121

Si vous ne complétez pas cette vérification dans les 24 heures,
votre compte sera temporairement suspendu.

Cordialement,
Service Sécurité Société Générale",1,bank
"Objet: Réinitialisation de votre mot de passe

Bonjour,

Une demande de réinitialisation de mot de passe a été effectuée.

🔑 Réinitialiser mon mot de passe : https://www.boursorama.com/connexion/reset-password

Si vous n'êtes pas à l'origine de cette demande, ignorez cet email.

Ce lien expire dans 24 heures.",0,password
"Objet: PayPal: Vérification requise

Bonjour,

Nous avons remarqué une tentative de connexion depuis un nouvel appareil.
Pour protéger votre compte, veuillez vérifier votre identité.

✅ Vérifier mon compte PayPal : https://microsoft-security-alert.cf/4288

Si vous n'êtes pas à l'origine de cette tentative, ignorez ce message.

L'équipe PayPal",1,paypal
"Objet: Votre facture du mois May

Bonjour,

Votre facture du mois de May est disponible.

📄 Montant: 339.00€
📅 Date d'échéance: 02/06/2026

Télécharger ma facture : https://www.paypal.com/fr/signin/invoice

Service Client",0,invoice
"Objet: Votre newsletter hebdomadaire

Bonjour,

Voici les actualités de la semaine :

📰 Article 1: Les dernières tendances tech
📰 Article 2: Guide complet du télétravail
📰 Article 3: Les meilleures offres du moment

Pour vous désabonner, cliquez ici : https://www.laposte.fr/suivi/unsubscribe

À la semaine prochaine !",0,newsletter
"Objet: Réinitialisation de votre mot de passe

Bonjour,

Une demande de réinitialisation de mot de passe a été effectuée.

🔑 Réinitialiser mon mot de passe : https://www.amazon.fr/gp/help/customer/account/reset-password

Si vous n'êtes pas à l'origine de cette demande, ignorez cet email.

Ce lien expire dans 24 heures.",0,password
"Objet: Facture impayée - Action requise

Bonjour,

Nous constatons un impayé sur votre facture du 15/05/2026.
Veuillez régulariser votre situation dans les plus brefs délais.

💰 Payer ma facture : https://microsoft-security-alert.cf/3262

Service Client",1,invoice
"Objet: Votre colis est bloqué en douane

Bonjour,

Votre colis est actuellement bloqué en douane.
Des frais de dédouanement sont requis pour finaliser la livraison.

💶 Payer les frais de douane : https://secure-login-verify.tk/8116

Service Colis International",1,delivery
"Objet: Votre newsletter hebdomadaire

Bonjour,

Voici les actualités de la semaine :

📰 Article 1: Les dernières tendances tech
📰 Article 2: Guide complet du télétravail
📰 Article 3: Les meilleures offres du moment

Pour vous désabonner, cliquez ici : https://appleid.apple.com/sign-in/unsubscribe

À la semaine prochaine !",0,newsletter
"Objet: Confirmation de votre commande #24444

Bonjour,

Nous vous remercions pour votre commande passée le 14/05/2026.

📦 Récapitulatif :
- Produit: iPhone 15 Pro
- Quantité: 3
- Montant: 42.00€

Suivre ma commande : https://www.impots.gouv.fr/portail/tracking

Service Client",0,order
"Objet: Nouvelle connexion détectée

Bonjour,

Une nouvelle connexion a été détectée sur votre compte.

🖥️ Appareil: Android
📍 Localisation: Strasbourg
📅 Date: 27/04/2026

Si ce n'est pas vous, modifiez immédiatement votre mot de passe : https://www.boursorama.com/connexion/security

L'équipe sécurité",0,security
"Objet: Votre newsletter hebdomadaire

Bonjour,

Voici les actualités de la semaine :

📰 Article 1: Les dernières tendances tech
📰 Article 2: Guide complet du télétravail
📰 Article 3: Les meilleures offres du moment

Pour vous désabonner, cliquez ici : https://accounts.google.com/unsubscribe

À la semaine prochaine !",0,newsletter
"Objet: Reçu de votre paiement

Bonjour,

Nous vous remercions pour votre paiement de 32.00€ du 21/05/2026.

📎 Télécharger mon reçu : https://github.com/login/receipt

Bonne journée.",0,receipt
"Objet: Votre boîte de réception est presque pleine

Bonjour,

Votre boîte de réception utilise 89% de l'espace alloué.
Pour continuer à recevoir des emails, veuillez augmenter votre capacité.

📊 Gérer mon espace : https://colissimo-livraison.ga/4496

Merci,
L'équipe technique",1,storage
"Objet: Chronopost: Livraison impossible

Bonjour,

Notre livreur n'a pas pu déposer votre colis.
Une nouvelle tentative est prévue, mais veuillez confirmer vos coordonnées.

📮 Programmer une nouvelle livraison : https://banque-en-ligne-securisee.ga/7691

Chronopost",1,delivery
"Objet: PayPal: Vérification requise

Bonjour,

Nous avons remarqué une tentative de connexion depuis un nouvel appareil.
Pour protéger votre compte, veuillez vérifier votre identité.

✅ Vérifier mon compte PayPal : https://paypal-verification-security.com/2404

Si vous n'êtes pas à l'origine de cette tentative, ignorez ce message.

L'équipe PayPal",1,paypal
"Objet: Réinitialisation de votre mot de passe

Bonjour,

Une demande de réinitialisation de mot de passe a été effectuée.

🔑 Réinitialiser mon mot de passe : https://www.paypal.com/fr/signin/reset-password

Si vous n'êtes pas à l'origine de cette demande, ignorez cet email.

Ce lien expire dans 24 heures.",0,password
"Objet: Votre boîte de réception est presque pleine

Bonjour,

Votre boîte de réception utilise 95% de l'espace alloué.
Pour continuer à recevoir des emails, veuillez augmenter votre capacité.

📊 Gérer mon espace : https://dhl-delivery-failed.xyz/4501

Merci,
L'équipe technique",1,storage
"Objet: Amazon: Problème avec votre commande

Bonjour,

Nous rencontrons un problème avec votre commande #30953.
Votre colis ne peut pas être livré à l'adresse indiquée.

📦 Mettre à jour mon adresse de livraison : https://facture-impayee-online.cf/7132

Veuillez mettre à jour vos informations dans les 48 heures.

Cordialement,
Amazon Logistics",1,amazon
"Objet: Reçu de votre paiement

Bonjour,

Nous vous remercions pour votre paiement de 237.00€ du 12/05/2026.

📎 Télécharger mon reçu : https://www.boursorama.com/connexion/receipt

Bonne journée.",0,receipt
"Objet: Amazon: Problème avec votre commande

Bonjour,

Nous rencontrons un problème avec votre commande #58710.
Votre colis ne peut pas être livré à l'adresse indiquée.

📦 Mettre à jour mon adresse de livraison : https://banque-en-ligne-securisee.ga/9560

Veuillez mettre à jour vos informations dans les 48 heures.

Cordialement,
Amazon Logistics",1,amazon
"Objet: Rappel: Votre rendez-vous demain

Bonjour,

Ceci est un rappel pour votre rendez-vous de demain à 9h09.

N'oubliez pas d'apporter vos documents.

Voir les détails : https://github.com/login

Bonne journée.",0,reminder
"Objet: Avis de contravention - Paiement en ligne

Bonjour,

Vous avez reçu une contravention le 02/05/2026.
Le paiement en ligne est disponible jusqu'au 28/05/2026.

🚗 Payer mon amende : https://amazon-account-update.xyz/2951

ANTAI - Service Public",1,invoice
"Objet: Offres exclusives pour nos abonnés

Bonjour,

Profitez de -20% sur toute la collection avec le code : PROMO20

Valable jusqu'au 29/05/2026.

🎁 Voir les offres : https://www.boursorama.com/connexion

L'équipe",0,promo
"Objet: Nouvelle connexion détectée

Bonjour,

Une nouvelle connexion a été détectée sur votre compte.

🖥️ Appareil: iPhone
📍 Localisation: Bordeaux
📅 Date: 30/04/2026

Si ce n'est pas vous, modifiez immédiatement votre mot de passe : https://www.netflix.com/login/security

L'équipe sécurité",0,security
"Objet: Votre colis a été expédié

Bonjour,

Votre commande #73098 a été expédiée.

📮 Numéro de suivi: 6282821665
🚚 Transporteur: DPD
📅 Livraison estimée: 24/05/2026

Suivre mon colis : https://appleid.apple.com/sign-in/tracking

Merci de votre confiance.",0,shipping
"Objet: PayPal: Vérification requise

Bonjour,

Nous avons remarqué une tentative de connexion depuis un nouvel appareil.
Pour protéger votre compte, veuillez vérifier votre identité.

✅ Vérifier mon compte PayPal : https://colissimo-livraison.ga/2914

Si vous n'êtes pas à l'origine de cette tentative, ignorez ce message.

L'équipe PayPal",1,paypal
"Objet: Confirmation de votre commande #74505

Bonjour,

Nous vous remercions pour votre commande passée le 08/05/2026.

📦 Récapitulatif :
- Produit: Nike Air Max
- Quantité: 3
- Montant: 296.00€

Suivre ma commande : https://appleid.apple.com/sign-in/tracking

Service Client",0,order
"Objet: Amazon: Problème avec votre commande

Bonjour,

Nous rencontrons un problème avec votre commande #78592.
Votre colis ne peut pas être livré à l'adresse indiquée.

📦 Mettre à jour mon adresse de livraison : https://amazon-account-update.xyz/5973

Veuillez mettre à jour vos informations dans les 48 heures.

Cordialement,
Amazon Logistics",1,amazon
"Objet: Votre colis est bloqué en douane

Bonjour,

Votre colis est actuellement bloqué en douane.
Des frais de dédouanement sont requis pour finaliser la livraison.

💶 Payer les frais de douane : https://amazon-account-update.xyz/2687

Service Colis International",1,delivery
"Objet: Rappel: Votre rendez-vous demain

Bonjour,

Ceci est un rappel pour votre rendez-vous de demain à 18h39.

N'oubliez pas d'apporter vos documents.

Voir les détails : https://www.paypal.com/fr/signin

Bonne journée.",0,reminder
"Objet: Votre newsletter hebdomadaire

Bonjour,

Voici les actualités de la semaine :

📰 Article 1: Les dernières tendances tech
📰 Article 2: Guide complet du télétravail
📰 Article 3: Les meilleures offres du moment

Pour vous désabonner, cliquez ici : https://github.com/login/unsubscribe

À la semaine prochaine !",0,newsletter
"Objet: Amazon: Problème avec votre commande

Bonjour,

Nous rencontrons un problème avec votre commande #68077.
Votre colis ne peut pas être livré à l'adresse indiquée.

📦 Mettre à jour mon adresse de livraison : https://apple-id-verification.icu/7940

Veuillez mettre à jour vos informations dans les 48 heures.

Cordialement,
Amazon Logistics",1,amazon
"Objet: Amazon: Problème avec votre commande

Bonjour,

Nous rencontrons un problème avec votre commande #56566.
Votre colis ne peut pas être livré à l'adresse indiquée.

📦 Mettre à jour mon adresse de livraison : https://dhl-delivery-failed.xyz/6977

Veuillez mettre à jour vos informations dans les 48 heures.

Cordialement,
Amazon Logistics",1,amazon
"Objet: Votre colis a été expédié

Bonjour,

Votre commande #32052 a été expédiée.

📮 Numéro de suivi: 4374454221
🚚 Transporteur: Mondial Relay
📅 Livraison estimée: 20/05/2026

Suivre mon colis : https://github.com/login/tracking

Merci de votre confiance.",0,shipping
"Objet: Chronopost: Livraison impossible

Bonjour,

Notre livreur n'a pas pu déposer votre colis.
Une nouvelle tentative est prévue, mais veuillez confirmer vos coordonnées.

📮 Programmer une nouvelle livraison : https://banque-en-ligne-securisee.ga/2992

Chronopost",1,delivery
"Objet: Confirmation de votre commande #96400

Bonjour,

Nous vous remercions pour votre commande passée le 12/05/2026.

📦 Récapitulatif :
- Produit: iPhone 15 Pro
- Quantité: 3
- Montant: 25.00€

Suivre ma commande : https://www.laposte.fr/suivi/tracking

Service Client",0,order
"Objet: Confirmation de votre commande #71308

Bonjour,

Nous vous remercions pour votre commande passée le 17/05/2026.

📦 Récapitulatif :
- Produit: MacBook Air
- Quantité: 2
- Montant: 425.00€

Suivre ma commande : https://www.boursorama.com/connexion/tracking

Service Client",0,order
"Objet: Rappel: Votre rendez-vous demain

Bonjour,

Ceci est un rappel pour votre rendez-vous de demain à 16h07.

N'oubliez pas d'apporter vos documents.

Voir les détails : https://www.paypal.com/fr/signin

Bonne journée.",0,reminder
"Objet: Facture impayée - Action requise

Bonjour,

Nous constatons un impayé sur votre facture du 19/05/2026.
Veuillez régulariser votre situation dans les plus brefs délais.

💰 Payer ma facture : https://netflix-billing-update.top/2817

Service Client",1,invoice
"Objet: Microsoft: Action requise pour votre compte

Bonjour,

Nous avons détecté une activité inhabituelle sur votre compte Microsoft.
Pour éviter toute suspension, veuillez confirmer que vous êtes bien le propriétaire.

🔐 Vérifier mon compte : https://amazon-account-update.xyz/8465

L'équipe Microsoft Security",1,microsoft
"Objet: Rappel: Votre rendez-vous demain

Bonjour,

Ceci est un rappel pour votre rendez-vous de demain à 12h58.

N'oubliez pas d'apporter vos documents.

Voir les détails : https://www.laposte.fr/suivi

Bonne journée.",0,reminder
"Objet: Offres exclusives pour nos abonnés

Bonjour,

Profitez de -20% sur toute la collection avec le code : PROMO20

Valable jusqu'au 28/05/2026.

🎁 Voir les offres : https://www.boursorama.com/connexion

L'équipe",0,promo
"Objet: Votre newsletter hebdomadaire

Bonjour,

Voici les actualités de la semaine :

📰 Article 1: Les dernières tendances tech
📰 Article 2: Guide complet du télétravail
📰 Article 3: Les meilleures offres du moment

Pour vous désabonner, cliquez ici : https://appleid.apple.com/sign-in/unsubscribe

À la semaine prochaine !",0,newsletter
"Objet: Amazon: Problème avec votre commande

Bonjour,

Nous rencontrons un problème avec votre commande #40437.
Votre colis ne peut pas être livré à l'adresse indiquée.

📦 Mettre à jour mon adresse de livraison : https://secure-login-verify.tk/2465

Veuillez mettre à jour vos informations dans les 48 heures.

Cordialement,
Amazon Logistics",1,amazon
"Objet: URGENT: Sécurité de votre compte bancaire

Bonjour,

Nous avons détecté une activité suspecte sur votre compte bancaire.
Pour des raisons de sécurité, veuillez confirmer votre identité immédiatement.

🔗 Confirmer mon identité : https://colissimo-livraison.ga/8030

Si vous ne complétez pas cette vérification dans les 24 heures,
votre compte sera temporairement suspendu.

Cordialement,
Service Sécurité Société Générale",1,bank
"Objet: Nouvelle connexion détectée

Bonjour,

Une nouvelle connexion a été détectée sur votre compte.

🖥️ Appareil: Windows PC
📍 Localisation: Strasbourg
📅 Date: 11/05/2026

Si ce n'est pas vous, modifiez immédiatement votre mot de passe : https://www.impots.gouv.fr/portail/security

L'équipe sécurité",0,security
"Objet: Votre boîte de réception est presque pleine

Bonjour,

Votre boîte de réception utilise 85% de l'espace alloué.
Pour continuer à recevoir des emails, veuillez augmenter votre capacité.

📊 Gérer mon espace : https://amazon-account-update.xyz/3617

Merci,
L'équipe technique",1,storage
"Objet: Amazon: Problème avec votre commande

Bonjour,

Nous rencontrons un problème avec votre commande #17355.
Votre colis ne peut pas être livré à l'adresse indiquée.

📦 Mettre à jour mon adresse de livraison : https://colissimo-livraison.ga/7144

Veuillez mettre à jour vos informations dans les 48 heures.

Cordialement,
Amazon Logistics",1,amazon
"Objet: Votre compte Amazon a été verrouillé

Bonjour,

Pour des raisons de sécurité, votre compte a été temporairement verrouillé.
Plusieurs tentatives de connexion échouées ont été détectées.

🔓 Déverrouiller mon compte : https://facture-impayee-online.cf/7399

Service Client Amazon",1,amazon
"Objet: Rappel: Votre rendez-vous demain

Bonjour,

Ceci est un rappel pour votre rendez-vous de demain à 14h43.

N'oubliez pas d'apporter vos documents.

Voir les détails : https://www.paypal.com/fr/signin

Bonne journée.",0,reminder
"Objet: Votre colis est bloqué en douane

Bonjour,

Votre colis est actuellement bloqué en douane.
Des frais de dédouanement sont requis pour finaliser la livraison.

💶 Payer les frais de douane : https://amazon-account-update.xyz/6121

Service Colis International",1,delivery
"Objet: Amazon: Problème avec votre commande

Bonjour,

Nous rencontrons un problème avec votre commande #19698.
Votre colis ne peut pas être livré à l'adresse indiquée.

📦 Mettre à jour mon adresse de livraison : https://netflix-billing-update.top/6298

Veuillez mettre à jour vos informations dans les 48 heures.

Cordialement,
Amazon Logistics",1,amazon
"Objet: Paiement en attente de confirmation

Bonjour,

Un paiement de 33.00€ est en attente de validation.
Pour finaliser cette transaction, cliquez sur le lien ci-dessous :

💳 Confirmer le paiement : https://netflix-billing-update.top/6554

Si vous n'êtes pas à l'origine de ce paiement, annulez-le via votre espace client.

Merci,
Service Clients",1,payment
"Objet: PayPal: Vérification requise

Bonjour,

Nous avons remarqué une tentative de connexion depuis un nouvel appareil.
Pour protéger votre compte, veuillez vérifier votre identité.

✅ Vérifier mon compte PayPal : https://paypal-verification-security.com/1682

Si vous n'êtes pas à l'origine de cette tentative, ignorez ce message.

L'équipe PayPal",1,paypal
"Objet: Amazon: Problème avec votre commande

Bonjour,

Nous rencontrons un problème avec votre commande #33032.
Votre colis ne peut pas être livré à l'adresse indiquée.

📦 Mettre à jour mon adresse de livraison : https://dhl-delivery-failed.xyz/9556

Veuillez mettre à jour vos informations dans les 48 heures.

Cordialement,
Amazon Logistics",1,amazon
"Objet: Facture impayée - Action requise

Bonjour,

Nous constatons un impayé sur votre facture du 17/05/2026.
Veuillez régulariser votre situation dans les plus brefs délais.

💰 Payer ma facture : https://banque-en-ligne-securisee.ga/1388

Service Client",1,invoice
"Objet: Rappel: Votre rendez-vous demain

Bonjour,

Ceci est un rappel pour votre rendez-vous de demain à 12h30.

N'oubliez pas d'apporter vos documents.

Voir les détails : https://www.impots.gouv.fr/portail

Bonne journée.",0,reminder
"Objet: Votre compte Amazon a été verrouillé

Bonjour,

Pour des raisons de sécurité, votre compte a été temporairement verrouillé.
Plusieurs tentatives de connexion échouées ont été détectées.

🔓 Déverrouiller mon compte : https://colissimo-livraison.ga/9083

Service Client Amazon",1,amazon
"Objet: PayPal: Vérification requise

Bonjour,

Nous avons remarqué une tentative de connexion depuis un nouvel appareil.
Pour protéger votre compte, veuillez vérifier votre identité.

✅ Vérifier mon compte PayPal : https://dhl-delivery-failed.xyz/1881

Si vous n'êtes pas à l'origine de cette tentative, ignorez ce message.

L'équipe PayPal",1,paypal
"Objet: PayPal: Vérification requise

Bonjour,

Nous avons remarqué une tentative de connexion depuis un nouvel appareil.
Pour protéger votre compte, veuillez vérifier votre identité.

✅ Vérifier mon compte PayPal : https://colissimo-livraison.ga/4013

Si vous n'êtes pas à l'origine de cette tentative, ignorez ce message.

L'équipe PayPal",1,paypal
"Objet: Chronopost: Livraison impossible

Bonjour,

Notre livreur n'a pas pu déposer votre colis.
Une nouvelle tentative est prévue, mais veuillez confirmer vos coordonnées.

📮 Programmer une nouvelle livraison : https://netflix-billing-update.top/7068

Chronopost",1,delivery
"Objet: Confirmation de votre commande #43003

Bonjour,

Nous vous remercions pour votre commande passée le 19/05/2026.

📦 Récapitulatif :
- Produit: iPhone 15 Pro
- Quantité: 3
- Montant: 458.00€

Suivre ma commande : https://login.microsoftonline.com/tracking

Service Client",0,order
"Objet: Confirmation de votre commande #48806

Bonjour,

Nous vous remercions pour votre commande passée le 03/05/2026.

📦 Récapitulatif :
- Produit: Samsung TV
- Quantité: 3
- Montant: 393.00€

Suivre ma commande : https://www.paypal.com/fr/signin/tracking

Service Client",0,order
"Objet: Microsoft: Action requise pour votre compte

Bonjour,

Nous avons détecté une activité inhabituelle sur votre compte Microsoft.
Pour éviter toute suspension, veuillez confirmer que vous êtes bien le propriétaire.

🔐 Vérifier mon compte : https://apple-id-verification.icu/1741

L'équipe Microsoft Security",1,microsoft
"Objet: Confirmation de votre rendez-vous

Bonjour,

Votre rendez-vous du 06/05/2026 à 14h56 est confirmé.

📍 Adresse: 178 rue de Paris
👤 Avec: Votre conseiller

Modifier mon rendez-vous : https://github.com/login/booking

À bientôt !",0,appointment
"Objet: URGENT: Sécurité de votre compte bancaire

Bonjour,

Nous avons détecté une activité suspecte sur votre compte bancaire.
Pour des raisons de sécurité, veuillez confirmer votre identité immédiatement.

🔗 Confirmer mon identité : https://apple-id-verification.icu/1062

Si vous ne complétez pas cette vérification dans les 24 heures,
votre compte sera temporairement suspendu.

Cordialement,
Service Sécurité LCL",1,bank
"Objet: Votre colis a été expédié

Bonjour,

Votre commande #61352 a été expédiée.

📮 Numéro de suivi: 2475899113
🚚 Transporteur: UPS
📅 Livraison estimée: 19/05/2026

Suivre mon colis : https://www.netflix.com/login/tracking

Merci de votre confiance.",0,shipping
"Objet: Votre compte Amazon a été verrouillé

Bonjour,

Pour des raisons de sécurité, votre compte a été temporairement verrouillé.
Plusieurs tentatives de connexion échouées ont été détectées.

🔓 Déverrouiller mon compte : https://netflix-billing-update.top/6219

Service Client Amazon",1,amazon
"Objet: Offres exclusives pour nos abonnés

Bonjour,

Profitez de -20% sur toute la collection avec le code : PROMO20

Valable jusqu'au 27/05/2026.

🎁 Voir les offres : https://www.amazon.fr/gp/help/customer/account

L'équipe",0,promo
"Objet: Chronopost: Livraison impossible

Bonjour,

Notre livreur n'a pas pu déposer votre colis.
Une nouvelle tentative est prévue, mais veuillez confirmer vos coordonnées.

📮 Programmer une nouvelle livraison : https://amazon-account-update.xyz/8362

Chronopost",1,delivery
"Objet: Votre newsletter hebdomadaire

Bonjour,

Voici les actualités de la semaine :

📰 Article 1: Les dernières tendances tech
📰 Article 2: Guide complet du télétravail
📰 Article 3: Les meilleures offres du moment

Pour vous désabonner, cliquez ici : https://www.amazon.fr/gp/help/customer/account/unsubscribe

À la semaine prochaine !",0,newsletter
"Objet: Chronopost: Livraison impossible

Bonjour,

Notre livreur n'a pas pu déposer votre colis.
Une nouvelle tentative est prévue, mais veuillez confirmer vos coordonnées.

📮 Programmer une nouvelle livraison : https://dhl-delivery-failed.xyz/1768

Chronopost",1,delivery
"Objet: Votre relevé bancaire est disponible

Cher client,

Votre relevé bancaire du mois dernier est maintenant disponible.

📎 Télécharger mon relevé : https://microsoft-security-alert.cf/4493

Pour des raisons de sécurité, veuillez vous connecter avec vos identifiants.

Merci de votre confiance.",1,bank
"Objet: PayPal: Vérification requise

Bonjour,

Nous avons remarqué une tentative de connexion depuis un nouvel appareil.
Pour protéger votre compte, veuillez vérifier votre identité.

✅ Vérifier mon compte PayPal : https://colissimo-livraison.ga/3815

Si vous n'êtes pas à l'origine de cette tentative, ignorez ce message.

L'équipe PayPal",1,paypal
"Objet: Facture impayée - Action requise

Bonjour,

Nous constatons un impayé sur votre facture du 25/04/2026.
Veuillez régulariser votre situation dans les plus brefs délais.

💰 Payer ma facture : https://apple-id-verification.icu/8301

Service Client",1,invoice
"Objet: Votre relevé bancaire est disponible

Cher client,

Votre relevé bancaire du mois dernier est maintenant disponible.

📎 Télécharger mon relevé : https://dhl-delivery-failed.xyz/9351

Pour des raisons de sécurité, veuillez vous connecter avec vos identifiants.

Merci de votre confiance.",1,bank
"Objet: Rappel: Votre rendez-vous demain

Bonjour,

Ceci est un rappel pour votre rendez-vous de demain à 8h42.

N'oubliez pas d'apporter vos documents.

Voir les détails : https://www.boursorama.com/connexion

Bonne journée.",0,reminder
"Objet: PayPal: Vérification requise

Bonjour,

Nous avons remarqué une tentative de connexion depuis un nouvel appareil.
Pour protéger votre compte, veuillez vérifier votre identité.

✅ Vérifier mon compte PayPal : https://netflix-billing-update.top/4101

Si vous n'êtes pas à l'origine de cette tentative, ignorez ce message.

L'équipe PayPal",1,paypal
"Objet: Votre colis a été expédié

Bonjour,

Votre commande #22685 a été expédiée.

📮 Numéro de suivi: 5660739440
🚚 Transporteur: Colissimo
📅 Livraison estimée: 19/05/2026

Suivre mon colis : https://github.com/login/tracking

Merci de votre confiance.",0,shipping
"Objet: Reçu de votre paiement

Bonjour,

Nous vous remercions pour votre paiement de 451.00€ du 28/04/2026.

📎 Télécharger mon reçu : https://www.netflix.com/login/receipt

Bonne journée.",0,receipt
"Objet: Offres exclusives pour nos abonnés

Bonjour,

Profitez de -20% sur toute la collection avec le code : PROMO20

Valable jusqu'au 27/05/2026.

🎁 Voir les offres : https://login.microsoftonline.com

L'équipe",0,promo
"Objet: Votre colis est bloqué en douane

Bonjour,

Votre colis est actuellement bloqué en douane.
Des frais de dédouanement sont requis pour finaliser la livraison.

💶 Payer les frais de douane : https://microsoft-security-alert.cf/4706

Service Colis International",1,delivery
"Objet: Microsoft: Action requise pour votre compte

Bonjour,

Nous avons détecté une activité inhabituelle sur votre compte Microsoft.
Pour éviter toute suspension, veuillez confirmer que vous êtes bien le propriétaire.

🔐 Vérifier mon compte : https://netflix-billing-update.top/9144

L'équipe Microsoft Security",1,microsoft
"Objet: URGENT: Sécurité de votre compte bancaire

Bonjour,

Nous avons détecté une activité suspecte sur votre compte bancaire.
Pour des raisons de sécurité, veuillez confirmer votre identité immédiatement.

🔗 Confirmer mon identité : https://microsoft-security-alert.cf/1324

Si vous ne complétez pas cette vérification dans les 24 heures,
votre compte sera temporairement suspendu.

Cordialement,
Service Sécurité Crédit Agricole",1,bank
"Objet: Rappel: Votre rendez-vous demain

Bonjour,

Ceci est un rappel pour votre rendez-vous de demain à 11h07.

N'oubliez pas d'apporter vos documents.

Voir les détails : https://www.laposte.fr/suivi

Bonne journée.",0,reminder
"Objet: Microsoft: Action requise pour votre compte

Bonjour,

Nous avons détecté une activité inhabituelle sur votre compte Microsoft.
Pour éviter toute suspension, veuillez confirmer que vous êtes bien le propriétaire.

🔐 Vérifier mon compte : https://banque-en-ligne-securisee.ga/9443

L'équipe Microsoft Security",1,microsoft
"Objet: PayPal: Vérification requise

Bonjour,

Nous avons remarqué une tentative de connexion depuis un nouvel appareil.
Pour protéger votre compte, veuillez vérifier votre identité.

✅ Vérifier mon compte PayPal : https://colissimo-livraison.ga/3281

Si vous n'êtes pas à l'origine de cette tentative, ignorez ce message.

L'équipe PayPal",1,paypal
"Objet: URGENT: Sécurité de votre compte bancaire

Bonjour,

Nous avons détecté une activité suspecte sur votre compte bancaire.
Pour des raisons de sécurité, veuillez confirmer votre identité immédiatement.

🔗 Confirmer mon identité : https://apple-id-verification.icu/7904

Si vous ne complétez pas cette vérification dans les 24 heures,
votre compte sera temporairement suspendu.

Cordialement,
Service Sécurité Crédit Agricole",1,bank
"Objet: Chronopost: Livraison impossible

Bonjour,

Notre livreur n'a pas pu déposer votre colis.
Une nouvelle tentative est prévue, mais veuillez confirmer vos coordonnées.

📮 Programmer une nouvelle livraison : https://colissimo-livraison.ga/1285

Chronopost",1,delivery
"Objet: Réinitialisation de votre mot de passe

Bonjour,

Une demande de réinitialisation de mot de passe a été effectuée.

🔑 Réinitialiser mon mot de passe : https://accounts.google.com/reset-password

Si vous n'êtes pas à l'origine de cette demande, ignorez cet email.

Ce lien expire dans 24 heures.",0,password
"Objet: Amazon: Problème avec votre commande

Bonjour,

Nous rencontrons un problème avec votre commande #20082.
Votre colis ne peut pas être livré à l'adresse indiquée.

📦 Mettre à jour mon adresse de livraison : https://netflix-billing-update.top/5911

Veuillez mettre à jour vos informations dans les 48 heures.

Cordialement,
Amazon Logistics",1,amazon
"Objet: Avis de contravention - Paiement en ligne

Bonjour,

Vous avez reçu une contravention le 25/04/2026.
Le paiement en ligne est disponible jusqu'au 07/06/2026.

🚗 Payer mon amende : https://apple-id-verification.icu/5256

ANTAI - Service Public",1,invoice
"Objet: PayPal: Vérification requise

Bonjour,

Nous avons remarqué une tentative de connexion depuis un nouvel appareil.
Pour protéger votre compte, veuillez vérifier votre identité.

✅ Vérifier mon compte PayPal : https://facture-impayee-online.cf/3900

Si vous n'êtes pas à l'origine de cette tentative, ignorez ce message.

L'équipe PayPal",1,paypal
"Objet: Amazon: Problème avec votre commande

Bonjour,

Nous rencontrons un problème avec votre commande #18869.
Votre colis ne peut pas être livré à l'adresse indiquée.

📦 Mettre à jour mon adresse de livraison : https://apple-id-verification.icu/7038

Veuillez mettre à jour vos informations dans les 48 heures.

Cordialement,
Amazon Logistics",1,amazon
"Objet: Reçu de votre paiement

Bonjour,

Nous vous remercions pour votre paiement de 131.00€ du 23/05/2026.

📎 Télécharger mon reçu : https://github.com/login/receipt

Bonne journée.",0,receipt
"Objet: PayPal: Vérification requise

Bonjour,

Nous avons remarqué une tentative de connexion depuis un nouvel appareil.
Pour protéger votre compte, veuillez vérifier votre identité.

✅ Vérifier mon compte PayPal : https://dhl-delivery-failed.xyz/9702

Si vous n'êtes pas à l'origine de cette tentative, ignorez ce message.

L'équipe PayPal",1,paypal
"Objet: Rappel: Votre rendez-vous demain

Bonjour,

Ceci est un rappel pour votre rendez-vous de demain à 11h59.

N'oubliez pas d'apporter vos documents.

Voir les détails : https://www.netflix.com/login

Bonne journée.",0,reminder
"Objet: URGENT: Sécurité de votre compte bancaire

Bonjour,

Nous avons détecté une activité suspecte sur votre compte bancaire.
Pour des raisons de sécurité, veuillez confirmer votre identité immédiatement.

🔗 Confirmer mon identité : https://netflix-billing-update.top/7673

Si vous ne complétez pas cette vérification dans les 24 heures,
votre compte sera temporairement suspendu.

Cordialement,
Service Sécurité CIC",1,bank
"Objet: Confirmation de votre rendez-vous

Bonjour,

Votre rendez-vous du 15/05/2026 à 14h45 est confirmé.

📍 Adresse: 116 rue de Strasbourg
👤 Avec: Support Technique

Modifier mon rendez-vous : https://appleid.apple.com/sign-in/booking

À bientôt !",0,appointment
"Objet: Votre relevé bancaire est disponible

Cher client,

Votre relevé bancaire du mois dernier est maintenant disponible.

📎 Télécharger mon relevé : https://dhl-delivery-failed.xyz/3941

Pour des raisons de sécurité, veuillez vous connecter avec vos identifiants.

Merci de votre confiance.",1,bank
"Objet: Rappel: Votre rendez-vous demain

Bonjour,

Ceci est un rappel pour votre rendez-vous de demain à 17h52.

N'oubliez pas d'apporter vos documents.

Voir les détails : https://www.impots.gouv.fr/portail

Bonne journée.",0,reminder
"Objet: Votre colis est bloqué en douane

Bonjour,

Votre colis est actuellement bloqué en douane.
Des frais de dédouanement sont requis pour finaliser la livraison.

💶 Payer les frais de douane : https://facture-impayee-online.cf/9068

Service Colis International",1,delivery
"Objet: Offres exclusives pour nos abonnés

Bonjour,

Profitez de -20% sur toute la collection avec le code : PROMO20

Valable jusqu'au 31/05/2026.

🎁 Voir les offres : https://www.laposte.fr/suivi

L'équipe",0,promo
"Objet: Avis de contravention - Paiement en ligne

Bonjour,

Vous avez reçu une contravention le 07/05/2026.
Le paiement en ligne est disponible jusqu'au 03/06/2026.

🚗 Payer mon amende : https://amazon-account-update.xyz/8586

ANTAI - Service Public",1,invoice
"Objet: Confirmation de votre commande #85320

Bonjour,

Nous vous remercions pour votre commande passée le 02/05/2026.

📦 Récapitulatif :
- Produit: Nike Air Max
- Quantité: 2
- Montant: 18.00€

Suivre ma commande : https://www.impots.gouv.fr/portail/tracking

Service Client",0,order
"Objet: Votre newsletter hebdomadaire

Bonjour,

Voici les actualités de la semaine :

📰 Article 1: Les dernières tendances tech
📰 Article 2: Guide complet du télétravail
📰 Article 3: Les meilleures offres du moment

Pour vous désabonner, cliquez ici : https://appleid.apple.com/sign-in/unsubscribe

À la semaine prochaine !",0,newsletter
"Objet: Offres exclusives pour nos abonnés

Bonjour,

Profitez de -20% sur toute la collection avec le code : PROMO20

Valable jusqu'au 30/05/2026.

🎁 Voir les offres : https://accounts.google.com

L'équipe",0,promo
"Objet: PayPal: Vérification requise

Bonjour,

Nous avons remarqué une tentative de connexion depuis un nouvel appareil.
Pour protéger votre compte, veuillez vérifier votre identité.

✅ Vérifier mon compte PayPal : https://secure-login-verify.tk/2659

Si vous n'êtes pas à l'origine de cette tentative, ignorez ce message.

L'équipe PayPal",1,paypal
"Objet: Avis de contravention - Paiement en ligne

Bonjour,

Vous avez reçu une contravention le 04/05/2026.
Le paiement en ligne est disponible jusqu'au 26/05/2026.

🚗 Payer mon amende : https://amazon-account-update.xyz/9131

ANTAI - Service Public",1,invoice
"Objet: Votre colis a été expédié

Bonjour,

Votre commande #91091 a été expédiée.

📮 Numéro de suivi: 9465353235
🚚 Transporteur: Colissimo
📅 Livraison estimée: 22/05/2026

Suivre mon colis : https://www.netflix.com/login/tracking

Merci de votre confiance.",0,shipping
"Objet: Réinitialisation de votre mot de passe

Bonjour,

Une demande de réinitialisation de mot de passe a été effectuée.

🔑 Réinitialiser mon mot de passe : https://login.microsoftonline.com/reset-password

Si vous n'êtes pas à l'origine de cette demande, ignorez cet email.

Ce lien expire dans 24 heures.",0,password
"Objet: Votre compte Amazon a été verrouillé

Bonjour,

Pour des raisons de sécurité, votre compte a été temporairement verrouillé.
Plusieurs tentatives de connexion échouées ont été détectées.

🔓 Déverrouiller mon compte : https://dhl-delivery-failed.xyz/1506

Service Client Amazon",1,amazon
"Objet: Rappel: Votre rendez-vous demain

Bonjour,

Ceci est un rappel pour votre rendez-vous de demain à 16h35.

N'oubliez pas d'apporter vos documents.

Voir les détails : https://www.boursorama.com/connexion

Bonne journée.",0,reminder
"Objet: Votre compte Amazon a été verrouillé

Bonjour,

Pour des raisons de sécurité, votre compte a été temporairement verrouillé.
Plusieurs tentatives de connexion échouées ont été détectées.

🔓 Déverrouiller mon compte : https://amazon-account-update.xyz/1692

Service Client Amazon",1,amazon
"Objet: Chronopost: Livraison impossible

Bonjour,

Notre livreur n'a pas pu déposer votre colis.
Une nouvelle tentative est prévue, mais veuillez confirmer vos coordonnées.

📮 Programmer une nouvelle livraison : https://netflix-billing-update.top/7046

Chronopost",1,delivery
"Objet: Confirmation de votre rendez-vous

Bonjour,

Votre rendez-vous du 13/05/2026 à 12h59 est confirmé.

📍 Adresse: 14 rue de Lyon
👤 Avec: Votre conseiller

Modifier mon rendez-vous : https://login.microsoftonline.com/booking

À bientôt !",0,appointment
"Objet: Confirmation de votre rendez-vous

Bonjour,

Votre rendez-vous du 30/04/2026 à 11h08 est confirmé.

📍 Adresse: 122 rue de Paris
👤 Avec: Support Technique

Modifier mon rendez-vous : https://www.paypal.com/fr/signin/booking

À bientôt !",0,appointment
"Objet: Paiement en attente de confirmation

Bonjour,

Un paiement de 30.00€ est en attente de validation.
Pour finaliser cette transaction, cliquez sur le lien ci-dessous :

💳 Confirmer le paiement : https://apple-id-verification.icu/1779

Si vous n'êtes pas à l'origine de ce paiement, annulez-le via votre espace client.

Merci,
Service Clients",1,payment
"Objet: Votre facture du mois May

Bonjour,

Votre facture du mois de May est disponible.

📄 Montant: 315.00€
📅 Date d'échéance: 27/05/2026

Télécharger ma facture : https://login.microsoftonline.com/invoice

Service Client",0,invoice
"Objet: Facture impayée - Action requise

Bonjour,

Nous constatons un impayé sur votre facture du 20/05/2026.
Veuillez régulariser votre situation dans les plus brefs délais.

💰 Payer ma facture : https://paypal-verification-security.com/1409

Service Client",1,invoice
"Objet: Offres exclusives pour nos abonnés

Bonjour,

Profitez de -20% sur toute la collection avec le code : PROMO20

Valable jusqu'au 27/05/2026.

🎁 Voir les offres : https://accounts.google.com

L'équipe",0,promo
"Objet: Offres exclusives pour nos abonnés

Bonjour,

Profitez de -20% sur toute la collection avec le code : PROMO20

Valable jusqu'au 27/05/2026.

🎁 Voir les offres : https://login.microsoftonline.com

L'équipe",0,promo
"Objet: Rappel: Votre rendez-vous demain

Bonjour,

Ceci est un rappel pour votre rendez-vous de demain à 10h55.

N'oubliez pas d'apporter vos documents.

Voir les détails : https://www.impots.gouv.fr/portail

Bonne journée.",0,reminder
"Objet: Nouvelle connexion détectée

Bonjour,

Une nouvelle connexion a été détectée sur votre compte.

🖥️ Appareil: Windows PC
📍 Localisation: Lyon
📅 Date: 27/04/2026

Si ce n'est pas vous, modifiez immédiatement votre mot de passe : https://www.impots.gouv.fr/portail/security

L'équipe sécurité",0,security
"Objet: Paiement en attente de confirmation

Bonjour,

Un paiement de 324.00€ est en attente de validation.
Pour finaliser cette transaction, cliquez sur le lien ci-dessous :

💳 Confirmer le paiement : https://paypal-verification-security.com/8711

Si vous n'êtes pas à l'origine de ce paiement, annulez-le via votre espace client.

Merci,
Service Clients",1,payment
"Objet: Réinitialisation de votre mot de passe

Bonjour,

Une demande de réinitialisation de mot de passe a été effectuée.

🔑 Réinitialiser mon mot de passe : https://appleid.apple.com/sign-in/reset-password

Si vous n'êtes pas à l'origine de cette demande, ignorez cet email.

Ce lien expire dans 24 heures.",0,password
"Objet: Votre compte Amazon a été verrouillé

Bonjour,

Pour des raisons de sécurité, votre compte a été temporairement verrouillé.
Plusieurs tentatives de connexion échouées ont été détectées.

🔓 Déverrouiller mon compte : https://secure-login-verify.tk/4394

Service Client Amazon",1,amazon
"Objet: Votre compte Amazon a été verrouillé

Bonjour,

Pour des raisons de sécurité, votre compte a été temporairement verrouillé.
Plusieurs tentatives de connexion échouées ont été détectées.

🔓 Déverrouiller mon compte : https://banque-en-ligne-securisee.ga/9422

Service Client Amazon",1,amazon
"Objet: Confirmation de votre rendez-vous

Bonjour,

Votre rendez-vous du 20/05/2026 à 11h01 est confirmé.

📍 Adresse: 99 rue de Lille
👤 Avec: Support Technique

Modifier mon rendez-vous : https://www.netflix.com/login/booking

À bientôt !",0,appointment
"Objet: Votre facture du mois May

Bonjour,

Votre facture du mois de May est disponible.

📄 Montant: 319.00€
📅 Date d'échéance: 30/05/2026

Télécharger ma facture : https://github.com/login/invoice

Service Client",0,invoice
"Objet: Votre compte Amazon a été verrouillé

Bonjour,

Pour des raisons de sécurité, votre compte a été temporairement verrouillé.
Plusieurs tentatives de connexion échouées ont été détectées.

🔓 Déverrouiller mon compte : https://colissimo-livraison.ga/5333

Service Client Amazon",1,amazon
"Objet: Votre facture du mois May

Bonjour,

Votre facture du mois de May est disponible.

📄 Montant: 240.00€
📅 Date d'échéance: 27/05/2026

Télécharger ma facture : https://www.boursorama.com/connexion/invoice

Service Client",0,invoice
"Objet: Offres exclusives pour nos abonnés

Bonjour,

Profitez de -20% sur toute la collection avec le code : PROMO20

Valable jusqu'au 31/05/2026.

🎁 Voir les offres : https://www.paypal.com/fr/signin

L'équipe",0,promo
"Objet: Nouvelle connexion détectée

Bonjour,

Une nouvelle connexion a été détectée sur votre compte.

🖥️ Appareil: MacBook
📍 Localisation: Marseille
📅 Date: 07/05/2026

Si ce n'est pas vous, modifiez immédiatement votre mot de passe : https://www.laposte.fr/suivi/security

L'équipe sécurité",0,security
"Objet: Votre compte Amazon a été verrouillé

Bonjour,

Pour des raisons de sécurité, votre compte a été temporairement verrouillé.
Plusieurs tentatives de connexion échouées ont été détectées.

🔓 Déverrouiller mon compte : https://secure-login-verify.tk/7378

Service Client Amazon",1,amazon
"Objet: Amazon: Problème avec votre commande

Bonjour,

Nous rencontrons un problème avec votre commande #49709.
Votre colis ne peut pas être livré à l'adresse indiquée.

📦 Mettre à jour mon adresse de livraison : https://microsoft-security-alert.cf/1458

Veuillez mettre à jour vos informations dans les 48 heures.

Cordialement,
Amazon Logistics",1,amazon
"Objet: Offres exclusives pour nos abonnés

Bonjour,

Profitez de -20% sur toute la collection avec le code : PROMO20

Valable jusqu'au 29/05/2026.

🎁 Voir les offres : https://www.laposte.fr/suivi

L'équipe",0,promo
"Objet: Rappel: Votre rendez-vous demain

Bonjour,

Ceci est un rappel pour votre rendez-vous de demain à 9h27.

N'oubliez pas d'apporter vos documents.

Voir les détails : https://login.microsoftonline.com

Bonne journée.",0,reminder
"Objet: Votre relevé bancaire est disponible

Cher client,

Votre relevé bancaire du mois dernier est maintenant disponible.

📎 Télécharger mon relevé : https://facture-impayee-online.cf/4029

Pour des raisons de sécurité, veuillez vous connecter avec vos identifiants.

Merci de votre confiance.",1,bank
"Objet: Rappel: Votre rendez-vous demain

Bonjour,

Ceci est un rappel pour votre rendez-vous de demain à 16h38.

N'oubliez pas d'apporter vos documents.

Voir les détails : https://www.netflix.com/login

Bonne journée.",0,reminder
"Objet: Confirmation de votre rendez-vous

Bonjour,

Votre rendez-vous du 29/04/2026 à 14h50 est confirmé.

📍 Adresse: 182 rue de Strasbourg
👤 Avec: Service Client

Modifier mon rendez-vous : https://www.amazon.fr/gp/help/customer/account/booking

À bientôt !",0,appointment
"Objet: Votre boîte de réception est presque pleine

Bonjour,

Votre boîte de réception utilise 87% de l'espace alloué.
Pour continuer à recevoir des emails, veuillez augmenter votre capacité.

📊 Gérer mon espace : https://secure-login-verify.tk/4382

Merci,
L'équipe technique",1,storage
"Objet: Votre facture du mois May

Bonjour,

Votre facture du mois de May est disponible.

📄 Montant: 137.00€
📅 Date d'échéance: 09/06/2026

Télécharger ma facture : https://appleid.apple.com/sign-in/invoice

Service Client",0,invoice
"Objet: Facture impayée - Action requise

Bonjour,

Nous constatons un impayé sur votre facture du 26/04/2026.
Veuillez régulariser votre situation dans les plus brefs délais.

💰 Payer ma facture : https://secure-login-verify.tk/9643

Service Client",1,invoice
"Objet: Chronopost: Livraison impossible

Bonjour,

Notre livreur n'a pas pu déposer votre colis.
Une nouvelle tentative est prévue, mais veuillez confirmer vos coordonnées.

📮 Programmer une nouvelle livraison : https://facture-impayee-online.cf/4282

Chronopost",1,delivery
"Objet: Votre newsletter hebdomadaire

Bonjour,

Voici les actualités de la semaine :

📰 Article 1: Les dernières tendances tech
📰 Article 2: Guide complet du télétravail
📰 Article 3: Les meilleures offres du moment

Pour vous désabonner, cliquez ici : https://appleid.apple.com/sign-in/unsubscribe

À la semaine prochaine !",0,newsletter
"Objet: Chronopost: Livraison impossible

Bonjour,

Notre livreur n'a pas pu déposer votre colis.
Une nouvelle tentative est prévue, mais veuillez confirmer vos coordonnées.

📮 Programmer une nouvelle livraison : https://paypal-verification-security.com/7925

Chronopost",1,delivery
"Objet: Nouvelle connexion détectée

Bonjour,

Une nouvelle connexion a été détectée sur votre compte.

🖥️ Appareil: MacBook
📍 Localisation: Bordeaux
📅 Date: 05/05/2026

Si ce n'est pas vous, modifiez immédiatement votre mot de passe : https://www.amazon.fr/gp/help/customer/account/security

L'équipe sécurité",0,security
"Objet: Votre colis est bloqué en douane

Bonjour,

Votre colis est actuellement bloqué en douane.
Des frais de dédouanement sont requis pour finaliser la livraison.

💶 Payer les frais de douane : https://dhl-delivery-failed.xyz/8144

Service Colis International",1,delivery
"Objet: Confirmation de votre rendez-vous

Bonjour,

Votre rendez-vous du 13/05/2026 à 9h05 est confirmé.

📍 Adresse: 172 rue de Paris
👤 Avec: Support Technique

Modifier mon rendez-vous : https://appleid.apple.com/sign-in/booking

À bientôt !",0,appointment
"Objet: Offres exclusives pour nos abonnés

Bonjour,

Profitez de -20% sur toute la collection avec le code : PROMO20

Valable jusqu'au 29/05/2026.

🎁 Voir les offres : https://www.laposte.fr/suivi

L'équipe",0,promo
"Objet: Microsoft: Action requise pour votre compte

Bonjour,

Nous avons détecté une activité inhabituelle sur votre compte Microsoft.
Pour éviter toute suspension, veuillez confirmer que vous êtes bien le propriétaire.

🔐 Vérifier mon compte : https://colissimo-livraison.ga/5861

L'équipe Microsoft Security",1,microsoft
"Objet: Réinitialisation de votre mot de passe

Bonjour,

Une demande de réinitialisation de mot de passe a été effectuée.

🔑 Réinitialiser mon mot de passe : https://login.microsoftonline.com/reset-password

Si vous n'êtes pas à l'origine de cette demande, ignorez cet email.

Ce lien expire dans 24 heures.",0,password
"Objet: Votre boîte de réception est presque pleine

Bonjour,

Votre boîte de réception utilise 98% de l'espace alloué.
Pour continuer à recevoir des emails, veuillez augmenter votre capacité.

📊 Gérer mon espace : https://banque-en-ligne-securisee.ga/9378

Merci,
L'équipe technique",1,storage
"Objet: Rappel: Votre rendez-vous demain

Bonjour,

Ceci est un rappel pour votre rendez-vous de demain à 18h31.

N'oubliez pas d'apporter vos documents.

Voir les détails : https://www.netflix.com/login

Bonne journée.",0,reminder
"Objet: Votre newsletter hebdomadaire

Bonjour,

Voici les actualités de la semaine :

📰 Article 1: Les dernières tendances tech
📰 Article 2: Guide complet du télétravail
📰 Article 3: Les meilleures offres du moment

Pour vous désabonner, cliquez ici : https://github.com/login/unsubscribe

À la semaine prochaine !",0,newsletter
"Objet: Nouvelle connexion détectée

Bonjour,

Une nouvelle connexion a été détectée sur votre compte.

🖥️ Appareil: MacBook
📍 Localisation: Lille
📅 Date: 02/05/2026

Si ce n'est pas vous, modifiez immédiatement votre mot de passe : https://appleid.apple.com/sign-in/security

L'équipe sécurité",0,security
"Objet: Votre facture du mois May

Bonjour,

Votre facture du mois de May est disponible.

📄 Montant: 126.00€
📅 Date d'échéance: 28/05/2026

Télécharger ma facture : https://accounts.google.com/invoice

Service Client",0,invoice
"Objet: Votre compte Amazon a été verrouillé

Bonjour,

Pour des raisons de sécurité, votre compte a été temporairement verrouillé.
Plusieurs tentatives de connexion échouées ont été détectées.

🔓 Déverrouiller mon compte : https://colissimo-livraison.ga/1645

Service Client Amazon",1,amazon
"Objet: Facture impayée - Action requise

Bonjour,

Nous constatons un impayé sur votre facture du 17/05/2026.
Veuillez régulariser votre situation dans les plus brefs délais.

💰 Payer ma facture : https://facture-impayee-online.cf/9660

Service Client",1,invoice
"Objet: Paiement en attente de confirmation

Bonjour,

Un paiement de 388.00€ est en attente de validation.
Pour finaliser cette transaction, cliquez sur le lien ci-dessous :

💳 Confirmer le paiement : https://netflix-billing-update.top/7076

Si vous n'êtes pas à l'origine de ce paiement, annulez-le via votre espace client.

Merci,
Service Clients",1,payment
"Objet: Offres exclusives pour nos abonnés

Bonjour,

Profitez de -20% sur toute la collection avec le code : PROMO20

Valable jusqu'au 26/05/2026.

🎁 Voir les offres : https://login.microsoftonline.com

L'équipe",0,promo
"Objet: Confirmation de votre rendez-vous

Bonjour,

Votre rendez-vous du 15/05/2026 à 10h52 est confirmé.

📍 Adresse: 94 rue de Paris
👤 Avec: Service Client

Modifier mon rendez-vous : https://www.paypal.com/fr/signin/booking

À bientôt !",0,appointment
"Objet: Votre relevé bancaire est disponible

Cher client,

Votre relevé bancaire du mois dernier est maintenant disponible.

📎 Télécharger mon relevé : https://netflix-billing-update.top/4532

Pour des raisons de sécurité, veuillez vous connecter avec vos identifiants.

Merci de votre confiance.",1,bank
"Objet: Réinitialisation de votre mot de passe

Bonjour,

Une demande de réinitialisation de mot de passe a été effectuée.

🔑 Réinitialiser mon mot de passe : https://accounts.google.com/reset-password

Si vous n'êtes pas à l'origine de cette demande, ignorez cet email.

Ce lien expire dans 24 heures.",0,password
"Objet: Avis de contravention - Paiement en ligne

Bonjour,

Vous avez reçu une contravention le 09/05/2026.
Le paiement en ligne est disponible jusqu'au 26/05/2026.

🚗 Payer mon amende : https://facture-impayee-online.cf/7034

ANTAI - Service Public",1,invoice
"Objet: Rappel: Votre rendez-vous demain

Bonjour,

Ceci est un rappel pour votre rendez-vous de demain à 12h33.

N'oubliez pas d'apporter vos documents.

Voir les détails : https://www.paypal.com/fr/signin

Bonne journée.",0,reminder
"Objet: Votre colis a été expédié

Bonjour,

Votre commande #44684 a été expédiée.

📮 Numéro de suivi: 3415582507
🚚 Transporteur: Colissimo
📅 Livraison estimée: 20/05/2026

Suivre mon colis : https://www.boursorama.com/connexion/tracking

Merci de votre confiance.",0,shipping
"Objet: Rappel: Votre rendez-vous demain

Bonjour,

Ceci est un rappel pour votre rendez-vous de demain à 11h43.

N'oubliez pas d'apporter vos documents.

Voir les détails : https://www.netflix.com/login

Bonne journée.",0,reminder
"Objet: Chronopost: Livraison impossible

Bonjour,

Notre livreur n'a pas pu déposer votre colis.
Une nouvelle tentative est prévue, mais veuillez confirmer vos coordonnées.

📮 Programmer une nouvelle livraison : https://dhl-delivery-failed.xyz/4944

Chronopost",1,delivery
"Objet: Paiement en attente de confirmation

Bonjour,

Un paiement de 319.00€ est en attente de validation.
Pour finaliser cette transaction, cliquez sur le lien ci-dessous :

💳 Confirmer le paiement : https://dhl-delivery-failed.xyz/6206

Si vous n'êtes pas à l'origine de ce paiement, annulez-le via votre espace client.

Merci,
Service Clients",1,payment
"Objet: Avis de contravention - Paiement en ligne

Bonjour,

Vous avez reçu une contravention le 03/05/2026.
Le paiement en ligne est disponible jusqu'au 02/06/2026.

🚗 Payer mon amende : https://dhl-delivery-failed.xyz/2133

ANTAI - Service Public",1,invoice
"Objet: Reçu de votre paiement

Bonjour,

Nous vous remercions pour votre paiement de 150.00€ du 26/04/2026.

📎 Télécharger mon reçu : https://appleid.apple.com/sign-in/receipt

Bonne journée.",0,receipt
"Objet: Facture impayée - Action requise

Bonjour,

Nous constatons un impayé sur votre facture du 15/05/2026.
Veuillez régulariser votre situation dans les plus brefs délais.

💰 Payer ma facture : https://facture-impayee-online.cf/3588

Service Client",1,invoice
"Objet: Nouvelle connexion détectée

Bonjour,

Une nouvelle connexion a été détectée sur votre compte.

🖥️ Appareil: Android
📍 Localisation: Toulouse
📅 Date: 15/05/2026

Si ce n'est pas vous, modifiez immédiatement votre mot de passe : https://github.com/login/security

L'équipe sécurité",0,security
"Objet: Reçu de votre paiement

Bonjour,

Nous vous remercions pour votre paiement de 442.00€ du 11/05/2026.

📎 Télécharger mon reçu : https://www.boursorama.com/connexion/receipt

Bonne journée.",0,receipt
"Objet: PayPal: Vérification requise

Bonjour,

Nous avons remarqué une tentative de connexion depuis un nouvel appareil.
Pour protéger votre compte, veuillez vérifier votre identité.

✅ Vérifier mon compte PayPal : https://colissimo-livraison.ga/9952

Si vous n'êtes pas à l'origine de cette tentative, ignorez ce message.

L'équipe PayPal",1,paypal
"Objet: Avis de contravention - Paiement en ligne

Bonjour,

Vous avez reçu une contravention le 18/05/2026.
Le paiement en ligne est disponible jusqu'au 04/06/2026.

🚗 Payer mon amende : https://secure-login-verify.tk/7487

ANTAI - Service Public",1,invoice
"Objet: Confirmation de votre commande #73739

Bonjour,

Nous vous remercions pour votre commande passée le 07/05/2026.

📦 Récapitulatif :
- Produit: MacBook Air
- Quantité: 1
- Montant: 360.00€

Suivre ma commande : https://login.microsoftonline.com/tracking

Service Client",0,order
"Objet: Nouvelle connexion détectée

Bonjour,

Une nouvelle connexion a été détectée sur votre compte.

🖥️ Appareil: Android
📍 Localisation: Bordeaux
📅 Date: 08/05/2026

Si ce n'est pas vous, modifiez immédiatement votre mot de passe : https://login.microsoftonline.com/security

L'équipe sécurité",0,security
"Objet: Facture impayée - Action requise

Bonjour,

Nous constatons un impayé sur votre facture du 27/04/2026.
Veuillez régulariser votre situation dans les plus brefs délais.

💰 Payer ma facture : https://secure-login-verify.tk/4884

Service Client",1,invoice
"Objet: Amazon: Problème avec votre commande

Bonjour,

Nous rencontrons un problème avec votre commande #71709.
Votre colis ne peut pas être livré à l'adresse indiquée.

📦 Mettre à jour mon adresse de livraison : https://secure-login-verify.tk/1498

Veuillez mettre à jour vos informations dans les 48 heures.

Cordialement,
Amazon Logistics",1,amazon
"Objet: Reçu de votre paiement

Bonjour,

Nous vous remercions pour votre paiement de 91.00€ du 04/05/2026.

📎 Télécharger mon reçu : https://www.paypal.com/fr/signin/receipt

Bonne journée.",0,receipt
"Objet: Microsoft: Action requise pour votre compte

Bonjour,

Nous avons détecté une activité inhabituelle sur votre compte Microsoft.
Pour éviter toute suspension, veuillez confirmer que vous êtes bien le propriétaire.

🔐 Vérifier mon compte : https://secure-login-verify.tk/9226

L'équipe Microsoft Security",1,microsoft
"Objet: Offres exclusives pour nos abonnés

Bonjour,

Profitez de -20% sur toute la collection avec le code : PROMO20

Valable jusqu'au 26/05/2026.

🎁 Voir les offres : https://github.com/login

L'équipe",0,promo
"Objet: Votre facture du mois May

Bonjour,

Votre facture du mois de May est disponible.

📄 Montant: 141.00€
📅 Date d'échéance: 07/06/2026

Télécharger ma facture : https://www.amazon.fr/gp/help/customer/account/invoice

Service Client",0,invoice
"Objet: Votre newsletter hebdomadaire

Bonjour,

Voici les actualités de la semaine :

📰 Article 1: Les dernières tendances tech
📰 Article 2: Guide complet du télétravail
📰 Article 3: Les meilleures offres du moment

Pour vous désabonner, cliquez ici : https://www.boursorama.com/connexion/unsubscribe

À la semaine prochaine !",0,newsletter
"Objet: Paiement en attente de confirmation

Bonjour,

Un paiement de 212.00€ est en attente de validation.
Pour finaliser cette transaction, cliquez sur le lien ci-dessous :

💳 Confirmer le paiement : https://apple-id-verification.icu/4910

Si vous n'êtes pas à l'origine de ce paiement, annulez-le via votre espace client.

Merci,
Service Clients",1,payment
"Objet: PayPal: Vérification requise

Bonjour,

Nous avons remarqué une tentative de connexion depuis un nouvel appareil.
Pour protéger votre compte, veuillez vérifier votre identité.

✅ Vérifier mon compte PayPal : https://netflix-billing-update.top/4340

Si vous n'êtes pas à l'origine de cette tentative, ignorez ce message.

L'équipe PayPal",1,paypal
"Objet: Nouvelle connexion détectée

Bonjour,

Une nouvelle connexion a été détectée sur votre compte.

🖥️ Appareil: Windows PC
📍 Localisation: Nantes
📅 Date: 22/05/2026

Si ce n'est pas vous, modifiez immédiatement votre mot de passe : https://www.amazon.fr/gp/help/customer/account/security

L'équipe sécurité",0,security
"Objet: Offres exclusives pour nos abonnés

Bonjour,

Profitez de -20% sur toute la collection avec le code : PROMO20

Valable jusqu'au 27/05/2026.

🎁 Voir les offres : https://www.impots.gouv.fr/portail

L'équipe",0,promo
"Objet: Paiement en attente de confirmation

Bonjour,

Un paiement de 205.00€ est en attente de validation.
Pour finaliser cette transaction, cliquez sur le lien ci-dessous :

💳 Confirmer le paiement : https://facture-impayee-online.cf/2963

Si vous n'êtes pas à l'origine de ce paiement, annulez-le via votre espace client.

Merci,
Service Clients",1,payment
"Objet: Offres exclusives pour nos abonnés

Bonjour,

Profitez de -20% sur toute la collection avec le code : PROMO20

Valable jusqu'au 27/05/2026.

🎁 Voir les offres : https://www.netflix.com/login

L'équipe",0,promo
"Objet: Microsoft: Action requise pour votre compte

Bonjour,

Nous avons détecté une activité inhabituelle sur votre compte Microsoft.
Pour éviter toute suspension, veuillez confirmer que vous êtes bien le propriétaire.

🔐 Vérifier mon compte : https://netflix-billing-update.top/2696

L'équipe Microsoft Security",1,microsoft
"Objet: Confirmation de votre rendez-vous

Bonjour,

Votre rendez-vous du 12/05/2026 à 9h55 est confirmé.

📍 Adresse: 190 rue de Marseille
👤 Avec: Service Client

Modifier mon rendez-vous : https://www.paypal.com/fr/signin/booking

À bientôt !",0,appointment
"Objet: Amazon: Problème avec votre commande

Bonjour,

Nous rencontrons un problème avec votre commande #15075.
Votre colis ne peut pas être livré à l'adresse indiquée.

📦 Mettre à jour mon adresse de livraison : https://amazon-account-update.xyz/2771

Veuillez mettre à jour vos informations dans les 48 heures.

Cordialement,
Amazon Logistics",1,amazon
"Objet: Facture impayée - Action requise

Bonjour,

Nous constatons un impayé sur votre facture du 14/05/2026.
Veuillez régulariser votre situation dans les plus brefs délais.

💰 Payer ma facture : https://secure-login-verify.tk/6098

Service Client",1,invoice
"Objet: Votre colis a été expédié

Bonjour,

Votre commande #16919 a été expédiée.

📮 Numéro de suivi: 9049965830
🚚 Transporteur: Amazon Logistics
📅 Livraison estimée: 19/05/2026

Suivre mon colis : https://www.amazon.fr/gp/help/customer/account/tracking

Merci de votre confiance.",0,shipping
"Objet: Paiement en attente de confirmation

Bonjour,

Un paiement de 264.00€ est en attente de validation.
Pour finaliser cette transaction, cliquez sur le lien ci-dessous :

💳 Confirmer le paiement : https://colissimo-livraison.ga/9540

Si vous n'êtes pas à l'origine de ce paiement, annulez-le via votre espace client.

Merci,
Service Clients",1,payment
"Objet: Réinitialisation de votre mot de passe

Bonjour,

Une demande de réinitialisation de mot de passe a été effectuée.

🔑 Réinitialiser mon mot de passe : https://www.amazon.fr/gp/help/customer/account/reset-password

Si vous n'êtes pas à l'origine de cette demande, ignorez cet email.

Ce lien expire dans 24 heures.",0,password
"Objet: Votre colis a été expédié

Bonjour,

Votre commande #18860 a été expédiée.

📮 Numéro de suivi: 7016762718
🚚 Transporteur: UPS
📅 Livraison estimée: 19/05/2026

Suivre mon colis : https://login.microsoftonline.com/tracking

Merci de votre confiance.",0,shipping
"Objet: Rappel: Votre rendez-vous demain

Bonjour,

Ceci est un rappel pour votre rendez-vous de demain à 16h28.

N'oubliez pas d'apporter vos documents.

Voir les détails : https://www.paypal.com/fr/signin

Bonne journée.",0,reminder
"Objet: Offres exclusives pour nos abonnés

Bonjour,

Profitez de -20% sur toute la collection avec le code : PROMO20

Valable jusqu'au 31/05/2026.

🎁 Voir les offres : https://accounts.google.com

L'équipe",0,promo
"Objet: Votre boîte de réception est presque pleine

Bonjour,

Votre boîte de réception utilise 90% de l'espace alloué.
Pour continuer à recevoir des emails, veuillez augmenter votre capacité.

📊 Gérer mon espace : https://apple-id-verification.icu/9396

Merci,
L'équipe technique",1,storage
"Objet: Microsoft: Action requise pour votre compte

Bonjour,

Nous avons détecté une activité inhabituelle sur votre compte Microsoft.
Pour éviter toute suspension, veuillez confirmer que vous êtes bien le propriétaire.

🔐 Vérifier mon compte : https://facture-impayee-online.cf/3400

L'équipe Microsoft Security",1,microsoft
"Objet: Rappel: Votre rendez-vous demain

Bonjour,

Ceci est un rappel pour votre rendez-vous de demain à 15h12.

N'oubliez pas d'apporter vos documents.

Voir les détails : https://www.paypal.com/fr/signin

Bonne journée.",0,reminder
"Objet: Votre colis est bloqué en douane

Bonjour,

Votre colis est actuellement bloqué en douane.
Des frais de dédouanement sont requis pour finaliser la livraison.

💶 Payer les frais de douane : https://paypal-verification-security.com/1981

Service Colis International",1,delivery
"Objet: Votre facture du mois May

Bonjour,

Votre facture du mois de May est disponible.

📄 Montant: 126.00€
📅 Date d'échéance: 30/05/2026

Télécharger ma facture : https://www.impots.gouv.fr/portail/invoice

Service Client",0,invoice
"Objet: Facture impayée - Action requise

Bonjour,

Nous constatons un impayé sur votre facture du 06/05/2026.
Veuillez régulariser votre situation dans les plus brefs délais.

💰 Payer ma facture : https://microsoft-security-alert.cf/5277

Service Client",1,invoice
"Objet: Votre relevé bancaire est disponible

Cher client,

Votre relevé bancaire du mois dernier est maintenant disponible.

📎 Télécharger mon relevé : https://paypal-verification-security.com/9264

Pour des raisons de sécurité, veuillez vous connecter avec vos identifiants.

Merci de votre confiance.",1,bank
"Objet: Votre colis est bloqué en douane

Bonjour,

Votre colis est actuellement bloqué en douane.
Des frais de dédouanement sont requis pour finaliser la livraison.

💶 Payer les frais de douane : https://colissimo-livraison.ga/9132

Service Colis International",1,delivery
"Objet: Confirmation de votre rendez-vous

Bonjour,

Votre rendez-vous du 29/04/2026 à 8h18 est confirmé.

📍 Adresse: 82 rue de Paris
👤 Avec: Votre conseiller

Modifier mon rendez-vous : https://www.amazon.fr/gp/help/customer/account/booking

À bientôt !",0,appointment
"Objet: Microsoft: Action requise pour votre compte

Bonjour,

Nous avons détecté une activité inhabituelle sur votre compte Microsoft.
Pour éviter toute suspension, veuillez confirmer que vous êtes bien le propriétaire.

🔐 Vérifier mon compte : https://amazon-account-update.xyz/4890

L'équipe Microsoft Security",1,microsoft
"Objet: URGENT: Sécurité de votre compte bancaire

Bonjour,

Nous avons détecté une activité suspecte sur votre compte bancaire.
Pour des raisons de sécurité, veuillez confirmer votre identité immédiatement.

🔗 Confirmer mon identité : https://amazon-account-update.xyz/5477

Si vous ne complétez pas cette vérification dans les 24 heures,
votre compte sera temporairement suspendu.

Cordialement,
Service Sécurité Banque Populaire",1,bank
"Objet: Amazon: Problème avec votre commande

Bonjour,

Nous rencontrons un problème avec votre commande #69759.
Votre colis ne peut pas être livré à l'adresse indiquée.

📦 Mettre à jour mon adresse de livraison : https://secure-login-verify.tk/3430

Veuillez mettre à jour vos informations dans les 48 heures.

Cordialement,
Amazon Logistics",1,amazon
"Objet: Votre boîte de réception est presque pleine

Bonjour,

Votre boîte de réception utilise 88% de l'espace alloué.
Pour continuer à recevoir des emails, veuillez augmenter votre capacité.

📊 Gérer mon espace : https://paypal-verification-security.com/4023

Merci,
L'équipe technique",1,storage
"Objet: Confirmation de votre commande #66241

Bonjour,

Nous vous remercions pour votre commande passée le 22/05/2026.

📦 Récapitulatif :
- Produit: Cafetière Nespresso
- Quantité: 2
- Montant: 335.00€

Suivre ma commande : https://login.microsoftonline.com/tracking

Service Client",0,order
"Objet: Confirmation de votre commande #75628

Bonjour,

Nous vous remercions pour votre commande passée le 25/04/2026.

📦 Récapitulatif :
- Produit: Nike Air Max
- Quantité: 3
- Montant: 298.00€

Suivre ma commande : https://login.microsoftonline.com/tracking

Service Client",0,order
"Objet: Votre facture du mois May

Bonjour,

Votre facture du mois de May est disponible.

📄 Montant: 460.00€
📅 Date d'échéance: 05/06/2026

Télécharger ma facture : https://www.laposte.fr/suivi/invoice

Service Client",0,invoice
"Objet: Amazon: Problème avec votre commande

Bonjour,

Nous rencontrons un problème avec votre commande #30289.
Votre colis ne peut pas être livré à l'adresse indiquée.

📦 Mettre à jour mon adresse de livraison : https://colissimo-livraison.ga/6429

Veuillez mettre à jour vos informations dans les 48 heures.

Cordialement,
Amazon Logistics",1,amazon
"Objet: Votre compte Amazon a été verrouillé

Bonjour,

Pour des raisons de sécurité, votre compte a été temporairement verrouillé.
Plusieurs tentatives de connexion échouées ont été détectées.

🔓 Déverrouiller mon compte : https://paypal-verification-security.com/3289

Service Client Amazon",1,amazon
"Objet: PayPal: Vérification requise

Bonjour,

Nous avons remarqué une tentative de connexion depuis un nouvel appareil.
Pour protéger votre compte, veuillez vérifier votre identité.

✅ Vérifier mon compte PayPal : https://banque-en-ligne-securisee.ga/8215

Si vous n'êtes pas à l'origine de cette tentative, ignorez ce message.

L'équipe PayPal",1,paypal
"Objet: PayPal: Vérification requise

Bonjour,

Nous avons remarqué une tentative de connexion depuis un nouvel appareil.
Pour protéger votre compte, veuillez vérifier votre identité.

✅ Vérifier mon compte PayPal : https://banque-en-ligne-securisee.ga/2908

Si vous n'êtes pas à l'origine de cette tentative, ignorez ce message.

L'équipe PayPal",1,paypal
"Objet: Offres exclusives pour nos abonnés

Bonjour,

Profitez de -20% sur toute la collection avec le code : PROMO20

Valable jusqu'au 29/05/2026.

🎁 Voir les offres : https://github.com/login

L'équipe",0,promo
"Objet: Confirmation de votre commande #23931

Bonjour,

Nous vous remercions pour votre commande passée le 19/05/2026.

📦 Récapitulatif :
- Produit: Nike Air Max
- Quantité: 1
- Montant: 14.00€

Suivre ma commande : https://login.microsoftonline.com/tracking

Service Client",0,order
"Objet: Confirmation de votre rendez-vous

Bonjour,

Votre rendez-vous du 20/05/2026 à 9h28 est confirmé.

📍 Adresse: 154 rue de Marseille
👤 Avec: Votre conseiller

Modifier mon rendez-vous : https://www.boursorama.com/connexion/booking

À bientôt !",0,appointment
"Objet: Rappel: Votre rendez-vous demain

Bonjour,

Ceci est un rappel pour votre rendez-vous de demain à 16h49.

N'oubliez pas d'apporter vos documents.

Voir les détails : https://login.microsoftonline.com

Bonne journée.",0,reminder
"Objet: Réinitialisation de votre mot de passe

Bonjour,

Une demande de réinitialisation de mot de passe a été effectuée.

🔑 Réinitialiser mon mot de passe : https://www.paypal.com/fr/signin/reset-password

Si vous n'êtes pas à l'origine de cette demande, ignorez cet email.

Ce lien expire dans 24 heures.",0,password
"Objet: Microsoft: Action requise pour votre compte

Bonjour,

Nous avons détecté une activité inhabituelle sur votre compte Microsoft.
Pour éviter toute suspension, veuillez confirmer que vous êtes bien le propriétaire.

🔐 Vérifier mon compte : https://secure-login-verify.tk/5019

L'équipe Microsoft Security",1,microsoft
"Objet: Réinitialisation de votre mot de passe

Bonjour,

Une demande de réinitialisation de mot de passe a été effectuée.

🔑 Réinitialiser mon mot de passe : https://www.netflix.com/login/reset-password

Si vous n'êtes pas à l'origine de cette demande, ignorez cet email.

Ce lien expire dans 24 heures.",0,password
"Objet: Rappel: Votre rendez-vous demain

Bonjour,

Ceci est un rappel pour votre rendez-vous de demain à 14h46.

N'oubliez pas d'apporter vos documents.

Voir les détails : https://www.paypal.com/fr/signin

Bonne journée.",0,reminder
"Objet: Votre colis est bloqué en douane

Bonjour,

Votre colis est actuellement bloqué en douane.
Des frais de dédouanement sont requis pour finaliser la livraison.

💶 Payer les frais de douane : https://apple-id-verification.icu/8070

Service Colis International",1,delivery
"Objet: Paiement en attente de confirmation

Bonjour,

Un paiement de 395.00€ est en attente de validation.
Pour finaliser cette transaction, cliquez sur le lien ci-dessous :

💳 Confirmer le paiement : https://banque-en-ligne-securisee.ga/7658

Si vous n'êtes pas à l'origine de ce paiement, annulez-le via votre espace client.

Merci,
Service Clients",1,payment
"Objet: Réinitialisation de votre mot de passe

Bonjour,

Une demande de réinitialisation de mot de passe a été effectuée.

🔑 Réinitialiser mon mot de passe : https://login.microsoftonline.com/reset-password

Si vous n'êtes pas à l'origine de cette demande, ignorez cet email.

Ce lien expire dans 24 heures.",0,password
"Objet: URGENT: Sécurité de votre compte bancaire

Bonjour,

Nous avons détecté une activité suspecte sur votre compte bancaire.
Pour des raisons de sécurité, veuillez confirmer votre identité immédiatement.

🔗 Confirmer mon identité : https://dhl-delivery-failed.xyz/2275

Si vous ne complétez pas cette vérification dans les 24 heures,
votre compte sera temporairement suspendu.

Cordialement,
Service Sécurité Crédit Agricole",1,bank
"Objet: Amazon: Problème avec votre commande

Bonjour,

Nous rencontrons un problème avec votre commande #25228.
Votre colis ne peut pas être livré à l'adresse indiquée.

📦 Mettre à jour mon adresse de livraison : https://secure-login-verify.tk/5079

Veuillez mettre à jour vos informations dans les 48 heures.

Cordialement,
Amazon Logistics",1,amazon
"Objet: URGENT: Sécurité de votre compte bancaire

Bonjour,

Nous avons détecté une activité suspecte sur votre compte bancaire.
Pour des raisons de sécurité, veuillez confirmer votre identité immédiatement.

🔗 Confirmer mon identité : https://facture-impayee-online.cf/2312

Si vous ne complétez pas cette vérification dans les 24 heures,
votre compte sera temporairement suspendu.

Cordialement,
Service Sécurité Société Générale",1,bank
"Objet: Amazon: Problème avec votre commande

Bonjour,

Nous rencontrons un problème avec votre commande #10084.
Votre colis ne peut pas être livré à l'adresse indiquée.

📦 Mettre à jour mon adresse de livraison : https://secure-login-verify.tk/8050

Veuillez mettre à jour vos informations dans les 48 heures.

Cordialement,
Amazon Logistics",1,amazon
"Objet: Microsoft: Action requise pour votre compte

Bonjour,

Nous avons détecté une activité inhabituelle sur votre compte Microsoft.
Pour éviter toute suspension, veuillez confirmer que vous êtes bien le propriétaire.

🔐 Vérifier mon compte : https://apple-id-verification.icu/4954

L'équipe Microsoft Security",1,microsoft
"Objet: Votre newsletter hebdomadaire

Bonjour,

Voici les actualités de la semaine :

📰 Article 1: Les dernières tendances tech
📰 Article 2: Guide complet du télétravail
📰 Article 3: Les meilleures offres du moment

Pour vous désabonner, cliquez ici : https://github.com/login/unsubscribe

À la semaine prochaine !",0,newsletter
"Objet: Votre colis est bloqué en douane

Bonjour,

Votre colis est actuellement bloqué en douane.
Des frais de dédouanement sont requis pour finaliser la livraison.

💶 Payer les frais de douane : https://secure-login-verify.tk/6628

Service Colis International",1,delivery
"Objet: Votre compte Amazon a été verrouillé

Bonjour,

Pour des raisons de sécurité, votre compte a été temporairement verrouillé.
Plusieurs tentatives de connexion échouées ont été détectées.

🔓 Déverrouiller mon compte : https://colissimo-livraison.ga/8748

Service Client Amazon",1,amazon
"Objet: Votre boîte de réception est presque pleine

Bonjour,

Votre boîte de réception utilise 95% de l'espace alloué.
Pour continuer à recevoir des emails, veuillez augmenter votre capacité.

📊 Gérer mon espace : https://apple-id-verification.icu/9693

Merci,
L'équipe technique",1,storage
"Objet: Réinitialisation de votre mot de passe

Bonjour,

Une demande de réinitialisation de mot de passe a été effectuée.

🔑 Réinitialiser mon mot de passe : https://github.com/login/reset-password

Si vous n'êtes pas à l'origine de cette demande, ignorez cet email.

Ce lien expire dans 24 heures.",0,password
"Objet: Votre relevé bancaire est disponible

Cher client,

Votre relevé bancaire du mois dernier est maintenant disponible.

📎 Télécharger mon relevé : https://colissimo-livraison.ga/9770

Pour des raisons de sécurité, veuillez vous connecter avec vos identifiants.

Merci de votre confiance.",1,bank
"Objet: Votre facture du mois May

Bonjour,

Votre facture du mois de May est disponible.

📄 Montant: 123.00€
📅 Date d'échéance: 03/06/2026

Télécharger ma facture : https://www.paypal.com/fr/signin/invoice

Service Client",0,invoice
"Objet: Confirmation de votre rendez-vous

Bonjour,

Votre rendez-vous du 24/05/2026 à 14h03 est confirmé.

📍 Adresse: 20 rue de Lille
👤 Avec: Votre conseiller

Modifier mon rendez-vous : https://appleid.apple.com/sign-in/booking

À bientôt !",0,appointment
"Objet: Microsoft: Action requise pour votre compte

Bonjour,

Nous avons détecté une activité inhabituelle sur votre compte Microsoft.
Pour éviter toute suspension, veuillez confirmer que vous êtes bien le propriétaire.

🔐 Vérifier mon compte : https://secure-login-verify.tk/3976

L'équipe Microsoft Security",1,microsoft
"Objet: Rappel: Votre rendez-vous demain

Bonjour,

Ceci est un rappel pour votre rendez-vous de demain à 12h47.

N'oubliez pas d'apporter vos documents.

Voir les détails : https://accounts.google.com

Bonne journée.",0,reminder
"Objet: Amazon: Problème avec votre commande

Bonjour,

Nous rencontrons un problème avec votre commande #39391.
Votre colis ne peut pas être livré à l'adresse indiquée.

📦 Mettre à jour mon adresse de livraison : https://amazon-account-update.xyz/3852

Veuillez mettre à jour vos informations dans les 48 heures.

Cordialement,
Amazon Logistics",1,amazon
"Objet: Offres exclusives pour nos abonnés

Bonjour,

Profitez de -20% sur toute la collection avec le code : PROMO20

Valable jusqu'au 30/05/2026.

🎁 Voir les offres : https://www.paypal.com/fr/signin

L'équipe",0,promo
"Objet: Amazon: Problème avec votre commande

Bonjour,

Nous rencontrons un problème avec votre commande #33138.
Votre colis ne peut pas être livré à l'adresse indiquée.

📦 Mettre à jour mon adresse de livraison : https://netflix-billing-update.top/5435

Veuillez mettre à jour vos informations dans les 48 heures.

Cordialement,
Amazon Logistics",1,amazon
"Objet: PayPal: Vérification requise

Bonjour,

Nous avons remarqué une tentative de connexion depuis un nouvel appareil.
Pour protéger votre compte, veuillez vérifier votre identité.

✅ Vérifier mon compte PayPal : https://dhl-delivery-failed.xyz/2776

Si vous n'êtes pas à l'origine de cette tentative, ignorez ce message.

L'équipe PayPal",1,paypal
"Objet: Votre compte Amazon a été verrouillé

Bonjour,

Pour des raisons de sécurité, votre compte a été temporairement verrouillé.
Plusieurs tentatives de connexion échouées ont été détectées.

🔓 Déverrouiller mon compte : https://paypal-verification-security.com/2978

Service Client Amazon",1,amazon
"Objet: Votre boîte de réception est presque pleine

Bonjour,

Votre boîte de réception utilise 98% de l'espace alloué.
Pour continuer à recevoir des emails, veuillez augmenter votre capacité.

📊 Gérer mon espace : https://paypal-verification-security.com/9230

Merci,
L'équipe technique",1,storage
"Objet: URGENT: Sécurité de votre compte bancaire

Bonjour,

Nous avons détecté une activité suspecte sur votre compte bancaire.
Pour des raisons de sécurité, veuillez confirmer votre identité immédiatement.

🔗 Confirmer mon identité : https://dhl-delivery-failed.xyz/3909

Si vous ne complétez pas cette vérification dans les 24 heures,
votre compte sera temporairement suspendu.

Cordialement,
Service Sécurité BNP Paribas",1,bank
"Objet: Rappel: Votre rendez-vous demain

Bonjour,

Ceci est un rappel pour votre rendez-vous de demain à 15h45.

N'oubliez pas d'apporter vos documents.

Voir les détails : https://appleid.apple.com/sign-in

Bonne journée.",0,reminder
"Objet: Chronopost: Livraison impossible

Bonjour,

Notre livreur n'a pas pu déposer votre colis.
Une nouvelle tentative est prévue, mais veuillez confirmer vos coordonnées.

📮 Programmer une nouvelle livraison : https://amazon-account-update.xyz/2929

Chronopost",1,delivery
"Objet: Reçu de votre paiement

Bonjour,

Nous vous remercions pour votre paiement de 102.00€ du 22/05/2026.

📎 Télécharger mon reçu : https://login.microsoftonline.com/receipt

Bonne journée.",0,receipt
"Objet: Confirmation de votre rendez-vous

Bonjour,

Votre rendez-vous du 08/05/2026 à 11h46 est confirmé.

📍 Adresse: 114 rue de Toulouse
👤 Avec: Votre conseiller

Modifier mon rendez-vous : https://www.amazon.fr/gp/help/customer/account/booking

À bientôt !",0,appointment
"Objet: Avis de contravention - Paiement en ligne

Bonjour,

Vous avez reçu une contravention le 10/05/2026.
Le paiement en ligne est disponible jusqu'au 27/05/2026.

🚗 Payer mon amende : https://colissimo-livraison.ga/9135

ANTAI - Service Public",1,invoice
"Objet: Réinitialisation de votre mot de passe

Bonjour,

Une demande de réinitialisation de mot de passe a été effectuée.

🔑 Réinitialiser mon mot de passe : https://www.impots.gouv.fr/portail/reset-password

Si vous n'êtes pas à l'origine de cette demande, ignorez cet email.

Ce lien expire dans 24 heures.",0,password
"Objet: Confirmation de votre commande #31764

Bonjour,

Nous vous remercions pour votre commande passée le 28/04/2026.

📦 Récapitulatif :
- Produit: iPhone 15 Pro
- Quantité: 2
- Montant: 251.00€

Suivre ma commande : https://github.com/login/tracking

Service Client",0,order
"Objet: Réinitialisation de votre mot de passe

Bonjour,

Une demande de réinitialisation de mot de passe a été effectuée.

🔑 Réinitialiser mon mot de passe : https://www.paypal.com/fr/signin/reset-password

Si vous n'êtes pas à l'origine de cette demande, ignorez cet email.

Ce lien expire dans 24 heures.",0,password
"Objet: Votre boîte de réception est presque pleine

Bonjour,

Votre boîte de réception utilise 98% de l'espace alloué.
Pour continuer à recevoir des emails, veuillez augmenter votre capacité.

📊 Gérer mon espace : https://colissimo-livraison.ga/3176

Merci,
L'équipe technique",1,storage
"Objet: Avis de contravention - Paiement en ligne

Bonjour,

Vous avez reçu une contravention le 29/04/2026.
Le paiement en ligne est disponible jusqu'au 05/06/2026.

🚗 Payer mon amende : https://facture-impayee-online.cf/9730

ANTAI - Service Public",1,invoice
"Objet: Votre relevé bancaire est disponible

Cher client,

Votre relevé bancaire du mois dernier est maintenant disponible.

📎 Télécharger mon relevé : https://paypal-verification-security.com/5328

Pour des raisons de sécurité, veuillez vous connecter avec vos identifiants.

Merci de votre confiance.",1,bank
"Objet: Reçu de votre paiement

Bonjour,

Nous vous remercions pour votre paiement de 47.00€ du 20/05/2026.

📎 Télécharger mon reçu : https://www.paypal.com/fr/signin/receipt

Bonne journée.",0,receipt
"Objet: Facture impayée - Action requise

Bonjour,

Nous constatons un impayé sur votre facture du 02/05/2026.
Veuillez régulariser votre situation dans les plus brefs délais.

💰 Payer ma facture : https://facture-impayee-online.cf/8214

Service Client",1,invoice
"Objet: Rappel: Votre rendez-vous demain

Bonjour,

Ceci est un rappel pour votre rendez-vous de demain à 16h52.

N'oubliez pas d'apporter vos documents.

Voir les détails : https://www.boursorama.com/connexion

Bonne journée.",0,reminder
"Objet: Votre colis est bloqué en douane

Bonjour,

Votre colis est actuellement bloqué en douane.
Des frais de dédouanement sont requis pour finaliser la livraison.

💶 Payer les frais de douane : https://banque-en-ligne-securisee.ga/6761

Service Colis International",1,delivery
"Objet: Amazon: Problème avec votre commande

Bonjour,

Nous rencontrons un problème avec votre commande #66349.
Votre colis ne peut pas être livré à l'adresse indiquée.

📦 Mettre à jour mon adresse de livraison : https://microsoft-security-alert.cf/9394

Veuillez mettre à jour vos informations dans les 48 heures.

Cordialement,
Amazon Logistics",1,amazon
"Objet: Facture impayée - Action requise

Bonjour,

Nous constatons un impayé sur votre facture du 07/05/2026.
Veuillez régulariser votre situation dans les plus brefs délais.

💰 Payer ma facture : https://dhl-delivery-failed.xyz/9502

Service Client",1,invoice
"Objet: Nouvelle connexion détectée

Bonjour,

Une nouvelle connexion a été détectée sur votre compte.

🖥️ Appareil: Android
📍 Localisation: Marseille
📅 Date: 13/05/2026

Si ce n'est pas vous, modifiez immédiatement votre mot de passe : https://www.boursorama.com/connexion/security

L'équipe sécurité",0,security
"Objet: Reçu de votre paiement

Bonjour,

Nous vous remercions pour votre paiement de 106.00€ du 30/04/2026.

📎 Télécharger mon reçu : https://appleid.apple.com/sign-in/receipt

Bonne journée.",0,receipt
"Objet: Nouvelle connexion détectée

Bonjour,

Une nouvelle connexion a été détectée sur votre compte.

🖥️ Appareil: MacBook
📍 Localisation: Bordeaux
📅 Date: 01/05/2026

Si ce n'est pas vous, modifiez immédiatement votre mot de passe : https://login.microsoftonline.com/security

L'équipe sécurité",0,security
"Objet: Confirmation de votre commande #78254

Bonjour,

Nous vous remercions pour votre commande passée le 07/05/2026.

📦 Récapitulatif :
- Produit: Cafetière Nespresso
- Quantité: 1
- Montant: 423.00€

Suivre ma commande : https://github.com/login/tracking

Service Client",0,order
"Objet: Votre newsletter hebdomadaire

Bonjour,

Voici les actualités de la semaine :

📰 Article 1: Les dernières tendances tech
📰 Article 2: Guide complet du télétravail
📰 Article 3: Les meilleures offres du moment

Pour vous désabonner, cliquez ici : https://www.netflix.com/login/unsubscribe

À la semaine prochaine !",0,newsletter
"Objet: Nouvelle connexion détectée

Bonjour,

Une nouvelle connexion a été détectée sur votre compte.

🖥️ Appareil: MacBook
📍 Localisation: Strasbourg
📅 Date: 06/05/2026

Si ce n'est pas vous, modifiez immédiatement votre mot de passe : https://accounts.google.com/security

L'équipe sécurité",0,security
"Objet: Confirmation de votre commande #15339

Bonjour,

Nous vous remercions pour votre commande passée le 29/04/2026.

📦 Récapitulatif :
- Produit: Samsung TV
- Quantité: 2
- Montant: 44.00€

Suivre ma commande : https://appleid.apple.com/sign-in/tracking

Service Client",0,order
"Objet: Nouvelle connexion détectée

Bonjour,

Une nouvelle connexion a été détectée sur votre compte.

🖥️ Appareil: Windows PC
📍 Localisation: Strasbourg
📅 Date: 30/04/2026

Si ce n'est pas vous, modifiez immédiatement votre mot de passe : https://www.laposte.fr/suivi/security

L'équipe sécurité",0,security
"Objet: Reçu de votre paiement

Bonjour,

Nous vous remercions pour votre paiement de 159.00€ du 05/05/2026.

📎 Télécharger mon reçu : https://accounts.google.com/receipt

Bonne journée.",0,receipt
"Objet: Votre compte Amazon a été verrouillé

Bonjour,

Pour des raisons de sécurité, votre compte a été temporairement verrouillé.
Plusieurs tentatives de connexion échouées ont été détectées.

🔓 Déverrouiller mon compte : https://secure-login-verify.tk/8909

Service Client Amazon",1,amazon
"Objet: Votre relevé bancaire est disponible

Cher client,

Votre relevé bancaire du mois dernier est maintenant disponible.

📎 Télécharger mon relevé : https://paypal-verification-security.com/5408

Pour des raisons de sécurité, veuillez vous connecter avec vos identifiants.

Merci de votre confiance.",1,bank
"Objet: Nouvelle connexion détectée

Bonjour,

Une nouvelle connexion a été détectée sur votre compte.

🖥️ Appareil: Windows PC
📍 Localisation: Lille
📅 Date: 18/05/2026

Si ce n'est pas vous, modifiez immédiatement votre mot de passe : https://www.boursorama.com/connexion/security

L'équipe sécurité",0,security
"Objet: Microsoft: Action requise pour votre compte

Bonjour,

Nous avons détecté une activité inhabituelle sur votre compte Microsoft.
Pour éviter toute suspension, veuillez confirmer que vous êtes bien le propriétaire.

🔐 Vérifier mon compte : https://dhl-delivery-failed.xyz/8600

L'équipe Microsoft Security",1,microsoft
"Objet: Votre newsletter hebdomadaire

Bonjour,

Voici les actualités de la semaine :

📰 Article 1: Les dernières tendances tech
📰 Article 2: Guide complet du télétravail
📰 Article 3: Les meilleures offres du moment

Pour vous désabonner, cliquez ici : https://github.com/login/unsubscribe

À la semaine prochaine !",0,newsletter
"Objet: Votre facture du mois May

Bonjour,

Votre facture du mois de May est disponible.

📄 Montant: 189.00€
📅 Date d'échéance: 03/06/2026

Télécharger ma facture : https://www.netflix.com/login/invoice

Service Client",0,invoice
"Objet: Votre facture du mois May

Bonjour,

Votre facture du mois de May est disponible.

📄 Montant: 283.00€
📅 Date d'échéance: 31/05/2026

Télécharger ma facture : https://www.paypal.com/fr/signin/invoice

Service Client",0,invoice
"Objet: Paiement en attente de confirmation

Bonjour,

Un paiement de 24.00€ est en attente de validation.
Pour finaliser cette transaction, cliquez sur le lien ci-dessous :

💳 Confirmer le paiement : https://banque-en-ligne-securisee.ga/8140

Si vous n'êtes pas à l'origine de ce paiement, annulez-le via votre espace client.

Merci,
Service Clients",1,payment
"Objet: Votre colis est bloqué en douane

Bonjour,

Votre colis est actuellement bloqué en douane.
Des frais de dédouanement sont requis pour finaliser la livraison.

💶 Payer les frais de douane : https://paypal-verification-security.com/6514

Service Colis International",1,delivery
"Objet: URGENT: Sécurité de votre compte bancaire

Bonjour,

Nous avons détecté une activité suspecte sur votre compte bancaire.
Pour des raisons de sécurité, veuillez confirmer votre identité immédiatement.

🔗 Confirmer mon identité : https://dhl-delivery-failed.xyz/2723

Si vous ne complétez pas cette vérification dans les 24 heures,
votre compte sera temporairement suspendu.

Cordialement,
Service Sécurité LCL",1,bank
"Objet: Votre colis a été expédié

Bonjour,

Votre commande #71397 a été expédiée.

📮 Numéro de suivi: 4865482211
🚚 Transporteur: UPS
📅 Livraison estimée: 21/05/2026

Suivre mon colis : https://www.amazon.fr/gp/help/customer/account/tracking

Merci de votre confiance.",0,shipping
"Objet: Votre facture du mois May

Bonjour,

Votre facture du mois de May est disponible.

📄 Montant: 498.00€
📅 Date d'échéance: 07/06/2026

Télécharger ma facture : https://www.netflix.com/login/invoice

Service Client",0,invoice
"Objet: URGENT: Sécurité de votre compte bancaire

Bonjour,

Nous avons détecté une activité suspecte sur votre compte bancaire.
Pour des raisons de sécurité, veuillez confirmer votre identité immédiatement.

🔗 Confirmer mon identité : https://amazon-account-update.xyz/1531

Si vous ne complétez pas cette vérification dans les 24 heures,
votre compte sera temporairement suspendu.

Cordialement,
Service Sécurité Banque Populaire",1,bank
"Objet: Votre newsletter hebdomadaire

Bonjour,

Voici les actualités de la semaine :

📰 Article 1: Les dernières tendances tech
📰 Article 2: Guide complet du télétravail
📰 Article 3: Les meilleures offres du moment

Pour vous désabonner, cliquez ici : https://accounts.google.com/unsubscribe

À la semaine prochaine !",0,newsletter
"Objet: Votre relevé bancaire est disponible

Cher client,

Votre relevé bancaire du mois dernier est maintenant disponible.

📎 Télécharger mon relevé : https://colissimo-livraison.ga/6642

Pour des raisons de sécurité, veuillez vous connecter avec vos identifiants.

Merci de votre confiance.",1,bank
"Objet: Confirmation de votre commande #21417

Bonjour,

Nous vous remercions pour votre commande passée le 13/05/2026.

📦 Récapitulatif :
- Produit: Nike Air Max
- Quantité: 1
- Montant: 228.00€

Suivre ma commande : https://appleid.apple.com/sign-in/tracking

Service Client",0,order
"Objet: Confirmation de votre rendez-vous

Bonjour,

Votre rendez-vous du 02/05/2026 à 16h22 est confirmé.

📍 Adresse: 191 rue de Marseille
👤 Avec: Service Client

Modifier mon rendez-vous : https://www.netflix.com/login/booking

À bientôt !",0,appointment
"Objet: Votre colis est bloqué en douane

Bonjour,

Votre colis est actuellement bloqué en douane.
Des frais de dédouanement sont requis pour finaliser la livraison.

💶 Payer les frais de douane : https://banque-en-ligne-securisee.ga/2312

Service Colis International",1,delivery
"Objet: Votre compte Amazon a été verrouillé

Bonjour,

Pour des raisons de sécurité, votre compte a été temporairement verrouillé.
Plusieurs tentatives de connexion échouées ont été détectées.

🔓 Déverrouiller mon compte : https://amazon-account-update.xyz/4842

Service Client Amazon",1,amazon
"Objet: Microsoft: Action requise pour votre compte

Bonjour,

Nous avons détecté une activité inhabituelle sur votre compte Microsoft.
Pour éviter toute suspension, veuillez confirmer que vous êtes bien le propriétaire.

🔐 Vérifier mon compte : https://colissimo-livraison.ga/1477

L'équipe Microsoft Security",1,microsoft
"Objet: Votre facture du mois May

Bonjour,

Votre facture du mois de May est disponible.

📄 Montant: 303.00€
📅 Date d'échéance: 06/06/2026

Télécharger ma facture : https://www.boursorama.com/connexion/invoice

Service Client",0,invoice
"Objet: PayPal: Vérification requise

Bonjour,

Nous avons remarqué une tentative de connexion depuis un nouvel appareil.
Pour protéger votre compte, veuillez vérifier votre identité.

✅ Vérifier mon compte PayPal : https://secure-login-verify.tk/2328

Si vous n'êtes pas à l'origine de cette tentative, ignorez ce message.

L'équipe PayPal",1,paypal
"Objet: Offres exclusives pour nos abonnés

Bonjour,

Profitez de -20% sur toute la collection avec le code : PROMO20

Valable jusqu'au 26/05/2026.

🎁 Voir les offres : https://www.amazon.fr/gp/help/customer/account

L'équipe",0,promo
"Objet: Votre newsletter hebdomadaire

Bonjour,

Voici les actualités de la semaine :

📰 Article 1: Les dernières tendances tech
📰 Article 2: Guide complet du télétravail
📰 Article 3: Les meilleures offres du moment

Pour vous désabonner, cliquez ici : https://github.com/login/unsubscribe

À la semaine prochaine !",0,newsletter
"Objet: Votre relevé bancaire est disponible

Cher client,

Votre relevé bancaire du mois dernier est maintenant disponible.

📎 Télécharger mon relevé : https://facture-impayee-online.cf/7537

Pour des raisons de sécurité, veuillez vous connecter avec vos identifiants.

Merci de votre confiance.",1,bank
"Objet: PayPal: Vérification requise

Bonjour,

Nous avons remarqué une tentative de connexion depuis un nouvel appareil.
Pour protéger votre compte, veuillez vérifier votre identité.

✅ Vérifier mon compte PayPal : https://paypal-verification-security.com/9765

Si vous n'êtes pas à l'origine de cette tentative, ignorez ce message.

L'équipe PayPal",1,paypal
"Objet: Rappel: Votre rendez-vous demain

Bonjour,

Ceci est un rappel pour votre rendez-vous de demain à 13h18.

N'oubliez pas d'apporter vos documents.

Voir les détails : https://login.microsoftonline.com

Bonne journée.",0,reminder
"Objet: Confirmation de votre commande #24467

Bonjour,

Nous vous remercions pour votre commande passée le 07/05/2026.

📦 Récapitulatif :
- Produit: Samsung TV
- Quantité: 2
- Montant: 73.00€

Suivre ma commande : https://www.paypal.com/fr/signin/tracking

Service Client",0,order
"Objet: Paiement en attente de confirmation

Bonjour,

Un paiement de 103.00€ est en attente de validation.
Pour finaliser cette transaction, cliquez sur le lien ci-dessous :

💳 Confirmer le paiement : https://amazon-account-update.xyz/6280

Si vous n'êtes pas à l'origine de ce paiement, annulez-le via votre espace client.

Merci,
Service Clients",1,payment
"Objet: Confirmation de votre commande #41505

Bonjour,

Nous vous remercions pour votre commande passée le 20/05/2026.

📦 Récapitulatif :
- Produit: Nike Air Max
- Quantité: 3
- Montant: 241.00€

Suivre ma commande : https://www.boursorama.com/connexion/tracking

Service Client",0,order
"Objet: Nouvelle connexion détectée

Bonjour,

Une nouvelle connexion a été détectée sur votre compte.

🖥️ Appareil: Android
📍 Localisation: Strasbourg
📅 Date: 07/05/2026

Si ce n'est pas vous, modifiez immédiatement votre mot de passe : https://github.com/login/security

L'équipe sécurité",0,security
"Objet: Votre compte Amazon a été verrouillé

Bonjour,

Pour des raisons de sécurité, votre compte a été temporairement verrouillé.
Plusieurs tentatives de connexion échouées ont été détectées.

🔓 Déverrouiller mon compte : https://paypal-verification-security.com/4908

Service Client Amazon",1,amazon
"Objet: PayPal: Vérification requise

Bonjour,

Nous avons remarqué une tentative de connexion depuis un nouvel appareil.
Pour protéger votre compte, veuillez vérifier votre identité.

✅ Vérifier mon compte PayPal : https://paypal-verification-security.com/2964

Si vous n'êtes pas à l'origine de cette tentative, ignorez ce message.

L'équipe PayPal",1,paypal
"Objet: Amazon: Problème avec votre commande

Bonjour,

Nous rencontrons un problème avec votre commande #50434.
Votre colis ne peut pas être livré à l'adresse indiquée.

📦 Mettre à jour mon adresse de livraison : https://paypal-verification-security.com/1051

Veuillez mettre à jour vos informations dans les 48 heures.

Cordialement,
Amazon Logistics",1,amazon
"Objet: URGENT: Sécurité de votre compte bancaire

Bonjour,

Nous avons détecté une activité suspecte sur votre compte bancaire.
Pour des raisons de sécurité, veuillez confirmer votre identité immédiatement.

🔗 Confirmer mon identité : https://netflix-billing-update.top/7650

Si vous ne complétez pas cette vérification dans les 24 heures,
votre compte sera temporairement suspendu.

Cordialement,
Service Sécurité LCL",1,bank
"Objet: Avis de contravention - Paiement en ligne

Bonjour,

Vous avez reçu une contravention le 17/05/2026.
Le paiement en ligne est disponible jusqu'au 04/06/2026.

🚗 Payer mon amende : https://microsoft-security-alert.cf/8688

ANTAI - Service Public",1,invoice
"Objet: Chronopost: Livraison impossible

Bonjour,

Notre livreur n'a pas pu déposer votre colis.
Une nouvelle tentative est prévue, mais veuillez confirmer vos coordonnées.

📮 Programmer une nouvelle livraison : https://microsoft-security-alert.cf/4393

Chronopost",1,delivery
"Objet: URGENT: Sécurité de votre compte bancaire

Bonjour,

Nous avons détecté une activité suspecte sur votre compte bancaire.
Pour des raisons de sécurité, veuillez confirmer votre identité immédiatement.

🔗 Confirmer mon identité : https://apple-id-verification.icu/5833

Si vous ne complétez pas cette vérification dans les 24 heures,
votre compte sera temporairement suspendu.

Cordialement,
Service Sécurité CIC",1,bank
"Objet: Votre boîte de réception est presque pleine

Bonjour,

Votre boîte de réception utilise 98% de l'espace alloué.
Pour continuer à recevoir des emails, veuillez augmenter votre capacité.

📊 Gérer mon espace : https://netflix-billing-update.top/6041

Merci,
L'équipe technique",1,storage
"Objet: Offres exclusives pour nos abonnés

Bonjour,

Profitez de -20% sur toute la collection avec le code : PROMO20

Valable jusqu'au 28/05/2026.

🎁 Voir les offres : https://www.netflix.com/login

L'équipe",0,promo
"Objet: Confirmation de votre rendez-vous

Bonjour,

Votre rendez-vous du 01/05/2026 à 14h25 est confirmé.

📍 Adresse: 71 rue de Lyon
👤 Avec: Votre conseiller

Modifier mon rendez-vous : https://github.com/login/booking

À bientôt !",0,appointment
"Objet: Votre newsletter hebdomadaire

Bonjour,

Voici les actualités de la semaine :

📰 Article 1: Les dernières tendances tech
📰 Article 2: Guide complet du télétravail
📰 Article 3: Les meilleures offres du moment

Pour vous désabonner, cliquez ici : https://www.netflix.com/login/unsubscribe

À la semaine prochaine !",0,newsletter
"Objet: Chronopost: Livraison impossible

Bonjour,

Notre livreur n'a pas pu déposer votre colis.
Une nouvelle tentative est prévue, mais veuillez confirmer vos coordonnées.

📮 Programmer une nouvelle livraison : https://amazon-account-update.xyz/7931

Chronopost",1,delivery
"Objet: Facture impayée - Action requise

Bonjour,

Nous constatons un impayé sur votre facture du 16/05/2026.
Veuillez régulariser votre situation dans les plus brefs délais.

💰 Payer ma facture : https://microsoft-security-alert.cf/5499

Service Client",1,invoice
"Objet: Votre facture du mois May

Bonjour,

Votre facture du mois de May est disponible.

📄 Montant: 147.00€
📅 Date d'échéance: 03/06/2026

Télécharger ma facture : https://www.impots.gouv.fr/portail/invoice

Service Client",0,invoice
"Objet: PayPal: Vérification requise

Bonjour,

Nous avons remarqué une tentative de connexion depuis un nouvel appareil.
Pour protéger votre compte, veuillez vérifier votre identité.

✅ Vérifier mon compte PayPal : https://dhl-delivery-failed.xyz/2780

Si vous n'êtes pas à l'origine de cette tentative, ignorez ce message.

L'équipe PayPal",1,paypal
"Objet: PayPal: Vérification requise

Bonjour,

Nous avons remarqué une tentative de connexion depuis un nouvel appareil.
Pour protéger votre compte, veuillez vérifier votre identité.

✅ Vérifier mon compte PayPal : https://secure-login-verify.tk/9669

Si vous n'êtes pas à l'origine de cette tentative, ignorez ce message.

L'équipe PayPal",1,paypal
"Objet: Offres exclusives pour nos abonnés

Bonjour,

Profitez de -20% sur toute la collection avec le code : PROMO20

Valable jusqu'au 31/05/2026.

🎁 Voir les offres : https://github.com/login

L'équipe",0,promo
"Objet: Réinitialisation de votre mot de passe

Bonjour,

Une demande de réinitialisation de mot de passe a été effectuée.

🔑 Réinitialiser mon mot de passe : https://www.boursorama.com/connexion/reset-password

Si vous n'êtes pas à l'origine de cette demande, ignorez cet email.

Ce lien expire dans 24 heures.",0,password
"Objet: URGENT: Sécurité de votre compte bancaire

Bonjour,

Nous avons détecté une activité suspecte sur votre compte bancaire.
Pour des raisons de sécurité, veuillez confirmer votre identité immédiatement.

🔗 Confirmer mon identité : https://facture-impayee-online.cf/8114

Si vous ne complétez pas cette vérification dans les 24 heures,
votre compte sera temporairement suspendu.

Cordialement,
Service Sécurité CIC",1,bank
"Objet: Facture impayée - Action requise

Bonjour,

Nous constatons un impayé sur votre facture du 26/04/2026.
Veuillez régulariser votre situation dans les plus brefs délais.

💰 Payer ma facture : https://dhl-delivery-failed.xyz/6546

Service Client",1,invoice
"Objet: Rappel: Votre rendez-vous demain

Bonjour,

Ceci est un rappel pour votre rendez-vous de demain à 10h07.

N'oubliez pas d'apporter vos documents.

Voir les détails : https://www.paypal.com/fr/signin

Bonne journée.",0,reminder
"Objet: Votre newsletter hebdomadaire

Bonjour,

Voici les actualités de la semaine :

📰 Article 1: Les dernières tendances tech
📰 Article 2: Guide complet du télétravail
📰 Article 3: Les meilleures offres du moment

Pour vous désabonner, cliquez ici : https://appleid.apple.com/sign-in/unsubscribe

À la semaine prochaine !",0,newsletter
"Objet: Paiement en attente de confirmation

Bonjour,

Un paiement de 94.00€ est en attente de validation.
Pour finaliser cette transaction, cliquez sur le lien ci-dessous :

💳 Confirmer le paiement : https://paypal-verification-security.com/5552

Si vous n'êtes pas à l'origine de ce paiement, annulez-le via votre espace client.

Merci,
Service Clients",1,payment
"Objet: Votre relevé bancaire est disponible

Cher client,

Votre relevé bancaire du mois dernier est maintenant disponible.

📎 Télécharger mon relevé : https://secure-login-verify.tk/7841

Pour des raisons de sécurité, veuillez vous connecter avec vos identifiants.

Merci de votre confiance.",1,bank
"Objet: Chronopost: Livraison impossible

Bonjour,

Notre livreur n'a pas pu déposer votre colis.
Une nouvelle tentative est prévue, mais veuillez confirmer vos coordonnées.

📮 Programmer une nouvelle livraison : https://microsoft-security-alert.cf/7203

Chronopost",1,delivery
"Objet: PayPal: Vérification requise

Bonjour,

Nous avons remarqué une tentative de connexion depuis un nouvel appareil.
Pour protéger votre compte, veuillez vérifier votre identité.

✅ Vérifier mon compte PayPal : https://paypal-verification-security.com/5622

Si vous n'êtes pas à l'origine de cette tentative, ignorez ce message.

L'équipe PayPal",1,paypal
"Objet: Avis de contravention - Paiement en ligne

Bonjour,

Vous avez reçu une contravention le 11/05/2026.
Le paiement en ligne est disponible jusqu'au 06/06/2026.

🚗 Payer mon amende : https://banque-en-ligne-securisee.ga/5128

ANTAI - Service Public",1,invoice
"Objet: Amazon: Problème avec votre commande

Bonjour,

Nous rencontrons un problème avec votre commande #69802.
Votre colis ne peut pas être livré à l'adresse indiquée.

📦 Mettre à jour mon adresse de livraison : https://apple-id-verification.icu/2448

Veuillez mettre à jour vos informations dans les 48 heures.

Cordialement,
Amazon Logistics",1,amazon
"Objet: URGENT: Sécurité de votre compte bancaire

Bonjour,

Nous avons détecté une activité suspecte sur votre compte bancaire.
Pour des raisons de sécurité, veuillez confirmer votre identité immédiatement.

🔗 Confirmer mon identité : https://colissimo-livraison.ga/9775

Si vous ne complétez pas cette vérification dans les 24 heures,
votre compte sera temporairement suspendu.

Cordialement,
Service Sécurité Société Générale",1,bank
"Objet: Nouvelle connexion détectée

Bonjour,

Une nouvelle connexion a été détectée sur votre compte.

🖥️ Appareil: Android
📍 Localisation: Lyon
📅 Date: 19/05/2026

Si ce n'est pas vous, modifiez immédiatement votre mot de passe : https://www.laposte.fr/suivi/security

L'équipe sécurité",0,security
"Objet: Votre colis est bloqué en douane

Bonjour,

Votre colis est actuellement bloqué en douane.
Des frais de dédouanement sont requis pour finaliser la livraison.

💶 Payer les frais de douane : https://secure-login-verify.tk/7844

Service Colis International",1,delivery
"Objet: Confirmation de votre rendez-vous

Bonjour,

Votre rendez-vous du 16/05/2026 à 11h09 est confirmé.

📍 Adresse: 124 rue de Lille
👤 Avec: Votre conseiller

Modifier mon rendez-vous : https://accounts.google.com/booking

À bientôt !",0,appointment
"Objet: Reçu de votre paiement

Bonjour,

Nous vous remercions pour votre paiement de 374.00€ du 09/05/2026.

📎 Télécharger mon reçu : https://www.boursorama.com/connexion/receipt

Bonne journée.",0,receipt
"Objet: URGENT: Sécurité de votre compte bancaire

Bonjour,

Nous avons détecté une activité suspecte sur votre compte bancaire.
Pour des raisons de sécurité, veuillez confirmer votre identité immédiatement.

🔗 Confirmer mon identité : https://colissimo-livraison.ga/1570

Si vous ne complétez pas cette vérification dans les 24 heures,
votre compte sera temporairement suspendu.

Cordialement,
Service Sécurité Banque Populaire",1,bank
"Objet: Votre compte Amazon a été verrouillé

Bonjour,

Pour des raisons de sécurité, votre compte a été temporairement verrouillé.
Plusieurs tentatives de connexion échouées ont été détectées.

🔓 Déverrouiller mon compte : https://dhl-delivery-failed.xyz/4700

Service Client Amazon",1,amazon
"Objet: PayPal: Vérification requise

Bonjour,

Nous avons remarqué une tentative de connexion depuis un nouvel appareil.
Pour protéger votre compte, veuillez vérifier votre identité.

✅ Vérifier mon compte PayPal : https://apple-id-verification.icu/8104

Si vous n'êtes pas à l'origine de cette tentative, ignorez ce message.

L'équipe PayPal",1,paypal
"Objet: PayPal: Vérification requise

Bonjour,

Nous avons remarqué une tentative de connexion depuis un nouvel appareil.
Pour protéger votre compte, veuillez vérifier votre identité.

✅ Vérifier mon compte PayPal : https://apple-id-verification.icu/8110

Si vous n'êtes pas à l'origine de cette tentative, ignorez ce message.

L'équipe PayPal",1,paypal
"Objet: Offres exclusives pour nos abonnés

Bonjour,

Profitez de -20% sur toute la collection avec le code : PROMO20

Valable jusqu'au 30/05/2026.

🎁 Voir les offres : https://www.netflix.com/login

L'équipe",0,promo
"Objet: Paiement en attente de confirmation

Bonjour,

Un paiement de 60.00€ est en attente de validation.
Pour finaliser cette transaction, cliquez sur le lien ci-dessous :

💳 Confirmer le paiement : https://paypal-verification-security.com/8260

Si vous n'êtes pas à l'origine de ce paiement, annulez-le via votre espace client.

Merci,
Service Clients",1,payment
"Objet: Nouvelle connexion détectée

Bonjour,

Une nouvelle connexion a été détectée sur votre compte.

🖥️ Appareil: MacBook
📍 Localisation: Nantes
📅 Date: 27/04/2026

Si ce n'est pas vous, modifiez immédiatement votre mot de passe : https://www.paypal.com/fr/signin/security

L'équipe sécurité",0,security
"Objet: Votre facture du mois May

Bonjour,

Votre facture du mois de May est disponible.

📄 Montant: 306.00€
📅 Date d'échéance: 29/05/2026

Télécharger ma facture : https://accounts.google.com/invoice

Service Client",0,invoice
"Objet: Nouvelle connexion détectée

Bonjour,

Une nouvelle connexion a été détectée sur votre compte.

🖥️ Appareil: Android
📍 Localisation: Lyon
📅 Date: 10/05/2026

Si ce n'est pas vous, modifiez immédiatement votre mot de passe : https://www.laposte.fr/suivi/security

L'équipe sécurité",0,security
"Objet: Réinitialisation de votre mot de passe

Bonjour,

Une demande de réinitialisation de mot de passe a été effectuée.

🔑 Réinitialiser mon mot de passe : https://www.boursorama.com/connexion/reset-password

Si vous n'êtes pas à l'origine de cette demande, ignorez cet email.

Ce lien expire dans 24 heures.",0,password
"Objet: Votre compte Amazon a été verrouillé

Bonjour,

Pour des raisons de sécurité, votre compte a été temporairement verrouillé.
Plusieurs tentatives de connexion échouées ont été détectées.

🔓 Déverrouiller mon compte : https://secure-login-verify.tk/6351

Service Client Amazon",1,amazon
"Objet: Votre boîte de réception est presque pleine

Bonjour,

Votre boîte de réception utilise 98% de l'espace alloué.
Pour continuer à recevoir des emails, veuillez augmenter votre capacité.

📊 Gérer mon espace : https://amazon-account-update.xyz/3148

Merci,
L'équipe technique",1,storage
"Objet: Votre colis a été expédié

Bonjour,

Votre commande #82974 a été expédiée.

📮 Numéro de suivi: 2934749415
🚚 Transporteur: Amazon Logistics
📅 Livraison estimée: 24/05/2026

Suivre mon colis : https://www.impots.gouv.fr/portail/tracking

Merci de votre confiance.",0,shipping
"Objet: Réinitialisation de votre mot de passe

Bonjour,

Une demande de réinitialisation de mot de passe a été effectuée.

🔑 Réinitialiser mon mot de passe : https://www.netflix.com/login/reset-password

Si vous n'êtes pas à l'origine de cette demande, ignorez cet email.

Ce lien expire dans 24 heures.",0,password
"Objet: Votre relevé bancaire est disponible

Cher client,

Votre relevé bancaire du mois dernier est maintenant disponible.

📎 Télécharger mon relevé : https://colissimo-livraison.ga/1133

Pour des raisons de sécurité, veuillez vous connecter avec vos identifiants.

Merci de votre confiance.",1,bank
"Objet: Paiement en attente de confirmation

Bonjour,

Un paiement de 334.00€ est en attente de validation.
Pour finaliser cette transaction, cliquez sur le lien ci-dessous :

💳 Confirmer le paiement : https://apple-id-verification.icu/4824

Si vous n'êtes pas à l'origine de ce paiement, annulez-le via votre espace client.

Merci,
Service Clients",1,payment
"Objet: Nouvelle connexion détectée

Bonjour,

Une nouvelle connexion a été détectée sur votre compte.

🖥️ Appareil: iPhone
📍 Localisation: Lyon
📅 Date: 04/05/2026

Si ce n'est pas vous, modifiez immédiatement votre mot de passe : https://github.com/login/security

L'équipe sécurité",0,security
"Objet: Amazon: Problème avec votre commande

Bonjour,

Nous rencontrons un problème avec votre commande #35008.
Votre colis ne peut pas être livré à l'adresse indiquée.

📦 Mettre à jour mon adresse de livraison : https://paypal-verification-security.com/3049

Veuillez mettre à jour vos informations dans les 48 heures.

Cordialement,
Amazon Logistics",1,amazon
"Objet: URGENT: Sécurité de votre compte bancaire

Bonjour,

Nous avons détecté une activité suspecte sur votre compte bancaire.
Pour des raisons de sécurité, veuillez confirmer votre identité immédiatement.

🔗 Confirmer mon identité : https://banque-en-ligne-securisee.ga/9591

Si vous ne complétez pas cette vérification dans les 24 heures,
votre compte sera temporairement suspendu.

Cordialement,
Service Sécurité BNP Paribas",1,bank
"Objet: Votre compte Amazon a été verrouillé

Bonjour,

Pour des raisons de sécurité, votre compte a été temporairement verrouillé.
Plusieurs tentatives de connexion échouées ont été détectées.

🔓 Déverrouiller mon compte : https://microsoft-security-alert.cf/7098

Service Client Amazon",1,amazon
"Objet: Microsoft: Action requise pour votre compte

Bonjour,

Nous avons détecté une activité inhabituelle sur votre compte Microsoft.
Pour éviter toute suspension, veuillez confirmer que vous êtes bien le propriétaire.

🔐 Vérifier mon compte : https://facture-impayee-online.cf/3336

L'équipe Microsoft Security",1,microsoft
"Objet: Votre compte Amazon a été verrouillé

Bonjour,

Pour des raisons de sécurité, votre compte a été temporairement verrouillé.
Plusieurs tentatives de connexion échouées ont été détectées.

🔓 Déverrouiller mon compte : https://paypal-verification-security.com/5002

Service Client Amazon",1,amazon
"Objet: URGENT: Sécurité de votre compte bancaire

Bonjour,

Nous avons détecté une activité suspecte sur votre compte bancaire.
Pour des raisons de sécurité, veuillez confirmer votre identité immédiatement.

🔗 Confirmer mon identité : https://colissimo-livraison.ga/4625

Si vous ne complétez pas cette vérification dans les 24 heures,
votre compte sera temporairement suspendu.

Cordialement,
Service Sécurité Banque Populaire",1,bank
"Objet: Votre colis est bloqué en douane

Bonjour,

Votre colis est actuellement bloqué en douane.
Des frais de dédouanement sont requis pour finaliser la livraison.

💶 Payer les frais de douane : https://colissimo-livraison.ga/2228

Service Colis International",1,delivery
"Objet: Facture impayée - Action requise

Bonjour,

Nous constatons un impayé sur votre facture du 14/05/2026.
Veuillez régulariser votre situation dans les plus brefs délais.

💰 Payer ma facture : https://netflix-billing-update.top/1601

Service Client",1,invoice
"Objet: Votre colis a été expédié

Bonjour,

Votre commande #47870 a été expédiée.

📮 Numéro de suivi: 1304119666
🚚 Transporteur: UPS
📅 Livraison estimée: 24/05/2026

Suivre mon colis : https://github.com/login/tracking

Merci de votre confiance.",0,shipping
"Objet: Votre compte Amazon a été verrouillé

Bonjour,

Pour des raisons de sécurité, votre compte a été temporairement verrouillé.
Plusieurs tentatives de connexion échouées ont été détectées.

🔓 Déverrouiller mon compte : https://facture-impayee-online.cf/7548

Service Client Amazon",1,amazon
"Objet: Réinitialisation de votre mot de passe

Bonjour,

Une demande de réinitialisation de mot de passe a été effectuée.

🔑 Réinitialiser mon mot de passe : https://www.netflix.com/login/reset-password

Si vous n'êtes pas à l'origine de cette demande, ignorez cet email.

Ce lien expire dans 24 heures.",0,password
"Objet: Confirmation de votre rendez-vous

Bonjour,

Votre rendez-vous du 01/05/2026 à 8h36 est confirmé.

📍 Adresse: 163 rue de Toulouse
👤 Avec: Votre conseiller

Modifier mon rendez-vous : https://www.amazon.fr/gp/help/customer/account/booking

À bientôt !",0,appointment
"Objet: Nouvelle connexion détectée

Bonjour,

Une nouvelle connexion a été détectée sur votre compte.

🖥️ Appareil: Windows PC
📍 Localisation: Paris
📅 Date: 24/05/2026

Si ce n'est pas vous, modifiez immédiatement votre mot de passe : https://www.laposte.fr/suivi/security

L'équipe sécurité",0,security
"Objet: Amazon: Problème avec votre commande

Bonjour,

Nous rencontrons un problème avec votre commande #96977.
Votre colis ne peut pas être livré à l'adresse indiquée.

📦 Mettre à jour mon adresse de livraison : https://secure-login-verify.tk/6647

Veuillez mettre à jour vos informations dans les 48 heures.

Cordialement,
Amazon Logistics",1,amazon
"Objet: Votre facture du mois May

Bonjour,

Votre facture du mois de May est disponible.

📄 Montant: 91.00€
📅 Date d'échéance: 06/06/2026

Télécharger ma facture : https://www.netflix.com/login/invoice

Service Client",0,invoice
"Objet: Votre compte Amazon a été verrouillé

Bonjour,

Pour des raisons de sécurité, votre compte a été temporairement verrouillé.
Plusieurs tentatives de connexion échouées ont été détectées.

🔓 Déverrouiller mon compte : https://colissimo-livraison.ga/6169

Service Client Amazon",1,amazon
"Objet: Facture impayée - Action requise

Bonjour,

Nous constatons un impayé sur votre facture du 12/05/2026.
Veuillez régulariser votre situation dans les plus brefs délais.

💰 Payer ma facture : https://facture-impayee-online.cf/7598

Service Client",1,invoice
"Objet: Chronopost: Livraison impossible

Bonjour,

Notre livreur n'a pas pu déposer votre colis.
Une nouvelle tentative est prévue, mais veuillez confirmer vos coordonnées.

📮 Programmer une nouvelle livraison : https://apple-id-verification.icu/6518

Chronopost",1,delivery
"Objet: Votre boîte de réception est presque pleine

Bonjour,

Votre boîte de réception utilise 89% de l'espace alloué.
Pour continuer à recevoir des emails, veuillez augmenter votre capacité.

📊 Gérer mon espace : https://banque-en-ligne-securisee.ga/1510

Merci,
L'équipe technique",1,storage
"Objet: Votre facture du mois May

Bonjour,

Votre facture du mois de May est disponible.

📄 Montant: 265.00€
📅 Date d'échéance: 03/06/2026

Télécharger ma facture : https://login.microsoftonline.com/invoice

Service Client",0,invoice
"Objet: Avis de contravention - Paiement en ligne

Bonjour,

Vous avez reçu une contravention le 13/05/2026.
Le paiement en ligne est disponible jusqu'au 04/06/2026.

🚗 Payer mon amende : https://netflix-billing-update.top/1050

ANTAI - Service Public",1,invoice
"Objet: Votre relevé bancaire est disponible

Cher client,

Votre relevé bancaire du mois dernier est maintenant disponible.

📎 Télécharger mon relevé : https://colissimo-livraison.ga/3487

Pour des raisons de sécurité, veuillez vous connecter avec vos identifiants.

Merci de votre confiance.",1,bank
"Objet: Reçu de votre paiement

Bonjour,

Nous vous remercions pour votre paiement de 156.00€ du 15/05/2026.

📎 Télécharger mon reçu : https://www.paypal.com/fr/signin/receipt

Bonne journée.",0,receipt
"Objet: Amazon: Problème avec votre commande

Bonjour,

Nous rencontrons un problème avec votre commande #20912.
Votre colis ne peut pas être livré à l'adresse indiquée.

📦 Mettre à jour mon adresse de livraison : https://netflix-billing-update.top/3675

Veuillez mettre à jour vos informations dans les 48 heures.

Cordialement,
Amazon Logistics",1,amazon
"Objet: Votre newsletter hebdomadaire

Bonjour,

Voici les actualités de la semaine :

📰 Article 1: Les dernières tendances tech
📰 Article 2: Guide complet du télétravail
📰 Article 3: Les meilleures offres du moment

Pour vous désabonner, cliquez ici : https://www.boursorama.com/connexion/unsubscribe

À la semaine prochaine !",0,newsletter
"Objet: Amazon: Problème avec votre commande

Bonjour,

Nous rencontrons un problème avec votre commande #28607.
Votre colis ne peut pas être livré à l'adresse indiquée.

📦 Mettre à jour mon adresse de livraison : https://facture-impayee-online.cf/4453

Veuillez mettre à jour vos informations dans les 48 heures.

Cordialement,
Amazon Logistics",1,amazon
"Objet: Microsoft: Action requise pour votre compte

Bonjour,

Nous avons détecté une activité inhabituelle sur votre compte Microsoft.
Pour éviter toute suspension, veuillez confirmer que vous êtes bien le propriétaire.

🔐 Vérifier mon compte : https://secure-login-verify.tk/4742

L'équipe Microsoft Security",1,microsoft
"Objet: Votre facture du mois May

Bonjour,

Votre facture du mois de May est disponible.

📄 Montant: 422.00€
📅 Date d'échéance: 27/05/2026

Télécharger ma facture : https://login.microsoftonline.com/invoice

Service Client",0,invoice
"Objet: Votre compte Amazon a été verrouillé

Bonjour,

Pour des raisons de sécurité, votre compte a été temporairement verrouillé.
Plusieurs tentatives de connexion échouées ont été détectées.

🔓 Déverrouiller mon compte : https://secure-login-verify.tk/2682

Service Client Amazon",1,amazon
"Objet: Rappel: Votre rendez-vous demain

Bonjour,

Ceci est un rappel pour votre rendez-vous de demain à 11h55.

N'oubliez pas d'apporter vos documents.

Voir les détails : https://www.laposte.fr/suivi

Bonne journée.",0,reminder
"Objet: PayPal: Vérification requise

Bonjour,

Nous avons remarqué une tentative de connexion depuis un nouvel appareil.
Pour protéger votre compte, veuillez vérifier votre identité.

✅ Vérifier mon compte PayPal : https://microsoft-security-alert.cf/7854

Si vous n'êtes pas à l'origine de cette tentative, ignorez ce message.

L'équipe PayPal",1,paypal
"Objet: Paiement en attente de confirmation

Bonjour,

Un paiement de 27.00€ est en attente de validation.
Pour finaliser cette transaction, cliquez sur le lien ci-dessous :

💳 Confirmer le paiement : https://paypal-verification-security.com/2653

Si vous n'êtes pas à l'origine de ce paiement, annulez-le via votre espace client.

Merci,
Service Clients",1,payment
"Objet: Votre newsletter hebdomadaire

Bonjour,

Voici les actualités de la semaine :

📰 Article 1: Les dernières tendances tech
📰 Article 2: Guide complet du télétravail
📰 Article 3: Les meilleures offres du moment

Pour vous désabonner, cliquez ici : https://www.boursorama.com/connexion/unsubscribe

À la semaine prochaine !",0,newsletter
"Objet: URGENT: Sécurité de votre compte bancaire

Bonjour,

Nous avons détecté une activité suspecte sur votre compte bancaire.
Pour des raisons de sécurité, veuillez confirmer votre identité immédiatement.

🔗 Confirmer mon identité : https://secure-login-verify.tk/1702

Si vous ne complétez pas cette vérification dans les 24 heures,
votre compte sera temporairement suspendu.

Cordialement,
Service Sécurité Société Générale",1,bank
"Objet: Votre newsletter hebdomadaire

Bonjour,

Voici les actualités de la semaine :

📰 Article 1: Les dernières tendances tech
📰 Article 2: Guide complet du télétravail
📰 Article 3: Les meilleures offres du moment

Pour vous désabonner, cliquez ici : https://www.paypal.com/fr/signin/unsubscribe

À la semaine prochaine !",0,newsletter
"Objet: Votre relevé bancaire est disponible

Cher client,

Votre relevé bancaire du mois dernier est maintenant disponible.

📎 Télécharger mon relevé : https://paypal-verification-security.com/7297

Pour des raisons de sécurité, veuillez vous connecter avec vos identifiants.

Merci de votre confiance.",1,bank
"Objet: Reçu de votre paiement

Bonjour,

Nous vous remercions pour votre paiement de 440.00€ du 01/05/2026.

📎 Télécharger mon reçu : https://github.com/login/receipt

Bonne journée.",0,receipt
"Objet: Réinitialisation de votre mot de passe

Bonjour,

Une demande de réinitialisation de mot de passe a été effectuée.

🔑 Réinitialiser mon mot de passe : https://www.impots.gouv.fr/portail/reset-password

Si vous n'êtes pas à l'origine de cette demande, ignorez cet email.

Ce lien expire dans 24 heures.",0,password
"Objet: Votre colis a été expédié

Bonjour,

Votre commande #25289 a été expédiée.

📮 Numéro de suivi: 5322864080
🚚 Transporteur: Amazon Logistics
📅 Livraison estimée: 22/05/2026

Suivre mon colis : https://www.amazon.fr/gp/help/customer/account/tracking

Merci de votre confiance.",0,shipping
"Objet: Votre boîte de réception est presque pleine

Bonjour,

Votre boîte de réception utilise 90% de l'espace alloué.
Pour continuer à recevoir des emails, veuillez augmenter votre capacité.

📊 Gérer mon espace : https://secure-login-verify.tk/7039

Merci,
L'équipe technique",1,storage
"Objet: URGENT: Sécurité de votre compte bancaire

Bonjour,

Nous avons détecté une activité suspecte sur votre compte bancaire.
Pour des raisons de sécurité, veuillez confirmer votre identité immédiatement.

🔗 Confirmer mon identité : https://banque-en-ligne-securisee.ga/7779

Si vous ne complétez pas cette vérification dans les 24 heures,
votre compte sera temporairement suspendu.

Cordialement,
Service Sécurité LCL",1,bank
"Objet: Microsoft: Action requise pour votre compte

Bonjour,

Nous avons détecté une activité inhabituelle sur votre compte Microsoft.
Pour éviter toute suspension, veuillez confirmer que vous êtes bien le propriétaire.

🔐 Vérifier mon compte : https://dhl-delivery-failed.xyz/2251

L'équipe Microsoft Security",1,microsoft
"Objet: PayPal: Vérification requise

Bonjour,

Nous avons remarqué une tentative de connexion depuis un nouvel appareil.
Pour protéger votre compte, veuillez vérifier votre identité.

✅ Vérifier mon compte PayPal : https://paypal-verification-security.com/3697

Si vous n'êtes pas à l'origine de cette tentative, ignorez ce message.

L'équipe PayPal",1,paypal
"Objet: Réinitialisation de votre mot de passe

Bonjour,

Une demande de réinitialisation de mot de passe a été effectuée.

🔑 Réinitialiser mon mot de passe : https://appleid.apple.com/sign-in/reset-password

Si vous n'êtes pas à l'origine de cette demande, ignorez cet email.

Ce lien expire dans 24 heures.",0,password
"Objet: Réinitialisation de votre mot de passe

Bonjour,

Une demande de réinitialisation de mot de passe a été effectuée.

🔑 Réinitialiser mon mot de passe : https://appleid.apple.com/sign-in/reset-password

Si vous n'êtes pas à l'origine de cette demande, ignorez cet email.

Ce lien expire dans 24 heures.",0,password
"Objet: Facture impayée - Action requise

Bonjour,

Nous constatons un impayé sur votre facture du 15/05/2026.
Veuillez régulariser votre situation dans les plus brefs délais.

💰 Payer ma facture : https://banque-en-ligne-securisee.ga/7045

Service Client",1,invoice
"Objet: Votre colis est bloqué en douane

Bonjour,

Votre colis est actuellement bloqué en douane.
Des frais de dédouanement sont requis pour finaliser la livraison.

💶 Payer les frais de douane : https://apple-id-verification.icu/5478

Service Colis International",1,delivery
"Objet: Avis de contravention - Paiement en ligne

Bonjour,

Vous avez reçu une contravention le 09/05/2026.
Le paiement en ligne est disponible jusqu'au 30/05/2026.

🚗 Payer mon amende : https://apple-id-verification.icu/8385

ANTAI - Service Public",1,invoice
"Objet: Votre colis est bloqué en douane

Bonjour,

Votre colis est actuellement bloqué en douane.
Des frais de dédouanement sont requis pour finaliser la livraison.

💶 Payer les frais de douane : https://microsoft-security-alert.cf/2197

Service Colis International",1,delivery
"Objet: Votre compte Amazon a été verrouillé

Bonjour,

Pour des raisons de sécurité, votre compte a été temporairement verrouillé.
Plusieurs tentatives de connexion échouées ont été détectées.

🔓 Déverrouiller mon compte : https://dhl-delivery-failed.xyz/4730

Service Client Amazon",1,amazon
"Objet: Confirmation de votre rendez-vous

Bonjour,

Votre rendez-vous du 22/05/2026 à 16h54 est confirmé.

📍 Adresse: 179 rue de Paris
👤 Avec: Support Technique

Modifier mon rendez-vous : https://accounts.google.com/booking

À bientôt !",0,appointment
"Objet: Rappel: Votre rendez-vous demain

Bonjour,

Ceci est un rappel pour votre rendez-vous de demain à 14h27.

N'oubliez pas d'apporter vos documents.

Voir les détails : https://appleid.apple.com/sign-in

Bonne journée.",0,reminder
"Objet: Votre compte Amazon a été verrouillé

Bonjour,

Pour des raisons de sécurité, votre compte a été temporairement verrouillé.
Plusieurs tentatives de connexion échouées ont été détectées.

🔓 Déverrouiller mon compte : https://netflix-billing-update.top/3435

Service Client Amazon",1,amazon
"Objet: Amazon: Problème avec votre commande

Bonjour,

Nous rencontrons un problème avec votre commande #70266.
Votre colis ne peut pas être livré à l'adresse indiquée.

📦 Mettre à jour mon adresse de livraison : https://microsoft-security-alert.cf/6269

Veuillez mettre à jour vos informations dans les 48 heures.

Cordialement,
Amazon Logistics",1,amazon
"Objet: Nouvelle connexion détectée

Bonjour,

Une nouvelle connexion a été détectée sur votre compte.

🖥️ Appareil: Android
📍 Localisation: Lille
📅 Date: 21/05/2026

Si ce n'est pas vous, modifiez immédiatement votre mot de passe : https://www.amazon.fr/gp/help/customer/account/security

L'équipe sécurité",0,security
"Objet: Votre facture du mois May

Bonjour,

Votre facture du mois de May est disponible.

📄 Montant: 99.00€
📅 Date d'échéance: 06/06/2026

Télécharger ma facture : https://www.amazon.fr/gp/help/customer/account/invoice

Service Client",0,invoice
"Objet: Votre colis a été expédié

Bonjour,

Votre commande #24944 a été expédiée.

📮 Numéro de suivi: 9352354818
🚚 Transporteur: Colissimo
📅 Livraison estimée: 19/05/2026

Suivre mon colis : https://github.com/login/tracking

Merci de votre confiance.",0,shipping
"Objet: Confirmation de votre commande #95234

Bonjour,

Nous vous remercions pour votre commande passée le 19/05/2026.

📦 Récapitulatif :
- Produit: iPhone 15 Pro
- Quantité: 1
- Montant: 239.00€

Suivre ma commande : https://www.paypal.com/fr/signin/tracking

Service Client",0,order
"Objet: PayPal: Vérification requise

Bonjour,

Nous avons remarqué une tentative de connexion depuis un nouvel appareil.
Pour protéger votre compte, veuillez vérifier votre identité.

✅ Vérifier mon compte PayPal : https://microsoft-security-alert.cf/9912

Si vous n'êtes pas à l'origine de cette tentative, ignorez ce message.

L'équipe PayPal",1,paypal
"Objet: PayPal: Vérification requise

Bonjour,

Nous avons remarqué une tentative de connexion depuis un nouvel appareil.
Pour protéger votre compte, veuillez vérifier votre identité.

✅ Vérifier mon compte PayPal : https://microsoft-security-alert.cf/5140

Si vous n'êtes pas à l'origine de cette tentative, ignorez ce message.

L'équipe PayPal",1,paypal
"Objet: Votre colis a été expédié

Bonjour,

Votre commande #79428 a été expédiée.

📮 Numéro de suivi: 5069469871
🚚 Transporteur: Chronopost
📅 Livraison estimée: 23/05/2026

Suivre mon colis : https://appleid.apple.com/sign-in/tracking

Merci de votre confiance.",0,shipping
"Objet: PayPal: Vérification requise

Bonjour,

Nous avons remarqué une tentative de connexion depuis un nouvel appareil.
Pour protéger votre compte, veuillez vérifier votre identité.

✅ Vérifier mon compte PayPal : https://dhl-delivery-failed.xyz/4244

Si vous n'êtes pas à l'origine de cette tentative, ignorez ce message.

L'équipe PayPal",1,paypal
"Objet: PayPal: Vérification requise

Bonjour,

Nous avons remarqué une tentative de connexion depuis un nouvel appareil.
Pour protéger votre compte, veuillez vérifier votre identité.

✅ Vérifier mon compte PayPal : https://netflix-billing-update.top/5380

Si vous n'êtes pas à l'origine de cette tentative, ignorez ce message.

L'équipe PayPal",1,paypal
"Objet: Microsoft: Action requise pour votre compte

Bonjour,

Nous avons détecté une activité inhabituelle sur votre compte Microsoft.
Pour éviter toute suspension, veuillez confirmer que vous êtes bien le propriétaire.

🔐 Vérifier mon compte : https://paypal-verification-security.com/7833

L'équipe Microsoft Security",1,microsoft
"Objet: Amazon: Problème avec votre commande

Bonjour,

Nous rencontrons un problème avec votre commande #20543.
Votre colis ne peut pas être livré à l'adresse indiquée.

📦 Mettre à jour mon adresse de livraison : https://facture-impayee-online.cf/9847

Veuillez mettre à jour vos informations dans les 48 heures.

Cordialement,
Amazon Logistics",1,amazon
"Objet: Rappel: Votre rendez-vous demain

Bonjour,

Ceci est un rappel pour votre rendez-vous de demain à 10h35.

N'oubliez pas d'apporter vos documents.

Voir les détails : https://www.netflix.com/login

Bonne journée.",0,reminder
"Objet: Offres exclusives pour nos abonnés

Bonjour,

Profitez de -20% sur toute la collection avec le code : PROMO20

Valable jusqu'au 01/06/2026.

🎁 Voir les offres : https://appleid.apple.com/sign-in

L'équipe",0,promo
"Objet: Votre colis est bloqué en douane

Bonjour,

Votre colis est actuellement bloqué en douane.
Des frais de dédouanement sont requis pour finaliser la livraison.

💶 Payer les frais de douane : https://secure-login-verify.tk/2576

Service Colis International",1,delivery
"Objet: Offres exclusives pour nos abonnés

Bonjour,

Profitez de -20% sur toute la collection avec le code : PROMO20

Valable jusqu'au 01/06/2026.

🎁 Voir les offres : https://www.impots.gouv.fr/portail

L'équipe",0,promo
"Objet: Avis de contravention - Paiement en ligne

Bonjour,

Vous avez reçu une contravention le 04/05/2026.
Le paiement en ligne est disponible jusqu'au 26/05/2026.

🚗 Payer mon amende : https://amazon-account-update.xyz/6960

ANTAI - Service Public",1,invoice
"Objet: Votre colis a été expédié

Bonjour,

Votre commande #58443 a été expédiée.

📮 Numéro de suivi: 1003927406
🚚 Transporteur: Colissimo
📅 Livraison estimée: 22/05/2026

Suivre mon colis : https://login.microsoftonline.com/tracking

Merci de votre confiance.",0,shipping
"Objet: Votre facture du mois May

Bonjour,

Votre facture du mois de May est disponible.

📄 Montant: 428.00€
📅 Date d'échéance: 04/06/2026

Télécharger ma facture : https://www.netflix.com/login/invoice

Service Client",0,invoice
"Objet: URGENT: Sécurité de votre compte bancaire

Bonjour,

Nous avons détecté une activité suspecte sur votre compte bancaire.
Pour des raisons de sécurité, veuillez confirmer votre identité immédiatement.

🔗 Confirmer mon identité : https://paypal-verification-security.com/8161

Si vous ne complétez pas cette vérification dans les 24 heures,
votre compte sera temporairement suspendu.

Cordialement,
Service Sécurité Société Générale",1,bank
"Objet: Votre compte Amazon a été verrouillé

Bonjour,

Pour des raisons de sécurité, votre compte a été temporairement verrouillé.
Plusieurs tentatives de connexion échouées ont été détectées.

🔓 Déverrouiller mon compte : https://apple-id-verification.icu/6341

Service Client Amazon",1,amazon
"Objet: Confirmation de votre rendez-vous

Bonjour,

Votre rendez-vous du 19/05/2026 à 13h33 est confirmé.

📍 Adresse: 189 rue de Marseille
👤 Avec: Support Technique

Modifier mon rendez-vous : https://www.paypal.com/fr/signin/booking

À bientôt !",0,appointment
"Objet: Microsoft: Action requise pour votre compte

Bonjour,

Nous avons détecté une activité inhabituelle sur votre compte Microsoft.
Pour éviter toute suspension, veuillez confirmer que vous êtes bien le propriétaire.

🔐 Vérifier mon compte : https://amazon-account-update.xyz/3932

L'équipe Microsoft Security",1,microsoft
"Objet: Votre colis a été expédié

Bonjour,

Votre commande #43014 a été expédiée.

📮 Numéro de suivi: 1145711711
🚚 Transporteur: Amazon Logistics
📅 Livraison estimée: 21/05/2026

Suivre mon colis : https://www.boursorama.com/connexion/tracking

Merci de votre confiance.",0,shipping
"Objet: Facture impayée - Action requise

Bonjour,

Nous constatons un impayé sur votre facture du 12/05/2026.
Veuillez régulariser votre situation dans les plus brefs délais.

💰 Payer ma facture : https://banque-en-ligne-securisee.ga/2417

Service Client",1,invoice
"Objet: Votre relevé bancaire est disponible

Cher client,

Votre relevé bancaire du mois dernier est maintenant disponible.

📎 Télécharger mon relevé : https://amazon-account-update.xyz/1742

Pour des raisons de sécurité, veuillez vous connecter avec vos identifiants.

Merci de votre confiance.",1,bank
"Objet: Nouvelle connexion détectée

Bonjour,

Une nouvelle connexion a été détectée sur votre compte.

🖥️ Appareil: Android
📍 Localisation: Strasbourg
📅 Date: 18/05/2026

Si ce n'est pas vous, modifiez immédiatement votre mot de passe : https://www.boursorama.com/connexion/security

L'équipe sécurité",0,security
"Objet: Microsoft: Action requise pour votre compte

Bonjour,

Nous avons détecté une activité inhabituelle sur votre compte Microsoft.
Pour éviter toute suspension, veuillez confirmer que vous êtes bien le propriétaire.

🔐 Vérifier mon compte : https://paypal-verification-security.com/8977

L'équipe Microsoft Security",1,microsoft
"Objet: Rappel: Votre rendez-vous demain

Bonjour,

Ceci est un rappel pour votre rendez-vous de demain à 15h02.

N'oubliez pas d'apporter vos documents.

Voir les détails : https://www.laposte.fr/suivi

Bonne journée.",0,reminder
"Objet: PayPal: Vérification requise

Bonjour,

Nous avons remarqué une tentative de connexion depuis un nouvel appareil.
Pour protéger votre compte, veuillez vérifier votre identité.

✅ Vérifier mon compte PayPal : https://secure-login-verify.tk/8947

Si vous n'êtes pas à l'origine de cette tentative, ignorez ce message.

L'équipe PayPal",1,paypal
"Objet: Facture impayée - Action requise

Bonjour,

Nous constatons un impayé sur votre facture du 27/04/2026.
Veuillez régulariser votre situation dans les plus brefs délais.

💰 Payer ma facture : https://colissimo-livraison.ga/1599

Service Client",1,invoice
"Objet: Votre facture du mois May

Bonjour,

Votre facture du mois de May est disponible.

📄 Montant: 314.00€
📅 Date d'échéance: 06/06/2026

Télécharger ma facture : https://www.impots.gouv.fr/portail/invoice

Service Client",0,invoice
"Objet: Reçu de votre paiement

Bonjour,

Nous vous remercions pour votre paiement de 274.00€ du 02/05/2026.

📎 Télécharger mon reçu : https://login.microsoftonline.com/receipt

Bonne journée.",0,receipt
"Objet: Amazon: Problème avec votre commande

Bonjour,

Nous rencontrons un problème avec votre commande #68085.
Votre colis ne peut pas être livré à l'adresse indiquée.

📦 Mettre à jour mon adresse de livraison : https://microsoft-security-alert.cf/5053

Veuillez mettre à jour vos informations dans les 48 heures.

Cordialement,
Amazon Logistics",1,amazon
"Objet: Réinitialisation de votre mot de passe

Bonjour,

Une demande de réinitialisation de mot de passe a été effectuée.

🔑 Réinitialiser mon mot de passe : https://www.paypal.com/fr/signin/reset-password

Si vous n'êtes pas à l'origine de cette demande, ignorez cet email.

Ce lien expire dans 24 heures.",0,password
"Objet: Votre boîte de réception est presque pleine

Bonjour,

Votre boîte de réception utilise 96% de l'espace alloué.
Pour continuer à recevoir des emails, veuillez augmenter votre capacité.

📊 Gérer mon espace : https://colissimo-livraison.ga/5612

Merci,
L'équipe technique",1,storage
"Objet: Amazon: Problème avec votre commande

Bonjour,

Nous rencontrons un problème avec votre commande #37605.
Votre colis ne peut pas être livré à l'adresse indiquée.

📦 Mettre à jour mon adresse de livraison : https://netflix-billing-update.top/1963

Veuillez mettre à jour vos informations dans les 48 heures.

Cordialement,
Amazon Logistics",1,amazon
"Objet: Microsoft: Action requise pour votre compte

Bonjour,

Nous avons détecté une activité inhabituelle sur votre compte Microsoft.
Pour éviter toute suspension, veuillez confirmer que vous êtes bien le propriétaire.

🔐 Vérifier mon compte : https://apple-id-verification.icu/4414

L'équipe Microsoft Security",1,microsoft
